ISO-10303-21;
HEADER;
/* Generated by software containing ST-Developer
 * from STEP Tools, Inc. (www.steptools.com) 
 */

FILE_DESCRIPTION(
/* description */ (
'Data from Parasolid IGES Translator 28.1.247, Copyright(c) 2006 Sieme
ns PLM Software. All Rights Reserved.                                 
     '),
/* implementation_level */ '2;1');

FILE_NAME(
/* name */ '2601-3102.step',
/* time_stamp */ '2026-03-24T13:01:09+01:00',
/* author */ (''),
/* organization */ (''),
/* preprocessor_version */ 'ST-DEVELOPER v20.1',
/* originating_system */ 'Autodesk Translation Framework v14.24.0.0',
/* authorisation */ '');

FILE_SCHEMA (('AUTOMOTIVE_DESIGN { 1 0 10303 214 3 1 1 }'));
ENDSEC;

DATA;
#10=MECHANICAL_DESIGN_GEOMETRIC_PRESENTATION_REPRESENTATION('',(#5455,#5456,
#5457,#5458,#5459,#5460,#5461,#5462,#5463,#5464,#5465,#5466,#5467,#5468,
#5469,#5470,#5471,#5472,#5473,#5474,#5475,#5476,#5477,#5478,#5479,#5480,
#5481,#5482,#5483,#5484,#5485,#5486,#5487,#5488,#5489,#5490,#5491,#5492,
#5493,#5494,#5495,#5496,#5497,#5498,#5499,#5500,#5501,#5502,#5503,#5504,
#5505,#5506,#5507,#5508,#5509),#9814);
#11=ITEM_DEFINED_TRANSFORMATION($,$,#5824,#6355);
#12=(
REPRESENTATION_RELATIONSHIP($,$,#9825,#9824)
REPRESENTATION_RELATIONSHIP_WITH_TRANSFORMATION(#11)
SHAPE_REPRESENTATION_RELATIONSHIP()
);
#13=CONTEXT_DEPENDENT_SHAPE_REPRESENTATION(#12,#9823);
#14=NEXT_ASSEMBLY_USAGE_OCCURRENCE('2601-3102:1','2601-3102:1',
'2601-3102:1',#9827,#9828,'2601-3102:1');
#15=SHAPE_REPRESENTATION_RELATIONSHIP('SRR','None',#9825,#16);
#16=ADVANCED_BREP_SHAPE_REPRESENTATION('',(#17),#9813);
#17=MANIFOLD_SOLID_BREP('Body301',#5810);
#18=FACE_BOUND('',#794,.T.);
#19=FACE_BOUND('',#796,.T.);
#20=FACE_BOUND('',#856,.T.);
#21=FACE_BOUND('',#862,.T.);
#22=FACE_BOUND('',#964,.T.);
#23=FACE_BOUND('',#969,.T.);
#24=FACE_BOUND('',#1021,.T.);
#25=FACE_BOUND('',#1027,.T.);
#26=FACE_BOUND('',#1028,.T.);
#27=FACE_BOUND('',#1031,.T.);
#28=FACE_BOUND('',#1032,.T.);
#29=FACE_BOUND('',#1050,.T.);
#30=FACE_BOUND('',#1051,.T.);
#31=FACE_BOUND('',#1052,.T.);
#32=ELLIPSE('',#5833,0.431262007205034,0.400000000000011);
#33=ELLIPSE('',#5834,3.2344650540377,3.00000000000003);
#34=ELLIPSE('',#5835,3.23446505403766,2.99999999999999);
#35=ELLIPSE('',#5836,0.431262007205033,0.40000000000001);
#36=ELLIPSE('',#5839,0.431262007205033,0.40000000000001);
#37=ELLIPSE('',#5840,3.2344650540377,3.00000000000003);
#38=ELLIPSE('',#5841,3.23446505403766,2.99999999999999);
#39=ELLIPSE('',#5842,0.431262007205033,0.40000000000001);
#40=ELLIPSE('',#5876,0.233358574029046,0.14999999999999);
#41=ELLIPSE('',#5958,0.363343685400036,0.29999999999999);
#42=ELLIPSE('',#5963,0.233358574029046,0.14999999999999);
#43=ELLIPSE('',#5965,0.233358574029077,0.15000000000001);
#44=ELLIPSE('',#6122,0.233358574029064,0.150000000000001);
#45=ELLIPSE('',#6165,0.233358574029064,0.150000000000001);
#46=ELLIPSE('',#6168,0.233358574029062,0.15);
#47=ELLIPSE('',#6172,0.233358574029031,0.14999999999998);
#48=ELLIPSE('',#6176,0.233358574029045,0.149999999999989);
#49=ELLIPSE('',#6181,0.233358574029077,0.15000000000001);
#50=ELLIPSE('',#6183,0.23335857402906,0.149999999999999);
#51=ELLIPSE('',#6189,0.23335857402906,0.149999999999999);
#52=ELLIPSE('',#6191,0.233358574029062,0.15);
#53=ELLIPSE('',#6194,0.233358574029062,0.15);
#54=ELLIPSE('',#6199,0.233358574029077,0.15000000000001);
#55=ELLIPSE('',#6209,0.23335857402906,0.149999999999999);
#56=ELLIPSE('',#6213,0.233358574029046,0.14999999999999);
#57=ELLIPSE('',#6215,0.233358574029029,0.149999999999979);
#58=ELLIPSE('',#6236,0.233358574029063,0.150000000000001);
#59=ELLIPSE('',#6244,0.233358574029093,0.15000000000002);
#60=ELLIPSE('',#6247,0.233358574029062,0.15);
#61=ELLIPSE('',#6251,0.23335857402906,0.149999999999999);
#62=ELLIPSE('',#6317,0.233358574029093,0.15000000000002);
#63=ELLIPSE('',#6318,0.233358574029062,0.15);
#64=PLANE('',#5832);
#65=PLANE('',#5838);
#66=PLANE('',#5843);
#67=PLANE('',#5844);
#68=PLANE('',#5854);
#69=PLANE('',#5863);
#70=PLANE('',#5866);
#71=PLANE('',#5867);
#72=PLANE('',#5868);
#73=PLANE('',#5869);
#74=PLANE('',#5871);
#75=PLANE('',#5872);
#76=PLANE('',#5873);
#77=PLANE('',#5874);
#78=PLANE('',#5878);
#79=PLANE('',#5879);
#80=PLANE('',#5880);
#81=PLANE('',#5881);
#82=PLANE('',#5882);
#83=PLANE('',#5883);
#84=PLANE('',#5884);
#85=PLANE('',#5888);
#86=PLANE('',#5889);
#87=PLANE('',#5890);
#88=PLANE('',#5894);
#89=PLANE('',#5895);
#90=PLANE('',#5896);
#91=PLANE('',#5898);
#92=PLANE('',#5905);
#93=PLANE('',#5906);
#94=PLANE('',#5907);
#95=PLANE('',#5920);
#96=PLANE('',#5927);
#97=PLANE('',#5928);
#98=PLANE('',#5935);
#99=PLANE('',#5936);
#100=PLANE('',#5937);
#101=PLANE('',#5943);
#102=PLANE('',#5946);
#103=PLANE('',#5950);
#104=PLANE('',#5954);
#105=PLANE('',#5957);
#106=PLANE('',#5967);
#107=PLANE('',#5970);
#108=PLANE('',#5976);
#109=PLANE('',#5977);
#110=PLANE('',#5978);
#111=PLANE('',#5980);
#112=PLANE('',#5984);
#113=PLANE('',#5985);
#114=PLANE('',#5987);
#115=PLANE('',#5988);
#116=PLANE('',#5989);
#117=PLANE('',#5990);
#118=PLANE('',#5991);
#119=PLANE('',#5994);
#120=PLANE('',#6001);
#121=PLANE('',#6002);
#122=PLANE('',#6003);
#123=PLANE('',#6004);
#124=PLANE('',#6005);
#125=PLANE('',#6008);
#126=PLANE('',#6009);
#127=PLANE('',#6013);
#128=PLANE('',#6014);
#129=PLANE('',#6015);
#130=PLANE('',#6016);
#131=PLANE('',#6024);
#132=PLANE('',#6037);
#133=PLANE('',#6041);
#134=PLANE('',#6043);
#135=PLANE('',#6052);
#136=PLANE('',#6053);
#137=PLANE('',#6056);
#138=PLANE('',#6057);
#139=PLANE('',#6058);
#140=PLANE('',#6060);
#141=PLANE('',#6061);
#142=PLANE('',#6064);
#143=PLANE('',#6067);
#144=PLANE('',#6069);
#145=PLANE('',#6071);
#146=PLANE('',#6072);
#147=PLANE('',#6073);
#148=PLANE('',#6074);
#149=PLANE('',#6075);
#150=PLANE('',#6076);
#151=PLANE('',#6081);
#152=PLANE('',#6085);
#153=PLANE('',#6086);
#154=PLANE('',#6090);
#155=PLANE('',#6094);
#156=PLANE('',#6095);
#157=PLANE('',#6096);
#158=PLANE('',#6097);
#159=PLANE('',#6098);
#160=PLANE('',#6099);
#161=PLANE('',#6118);
#162=PLANE('',#6123);
#163=PLANE('',#6124);
#164=PLANE('',#6125);
#165=PLANE('',#6126);
#166=PLANE('',#6129);
#167=PLANE('',#6138);
#168=PLANE('',#6145);
#169=PLANE('',#6146);
#170=PLANE('',#6149);
#171=PLANE('',#6152);
#172=PLANE('',#6156);
#173=PLANE('',#6161);
#174=PLANE('',#6166);
#175=PLANE('',#6169);
#176=PLANE('',#6170);
#177=PLANE('',#6174);
#178=PLANE('',#6178);
#179=PLANE('',#6185);
#180=PLANE('',#6186);
#181=PLANE('',#6192);
#182=PLANE('',#6195);
#183=PLANE('',#6196);
#184=PLANE('',#6197);
#185=PLANE('',#6200);
#186=PLANE('',#6210);
#187=PLANE('',#6211);
#188=PLANE('',#6216);
#189=PLANE('',#6217);
#190=PLANE('',#6221);
#191=PLANE('',#6225);
#192=PLANE('',#6229);
#193=PLANE('',#6230);
#194=PLANE('',#6234);
#195=PLANE('',#6240);
#196=PLANE('',#6241);
#197=PLANE('',#6242);
#198=PLANE('',#6245);
#199=PLANE('',#6248);
#200=PLANE('',#6249);
#201=PLANE('',#6252);
#202=PLANE('',#6253);
#203=PLANE('',#6254);
#204=PLANE('',#6255);
#205=PLANE('',#6256);
#206=PLANE('',#6260);
#207=PLANE('',#6261);
#208=PLANE('',#6262);
#209=PLANE('',#6281);
#210=PLANE('',#6285);
#211=PLANE('',#6286);
#212=PLANE('',#6287);
#213=PLANE('',#6288);
#214=PLANE('',#6289);
#215=PLANE('',#6290);
#216=PLANE('',#6291);
#217=PLANE('',#6295);
#218=PLANE('',#6297);
#219=PLANE('',#6298);
#220=PLANE('',#6300);
#221=PLANE('',#6303);
#222=PLANE('',#6304);
#223=PLANE('',#6305);
#224=PLANE('',#6308);
#225=PLANE('',#6312);
#226=PLANE('',#6314);
#227=PLANE('',#6315);
#228=PLANE('',#6316);
#229=PLANE('',#6319);
#230=PLANE('',#6323);
#231=PLANE('',#6326);
#232=PLANE('',#6332);
#233=PLANE('',#6335);
#234=PLANE('',#6336);
#235=PLANE('',#6337);
#236=PLANE('',#6338);
#237=PLANE('',#6341);
#238=PLANE('',#6342);
#239=PLANE('',#6347);
#240=PLANE('',#6350);
#241=PLANE('',#6351);
#242=PLANE('',#6352);
#243=PLANE('',#6353);
#244=PLANE('',#6354);
#245=CIRCLE('',#5830,0.500000000000009);
#246=CIRCLE('',#5831,0.500000000000011);
#247=CIRCLE('',#5845,0.500000000000009);
#248=CIRCLE('',#5847,0.400000000000009);
#249=CIRCLE('',#5849,3.);
#250=CIRCLE('',#5851,0.400000000000009);
#251=CIRCLE('',#5853,0.400000000000012);
#252=CIRCLE('',#5856,3.);
#253=CIRCLE('',#5858,3.00000000000003);
#254=CIRCLE('',#5860,0.400000000000012);
#255=CIRCLE('',#5862,3.00000000000003);
#256=CIRCLE('',#5864,0.500000000000011);
#257=CIRCLE('',#5870,0.149999999999988);
#258=CIRCLE('',#5877,0.15);
#259=CIRCLE('',#5886,1.00000000000001);
#260=CIRCLE('',#5887,1.00000000000002);
#261=CIRCLE('',#5892,1.00000000000001);
#262=CIRCLE('',#5893,1.00000000000002);
#263=CIRCLE('',#5900,1.);
#264=CIRCLE('',#5901,1.);
#265=CIRCLE('',#5903,1.25);
#266=CIRCLE('',#5904,1.25);
#267=CIRCLE('',#5909,1.);
#268=CIRCLE('',#5910,1.);
#269=CIRCLE('',#5912,0.150000000000001);
#270=CIRCLE('',#5913,0.15);
#271=CIRCLE('',#5915,0.1);
#272=CIRCLE('',#5916,0.1);
#273=CIRCLE('',#5918,0.15);
#274=CIRCLE('',#5919,0.150000000000004);
#275=CIRCLE('',#5922,0.150000000000004);
#276=CIRCLE('',#5923,0.15);
#277=CIRCLE('',#5925,0.149999999999996);
#278=CIRCLE('',#5926,0.15);
#279=CIRCLE('',#5930,1.24999999999999);
#280=CIRCLE('',#5931,1.25);
#281=CIRCLE('',#5933,0.15);
#282=CIRCLE('',#5934,0.150000000000004);
#283=CIRCLE('',#5938,1.25);
#284=CIRCLE('',#5939,0.15);
#285=CIRCLE('',#5940,1.25);
#286=CIRCLE('',#5941,0.2);
#287=CIRCLE('',#5942,0.2);
#288=CIRCLE('',#5944,0.1);
#289=CIRCLE('',#5945,1.25);
#290=CIRCLE('',#5947,1.24999999999999);
#291=CIRCLE('',#5948,0.100000000000004);
#292=CIRCLE('',#5949,1.25);
#293=CIRCLE('',#5951,1.25);
#294=CIRCLE('',#5952,0.150000000000004);
#295=CIRCLE('',#5953,0.999999999999999);
#296=CIRCLE('',#5955,1.25000000000001);
#297=CIRCLE('',#5960,0.2);
#298=CIRCLE('',#5962,0.14999999999999);
#299=CIRCLE('',#5966,0.150000000000009);
#300=CIRCLE('',#5969,0.2);
#301=CIRCLE('',#5971,0.29999999999999);
#302=CIRCLE('',#5972,0.300000000000017);
#303=CIRCLE('',#5973,0.3);
#304=CIRCLE('',#5974,0.3);
#305=CIRCLE('',#5975,0.3);
#306=CIRCLE('',#5979,0.799999999999997);
#307=CIRCLE('',#5981,0.15);
#308=CIRCLE('',#5982,0.15);
#309=CIRCLE('',#5983,1.25);
#310=CIRCLE('',#5993,0.3);
#311=CIRCLE('',#5996,0.3);
#312=CIRCLE('',#5998,0.3);
#313=CIRCLE('',#6000,0.300000000000017);
#314=CIRCLE('',#6007,0.799999999999997);
#315=CIRCLE('',#6011,0.799999999999997);
#316=CIRCLE('',#6012,0.8);
#317=CIRCLE('',#6017,0.15);
#318=CIRCLE('',#6018,1.25);
#319=CIRCLE('',#6020,0.15);
#320=CIRCLE('',#6022,0.150000000000001);
#321=CIRCLE('',#6023,0.15);
#322=CIRCLE('',#6026,0.1);
#323=CIRCLE('',#6027,0.1);
#324=CIRCLE('',#6029,1.25);
#325=CIRCLE('',#6030,1.25);
#326=CIRCLE('',#6032,0.1);
#327=CIRCLE('',#6033,0.1);
#328=CIRCLE('',#6035,1.25);
#329=CIRCLE('',#6036,1.25);
#330=CIRCLE('',#6039,0.149999999999994);
#331=CIRCLE('',#6040,0.15);
#332=CIRCLE('',#6042,1.25);
#333=CIRCLE('',#6044,1.25);
#334=CIRCLE('',#6046,1.25);
#335=CIRCLE('',#6047,1.25);
#336=CIRCLE('',#6049,0.1);
#337=CIRCLE('',#6051,1.25);
#338=CIRCLE('',#6054,1.25);
#339=CIRCLE('',#6059,0.300000000000017);
#340=CIRCLE('',#6062,1.25);
#341=CIRCLE('',#6063,1.24999999999999);
#342=CIRCLE('',#6065,1.);
#343=CIRCLE('',#6066,0.3);
#344=CIRCLE('',#6068,0.3);
#345=CIRCLE('',#6070,0.3);
#346=CIRCLE('',#6077,0.15000000000002);
#347=CIRCLE('',#6078,0.149999999999987);
#348=CIRCLE('',#6079,0.14999999999998);
#349=CIRCLE('',#6080,0.150000000000002);
#350=CIRCLE('',#6082,0.15);
#351=CIRCLE('',#6083,0.150000000000005);
#352=CIRCLE('',#6084,0.15);
#353=CIRCLE('',#6087,0.149999999999996);
#354=CIRCLE('',#6088,0.15);
#355=CIRCLE('',#6089,0.15000000000001);
#356=CIRCLE('',#6091,0.15);
#357=CIRCLE('',#6092,0.150000000000005);
#358=CIRCLE('',#6093,0.15);
#359=CIRCLE('',#6100,1.25);
#360=CIRCLE('',#6101,0.100000000000004);
#361=CIRCLE('',#6102,0.15);
#362=CIRCLE('',#6103,1.25);
#363=CIRCLE('',#6104,0.15);
#364=CIRCLE('',#6105,0.999999999999999);
#365=CIRCLE('',#6107,0.150000000000004);
#366=CIRCLE('',#6109,1.25);
#367=CIRCLE('',#6111,1.25);
#368=CIRCLE('',#6113,0.999999999999999);
#369=CIRCLE('',#6115,0.100000000000004);
#370=CIRCLE('',#6117,1.25);
#371=CIRCLE('',#6120,0.15);
#372=CIRCLE('',#6128,0.15);
#373=CIRCLE('',#6130,0.1);
#374=CIRCLE('',#6131,1.25);
#375=CIRCLE('',#6134,0.15);
#376=CIRCLE('',#6136,0.15);
#377=CIRCLE('',#6137,0.15);
#378=CIRCLE('',#6139,1.25);
#379=CIRCLE('',#6142,1.25);
#380=CIRCLE('',#6144,0.15);
#381=CIRCLE('',#6147,1.25);
#382=CIRCLE('',#6148,0.15);
#383=CIRCLE('',#6151,0.15);
#384=CIRCLE('',#6153,1.25);
#385=CIRCLE('',#6157,1.);
#386=CIRCLE('',#6158,0.149999999999996);
#387=CIRCLE('',#6159,1.25);
#388=CIRCLE('',#6173,0.149999999999981);
#389=CIRCLE('',#6177,0.14999999999999);
#390=CIRCLE('',#6180,0.150000000000005);
#391=CIRCLE('',#6184,0.15);
#392=CIRCLE('',#6188,0.15);
#393=CIRCLE('',#6203,0.3);
#394=CIRCLE('',#6204,0.3);
#395=CIRCLE('',#6206,0.6);
#396=CIRCLE('',#6207,0.6);
#397=CIRCLE('',#6219,0.3);
#398=CIRCLE('',#6220,0.3);
#399=CIRCLE('',#6222,0.3);
#400=CIRCLE('',#6224,0.3);
#401=CIRCLE('',#6227,0.15);
#402=CIRCLE('',#6228,0.15);
#403=CIRCLE('',#6232,0.3);
#404=CIRCLE('',#6233,0.3);
#405=CIRCLE('',#6238,0.6);
#406=CIRCLE('',#6239,0.6);
#407=CIRCLE('',#6258,0.6);
#408=CIRCLE('',#6259,0.6);
#409=CIRCLE('',#6264,0.3);
#410=CIRCLE('',#6265,0.3);
#411=CIRCLE('',#6267,0.15);
#412=CIRCLE('',#6268,0.15);
#413=CIRCLE('',#6270,0.6);
#414=CIRCLE('',#6271,0.6);
#415=CIRCLE('',#6273,0.6);
#416=CIRCLE('',#6274,0.6);
#417=CIRCLE('',#6276,0.6);
#418=CIRCLE('',#6277,0.6);
#419=CIRCLE('',#6279,0.15);
#420=CIRCLE('',#6280,0.15);
#421=CIRCLE('',#6283,0.3);
#422=CIRCLE('',#6284,0.3);
#423=CIRCLE('',#6293,0.6);
#424=CIRCLE('',#6294,0.6);
#425=CIRCLE('',#6296,0.15);
#426=CIRCLE('',#6299,0.6);
#427=CIRCLE('',#6302,0.6);
#428=CIRCLE('',#6307,0.15);
#429=CIRCLE('',#6309,1.60000000000001);
#430=CIRCLE('',#6310,0.5);
#431=CIRCLE('',#6311,0.15);
#432=CIRCLE('',#6313,0.45);
#433=CIRCLE('',#6320,0.15000000000002);
#434=CIRCLE('',#6322,0.3);
#435=CIRCLE('',#6325,0.3);
#436=CIRCLE('',#6328,0.3);
#437=CIRCLE('',#6330,0.300000000000017);
#438=CIRCLE('',#6334,0.15);
#439=CIRCLE('',#6340,1.60000000000001);
#440=CIRCLE('',#6344,0.45);
#441=CIRCLE('',#6346,0.5);
#442=CIRCLE('',#6349,0.15);
#443=FACE_OUTER_BOUND('',#743,.T.);
#444=FACE_OUTER_BOUND('',#744,.T.);
#445=FACE_OUTER_BOUND('',#745,.T.);
#446=FACE_OUTER_BOUND('',#746,.T.);
#447=FACE_OUTER_BOUND('',#747,.T.);
#448=FACE_OUTER_BOUND('',#748,.T.);
#449=FACE_OUTER_BOUND('',#749,.T.);
#450=FACE_OUTER_BOUND('',#750,.T.);
#451=FACE_OUTER_BOUND('',#751,.T.);
#452=FACE_OUTER_BOUND('',#752,.T.);
#453=FACE_OUTER_BOUND('',#753,.T.);
#454=FACE_OUTER_BOUND('',#754,.T.);
#455=FACE_OUTER_BOUND('',#755,.T.);
#456=FACE_OUTER_BOUND('',#756,.T.);
#457=FACE_OUTER_BOUND('',#757,.T.);
#458=FACE_OUTER_BOUND('',#758,.T.);
#459=FACE_OUTER_BOUND('',#759,.T.);
#460=FACE_OUTER_BOUND('',#760,.T.);
#461=FACE_OUTER_BOUND('',#761,.T.);
#462=FACE_OUTER_BOUND('',#762,.T.);
#463=FACE_OUTER_BOUND('',#763,.T.);
#464=FACE_OUTER_BOUND('',#764,.T.);
#465=FACE_OUTER_BOUND('',#765,.T.);
#466=FACE_OUTER_BOUND('',#766,.T.);
#467=FACE_OUTER_BOUND('',#767,.T.);
#468=FACE_OUTER_BOUND('',#768,.T.);
#469=FACE_OUTER_BOUND('',#769,.T.);
#470=FACE_OUTER_BOUND('',#770,.T.);
#471=FACE_OUTER_BOUND('',#771,.T.);
#472=FACE_OUTER_BOUND('',#772,.T.);
#473=FACE_OUTER_BOUND('',#773,.T.);
#474=FACE_OUTER_BOUND('',#774,.T.);
#475=FACE_OUTER_BOUND('',#775,.T.);
#476=FACE_OUTER_BOUND('',#776,.T.);
#477=FACE_OUTER_BOUND('',#777,.T.);
#478=FACE_OUTER_BOUND('',#778,.T.);
#479=FACE_OUTER_BOUND('',#779,.T.);
#480=FACE_OUTER_BOUND('',#780,.T.);
#481=FACE_OUTER_BOUND('',#781,.T.);
#482=FACE_OUTER_BOUND('',#782,.T.);
#483=FACE_OUTER_BOUND('',#783,.T.);
#484=FACE_OUTER_BOUND('',#784,.T.);
#485=FACE_OUTER_BOUND('',#785,.T.);
#486=FACE_OUTER_BOUND('',#786,.T.);
#487=FACE_OUTER_BOUND('',#787,.T.);
#488=FACE_OUTER_BOUND('',#788,.T.);
#489=FACE_OUTER_BOUND('',#789,.T.);
#490=FACE_OUTER_BOUND('',#790,.T.);
#491=FACE_OUTER_BOUND('',#791,.T.);
#492=FACE_OUTER_BOUND('',#792,.T.);
#493=FACE_OUTER_BOUND('',#793,.T.);
#494=FACE_OUTER_BOUND('',#795,.T.);
#495=FACE_OUTER_BOUND('',#797,.T.);
#496=FACE_OUTER_BOUND('',#798,.T.);
#497=FACE_OUTER_BOUND('',#799,.T.);
#498=FACE_OUTER_BOUND('',#800,.T.);
#499=FACE_OUTER_BOUND('',#801,.T.);
#500=FACE_OUTER_BOUND('',#802,.T.);
#501=FACE_OUTER_BOUND('',#803,.T.);
#502=FACE_OUTER_BOUND('',#804,.T.);
#503=FACE_OUTER_BOUND('',#805,.T.);
#504=FACE_OUTER_BOUND('',#806,.T.);
#505=FACE_OUTER_BOUND('',#807,.T.);
#506=FACE_OUTER_BOUND('',#808,.T.);
#507=FACE_OUTER_BOUND('',#809,.T.);
#508=FACE_OUTER_BOUND('',#810,.T.);
#509=FACE_OUTER_BOUND('',#811,.T.);
#510=FACE_OUTER_BOUND('',#812,.T.);
#511=FACE_OUTER_BOUND('',#813,.T.);
#512=FACE_OUTER_BOUND('',#814,.T.);
#513=FACE_OUTER_BOUND('',#815,.T.);
#514=FACE_OUTER_BOUND('',#816,.T.);
#515=FACE_OUTER_BOUND('',#817,.T.);
#516=FACE_OUTER_BOUND('',#818,.T.);
#517=FACE_OUTER_BOUND('',#819,.T.);
#518=FACE_OUTER_BOUND('',#820,.T.);
#519=FACE_OUTER_BOUND('',#821,.T.);
#520=FACE_OUTER_BOUND('',#822,.T.);
#521=FACE_OUTER_BOUND('',#823,.T.);
#522=FACE_OUTER_BOUND('',#824,.T.);
#523=FACE_OUTER_BOUND('',#825,.T.);
#524=FACE_OUTER_BOUND('',#826,.T.);
#525=FACE_OUTER_BOUND('',#827,.T.);
#526=FACE_OUTER_BOUND('',#828,.T.);
#527=FACE_OUTER_BOUND('',#829,.T.);
#528=FACE_OUTER_BOUND('',#830,.T.);
#529=FACE_OUTER_BOUND('',#831,.T.);
#530=FACE_OUTER_BOUND('',#832,.T.);
#531=FACE_OUTER_BOUND('',#833,.T.);
#532=FACE_OUTER_BOUND('',#834,.T.);
#533=FACE_OUTER_BOUND('',#835,.T.);
#534=FACE_OUTER_BOUND('',#836,.T.);
#535=FACE_OUTER_BOUND('',#837,.T.);
#536=FACE_OUTER_BOUND('',#838,.T.);
#537=FACE_OUTER_BOUND('',#839,.T.);
#538=FACE_OUTER_BOUND('',#840,.T.);
#539=FACE_OUTER_BOUND('',#841,.T.);
#540=FACE_OUTER_BOUND('',#842,.T.);
#541=FACE_OUTER_BOUND('',#843,.T.);
#542=FACE_OUTER_BOUND('',#844,.T.);
#543=FACE_OUTER_BOUND('',#845,.T.);
#544=FACE_OUTER_BOUND('',#846,.T.);
#545=FACE_OUTER_BOUND('',#847,.T.);
#546=FACE_OUTER_BOUND('',#848,.T.);
#547=FACE_OUTER_BOUND('',#849,.T.);
#548=FACE_OUTER_BOUND('',#850,.T.);
#549=FACE_OUTER_BOUND('',#851,.T.);
#550=FACE_OUTER_BOUND('',#852,.T.);
#551=FACE_OUTER_BOUND('',#853,.T.);
#552=FACE_OUTER_BOUND('',#854,.T.);
#553=FACE_OUTER_BOUND('',#855,.T.);
#554=FACE_OUTER_BOUND('',#857,.T.);
#555=FACE_OUTER_BOUND('',#858,.T.);
#556=FACE_OUTER_BOUND('',#859,.T.);
#557=FACE_OUTER_BOUND('',#860,.T.);
#558=FACE_OUTER_BOUND('',#861,.T.);
#559=FACE_OUTER_BOUND('',#863,.T.);
#560=FACE_OUTER_BOUND('',#864,.T.);
#561=FACE_OUTER_BOUND('',#865,.T.);
#562=FACE_OUTER_BOUND('',#866,.T.);
#563=FACE_OUTER_BOUND('',#867,.T.);
#564=FACE_OUTER_BOUND('',#868,.T.);
#565=FACE_OUTER_BOUND('',#869,.T.);
#566=FACE_OUTER_BOUND('',#870,.T.);
#567=FACE_OUTER_BOUND('',#871,.T.);
#568=FACE_OUTER_BOUND('',#872,.T.);
#569=FACE_OUTER_BOUND('',#873,.T.);
#570=FACE_OUTER_BOUND('',#874,.T.);
#571=FACE_OUTER_BOUND('',#875,.T.);
#572=FACE_OUTER_BOUND('',#876,.T.);
#573=FACE_OUTER_BOUND('',#877,.T.);
#574=FACE_OUTER_BOUND('',#878,.T.);
#575=FACE_OUTER_BOUND('',#879,.T.);
#576=FACE_OUTER_BOUND('',#880,.T.);
#577=FACE_OUTER_BOUND('',#881,.T.);
#578=FACE_OUTER_BOUND('',#882,.T.);
#579=FACE_OUTER_BOUND('',#883,.T.);
#580=FACE_OUTER_BOUND('',#884,.T.);
#581=FACE_OUTER_BOUND('',#885,.T.);
#582=FACE_OUTER_BOUND('',#886,.T.);
#583=FACE_OUTER_BOUND('',#887,.T.);
#584=FACE_OUTER_BOUND('',#888,.T.);
#585=FACE_OUTER_BOUND('',#889,.T.);
#586=FACE_OUTER_BOUND('',#890,.T.);
#587=FACE_OUTER_BOUND('',#891,.T.);
#588=FACE_OUTER_BOUND('',#892,.T.);
#589=FACE_OUTER_BOUND('',#893,.T.);
#590=FACE_OUTER_BOUND('',#894,.T.);
#591=FACE_OUTER_BOUND('',#895,.T.);
#592=FACE_OUTER_BOUND('',#896,.T.);
#593=FACE_OUTER_BOUND('',#897,.T.);
#594=FACE_OUTER_BOUND('',#898,.T.);
#595=FACE_OUTER_BOUND('',#899,.T.);
#596=FACE_OUTER_BOUND('',#900,.T.);
#597=FACE_OUTER_BOUND('',#901,.T.);
#598=FACE_OUTER_BOUND('',#902,.T.);
#599=FACE_OUTER_BOUND('',#903,.T.);
#600=FACE_OUTER_BOUND('',#904,.T.);
#601=FACE_OUTER_BOUND('',#905,.T.);
#602=FACE_OUTER_BOUND('',#906,.T.);
#603=FACE_OUTER_BOUND('',#907,.T.);
#604=FACE_OUTER_BOUND('',#908,.T.);
#605=FACE_OUTER_BOUND('',#909,.T.);
#606=FACE_OUTER_BOUND('',#910,.T.);
#607=FACE_OUTER_BOUND('',#911,.T.);
#608=FACE_OUTER_BOUND('',#912,.T.);
#609=FACE_OUTER_BOUND('',#913,.T.);
#610=FACE_OUTER_BOUND('',#914,.T.);
#611=FACE_OUTER_BOUND('',#915,.T.);
#612=FACE_OUTER_BOUND('',#916,.T.);
#613=FACE_OUTER_BOUND('',#917,.T.);
#614=FACE_OUTER_BOUND('',#918,.T.);
#615=FACE_OUTER_BOUND('',#919,.T.);
#616=FACE_OUTER_BOUND('',#920,.T.);
#617=FACE_OUTER_BOUND('',#921,.T.);
#618=FACE_OUTER_BOUND('',#922,.T.);
#619=FACE_OUTER_BOUND('',#923,.T.);
#620=FACE_OUTER_BOUND('',#924,.T.);
#621=FACE_OUTER_BOUND('',#925,.T.);
#622=FACE_OUTER_BOUND('',#926,.T.);
#623=FACE_OUTER_BOUND('',#927,.T.);
#624=FACE_OUTER_BOUND('',#928,.T.);
#625=FACE_OUTER_BOUND('',#929,.T.);
#626=FACE_OUTER_BOUND('',#930,.T.);
#627=FACE_OUTER_BOUND('',#931,.T.);
#628=FACE_OUTER_BOUND('',#932,.T.);
#629=FACE_OUTER_BOUND('',#933,.T.);
#630=FACE_OUTER_BOUND('',#934,.T.);
#631=FACE_OUTER_BOUND('',#935,.T.);
#632=FACE_OUTER_BOUND('',#936,.T.);
#633=FACE_OUTER_BOUND('',#937,.T.);
#634=FACE_OUTER_BOUND('',#938,.T.);
#635=FACE_OUTER_BOUND('',#939,.T.);
#636=FACE_OUTER_BOUND('',#940,.T.);
#637=FACE_OUTER_BOUND('',#941,.T.);
#638=FACE_OUTER_BOUND('',#942,.T.);
#639=FACE_OUTER_BOUND('',#943,.T.);
#640=FACE_OUTER_BOUND('',#944,.T.);
#641=FACE_OUTER_BOUND('',#945,.T.);
#642=FACE_OUTER_BOUND('',#946,.T.);
#643=FACE_OUTER_BOUND('',#947,.T.);
#644=FACE_OUTER_BOUND('',#948,.T.);
#645=FACE_OUTER_BOUND('',#949,.T.);
#646=FACE_OUTER_BOUND('',#950,.T.);
#647=FACE_OUTER_BOUND('',#951,.T.);
#648=FACE_OUTER_BOUND('',#952,.T.);
#649=FACE_OUTER_BOUND('',#953,.T.);
#650=FACE_OUTER_BOUND('',#954,.T.);
#651=FACE_OUTER_BOUND('',#955,.T.);
#652=FACE_OUTER_BOUND('',#956,.T.);
#653=FACE_OUTER_BOUND('',#957,.T.);
#654=FACE_OUTER_BOUND('',#958,.T.);
#655=FACE_OUTER_BOUND('',#959,.T.);
#656=FACE_OUTER_BOUND('',#960,.T.);
#657=FACE_OUTER_BOUND('',#961,.T.);
#658=FACE_OUTER_BOUND('',#962,.T.);
#659=FACE_OUTER_BOUND('',#963,.T.);
#660=FACE_OUTER_BOUND('',#965,.T.);
#661=FACE_OUTER_BOUND('',#966,.T.);
#662=FACE_OUTER_BOUND('',#967,.T.);
#663=FACE_OUTER_BOUND('',#968,.T.);
#664=FACE_OUTER_BOUND('',#970,.T.);
#665=FACE_OUTER_BOUND('',#971,.T.);
#666=FACE_OUTER_BOUND('',#972,.T.);
#667=FACE_OUTER_BOUND('',#973,.T.);
#668=FACE_OUTER_BOUND('',#974,.T.);
#669=FACE_OUTER_BOUND('',#975,.T.);
#670=FACE_OUTER_BOUND('',#976,.T.);
#671=FACE_OUTER_BOUND('',#977,.T.);
#672=FACE_OUTER_BOUND('',#978,.T.);
#673=FACE_OUTER_BOUND('',#979,.T.);
#674=FACE_OUTER_BOUND('',#980,.T.);
#675=FACE_OUTER_BOUND('',#981,.T.);
#676=FACE_OUTER_BOUND('',#982,.T.);
#677=FACE_OUTER_BOUND('',#983,.T.);
#678=FACE_OUTER_BOUND('',#984,.T.);
#679=FACE_OUTER_BOUND('',#985,.T.);
#680=FACE_OUTER_BOUND('',#986,.T.);
#681=FACE_OUTER_BOUND('',#987,.T.);
#682=FACE_OUTER_BOUND('',#988,.T.);
#683=FACE_OUTER_BOUND('',#989,.T.);
#684=FACE_OUTER_BOUND('',#990,.T.);
#685=FACE_OUTER_BOUND('',#991,.T.);
#686=FACE_OUTER_BOUND('',#992,.T.);
#687=FACE_OUTER_BOUND('',#993,.T.);
#688=FACE_OUTER_BOUND('',#994,.T.);
#689=FACE_OUTER_BOUND('',#995,.T.);
#690=FACE_OUTER_BOUND('',#996,.T.);
#691=FACE_OUTER_BOUND('',#997,.T.);
#692=FACE_OUTER_BOUND('',#998,.T.);
#693=FACE_OUTER_BOUND('',#999,.T.);
#694=FACE_OUTER_BOUND('',#1000,.T.);
#695=FACE_OUTER_BOUND('',#1001,.T.);
#696=FACE_OUTER_BOUND('',#1002,.T.);
#697=FACE_OUTER_BOUND('',#1003,.T.);
#698=FACE_OUTER_BOUND('',#1004,.T.);
#699=FACE_OUTER_BOUND('',#1005,.T.);
#700=FACE_OUTER_BOUND('',#1006,.T.);
#701=FACE_OUTER_BOUND('',#1007,.T.);
#702=FACE_OUTER_BOUND('',#1008,.T.);
#703=FACE_OUTER_BOUND('',#1009,.T.);
#704=FACE_OUTER_BOUND('',#1010,.T.);
#705=FACE_OUTER_BOUND('',#1011,.T.);
#706=FACE_OUTER_BOUND('',#1012,.T.);
#707=FACE_OUTER_BOUND('',#1013,.T.);
#708=FACE_OUTER_BOUND('',#1014,.T.);
#709=FACE_OUTER_BOUND('',#1015,.T.);
#710=FACE_OUTER_BOUND('',#1016,.T.);
#711=FACE_OUTER_BOUND('',#1017,.T.);
#712=FACE_OUTER_BOUND('',#1018,.T.);
#713=FACE_OUTER_BOUND('',#1019,.T.);
#714=FACE_OUTER_BOUND('',#1020,.T.);
#715=FACE_OUTER_BOUND('',#1022,.T.);
#716=FACE_OUTER_BOUND('',#1023,.T.);
#717=FACE_OUTER_BOUND('',#1024,.T.);
#718=FACE_OUTER_BOUND('',#1025,.T.);
#719=FACE_OUTER_BOUND('',#1026,.T.);
#720=FACE_OUTER_BOUND('',#1029,.T.);
#721=FACE_OUTER_BOUND('',#1030,.T.);
#722=FACE_OUTER_BOUND('',#1033,.T.);
#723=FACE_OUTER_BOUND('',#1034,.T.);
#724=FACE_OUTER_BOUND('',#1035,.T.);
#725=FACE_OUTER_BOUND('',#1036,.T.);
#726=FACE_OUTER_BOUND('',#1037,.T.);
#727=FACE_OUTER_BOUND('',#1038,.T.);
#728=FACE_OUTER_BOUND('',#1039,.T.);
#729=FACE_OUTER_BOUND('',#1040,.T.);
#730=FACE_OUTER_BOUND('',#1041,.T.);
#731=FACE_OUTER_BOUND('',#1042,.T.);
#732=FACE_OUTER_BOUND('',#1043,.T.);
#733=FACE_OUTER_BOUND('',#1044,.T.);
#734=FACE_OUTER_BOUND('',#1045,.T.);
#735=FACE_OUTER_BOUND('',#1046,.T.);
#736=FACE_OUTER_BOUND('',#1047,.T.);
#737=FACE_OUTER_BOUND('',#1048,.T.);
#738=FACE_OUTER_BOUND('',#1049,.T.);
#739=FACE_OUTER_BOUND('',#1053,.T.);
#740=FACE_OUTER_BOUND('',#1054,.T.);
#741=FACE_OUTER_BOUND('',#1055,.T.);
#742=FACE_OUTER_BOUND('',#1056,.T.);
#743=EDGE_LOOP('',(#3656,#3657,#3658,#3659,#3660));
#744=EDGE_LOOP('',(#3661,#3662,#3663,#3664,#3665));
#745=EDGE_LOOP('',(#3666,#3667,#3668,#3669,#3670,#3671));
#746=EDGE_LOOP('',(#3672,#3673,#3674,#3675,#3676,#3677));
#747=EDGE_LOOP('',(#3678,#3679,#3680,#3681));
#748=EDGE_LOOP('',(#3682,#3683,#3684,#3685,#3686,#3687,#3688,#3689));
#749=EDGE_LOOP('',(#3690,#3691,#3692,#3693,#3694));
#750=EDGE_LOOP('',(#3695,#3696,#3697,#3698,#3699,#3700,#3701,#3702));
#751=EDGE_LOOP('',(#3703,#3704,#3705,#3706,#3707));
#752=EDGE_LOOP('',(#3708,#3709,#3710,#3711,#3712));
#753=EDGE_LOOP('',(#3713,#3714,#3715,#3716,#3717,#3718));
#754=EDGE_LOOP('',(#3719,#3720,#3721,#3722));
#755=EDGE_LOOP('',(#3723,#3724,#3725,#3726,#3727,#3728));
#756=EDGE_LOOP('',(#3729,#3730,#3731,#3732,#3733,#3734));
#757=EDGE_LOOP('',(#3735,#3736,#3737,#3738,#3739));
#758=EDGE_LOOP('',(#3740,#3741,#3742,#3743));
#759=EDGE_LOOP('',(#3744,#3745,#3746,#3747));
#760=EDGE_LOOP('',(#3748,#3749,#3750,#3751,#3752,#3753));
#761=EDGE_LOOP('',(#3754,#3755,#3756,#3757));
#762=EDGE_LOOP('',(#3758,#3759,#3760,#3761,#3762));
#763=EDGE_LOOP('',(#3763,#3764,#3765,#3766,#3767));
#764=EDGE_LOOP('',(#3768,#3769,#3770,#3771));
#765=EDGE_LOOP('',(#3772,#3773,#3774,#3775));
#766=EDGE_LOOP('',(#3776,#3777,#3778,#3779));
#767=EDGE_LOOP('',(#3780,#3781,#3782,#3783));
#768=EDGE_LOOP('',(#3784,#3785,#3786,#3787));
#769=EDGE_LOOP('',(#3788,#3789,#3790,#3791));
#770=EDGE_LOOP('',(#3792,#3793,#3794,#3795));
#771=EDGE_LOOP('',(#3796,#3797,#3798,#3799));
#772=EDGE_LOOP('',(#3800,#3801,#3802,#3803));
#773=EDGE_LOOP('',(#3804,#3805,#3806,#3807));
#774=EDGE_LOOP('',(#3808,#3809,#3810,#3811));
#775=EDGE_LOOP('',(#3812,#3813,#3814,#3815));
#776=EDGE_LOOP('',(#3816,#3817,#3818,#3819));
#777=EDGE_LOOP('',(#3820,#3821,#3822,#3823));
#778=EDGE_LOOP('',(#3824,#3825,#3826,#3827));
#779=EDGE_LOOP('',(#3828,#3829,#3830,#3831,#3832,#3833,#3834,#3835,#3836,
#3837,#3838,#3839));
#780=EDGE_LOOP('',(#3840,#3841,#3842,#3843));
#781=EDGE_LOOP('',(#3844,#3845,#3846,#3847));
#782=EDGE_LOOP('',(#3848,#3849,#3850,#3851,#3852,#3853,#3854,#3855));
#783=EDGE_LOOP('',(#3856,#3857,#3858,#3859,#3860,#3861,#3862,#3863,#3864,
#3865,#3866,#3867));
#784=EDGE_LOOP('',(#3868,#3869,#3870,#3871));
#785=EDGE_LOOP('',(#3872,#3873,#3874,#3875));
#786=EDGE_LOOP('',(#3876,#3877,#3878,#3879));
#787=EDGE_LOOP('',(#3880,#3881,#3882,#3883));
#788=EDGE_LOOP('',(#3884,#3885,#3886,#3887));
#789=EDGE_LOOP('',(#3888,#3889,#3890,#3891,#3892,#3893,#3894,#3895));
#790=EDGE_LOOP('',(#3896,#3897,#3898,#3899));
#791=EDGE_LOOP('',(#3900,#3901,#3902,#3903));
#792=EDGE_LOOP('',(#3904,#3905,#3906,#3907));
#793=EDGE_LOOP('',(#3908,#3909,#3910,#3911));
#794=EDGE_LOOP('',(#3912,#3913,#3914,#3915));
#795=EDGE_LOOP('',(#3916,#3917,#3918,#3919));
#796=EDGE_LOOP('',(#3920,#3921,#3922,#3923));
#797=EDGE_LOOP('',(#3924,#3925,#3926,#3927));
#798=EDGE_LOOP('',(#3928,#3929,#3930,#3931));
#799=EDGE_LOOP('',(#3932,#3933,#3934,#3935));
#800=EDGE_LOOP('',(#3936,#3937,#3938,#3939));
#801=EDGE_LOOP('',(#3940,#3941,#3942,#3943,#3944,#3945,#3946,#3947,#3948,
#3949,#3950,#3951));
#802=EDGE_LOOP('',(#3952,#3953,#3954,#3955));
#803=EDGE_LOOP('',(#3956,#3957,#3958,#3959));
#804=EDGE_LOOP('',(#3960,#3961,#3962,#3963));
#805=EDGE_LOOP('',(#3964,#3965,#3966,#3967));
#806=EDGE_LOOP('',(#3968,#3969,#3970,#3971));
#807=EDGE_LOOP('',(#3972,#3973,#3974,#3975));
#808=EDGE_LOOP('',(#3976,#3977,#3978,#3979,#3980,#3981,#3982));
#809=EDGE_LOOP('',(#3983,#3984,#3985,#3986));
#810=EDGE_LOOP('',(#3987,#3988,#3989,#3990,#3991,#3992,#3993,#3994,#3995,
#3996));
#811=EDGE_LOOP('',(#3997,#3998,#3999,#4000,#4001,#4002,#4003));
#812=EDGE_LOOP('',(#4004,#4005,#4006,#4007,#4008,#4009));
#813=EDGE_LOOP('',(#4010,#4011,#4012,#4013,#4014,#4015));
#814=EDGE_LOOP('',(#4016,#4017,#4018,#4019,#4020));
#815=EDGE_LOOP('',(#4021,#4022,#4023,#4024));
#816=EDGE_LOOP('',(#4025,#4026,#4027,#4028,#4029));
#817=EDGE_LOOP('',(#4030,#4031,#4032,#4033));
#818=EDGE_LOOP('',(#4034,#4035,#4036,#4037));
#819=EDGE_LOOP('',(#4038,#4039,#4040,#4041));
#820=EDGE_LOOP('',(#4042,#4043,#4044,#4045));
#821=EDGE_LOOP('',(#4046,#4047,#4048,#4049));
#822=EDGE_LOOP('',(#4050,#4051,#4052,#4053,#4054,#4055,#4056,#4057,#4058,
#4059,#4060,#4061,#4062,#4063));
#823=EDGE_LOOP('',(#4064,#4065,#4066,#4067));
#824=EDGE_LOOP('',(#4068,#4069,#4070,#4071,#4072,#4073));
#825=EDGE_LOOP('',(#4074,#4075,#4076,#4077,#4078,#4079,#4080,#4081));
#826=EDGE_LOOP('',(#4082,#4083,#4084,#4085,#4086,#4087));
#827=EDGE_LOOP('',(#4088,#4089,#4090,#4091,#4092,#4093,#4094,#4095,#4096,
#4097));
#828=EDGE_LOOP('',(#4098,#4099,#4100,#4101,#4102,#4103));
#829=EDGE_LOOP('',(#4104,#4105,#4106,#4107,#4108));
#830=EDGE_LOOP('',(#4109,#4110,#4111,#4112,#4113,#4114));
#831=EDGE_LOOP('',(#4115,#4116,#4117,#4118,#4119,#4120,#4121));
#832=EDGE_LOOP('',(#4122,#4123,#4124,#4125));
#833=EDGE_LOOP('',(#4126,#4127,#4128,#4129));
#834=EDGE_LOOP('',(#4130,#4131,#4132,#4133));
#835=EDGE_LOOP('',(#4134,#4135,#4136,#4137));
#836=EDGE_LOOP('',(#4138,#4139,#4140,#4141));
#837=EDGE_LOOP('',(#4142,#4143,#4144,#4145));
#838=EDGE_LOOP('',(#4146,#4147,#4148,#4149));
#839=EDGE_LOOP('',(#4150,#4151,#4152,#4153));
#840=EDGE_LOOP('',(#4154,#4155,#4156,#4157,#4158,#4159,#4160,#4161,#4162,
#4163,#4164,#4165));
#841=EDGE_LOOP('',(#4166,#4167,#4168,#4169));
#842=EDGE_LOOP('',(#4170,#4171,#4172,#4173));
#843=EDGE_LOOP('',(#4174,#4175,#4176,#4177));
#844=EDGE_LOOP('',(#4178,#4179,#4180,#4181));
#845=EDGE_LOOP('',(#4182,#4183,#4184,#4185));
#846=EDGE_LOOP('',(#4186,#4187,#4188,#4189));
#847=EDGE_LOOP('',(#4190,#4191,#4192,#4193,#4194,#4195,#4196,#4197));
#848=EDGE_LOOP('',(#4198,#4199,#4200,#4201));
#849=EDGE_LOOP('',(#4202,#4203,#4204,#4205,#4206,#4207,#4208,#4209));
#850=EDGE_LOOP('',(#4210,#4211,#4212,#4213));
#851=EDGE_LOOP('',(#4214,#4215,#4216,#4217,#4218,#4219,#4220,#4221));
#852=EDGE_LOOP('',(#4222,#4223,#4224,#4225,#4226));
#853=EDGE_LOOP('',(#4227,#4228,#4229,#4230));
#854=EDGE_LOOP('',(#4231,#4232,#4233,#4234));
#855=EDGE_LOOP('',(#4235,#4236,#4237,#4238));
#856=EDGE_LOOP('',(#4239,#4240,#4241,#4242));
#857=EDGE_LOOP('',(#4243,#4244,#4245,#4246));
#858=EDGE_LOOP('',(#4247,#4248,#4249,#4250));
#859=EDGE_LOOP('',(#4251,#4252,#4253,#4254));
#860=EDGE_LOOP('',(#4255,#4256,#4257,#4258,#4259));
#861=EDGE_LOOP('',(#4260,#4261,#4262,#4263));
#862=EDGE_LOOP('',(#4264,#4265,#4266,#4267));
#863=EDGE_LOOP('',(#4268,#4269,#4270,#4271));
#864=EDGE_LOOP('',(#4272,#4273,#4274,#4275,#4276,#4277,#4278,#4279,#4280,
#4281,#4282,#4283,#4284));
#865=EDGE_LOOP('',(#4285,#4286,#4287,#4288,#4289,#4290,#4291,#4292,#4293,
#4294,#4295,#4296,#4297));
#866=EDGE_LOOP('',(#4298,#4299,#4300,#4301,#4302));
#867=EDGE_LOOP('',(#4303,#4304,#4305,#4306));
#868=EDGE_LOOP('',(#4307,#4308,#4309,#4310));
#869=EDGE_LOOP('',(#4311,#4312,#4313,#4314,#4315));
#870=EDGE_LOOP('',(#4316,#4317,#4318,#4319,#4320,#4321,#4322,#4323,#4324,
#4325,#4326,#4327,#4328));
#871=EDGE_LOOP('',(#4329,#4330,#4331,#4332));
#872=EDGE_LOOP('',(#4333,#4334,#4335,#4336,#4337,#4338,#4339,#4340,#4341));
#873=EDGE_LOOP('',(#4342,#4343,#4344,#4345,#4346));
#874=EDGE_LOOP('',(#4347,#4348,#4349,#4350,#4351,#4352,#4353,#4354));
#875=EDGE_LOOP('',(#4355,#4356,#4357,#4358));
#876=EDGE_LOOP('',(#4359,#4360,#4361,#4362));
#877=EDGE_LOOP('',(#4363,#4364,#4365,#4366,#4367,#4368,#4369,#4370));
#878=EDGE_LOOP('',(#4371,#4372,#4373,#4374,#4375,#4376,#4377,#4378));
#879=EDGE_LOOP('',(#4379,#4380,#4381,#4382,#4383,#4384,#4385,#4386));
#880=EDGE_LOOP('',(#4387,#4388,#4389,#4390));
#881=EDGE_LOOP('',(#4391,#4392,#4393,#4394));
#882=EDGE_LOOP('',(#4395,#4396,#4397,#4398));
#883=EDGE_LOOP('',(#4399,#4400,#4401,#4402));
#884=EDGE_LOOP('',(#4403,#4404,#4405,#4406));
#885=EDGE_LOOP('',(#4407,#4408,#4409,#4410,#4411,#4412,#4413,#4414,#4415,
#4416));
#886=EDGE_LOOP('',(#4417,#4418,#4419,#4420,#4421,#4422,#4423));
#887=EDGE_LOOP('',(#4424,#4425,#4426,#4427));
#888=EDGE_LOOP('',(#4428,#4429,#4430,#4431,#4432,#4433,#4434));
#889=EDGE_LOOP('',(#4435,#4436,#4437,#4438,#4439,#4440,#4441));
#890=EDGE_LOOP('',(#4442,#4443,#4444,#4445));
#891=EDGE_LOOP('',(#4446,#4447,#4448,#4449));
#892=EDGE_LOOP('',(#4450,#4451,#4452,#4453,#4454));
#893=EDGE_LOOP('',(#4455,#4456,#4457,#4458));
#894=EDGE_LOOP('',(#4459,#4460,#4461,#4462));
#895=EDGE_LOOP('',(#4463,#4464,#4465,#4466,#4467,#4468,#4469,#4470,#4471,
#4472,#4473,#4474));
#896=EDGE_LOOP('',(#4475,#4476,#4477,#4478));
#897=EDGE_LOOP('',(#4479,#4480,#4481,#4482));
#898=EDGE_LOOP('',(#4483,#4484,#4485,#4486));
#899=EDGE_LOOP('',(#4487,#4488,#4489,#4490,#4491));
#900=EDGE_LOOP('',(#4492,#4493,#4494,#4495));
#901=EDGE_LOOP('',(#4496,#4497,#4498,#4499));
#902=EDGE_LOOP('',(#4500,#4501,#4502,#4503));
#903=EDGE_LOOP('',(#4504,#4505,#4506,#4507));
#904=EDGE_LOOP('',(#4508,#4509,#4510,#4511));
#905=EDGE_LOOP('',(#4512,#4513,#4514,#4515,#4516));
#906=EDGE_LOOP('',(#4517,#4518,#4519,#4520));
#907=EDGE_LOOP('',(#4521,#4522,#4523,#4524));
#908=EDGE_LOOP('',(#4525,#4526,#4527,#4528));
#909=EDGE_LOOP('',(#4529,#4530,#4531,#4532));
#910=EDGE_LOOP('',(#4533,#4534,#4535,#4536,#4537,#4538,#4539,#4540,#4541,
#4542,#4543,#4544));
#911=EDGE_LOOP('',(#4545,#4546,#4547,#4548));
#912=EDGE_LOOP('',(#4549,#4550,#4551,#4552));
#913=EDGE_LOOP('',(#4553,#4554,#4555,#4556));
#914=EDGE_LOOP('',(#4557,#4558,#4559,#4560,#4561));
#915=EDGE_LOOP('',(#4562,#4563,#4564,#4565));
#916=EDGE_LOOP('',(#4566,#4567,#4568,#4569,#4570));
#917=EDGE_LOOP('',(#4571,#4572,#4573,#4574));
#918=EDGE_LOOP('',(#4575,#4576,#4577,#4578));
#919=EDGE_LOOP('',(#4579,#4580,#4581,#4582,#4583,#4584));
#920=EDGE_LOOP('',(#4585,#4586,#4587,#4588,#4589,#4590));
#921=EDGE_LOOP('',(#4591,#4592,#4593,#4594));
#922=EDGE_LOOP('',(#4595,#4596,#4597,#4598,#4599,#4600));
#923=EDGE_LOOP('',(#4601,#4602,#4603,#4604,#4605));
#924=EDGE_LOOP('',(#4606,#4607,#4608,#4609));
#925=EDGE_LOOP('',(#4610,#4611,#4612,#4613,#4614,#4615,#4616,#4617,#4618,
#4619,#4620,#4621));
#926=EDGE_LOOP('',(#4622,#4623,#4624,#4625));
#927=EDGE_LOOP('',(#4626,#4627,#4628,#4629));
#928=EDGE_LOOP('',(#4630,#4631,#4632,#4633));
#929=EDGE_LOOP('',(#4634,#4635,#4636,#4637));
#930=EDGE_LOOP('',(#4638,#4639,#4640,#4641));
#931=EDGE_LOOP('',(#4642,#4643,#4644,#4645));
#932=EDGE_LOOP('',(#4646,#4647,#4648,#4649));
#933=EDGE_LOOP('',(#4650,#4651,#4652,#4653,#4654,#4655,#4656,#4657,#4658,
#4659));
#934=EDGE_LOOP('',(#4660,#4661,#4662,#4663));
#935=EDGE_LOOP('',(#4664,#4665,#4666,#4667));
#936=EDGE_LOOP('',(#4668,#4669,#4670,#4671));
#937=EDGE_LOOP('',(#4672,#4673,#4674,#4675));
#938=EDGE_LOOP('',(#4676,#4677,#4678,#4679));
#939=EDGE_LOOP('',(#4680,#4681,#4682,#4683));
#940=EDGE_LOOP('',(#4684,#4685,#4686,#4687));
#941=EDGE_LOOP('',(#4688,#4689,#4690,#4691));
#942=EDGE_LOOP('',(#4692,#4693,#4694,#4695));
#943=EDGE_LOOP('',(#4696,#4697,#4698,#4699));
#944=EDGE_LOOP('',(#4700,#4701,#4702,#4703));
#945=EDGE_LOOP('',(#4704,#4705,#4706,#4707));
#946=EDGE_LOOP('',(#4708,#4709,#4710,#4711));
#947=EDGE_LOOP('',(#4712,#4713,#4714,#4715));
#948=EDGE_LOOP('',(#4716,#4717,#4718,#4719));
#949=EDGE_LOOP('',(#4720,#4721,#4722,#4723,#4724,#4725,#4726,#4727,#4728,
#4729));
#950=EDGE_LOOP('',(#4730,#4731,#4732,#4733));
#951=EDGE_LOOP('',(#4734,#4735,#4736,#4737));
#952=EDGE_LOOP('',(#4738,#4739,#4740,#4741));
#953=EDGE_LOOP('',(#4742,#4743,#4744,#4745));
#954=EDGE_LOOP('',(#4746,#4747,#4748,#4749));
#955=EDGE_LOOP('',(#4750,#4751,#4752,#4753));
#956=EDGE_LOOP('',(#4754,#4755,#4756,#4757));
#957=EDGE_LOOP('',(#4758,#4759,#4760,#4761));
#958=EDGE_LOOP('',(#4762,#4763,#4764,#4765));
#959=EDGE_LOOP('',(#4766,#4767,#4768,#4769));
#960=EDGE_LOOP('',(#4770,#4771,#4772,#4773));
#961=EDGE_LOOP('',(#4774,#4775,#4776,#4777));
#962=EDGE_LOOP('',(#4778,#4779,#4780,#4781));
#963=EDGE_LOOP('',(#4782,#4783,#4784,#4785,#4786,#4787,#4788));
#964=EDGE_LOOP('',(#4789,#4790,#4791,#4792));
#965=EDGE_LOOP('',(#4793,#4794,#4795,#4796));
#966=EDGE_LOOP('',(#4797,#4798,#4799,#4800));
#967=EDGE_LOOP('',(#4801,#4802,#4803,#4804));
#968=EDGE_LOOP('',(#4805,#4806,#4807,#4808,#4809,#4810,#4811,#4812));
#969=EDGE_LOOP('',(#4813,#4814,#4815,#4816));
#970=EDGE_LOOP('',(#4817,#4818,#4819,#4820,#4821,#4822,#4823,#4824,#4825,
#4826));
#971=EDGE_LOOP('',(#4827,#4828,#4829,#4830));
#972=EDGE_LOOP('',(#4831,#4832,#4833,#4834));
#973=EDGE_LOOP('',(#4835,#4836,#4837,#4838));
#974=EDGE_LOOP('',(#4839,#4840,#4841,#4842));
#975=EDGE_LOOP('',(#4843,#4844,#4845,#4846));
#976=EDGE_LOOP('',(#4847,#4848,#4849,#4850));
#977=EDGE_LOOP('',(#4851,#4852,#4853,#4854));
#978=EDGE_LOOP('',(#4855,#4856,#4857,#4858));
#979=EDGE_LOOP('',(#4859,#4860,#4861,#4862));
#980=EDGE_LOOP('',(#4863,#4864,#4865,#4866));
#981=EDGE_LOOP('',(#4867,#4868,#4869,#4870));
#982=EDGE_LOOP('',(#4871,#4872,#4873,#4874));
#983=EDGE_LOOP('',(#4875,#4876,#4877,#4878));
#984=EDGE_LOOP('',(#4879,#4880,#4881,#4882));
#985=EDGE_LOOP('',(#4883,#4884,#4885,#4886));
#986=EDGE_LOOP('',(#4887,#4888,#4889,#4890));
#987=EDGE_LOOP('',(#4891,#4892,#4893,#4894));
#988=EDGE_LOOP('',(#4895,#4896,#4897,#4898,#4899));
#989=EDGE_LOOP('',(#4900,#4901,#4902,#4903));
#990=EDGE_LOOP('',(#4904,#4905,#4906,#4907));
#991=EDGE_LOOP('',(#4908,#4909,#4910,#4911));
#992=EDGE_LOOP('',(#4912,#4913,#4914,#4915));
#993=EDGE_LOOP('',(#4916,#4917,#4918,#4919));
#994=EDGE_LOOP('',(#4920,#4921,#4922,#4923));
#995=EDGE_LOOP('',(#4924,#4925,#4926,#4927));
#996=EDGE_LOOP('',(#4928,#4929,#4930,#4931));
#997=EDGE_LOOP('',(#4932,#4933,#4934,#4935));
#998=EDGE_LOOP('',(#4936,#4937,#4938,#4939));
#999=EDGE_LOOP('',(#4940,#4941,#4942,#4943));
#1000=EDGE_LOOP('',(#4944,#4945,#4946,#4947));
#1001=EDGE_LOOP('',(#4948,#4949,#4950,#4951));
#1002=EDGE_LOOP('',(#4952,#4953,#4954,#4955));
#1003=EDGE_LOOP('',(#4956,#4957,#4958,#4959));
#1004=EDGE_LOOP('',(#4960,#4961,#4962,#4963));
#1005=EDGE_LOOP('',(#4964,#4965,#4966,#4967));
#1006=EDGE_LOOP('',(#4968,#4969,#4970,#4971));
#1007=EDGE_LOOP('',(#4972,#4973,#4974,#4975,#4976,#4977));
#1008=EDGE_LOOP('',(#4978,#4979,#4980,#4981));
#1009=EDGE_LOOP('',(#4982,#4983,#4984,#4985,#4986,#4987,#4988,#4989,#4990,
#4991,#4992,#4993,#4994,#4995,#4996,#4997,#4998,#4999,#5000,#5001));
#1010=EDGE_LOOP('',(#5002,#5003,#5004,#5005));
#1011=EDGE_LOOP('',(#5006,#5007,#5008,#5009,#5010,#5011,#5012,#5013,#5014,
#5015,#5016,#5017,#5018,#5019,#5020,#5021,#5022,#5023,#5024,#5025));
#1012=EDGE_LOOP('',(#5026,#5027,#5028,#5029));
#1013=EDGE_LOOP('',(#5030,#5031,#5032,#5033));
#1014=EDGE_LOOP('',(#5034,#5035,#5036,#5037,#5038));
#1015=EDGE_LOOP('',(#5039,#5040,#5041,#5042,#5043));
#1016=EDGE_LOOP('',(#5044,#5045,#5046,#5047));
#1017=EDGE_LOOP('',(#5048,#5049,#5050,#5051));
#1018=EDGE_LOOP('',(#5052,#5053,#5054,#5055,#5056,#5057,#5058));
#1019=EDGE_LOOP('',(#5059));
#1020=EDGE_LOOP('',(#5060,#5061,#5062,#5063,#5064,#5065,#5066,#5067,#5068,
#5069,#5070,#5071,#5072,#5073,#5074,#5075,#5076,#5077,#5078,#5079,#5080,
#5081));
#1021=EDGE_LOOP('',(#5082,#5083,#5084,#5085,#5086,#5087,#5088,#5089,#5090,
#5091,#5092,#5093,#5094,#5095,#5096,#5097,#5098,#5099));
#1022=EDGE_LOOP('',(#5100,#5101,#5102,#5103,#5104,#5105,#5106,#5107,#5108,
#5109,#5110,#5111,#5112,#5113,#5114,#5115));
#1023=EDGE_LOOP('',(#5116,#5117,#5118,#5119,#5120,#5121,#5122,#5123,#5124,
#5125,#5126,#5127,#5128,#5129,#5130,#5131,#5132,#5133,#5134,#5135,#5136,
#5137,#5138,#5139,#5140,#5141,#5142,#5143,#5144,#5145,#5146,#5147,#5148,
#5149,#5150,#5151,#5152,#5153,#5154,#5155,#5156,#5157,#5158,#5159,#5160,
#5161,#5162,#5163,#5164,#5165));
#1024=EDGE_LOOP('',(#5166,#5167,#5168,#5169,#5170,#5171,#5172,#5173,#5174,
#5175));
#1025=EDGE_LOOP('',(#5176,#5177,#5178,#5179));
#1026=EDGE_LOOP('',(#5180,#5181,#5182,#5183,#5184,#5185,#5186,#5187,#5188,
#5189,#5190,#5191));
#1027=EDGE_LOOP('',(#5192,#5193,#5194,#5195));
#1028=EDGE_LOOP('',(#5196,#5197,#5198,#5199));
#1029=EDGE_LOOP('',(#5200,#5201,#5202,#5203));
#1030=EDGE_LOOP('',(#5204,#5205,#5206,#5207,#5208,#5209,#5210,#5211,#5212,
#5213,#5214,#5215));
#1031=EDGE_LOOP('',(#5216,#5217,#5218,#5219));
#1032=EDGE_LOOP('',(#5220,#5221,#5222,#5223));
#1033=EDGE_LOOP('',(#5224,#5225,#5226,#5227));
#1034=EDGE_LOOP('',(#5228,#5229,#5230,#5231));
#1035=EDGE_LOOP('',(#5232,#5233,#5234,#5235));
#1036=EDGE_LOOP('',(#5236,#5237,#5238,#5239));
#1037=EDGE_LOOP('',(#5240,#5241,#5242,#5243));
#1038=EDGE_LOOP('',(#5244,#5245,#5246,#5247,#5248,#5249,#5250));
#1039=EDGE_LOOP('',(#5251,#5252,#5253,#5254));
#1040=EDGE_LOOP('',(#5255,#5256,#5257,#5258));
#1041=EDGE_LOOP('',(#5259,#5260,#5261,#5262));
#1042=EDGE_LOOP('',(#5263,#5264,#5265,#5266));
#1043=EDGE_LOOP('',(#5267,#5268,#5269,#5270));
#1044=EDGE_LOOP('',(#5271,#5272,#5273,#5274));
#1045=EDGE_LOOP('',(#5275,#5276,#5277,#5278));
#1046=EDGE_LOOP('',(#5279,#5280,#5281,#5282));
#1047=EDGE_LOOP('',(#5283,#5284,#5285,#5286));
#1048=EDGE_LOOP('',(#5287,#5288,#5289,#5290));
#1049=EDGE_LOOP('',(#5291,#5292,#5293,#5294,#5295,#5296,#5297,#5298,#5299,
#5300,#5301,#5302,#5303,#5304,#5305));
#1050=EDGE_LOOP('',(#5306));
#1051=EDGE_LOOP('',(#5307,#5308,#5309,#5310,#5311));
#1052=EDGE_LOOP('',(#5312,#5313,#5314,#5315,#5316,#5317,#5318));
#1053=EDGE_LOOP('',(#5319,#5320,#5321,#5322));
#1054=EDGE_LOOP('',(#5323,#5324,#5325,#5326));
#1055=EDGE_LOOP('',(#5327,#5328,#5329,#5330,#5331));
#1056=EDGE_LOOP('',(#5332,#5333,#5334,#5335));
#1057=LINE('',#8034,#1650);
#1058=LINE('',#8065,#1651);
#1059=LINE('',#8081,#1652);
#1060=LINE('',#8096,#1653);
#1061=LINE('',#8099,#1654);
#1062=LINE('',#8114,#1655);
#1063=LINE('',#8118,#1656);
#1064=LINE('',#8122,#1657);
#1065=LINE('',#8129,#1658);
#1066=LINE('',#8131,#1659);
#1067=LINE('',#8138,#1660);
#1068=LINE('',#8161,#1661);
#1069=LINE('',#8163,#1662);
#1070=LINE('',#8165,#1663);
#1071=LINE('',#8172,#1664);
#1072=LINE('',#8173,#1665);
#1073=LINE('',#8174,#1666);
#1074=LINE('',#8178,#1667);
#1075=LINE('',#8180,#1668);
#1076=LINE('',#8182,#1669);
#1077=LINE('',#8185,#1670);
#1078=LINE('',#8191,#1671);
#1079=LINE('',#8205,#1672);
#1080=LINE('',#8209,#1673);
#1081=LINE('',#8210,#1674);
#1082=LINE('',#8211,#1675);
#1083=LINE('',#8214,#1676);
#1084=LINE('',#8230,#1677);
#1085=LINE('',#8235,#1678);
#1086=LINE('',#8238,#1679);
#1087=LINE('',#8240,#1680);
#1088=LINE('',#8244,#1681);
#1089=LINE('',#8246,#1682);
#1090=LINE('',#8248,#1683);
#1091=LINE('',#8249,#1684);
#1092=LINE('',#8253,#1685);
#1093=LINE('',#8254,#1686);
#1094=LINE('',#8255,#1687);
#1095=LINE('',#8259,#1688);
#1096=LINE('',#8261,#1689);
#1097=LINE('',#8263,#1690);
#1098=LINE('',#8264,#1691);
#1099=LINE('',#8268,#1692);
#1100=LINE('',#8272,#1693);
#1101=LINE('',#8273,#1694);
#1102=LINE('',#8276,#1695);
#1103=LINE('',#8277,#1696);
#1104=LINE('',#8280,#1697);
#1105=LINE('',#8281,#1698);
#1106=LINE('',#8283,#1699);
#1107=LINE('',#8287,#1700);
#1108=LINE('',#8289,#1701);
#1109=LINE('',#8291,#1702);
#1110=LINE('',#8292,#1703);
#1111=LINE('',#8298,#1704);
#1112=LINE('',#8301,#1705);
#1113=LINE('',#8305,#1706);
#1114=LINE('',#8307,#1707);
#1115=LINE('',#8309,#1708);
#1116=LINE('',#8310,#1709);
#1117=LINE('',#8314,#1710);
#1118=LINE('',#8316,#1711);
#1119=LINE('',#8318,#1712);
#1120=LINE('',#8319,#1713);
#1121=LINE('',#8322,#1714);
#1122=LINE('',#8324,#1715);
#1123=LINE('',#8325,#1716);
#1124=LINE('',#8328,#1717);
#1125=LINE('',#8330,#1718);
#1126=LINE('',#8331,#1719);
#1127=LINE('',#8333,#1720);
#1128=LINE('',#8335,#1721);
#1129=LINE('',#8338,#1722);
#1130=LINE('',#8340,#1723);
#1131=LINE('',#8342,#1724);
#1132=LINE('',#8344,#1725);
#1133=LINE('',#8345,#1726);
#1134=LINE('',#8350,#1727);
#1135=LINE('',#8354,#1728);
#1136=LINE('',#8356,#1729);
#1137=LINE('',#8357,#1730);
#1138=LINE('',#8361,#1731);
#1139=LINE('',#8362,#1732);
#1140=LINE('',#8363,#1733);
#1141=LINE('',#8366,#1734);
#1142=LINE('',#8368,#1735);
#1143=LINE('',#8370,#1736);
#1144=LINE('',#8372,#1737);
#1145=LINE('',#8373,#1738);
#1146=LINE('',#8378,#1739);
#1147=LINE('',#8382,#1740);
#1148=LINE('',#8384,#1741);
#1149=LINE('',#8385,#1742);
#1150=LINE('',#8388,#1743);
#1151=LINE('',#8390,#1744);
#1152=LINE('',#8391,#1745);
#1153=LINE('',#8395,#1746);
#1154=LINE('',#8397,#1747);
#1155=LINE('',#8399,#1748);
#1156=LINE('',#8400,#1749);
#1157=LINE('',#8402,#1750);
#1158=LINE('',#8404,#1751);
#1159=LINE('',#8405,#1752);
#1160=LINE('',#8411,#1753);
#1161=LINE('',#8414,#1754);
#1162=LINE('',#8420,#1755);
#1163=LINE('',#8423,#1756);
#1164=LINE('',#8426,#1757);
#1165=LINE('',#8428,#1758);
#1166=LINE('',#8429,#1759);
#1167=LINE('',#8432,#1760);
#1168=LINE('',#8434,#1761);
#1169=LINE('',#8435,#1762);
#1170=LINE('',#8439,#1763);
#1171=LINE('',#8441,#1764);
#1172=LINE('',#8443,#1765);
#1173=LINE('',#8444,#1766);
#1174=LINE('',#8450,#1767);
#1175=LINE('',#8453,#1768);
#1176=LINE('',#8458,#1769);
#1177=LINE('',#8464,#1770);
#1178=LINE('',#8471,#1771);
#1179=LINE('',#8474,#1772);
#1180=LINE('',#8478,#1773);
#1181=LINE('',#8480,#1774);
#1182=LINE('',#8482,#1775);
#1183=LINE('',#8484,#1776);
#1184=LINE('',#8486,#1777);
#1185=LINE('',#8488,#1778);
#1186=LINE('',#8490,#1779);
#1187=LINE('',#8492,#1780);
#1188=LINE('',#8494,#1781);
#1189=LINE('',#8496,#1782);
#1190=LINE('',#8498,#1783);
#1191=LINE('',#8499,#1784);
#1192=LINE('',#8505,#1785);
#1193=LINE('',#8508,#1786);
#1194=LINE('',#8514,#1787);
#1195=LINE('',#8517,#1788);
#1196=LINE('',#8521,#1789);
#1197=LINE('',#8523,#1790);
#1198=LINE('',#8525,#1791);
#1199=LINE('',#8526,#1792);
#1200=LINE('',#8530,#1793);
#1201=LINE('',#8532,#1794);
#1202=LINE('',#8534,#1795);
#1203=LINE('',#8535,#1796);
#1204=LINE('',#8541,#1797);
#1205=LINE('',#8547,#1798);
#1206=LINE('',#8550,#1799);
#1207=LINE('',#8552,#1800);
#1208=LINE('',#8554,#1801);
#1209=LINE('',#8556,#1802);
#1210=LINE('',#8558,#1803);
#1211=LINE('',#8559,#1804);
#1212=LINE('',#8563,#1805);
#1213=LINE('',#8565,#1806);
#1214=LINE('',#8567,#1807);
#1215=LINE('',#8568,#1808);
#1216=LINE('',#8577,#1809);
#1217=LINE('',#8581,#1810);
#1218=LINE('',#8585,#1811);
#1219=LINE('',#8586,#1812);
#1220=LINE('',#8595,#1813);
#1221=LINE('',#8602,#1814);
#1222=LINE('',#8606,#1815);
#1223=LINE('',#8608,#1816);
#1224=LINE('',#8610,#1817);
#1225=LINE('',#8614,#1818);
#1226=LINE('',#8626,#1819);
#1227=LINE('',#8628,#1820);
#1228=LINE('',#8631,#1821);
#1229=LINE('',#8636,#1822);
#1230=LINE('',#8640,#1823);
#1231=LINE('',#8647,#1824);
#1232=LINE('',#8650,#1825);
#1233=LINE('',#8652,#1826);
#1234=LINE('',#8653,#1827);
#1235=LINE('',#8657,#1828);
#1236=LINE('',#8662,#1829);
#1237=LINE('',#8666,#1830);
#1238=LINE('',#8670,#1831);
#1239=LINE('',#8672,#1832);
#1240=LINE('',#8676,#1833);
#1241=LINE('',#8678,#1834);
#1242=LINE('',#8679,#1835);
#1243=LINE('',#8683,#1836);
#1244=LINE('',#8685,#1837);
#1245=LINE('',#8687,#1838);
#1246=LINE('',#8688,#1839);
#1247=LINE('',#8689,#1840);
#1248=LINE('',#8694,#1841);
#1249=LINE('',#8695,#1842);
#1250=LINE('',#8698,#1843);
#1251=LINE('',#8702,#1844);
#1252=LINE('',#8709,#1845);
#1253=LINE('',#8710,#1846);
#1254=LINE('',#8711,#1847);
#1255=LINE('',#8713,#1848);
#1256=LINE('',#8715,#1849);
#1257=LINE('',#8716,#1850);
#1258=LINE('',#8719,#1851);
#1259=LINE('',#8721,#1852);
#1260=LINE('',#8722,#1853);
#1261=LINE('',#8723,#1854);
#1262=LINE('',#8725,#1855);
#1263=LINE('',#8727,#1856);
#1264=LINE('',#8728,#1857);
#1265=LINE('',#8730,#1858);
#1266=LINE('',#8732,#1859);
#1267=LINE('',#8733,#1860);
#1268=LINE('',#8735,#1861);
#1269=LINE('',#8737,#1862);
#1270=LINE('',#8740,#1863);
#1271=LINE('',#8741,#1864);
#1272=LINE('',#8746,#1865);
#1273=LINE('',#8747,#1866);
#1274=LINE('',#8751,#1867);
#1275=LINE('',#8757,#1868);
#1276=LINE('',#8759,#1869);
#1277=LINE('',#8761,#1870);
#1278=LINE('',#8764,#1871);
#1279=LINE('',#8765,#1872);
#1280=LINE('',#8768,#1873);
#1281=LINE('',#8769,#1874);
#1282=LINE('',#8771,#1875);
#1283=LINE('',#8775,#1876);
#1284=LINE('',#8778,#1877);
#1285=LINE('',#8779,#1878);
#1286=LINE('',#8781,#1879);
#1287=LINE('',#8786,#1880);
#1288=LINE('',#8790,#1881);
#1289=LINE('',#8791,#1882);
#1290=LINE('',#8794,#1883);
#1291=LINE('',#8795,#1884);
#1292=LINE('',#8797,#1885);
#1293=LINE('',#8801,#1886);
#1294=LINE('',#8803,#1887);
#1295=LINE('',#8808,#1888);
#1296=LINE('',#8812,#1889);
#1297=LINE('',#8817,#1890);
#1298=LINE('',#8821,#1891);
#1299=LINE('',#8823,#1892);
#1300=LINE('',#8824,#1893);
#1301=LINE('',#8833,#1894);
#1302=LINE('',#8839,#1895);
#1303=LINE('',#8845,#1896);
#1304=LINE('',#8848,#1897);
#1305=LINE('',#8850,#1898);
#1306=LINE('',#8851,#1899);
#1307=LINE('',#8857,#1900);
#1308=LINE('',#8862,#1901);
#1309=LINE('',#8863,#1902);
#1310=LINE('',#8867,#1903);
#1311=LINE('',#8868,#1904);
#1312=LINE('',#8874,#1905);
#1313=LINE('',#8879,#1906);
#1314=LINE('',#8882,#1907);
#1315=LINE('',#8887,#1908);
#1316=LINE('',#8888,#1909);
#1317=LINE('',#8889,#1910);
#1318=LINE('',#8892,#1911);
#1319=LINE('',#8895,#1912);
#1320=LINE('',#8896,#1913);
#1321=LINE('',#8898,#1914);
#1322=LINE('',#8900,#1915);
#1323=LINE('',#8903,#1916);
#1324=LINE('',#8904,#1917);
#1325=LINE('',#8907,#1918);
#1326=LINE('',#8909,#1919);
#1327=LINE('',#8911,#1920);
#1328=LINE('',#8914,#1921);
#1329=LINE('',#8916,#1922);
#1330=LINE('',#8922,#1923);
#1331=LINE('',#8927,#1924);
#1332=LINE('',#8930,#1925);
#1333=LINE('',#8933,#1926);
#1334=LINE('',#8935,#1927);
#1335=LINE('',#8937,#1928);
#1336=LINE('',#8940,#1929);
#1337=LINE('',#8943,#1930);
#1338=LINE('',#8945,#1931);
#1339=LINE('',#8947,#1932);
#1340=LINE('',#8950,#1933);
#1341=LINE('',#8954,#1934);
#1342=LINE('',#8956,#1935);
#1343=LINE('',#8958,#1936);
#1344=LINE('',#8959,#1937);
#1345=LINE('',#8963,#1938);
#1346=LINE('',#8965,#1939);
#1347=LINE('',#8967,#1940);
#1348=LINE('',#8968,#1941);
#1349=LINE('',#8972,#1942);
#1350=LINE('',#8974,#1943);
#1351=LINE('',#8976,#1944);
#1352=LINE('',#8977,#1945);
#1353=LINE('',#8981,#1946);
#1354=LINE('',#8983,#1947);
#1355=LINE('',#8985,#1948);
#1356=LINE('',#8986,#1949);
#1357=LINE('',#8989,#1950);
#1358=LINE('',#8991,#1951);
#1359=LINE('',#8992,#1952);
#1360=LINE('',#8996,#1953);
#1361=LINE('',#8998,#1954);
#1362=LINE('',#9002,#1955);
#1363=LINE('',#9006,#1956);
#1364=LINE('',#9010,#1957);
#1365=LINE('',#9013,#1958);
#1366=LINE('',#9016,#1959);
#1367=LINE('',#9020,#1960);
#1368=LINE('',#9024,#1961);
#1369=LINE('',#9029,#1962);
#1370=LINE('',#9031,#1963);
#1371=LINE('',#9033,#1964);
#1372=LINE('',#9034,#1965);
#1373=LINE('',#9039,#1966);
#1374=LINE('',#9043,#1967);
#1375=LINE('',#9046,#1968);
#1376=LINE('',#9050,#1969);
#1377=LINE('',#9052,#1970);
#1378=LINE('',#9056,#1971);
#1379=LINE('',#9060,#1972);
#1380=LINE('',#9064,#1973);
#1381=LINE('',#9066,#1974);
#1382=LINE('',#9067,#1975);
#1383=LINE('',#9069,#1976);
#1384=LINE('',#9071,#1977);
#1385=LINE('',#9075,#1978);
#1386=LINE('',#9077,#1979);
#1387=LINE('',#9079,#1980);
#1388=LINE('',#9080,#1981);
#1389=LINE('',#9083,#1982);
#1390=LINE('',#9084,#1983);
#1391=LINE('',#9088,#1984);
#1392=LINE('',#9096,#1985);
#1393=LINE('',#9102,#1986);
#1394=LINE('',#9105,#1987);
#1395=LINE('',#9108,#1988);
#1396=LINE('',#9115,#1989);
#1397=LINE('',#9118,#1990);
#1398=LINE('',#9123,#1991);
#1399=LINE('',#9128,#1992);
#1400=LINE('',#9132,#1993);
#1401=LINE('',#9134,#1994);
#1402=LINE('',#9135,#1995);
#1403=LINE('',#9139,#1996);
#1404=LINE('',#9140,#1997);
#1405=LINE('',#9141,#1998);
#1406=LINE('',#9144,#1999);
#1407=LINE('',#9146,#2000);
#1408=LINE('',#9147,#2001);
#1409=LINE('',#9150,#2002);
#1410=LINE('',#9151,#2003);
#1411=LINE('',#9159,#2004);
#1412=LINE('',#9161,#2005);
#1413=LINE('',#9165,#2006);
#1414=LINE('',#9171,#2007);
#1415=LINE('',#9174,#2008);
#1416=LINE('',#9177,#2009);
#1417=LINE('',#9180,#2010);
#1418=LINE('',#9183,#2011);
#1419=LINE('',#9186,#2012);
#1420=LINE('',#9191,#2013);
#1421=LINE('',#9193,#2014);
#1422=LINE('',#9194,#2015);
#1423=LINE('',#9199,#2016);
#1424=LINE('',#9201,#2017);
#1425=LINE('',#9206,#2018);
#1426=LINE('',#9209,#2019);
#1427=LINE('',#9211,#2020);
#1428=LINE('',#9218,#2021);
#1429=LINE('',#9221,#2022);
#1430=LINE('',#9223,#2023);
#1431=LINE('',#9225,#2024);
#1432=LINE('',#9227,#2025);
#1433=LINE('',#9229,#2026);
#1434=LINE('',#9232,#2027);
#1435=LINE('',#9234,#2028);
#1436=LINE('',#9238,#2029);
#1437=LINE('',#9239,#2030);
#1438=LINE('',#9243,#2031);
#1439=LINE('',#9246,#2032);
#1440=LINE('',#9248,#2033);
#1441=LINE('',#9250,#2034);
#1442=LINE('',#9252,#2035);
#1443=LINE('',#9254,#2036);
#1444=LINE('',#9256,#2037);
#1445=LINE('',#9257,#2038);
#1446=LINE('',#9261,#2039);
#1447=LINE('',#9263,#2040);
#1448=LINE('',#9265,#2041);
#1449=LINE('',#9266,#2042);
#1450=LINE('',#9272,#2043);
#1451=LINE('',#9275,#2044);
#1452=LINE('',#9277,#2045);
#1453=LINE('',#9278,#2046);
#1454=LINE('',#9284,#2047);
#1455=LINE('',#9287,#2048);
#1456=LINE('',#9289,#2049);
#1457=LINE('',#9290,#2050);
#1458=LINE('',#9294,#2051);
#1459=LINE('',#9298,#2052);
#1460=LINE('',#9305,#2053);
#1461=LINE('',#9307,#2054);
#1462=LINE('',#9308,#2055);
#1463=LINE('',#9312,#2056);
#1464=LINE('',#9313,#2057);
#1465=LINE('',#9314,#2058);
#1466=LINE('',#9319,#2059);
#1467=LINE('',#9323,#2060);
#1468=LINE('',#9326,#2061);
#1469=LINE('',#9331,#2062);
#1470=LINE('',#9332,#2063);
#1471=LINE('',#9335,#2064);
#1472=LINE('',#9336,#2065);
#1473=LINE('',#9339,#2066);
#1474=LINE('',#9340,#2067);
#1475=LINE('',#9343,#2068);
#1476=LINE('',#9345,#2069);
#1477=LINE('',#9347,#2070);
#1478=LINE('',#9349,#2071);
#1479=LINE('',#9350,#2072);
#1480=LINE('',#9351,#2073);
#1481=LINE('',#9355,#2074);
#1482=LINE('',#9357,#2075);
#1483=LINE('',#9363,#2076);
#1484=LINE('',#9366,#2077);
#1485=LINE('',#9372,#2078);
#1486=LINE('',#9375,#2079);
#1487=LINE('',#9377,#2080);
#1488=LINE('',#9381,#2081);
#1489=LINE('',#9383,#2082);
#1490=LINE('',#9384,#2083);
#1491=LINE('',#9387,#2084);
#1492=LINE('',#9388,#2085);
#1493=LINE('',#9392,#2086);
#1494=LINE('',#9397,#2087);
#1495=LINE('',#9398,#2088);
#1496=LINE('',#9402,#2089);
#1497=LINE('',#9404,#2090);
#1498=LINE('',#9406,#2091);
#1499=LINE('',#9407,#2092);
#1500=LINE('',#9411,#2093);
#1501=LINE('',#9413,#2094);
#1502=LINE('',#9415,#2095);
#1503=LINE('',#9416,#2096);
#1504=LINE('',#9422,#2097);
#1505=LINE('',#9425,#2098);
#1506=LINE('',#9428,#2099);
#1507=LINE('',#9430,#2100);
#1508=LINE('',#9431,#2101);
#1509=LINE('',#9435,#2102);
#1510=LINE('',#9438,#2103);
#1511=LINE('',#9440,#2104);
#1512=LINE('',#9441,#2105);
#1513=LINE('',#9447,#2106);
#1514=LINE('',#9450,#2107);
#1515=LINE('',#9452,#2108);
#1516=LINE('',#9453,#2109);
#1517=LINE('',#9455,#2110);
#1518=LINE('',#9456,#2111);
#1519=LINE('',#9459,#2112);
#1520=LINE('',#9460,#2113);
#1521=LINE('',#9461,#2114);
#1522=LINE('',#9463,#2115);
#1523=LINE('',#9464,#2116);
#1524=LINE('',#9469,#2117);
#1525=LINE('',#9472,#2118);
#1526=LINE('',#9473,#2119);
#1527=LINE('',#9477,#2120);
#1528=LINE('',#9483,#2121);
#1529=LINE('',#9486,#2122);
#1530=LINE('',#9488,#2123);
#1531=LINE('',#9490,#2124);
#1532=LINE('',#9493,#2125);
#1533=LINE('',#9495,#2126);
#1534=LINE('',#9496,#2127);
#1535=LINE('',#9500,#2128);
#1536=LINE('',#9504,#2129);
#1537=LINE('',#9507,#2130);
#1538=LINE('',#9509,#2131);
#1539=LINE('',#9510,#2132);
#1540=LINE('',#9512,#2133);
#1541=LINE('',#9516,#2134);
#1542=LINE('',#9518,#2135);
#1543=LINE('',#9519,#2136);
#1544=LINE('',#9523,#2137);
#1545=LINE('',#9525,#2138);
#1546=LINE('',#9527,#2139);
#1547=LINE('',#9528,#2140);
#1548=LINE('',#9530,#2141);
#1549=LINE('',#9532,#2142);
#1550=LINE('',#9539,#2143);
#1551=LINE('',#9541,#2144);
#1552=LINE('',#9543,#2145);
#1553=LINE('',#9544,#2146);
#1554=LINE('',#9548,#2147);
#1555=LINE('',#9550,#2148);
#1556=LINE('',#9552,#2149);
#1557=LINE('',#9553,#2150);
#1558=LINE('',#9556,#2151);
#1559=LINE('',#9558,#2152);
#1560=LINE('',#9559,#2153);
#1561=LINE('',#9565,#2154);
#1562=LINE('',#9570,#2155);
#1563=LINE('',#9577,#2156);
#1564=LINE('',#9580,#2157);
#1565=LINE('',#9586,#2158);
#1566=LINE('',#9594,#2159);
#1567=LINE('',#9597,#2160);
#1568=LINE('',#9598,#2161);
#1569=LINE('',#9604,#2162);
#1570=LINE('',#9607,#2163);
#1571=LINE('',#9610,#2164);
#1572=LINE('',#9612,#2165);
#1573=LINE('',#9613,#2166);
#1574=LINE('',#9615,#2167);
#1575=LINE('',#9616,#2168);
#1576=LINE('',#9619,#2169);
#1577=LINE('',#9620,#2170);
#1578=LINE('',#9622,#2171);
#1579=LINE('',#9623,#2172);
#1580=LINE('',#9626,#2173);
#1581=LINE('',#9628,#2174);
#1582=LINE('',#9629,#2175);
#1583=LINE('',#9632,#2176);
#1584=LINE('',#9634,#2177);
#1585=LINE('',#9635,#2178);
#1586=LINE('',#9638,#2179);
#1587=LINE('',#9639,#2180);
#1588=LINE('',#9640,#2181);
#1589=LINE('',#9647,#2182);
#1590=LINE('',#9648,#2183);
#1591=LINE('',#9652,#2184);
#1592=LINE('',#9655,#2185);
#1593=LINE('',#9656,#2186);
#1594=LINE('',#9660,#2187);
#1595=LINE('',#9662,#2188);
#1596=LINE('',#9664,#2189);
#1597=LINE('',#9672,#2190);
#1598=LINE('',#9674,#2191);
#1599=LINE('',#9678,#2192);
#1600=LINE('',#9681,#2193);
#1601=LINE('',#9687,#2194);
#1602=LINE('',#9689,#2195);
#1603=LINE('',#9690,#2196);
#1604=LINE('',#9693,#2197);
#1605=LINE('',#9695,#2198);
#1606=LINE('',#9696,#2199);
#1607=LINE('',#9701,#2200);
#1608=LINE('',#9704,#2201);
#1609=LINE('',#9706,#2202);
#1610=LINE('',#9707,#2203);
#1611=LINE('',#9710,#2204);
#1612=LINE('',#9714,#2205);
#1613=LINE('',#9717,#2206);
#1614=LINE('',#9720,#2207);
#1615=LINE('',#9721,#2208);
#1616=LINE('',#9724,#2209);
#1617=LINE('',#9727,#2210);
#1618=LINE('',#9733,#2211);
#1619=LINE('',#9736,#2212);
#1620=LINE('',#9737,#2213);
#1621=LINE('',#9740,#2214);
#1622=LINE('',#9743,#2215);
#1623=LINE('',#9747,#2216);
#1624=LINE('',#9748,#2217);
#1625=LINE('',#9749,#2218);
#1626=LINE('',#9753,#2219);
#1627=LINE('',#9755,#2220);
#1628=LINE('',#9757,#2221);
#1629=LINE('',#9758,#2222);
#1630=LINE('',#9761,#2223);
#1631=LINE('',#9762,#2224);
#1632=LINE('',#9766,#2225);
#1633=LINE('',#9769,#2226);
#1634=LINE('',#9770,#2227);
#1635=LINE('',#9773,#2228);
#1636=LINE('',#9775,#2229);
#1637=LINE('',#9776,#2230);
#1638=LINE('',#9780,#2231);
#1639=LINE('',#9784,#2232);
#1640=LINE('',#9787,#2233);
#1641=LINE('',#9788,#2234);
#1642=LINE('',#9794,#2235);
#1643=LINE('',#9795,#2236);
#1644=LINE('',#9796,#2237);
#1645=LINE('',#9799,#2238);
#1646=LINE('',#9800,#2239);
#1647=LINE('',#9803,#2240);
#1648=LINE('',#9804,#2241);
#1649=LINE('',#9806,#2242);
#1650=VECTOR('',#6362,2.36651612975277);
#1651=VECTOR('',#6365,2.36651612975277);
#1652=VECTOR('',#6368,1.2536345802267);
#1653=VECTOR('',#6369,1.2536345802267);
#1654=VECTOR('',#6372,1.2536345802267);
#1655=VECTOR('',#6373,1.2536345802267);
#1656=VECTOR('',#6376,3.1);
#1657=VECTOR('',#6379,3.1);
#1658=VECTOR('',#6388,1.22165889007052);
#1659=VECTOR('',#6389,1.22165889007053);
#1660=VECTOR('',#6396,2.62616658274158);
#1661=VECTOR('',#6403,1.22165889007052);
#1662=VECTOR('',#6404,3.1);
#1663=VECTOR('',#6405,1.22165889007053);
#1664=VECTOR('',#6412,4.24301838009979);
#1665=VECTOR('',#6413,1.8071023720223);
#1666=VECTOR('',#6414,3.39617968464585);
#1667=VECTOR('',#6417,4.24301838009978);
#1668=VECTOR('',#6418,3.39617968464585);
#1669=VECTOR('',#6421,1.80710237202231);
#1670=VECTOR('',#6424,1.39305352962028);
#1671=VECTOR('',#6433,1.39305352962028);
#1672=VECTOR('',#6440,1.39305352962028);
#1673=VECTOR('',#6443,4.24301838009978);
#1674=VECTOR('',#6444,3.39617968464585);
#1675=VECTOR('',#6445,1.80710237202231);
#1676=VECTOR('',#6448,1.8071023720223);
#1677=VECTOR('',#6459,1.39305352962028);
#1678=VECTOR('',#6466,4.24301838009979);
#1679=VECTOR('',#6469,3.39617968464585);
#1680=VECTOR('',#6472,2.62616658274158);
#1681=VECTOR('',#6475,4.8);
#1682=VECTOR('',#6476,1.);
#1683=VECTOR('',#6477,4.8);
#1684=VECTOR('',#6478,1.);
#1685=VECTOR('',#6481,1.);
#1686=VECTOR('',#6482,0.5);
#1687=VECTOR('',#6483,0.5);
#1688=VECTOR('',#6486,1.);
#1689=VECTOR('',#6487,0.5);
#1690=VECTOR('',#6488,1.);
#1691=VECTOR('',#6489,0.5);
#1692=VECTOR('',#6492,0.223606797749981);
#1693=VECTOR('',#6495,0.25);
#1694=VECTOR('',#6496,0.25);
#1695=VECTOR('',#6499,4.8);
#1696=VECTOR('',#6500,0.5);
#1697=VECTOR('',#6503,4.8);
#1698=VECTOR('',#6504,0.5);
#1699=VECTOR('',#6507,1.);
#1700=VECTOR('',#6510,1.3);
#1701=VECTOR('',#6511,1.5);
#1702=VECTOR('',#6512,1.3);
#1703=VECTOR('',#6513,1.5);
#1704=VECTOR('',#6518,2.87814209629274);
#1705=VECTOR('',#6521,3.05690513518187);
#1706=VECTOR('',#6524,1.);
#1707=VECTOR('',#6525,0.5);
#1708=VECTOR('',#6526,1.);
#1709=VECTOR('',#6527,0.5);
#1710=VECTOR('',#6530,4.8);
#1711=VECTOR('',#6531,0.5);
#1712=VECTOR('',#6532,4.8);
#1713=VECTOR('',#6533,0.5);
#1714=VECTOR('',#6536,1.);
#1715=VECTOR('',#6537,0.5);
#1716=VECTOR('',#6538,1.);
#1717=VECTOR('',#6541,4.8);
#1718=VECTOR('',#6542,0.5);
#1719=VECTOR('',#6543,4.8);
#1720=VECTOR('',#6546,1.);
#1721=VECTOR('',#6549,1.);
#1722=VECTOR('',#6552,0.25);
#1723=VECTOR('',#6553,3.65698161990021);
#1724=VECTOR('',#6554,2.6);
#1725=VECTOR('',#6555,3.65698161990021);
#1726=VECTOR('',#6556,0.25);
#1727=VECTOR('',#6561,2.6);
#1728=VECTOR('',#6566,3.28570541548138);
#1729=VECTOR('',#6567,2.6);
#1730=VECTOR('',#6568,3.28570541548138);
#1731=VECTOR('',#6571,2.6);
#1732=VECTOR('',#6572,2.72251669700572);
#1733=VECTOR('',#6573,2.72251669700572);
#1734=VECTOR('',#6576,0.25);
#1735=VECTOR('',#6577,3.65698161990021);
#1736=VECTOR('',#6578,2.6);
#1737=VECTOR('',#6579,3.65698161990021);
#1738=VECTOR('',#6580,0.25);
#1739=VECTOR('',#6585,2.6);
#1740=VECTOR('',#6590,5.91255040694008);
#1741=VECTOR('',#6591,5.91255040694008);
#1742=VECTOR('',#6592,2.6);
#1743=VECTOR('',#6595,3.28570541548138);
#1744=VECTOR('',#6596,2.6);
#1745=VECTOR('',#6597,3.28570541548138);
#1746=VECTOR('',#6600,5.91255040694008);
#1747=VECTOR('',#6601,2.6);
#1748=VECTOR('',#6602,5.91255040694008);
#1749=VECTOR('',#6603,2.6);
#1750=VECTOR('',#6606,3.1);
#1751=VECTOR('',#6609,2.72251669700572);
#1752=VECTOR('',#6610,2.72251669700572);
#1753=VECTOR('',#6615,2.85);
#1754=VECTOR('',#6618,2.85);
#1755=VECTOR('',#6623,2.85);
#1756=VECTOR('',#6626,2.85);
#1757=VECTOR('',#6629,1.5);
#1758=VECTOR('',#6630,1.5);
#1759=VECTOR('',#6631,2.85);
#1760=VECTOR('',#6634,1.89606079858305);
#1761=VECTOR('',#6635,1.89606079858305);
#1762=VECTOR('',#6636,2.85);
#1763=VECTOR('',#6639,2.05089314203668);
#1764=VECTOR('',#6640,2.85);
#1765=VECTOR('',#6641,2.05089314203668);
#1766=VECTOR('',#6642,2.85);
#1767=VECTOR('',#6647,2.85);
#1768=VECTOR('',#6650,2.85);
#1769=VECTOR('',#6655,2.85);
#1770=VECTOR('',#6662,2.85);
#1771=VECTOR('',#6669,2.85);
#1772=VECTOR('',#6672,2.85);
#1773=VECTOR('',#6675,2.85);
#1774=VECTOR('',#6676,3.69664252700106);
#1775=VECTOR('',#6677,3.69664252700106);
#1776=VECTOR('',#6678,1.5);
#1777=VECTOR('',#6679,13.7);
#1778=VECTOR('',#6680,1.5);
#1779=VECTOR('',#6681,0.199999999999999);
#1780=VECTOR('',#6682,0.199999999999999);
#1781=VECTOR('',#6683,0.199999999999999);
#1782=VECTOR('',#6684,0.199999999999999);
#1783=VECTOR('',#6685,2.85);
#1784=VECTOR('',#6686,1.73493515728974);
#1785=VECTOR('',#6691,2.85);
#1786=VECTOR('',#6694,2.85);
#1787=VECTOR('',#6699,2.85);
#1788=VECTOR('',#6702,2.85);
#1789=VECTOR('',#6705,1.61579014975481);
#1790=VECTOR('',#6706,2.85);
#1791=VECTOR('',#6707,1.61579014975481);
#1792=VECTOR('',#6708,2.85);
#1793=VECTOR('',#6711,1.73493515728974);
#1794=VECTOR('',#6712,2.85);
#1795=VECTOR('',#6713,1.73493515728974);
#1796=VECTOR('',#6714,2.85);
#1797=VECTOR('',#6721,2.85);
#1798=VECTOR('',#6728,2.85);
#1799=VECTOR('',#6731,1.87513583156722);
#1800=VECTOR('',#6732,1.25);
#1801=VECTOR('',#6733,10.3751358315672);
#1802=VECTOR('',#6734,1.5);
#1803=VECTOR('',#6735,1.75);
#1804=VECTOR('',#6736,1.75);
#1805=VECTOR('',#6739,1.5);
#1806=VECTOR('',#6740,0.2);
#1807=VECTOR('',#6741,1.5);
#1808=VECTOR('',#6742,0.2);
#1809=VECTOR('',#6751,0.75);
#1810=VECTOR('',#6756,0.85);
#1811=VECTOR('',#6759,3.65);
#1812=VECTOR('',#6760,0.25108747069239);
#1813=VECTOR('',#6771,1.61579014975481);
#1814=VECTOR('',#6780,2.45198061272907);
#1815=VECTOR('',#6785,0.750893142036679);
#1816=VECTOR('',#6786,1.1);
#1817=VECTOR('',#6787,1.4);
#1818=VECTOR('',#6792,2.06208898635273);
#1819=VECTOR('',#6795,0.305531920574671);
#1820=VECTOR('',#6798,2.28226529999563);
#1821=VECTOR('',#6801,1.5);
#1822=VECTOR('',#6806,2.34185297962534);
#1823=VECTOR('',#6809,2.51039238552009);
#1824=VECTOR('',#6818,2.67893179835606);
#1825=VECTOR('',#6821,4.8);
#1826=VECTOR('',#6822,1.);
#1827=VECTOR('',#6823,4.8);
#1828=VECTOR('',#6828,1.5);
#1829=VECTOR('',#6833,4.34030192151186);
#1830=VECTOR('',#6836,9.1601077025535);
#1831=VECTOR('',#6841,6.4);
#1832=VECTOR('',#6842,3.85);
#1833=VECTOR('',#6847,4.8);
#1834=VECTOR('',#6848,4.8);
#1835=VECTOR('',#6849,1.);
#1836=VECTOR('',#6852,2.32);
#1837=VECTOR('',#6853,0.430813184570761);
#1838=VECTOR('',#6854,1.5);
#1839=VECTOR('',#6855,2.);
#1840=VECTOR('',#6856,0.430813184570761);
#1841=VECTOR('',#6861,3.43638341222714);
#1842=VECTOR('',#6862,0.0999999999999997);
#1843=VECTOR('',#6865,0.95);
#1844=VECTOR('',#6868,1.5080589092925);
#1845=VECTOR('',#6875,3.05690513518187);
#1846=VECTOR('',#6876,0.600000000000001);
#1847=VECTOR('',#6877,0.0777861913430205);
#1848=VECTOR('',#6878,1.75);
#1849=VECTOR('',#6879,10.819895688887);
#1850=VECTOR('',#6880,1.32236525283135);
#1851=VECTOR('',#6883,5.0001077025535);
#1852=VECTOR('',#6884,5.0001077025535);
#1853=VECTOR('',#6885,1.5);
#1854=VECTOR('',#6886,1.5);
#1855=VECTOR('',#6889,1.37713686302537);
#1856=VECTOR('',#6892,0.05);
#1857=VECTOR('',#6893,0.167157287525381);
#1858=VECTOR('',#6896,0.75);
#1859=VECTOR('',#6897,0.75);
#1860=VECTOR('',#6898,1.5);
#1861=VECTOR('',#6901,0.05);
#1862=VECTOR('',#6904,0.260050575036595);
#1863=VECTOR('',#6907,4.8);
#1864=VECTOR('',#6908,0.5);
#1865=VECTOR('',#6915,4.8);
#1866=VECTOR('',#6916,0.5);
#1867=VECTOR('',#6921,1.5);
#1868=VECTOR('',#6930,1.5);
#1869=VECTOR('',#6933,1.32236525283135);
#1870=VECTOR('',#6936,1.);
#1871=VECTOR('',#6939,0.5);
#1872=VECTOR('',#6940,4.8);
#1873=VECTOR('',#6943,4.8);
#1874=VECTOR('',#6944,0.5);
#1875=VECTOR('',#6947,1.);
#1876=VECTOR('',#6952,2.6);
#1877=VECTOR('',#6955,2.6);
#1878=VECTOR('',#6956,0.0999999999999997);
#1879=VECTOR('',#6959,3.43638341222714);
#1880=VECTOR('',#6964,2.6);
#1881=VECTOR('',#6969,3.43638341222714);
#1882=VECTOR('',#6970,0.0999999999999997);
#1883=VECTOR('',#6973,2.6);
#1884=VECTOR('',#6974,0.0999999999999997);
#1885=VECTOR('',#6977,3.43638341222714);
#1886=VECTOR('',#6980,1.2);
#1887=VECTOR('',#6981,0.750893142036679);
#1888=VECTOR('',#6986,1.5562828956481);
#1889=VECTOR('',#6991,2.85);
#1890=VECTOR('',#6996,2.85);
#1891=VECTOR('',#7001,1.89606079858305);
#1892=VECTOR('',#7002,1.89606079858305);
#1893=VECTOR('',#7003,2.85);
#1894=VECTOR('',#7016,2.85);
#1895=VECTOR('',#7023,2.85);
#1896=VECTOR('',#7030,2.85);
#1897=VECTOR('',#7033,2.05089314203668);
#1898=VECTOR('',#7034,2.05089314203668);
#1899=VECTOR('',#7035,2.85);
#1900=VECTOR('',#7042,2.85);
#1901=VECTOR('',#7047,0.35108747069239);
#1902=VECTOR('',#7048,8.6062828956481);
#1903=VECTOR('',#7051,8.6062828956481);
#1904=VECTOR('',#7052,0.35108747069239);
#1905=VECTOR('',#7059,2.85);
#1906=VECTOR('',#7066,2.85);
#1907=VECTOR('',#7069,2.85);
#1908=VECTOR('',#7074,1.2);
#1909=VECTOR('',#7075,0.750893142036679);
#1910=VECTOR('',#7076,1.5562828956481);
#1911=VECTOR('',#7079,1.5);
#1912=VECTOR('',#7082,0.35108747069239);
#1913=VECTOR('',#7083,8.6062828956481);
#1914=VECTOR('',#7086,2.85);
#1915=VECTOR('',#7089,0.4);
#1916=VECTOR('',#7092,0.1);
#1917=VECTOR('',#7093,2.85);
#1918=VECTOR('',#7096,0.10770329614269);
#1919=VECTOR('',#7097,0.0404123203702902);
#1920=VECTOR('',#7098,1.80476248612902);
#1921=VECTOR('',#7101,4.9101077025535);
#1922=VECTOR('',#7104,1.1874342087038);
#1923=VECTOR('',#7111,1.73493515728974);
#1924=VECTOR('',#7116,1.2);
#1925=VECTOR('',#7119,0.5);
#1926=VECTOR('',#7122,0.0999999999999997);
#1927=VECTOR('',#7123,0.1);
#1928=VECTOR('',#7124,0.300000000000001);
#1929=VECTOR('',#7127,1.85);
#1930=VECTOR('',#7130,0.0999999999999997);
#1931=VECTOR('',#7131,0.10770329614269);
#1932=VECTOR('',#7132,1.9);
#1933=VECTOR('',#7135,0.299999999999999);
#1934=VECTOR('',#7138,0.53851648071345);
#1935=VECTOR('',#7139,2.);
#1936=VECTOR('',#7140,0.2);
#1937=VECTOR('',#7141,1.5);
#1938=VECTOR('',#7144,3.09731745555216);
#1939=VECTOR('',#7145,0.0499999999999998);
#1940=VECTOR('',#7146,3.09731745555216);
#1941=VECTOR('',#7147,0.0499999999999998);
#1942=VECTOR('',#7150,1.5);
#1943=VECTOR('',#7151,0.2);
#1944=VECTOR('',#7152,2.);
#1945=VECTOR('',#7153,0.53851648071345);
#1946=VECTOR('',#7156,0.53851648071345);
#1947=VECTOR('',#7157,2.);
#1948=VECTOR('',#7158,0.2);
#1949=VECTOR('',#7159,1.5);
#1950=VECTOR('',#7162,0.2);
#1951=VECTOR('',#7163,2.);
#1952=VECTOR('',#7164,0.53851648071345);
#1953=VECTOR('',#7167,0.8);
#1954=VECTOR('',#7168,0.4043074902772);
#1955=VECTOR('',#7171,0.265948751620461);
#1956=VECTOR('',#7174,0.15948751620466);
#1957=VECTOR('',#7177,0.265948751620461);
#1958=VECTOR('',#7180,0.4043074902772);
#1959=VECTOR('',#7183,0.592705098312491);
#1960=VECTOR('',#7186,0.0381966011250156);
#1961=VECTOR('',#7189,0.15729490168752);
#1962=VECTOR('',#7194,3.09731745555216);
#1963=VECTOR('',#7195,0.0499999999999998);
#1964=VECTOR('',#7196,3.09731745555216);
#1965=VECTOR('',#7197,0.0499999999999998);
#1966=VECTOR('',#7202,0.59270509831248);
#1967=VECTOR('',#7205,0.15729490168752);
#1968=VECTOR('',#7208,0.0381966011250156);
#1969=VECTOR('',#7211,0.0499999999999998);
#1970=VECTOR('',#7212,0.592705098312491);
#1971=VECTOR('',#7215,0.038196601125016);
#1972=VECTOR('',#7218,0.15729490168752);
#1973=VECTOR('',#7223,3.09731745555216);
#1974=VECTOR('',#7224,3.09731745555216);
#1975=VECTOR('',#7225,0.0499999999999998);
#1976=VECTOR('',#7228,2.85);
#1977=VECTOR('',#7231,2.85);
#1978=VECTOR('',#7234,1.05);
#1979=VECTOR('',#7235,2.85);
#1980=VECTOR('',#7236,1.05);
#1981=VECTOR('',#7237,2.85);
#1982=VECTOR('',#7240,2.85);
#1983=VECTOR('',#7241,1.61579014975481);
#1984=VECTOR('',#7244,8.48253242135513);
#1985=VECTOR('',#7253,2.45198061272907);
#1986=VECTOR('',#7260,2.85);
#1987=VECTOR('',#7263,2.85);
#1988=VECTOR('',#7266,2.85);
#1989=VECTOR('',#7277,2.85);
#1990=VECTOR('',#7280,2.85);
#1991=VECTOR('',#7289,2.45198061272907);
#1992=VECTOR('',#7296,2.91855441666303);
#1993=VECTOR('',#7301,2.85);
#1994=VECTOR('',#7302,1.05);
#1995=VECTOR('',#7303,2.85);
#1996=VECTOR('',#7306,1.2);
#1997=VECTOR('',#7307,2.85);
#1998=VECTOR('',#7308,2.85);
#1999=VECTOR('',#7311,2.85);
#2000=VECTOR('',#7312,1.5080589092925);
#2001=VECTOR('',#7313,2.85);
#2002=VECTOR('',#7316,0.750893142036679);
#2003=VECTOR('',#7317,2.85);
#2004=VECTOR('',#7328,8.48253242135513);
#2005=VECTOR('',#7331,2.85);
#2006=VECTOR('',#7336,2.85);
#2007=VECTOR('',#7341,2.85);
#2008=VECTOR('',#7344,2.85);
#2009=VECTOR('',#7347,1.5562828956481);
#2010=VECTOR('',#7352,2.85);
#2011=VECTOR('',#7355,2.85);
#2012=VECTOR('',#7358,2.85);
#2013=VECTOR('',#7365,1.5080589092925);
#2014=VECTOR('',#7366,2.85);
#2015=VECTOR('',#7367,1.5080589092925);
#2016=VECTOR('',#7374,2.18253242135513);
#2017=VECTOR('',#7377,2.18253242135513);
#2018=VECTOR('',#7384,2.18253242135513);
#2019=VECTOR('',#7389,2.85);
#2020=VECTOR('',#7392,2.85);
#2021=VECTOR('',#7399,2.45198061272907);
#2022=VECTOR('',#7402,8.48253242135513);
#2023=VECTOR('',#7405,2.85);
#2024=VECTOR('',#7408,2.85);
#2025=VECTOR('',#7411,2.85);
#2026=VECTOR('',#7414,2.85);
#2027=VECTOR('',#7417,2.73109765248018);
#2028=VECTOR('',#7418,2.57120712975196);
#2029=VECTOR('',#7423,2.55084954801756);
#2030=VECTOR('',#7424,0.0432829235562596);
#2031=VECTOR('',#7429,2.39095902528935);
#2032=VECTOR('',#7432,1.32236525283135);
#2033=VECTOR('',#7433,9.56030800925724);
#2034=VECTOR('',#7434,1.85);
#2035=VECTOR('',#7435,5.45);
#2036=VECTOR('',#7436,0.4043074902772);
#2037=VECTOR('',#7437,2.38739876700855);
#2038=VECTOR('',#7438,0.004647587111658);
#2039=VECTOR('',#7441,2.27295745827511);
#2040=VECTOR('',#7442,0.265948751620455);
#2041=VECTOR('',#7443,2.02947327274335);
#2042=VECTOR('',#7444,0.360573552957706);
#2043=VECTOR('',#7451,1.96515154258766);
#2044=VECTOR('',#7454,0.15948751620466);
#2045=VECTOR('',#7455,1.96515154258766);
#2046=VECTOR('',#7456,0.15948751620466);
#2047=VECTOR('',#7463,2.02947327274335);
#2048=VECTOR('',#7466,0.265948751620461);
#2049=VECTOR('',#7467,2.27295745827511);
#2050=VECTOR('',#7468,0.360573552957711);
#2051=VECTOR('',#7471,2.57120712975197);
#2052=VECTOR('',#7474,2.73109765248018);
#2053=VECTOR('',#7485,0.15729490168752);
#2054=VECTOR('',#7486,2.91855441666303);
#2055=VECTOR('',#7487,0.244707426398936);
#2056=VECTOR('',#7490,2.55084954801756);
#2057=VECTOR('',#7491,0.038196601125016);
#2058=VECTOR('',#7492,0.0432829235562569);
#2059=VECTOR('',#7497,3.09731745555216);
#2060=VECTOR('',#7502,2.91855441666303);
#2061=VECTOR('',#7507,0.244707426398936);
#2062=VECTOR('',#7512,2.39095902528935);
#2063=VECTOR('',#7513,2.55084954801756);
#2064=VECTOR('',#7516,2.57120712975197);
#2065=VECTOR('',#7517,0.0432829235562566);
#2066=VECTOR('',#7520,2.73109765248018);
#2067=VECTOR('',#7521,0.244707426398936);
#2068=VECTOR('',#7524,2.38739876700855);
#2069=VECTOR('',#7525,6.75);
#2070=VECTOR('',#7526,1.85);
#2071=VECTOR('',#7527,10.8603080092572);
#2072=VECTOR('',#7528,1.32236525283135);
#2073=VECTOR('',#7529,0.004647587111658);
#2074=VECTOR('',#7536,2.85);
#2075=VECTOR('',#7539,2.85);
#2076=VECTOR('',#7544,2.);
#2077=VECTOR('',#7547,2.);
#2078=VECTOR('',#7554,2.);
#2079=VECTOR('',#7557,2.73109765248018);
#2080=VECTOR('',#7558,2.57120712975196);
#2081=VECTOR('',#7563,2.02947327274335);
#2082=VECTOR('',#7564,2.27295745827511);
#2083=VECTOR('',#7565,0.360573552957717);
#2084=VECTOR('',#7568,2.91855441666303);
#2085=VECTOR('',#7569,0.244707426398936);
#2086=VECTOR('',#7574,1.96515154258766);
#2087=VECTOR('',#7579,2.02947327274335);
#2088=VECTOR('',#7580,1.96515154258766);
#2089=VECTOR('',#7583,1.6);
#2090=VECTOR('',#7584,1.85);
#2091=VECTOR('',#7585,1.6);
#2092=VECTOR('',#7586,1.85);
#2093=VECTOR('',#7589,1.);
#2094=VECTOR('',#7590,1.85);
#2095=VECTOR('',#7591,1.);
#2096=VECTOR('',#7592,1.85);
#2097=VECTOR('',#7597,1.85);
#2098=VECTOR('',#7600,1.85);
#2099=VECTOR('',#7603,0.8);
#2100=VECTOR('',#7606,1.6);
#2101=VECTOR('',#7607,2.7);
#2102=VECTOR('',#7612,1.85);
#2103=VECTOR('',#7615,0.6);
#2104=VECTOR('',#7616,2.);
#2105=VECTOR('',#7617,0.6);
#2106=VECTOR('',#7622,2.);
#2107=VECTOR('',#7625,2.);
#2108=VECTOR('',#7628,0.8);
#2109=VECTOR('',#7629,1.);
#2110=VECTOR('',#7630,9.56030800925724);
#2111=VECTOR('',#7631,2.7);
#2112=VECTOR('',#7634,2.39095902528935);
#2113=VECTOR('',#7635,1.32236525283135);
#2114=VECTOR('',#7636,5.45);
#2115=VECTOR('',#7637,2.38739876700855);
#2116=VECTOR('',#7638,0.004647587111658);
#2117=VECTOR('',#7643,2.);
#2118=VECTOR('',#7648,1.05);
#2119=VECTOR('',#7649,1.05);
#2120=VECTOR('',#7654,2.27295745827511);
#2121=VECTOR('',#7659,2.);
#2122=VECTOR('',#7662,2.);
#2123=VECTOR('',#7665,1.6);
#2124=VECTOR('',#7668,0.360573552957706);
#2125=VECTOR('',#7671,2.4);
#2126=VECTOR('',#7672,2.);
#2127=VECTOR('',#7673,2.4);
#2128=VECTOR('',#7680,1.);
#2129=VECTOR('',#7685,2.55084954801756);
#2130=VECTOR('',#7688,1.7);
#2131=VECTOR('',#7689,1.7);
#2132=VECTOR('',#7690,2.);
#2133=VECTOR('',#7693,0.0432829235562596);
#2134=VECTOR('',#7700,0.8);
#2135=VECTOR('',#7703,0.1);
#2136=VECTOR('',#7704,0.1);
#2137=VECTOR('',#7707,0.100000000000001);
#2138=VECTOR('',#7708,2.);
#2139=VECTOR('',#7709,0.100000000000001);
#2140=VECTOR('',#7710,2.);
#2141=VECTOR('',#7713,0.15948751620466);
#2142=VECTOR('',#7716,0.8);
#2143=VECTOR('',#7725,0.1);
#2144=VECTOR('',#7726,2.);
#2145=VECTOR('',#7727,0.1);
#2146=VECTOR('',#7728,2.);
#2147=VECTOR('',#7731,1.05);
#2148=VECTOR('',#7732,2.);
#2149=VECTOR('',#7733,1.05);
#2150=VECTOR('',#7734,2.);
#2151=VECTOR('',#7737,1.05);
#2152=VECTOR('',#7738,1.05);
#2153=VECTOR('',#7739,2.);
#2154=VECTOR('',#7746,2.);
#2155=VECTOR('',#7751,2.);
#2156=VECTOR('',#7758,2.);
#2157=VECTOR('',#7761,2.);
#2158=VECTOR('',#7768,2.);
#2159=VECTOR('',#7779,2.);
#2160=VECTOR('',#7784,0.2);
#2161=VECTOR('',#7785,0.2);
#2162=VECTOR('',#7790,2.);
#2163=VECTOR('',#7793,2.);
#2164=VECTOR('',#7796,0.2);
#2165=VECTOR('',#7797,0.53851648071345);
#2166=VECTOR('',#7798,0.2);
#2167=VECTOR('',#7801,1.05);
#2168=VECTOR('',#7802,1.05);
#2169=VECTOR('',#7805,0.2);
#2170=VECTOR('',#7806,1.5);
#2171=VECTOR('',#7809,1.7);
#2172=VECTOR('',#7810,1.7);
#2173=VECTOR('',#7813,0.2);
#2174=VECTOR('',#7814,1.5);
#2175=VECTOR('',#7815,0.2);
#2176=VECTOR('',#7818,0.0999999999999997);
#2177=VECTOR('',#7819,2.);
#2178=VECTOR('',#7820,0.0999999999999997);
#2179=VECTOR('',#7823,2.4);
#2180=VECTOR('',#7824,2.);
#2181=VECTOR('',#7825,0.53851648071345);
#2182=VECTOR('',#7838,0.600000000000001);
#2183=VECTOR('',#7839,0.600000000000001);
#2184=VECTOR('',#7844,2.4);
#2185=VECTOR('',#7847,2.4);
#2186=VECTOR('',#7848,2.);
#2187=VECTOR('',#7855,0.2);
#2188=VECTOR('',#7858,0.2);
#2189=VECTOR('',#7861,0.2);
#2190=VECTOR('',#7870,0.79939033455901);
#2191=VECTOR('',#7871,0.5);
#2192=VECTOR('',#7874,1.6);
#2193=VECTOR('',#7877,0.38933982822018);
#2194=VECTOR('',#7884,7.);
#2195=VECTOR('',#7885,9.2101077025535);
#2196=VECTOR('',#7886,7.);
#2197=VECTOR('',#7889,7.);
#2198=VECTOR('',#7890,8.6);
#2199=VECTOR('',#7891,0.8);
#2200=VECTOR('',#7896,0.00464758711166485);
#2201=VECTOR('',#7899,0.0499999999999998);
#2202=VECTOR('',#7900,3.12712773896037);
#2203=VECTOR('',#7901,7.);
#2204=VECTOR('',#7904,0.4043074902772);
#2205=VECTOR('',#7909,7.);
#2206=VECTOR('',#7912,7.);
#2207=VECTOR('',#7915,7.);
#2208=VECTOR('',#7916,13.9);
#2209=VECTOR('',#7919,7.);
#2210=VECTOR('',#7924,12.15);
#2211=VECTOR('',#7935,2.38739876700856);
#2212=VECTOR('',#7938,0.0499999999999998);
#2213=VECTOR('',#7939,3.09731745555216);
#2214=VECTOR('',#7942,2.39095902528935);
#2215=VECTOR('',#7947,0.592705098312491);
#2216=VECTOR('',#7950,0.79939033455901);
#2217=VECTOR('',#7951,0.55);
#2218=VECTOR('',#7952,0.55);
#2219=VECTOR('',#7955,0.8);
#2220=VECTOR('',#7956,0.5);
#2221=VECTOR('',#7957,0.8);
#2222=VECTOR('',#7958,0.5);
#2223=VECTOR('',#7961,0.5);
#2224=VECTOR('',#7962,0.55);
#2225=VECTOR('',#7967,0.55);
#2226=VECTOR('',#7970,0.38933982822018);
#2227=VECTOR('',#7971,0.55);
#2228=VECTOR('',#7974,0.75);
#2229=VECTOR('',#7975,0.5);
#2230=VECTOR('',#7976,0.75);
#2231=VECTOR('',#7981,0.449999999999999);
#2232=VECTOR('',#7986,0.55);
#2233=VECTOR('',#7989,1.6);
#2234=VECTOR('',#7990,0.55);
#2235=VECTOR('',#7997,1.7339);
#2236=VECTOR('',#7998,2.02784841889131);
#2237=VECTOR('',#7999,2.55);
#2238=VECTOR('',#8002,2.55);
#2239=VECTOR('',#8003,0.5);
#2240=VECTOR('',#8006,0.5);
#2241=VECTOR('',#8007,2.02784841889131);
#2242=VECTOR('',#8010,1.7339);
#2243=B_SPLINE_CURVE_WITH_KNOTS('',3,(#8020,#8021,#8022,#8023,#8024,#8025),
 .UNSPECIFIED.,.F.,.F.,(4,2,4),(0.,0.0754395940147061,0.108000391150121),
 .UNSPECIFIED.);
#2244=B_SPLINE_CURVE_WITH_KNOTS('',3,(#8027,#8028,#8029,#8030,#8031,#8032),
 .UNSPECIFIED.,.F.,.F.,(4,2,4),(0.0634974160425734,0.0660376919810702,0.0719486953500694),
 .UNSPECIFIED.);
#2245=B_SPLINE_CURVE_WITH_KNOTS('',3,(#8036,#8037,#8038,#8039,#8040,#8041),
 .UNSPECIFIED.,.F.,.F.,(4,2,4),(0.0939350710500012,0.0998460744190003,0.102386350357496),
 .UNSPECIFIED.);
#2246=B_SPLINE_CURVE_WITH_KNOTS('',3,(#8042,#8043,#8044,#8045,#8046,#8047),
 .UNSPECIFIED.,.F.,.F.,(4,2,4),(0.345262390150885,0.3778231872863,0.453262781301006),
 .UNSPECIFIED.);
#2247=B_SPLINE_CURVE_WITH_KNOTS('',3,(#8051,#8052,#8053,#8054,#8055,#8056),
 .UNSPECIFIED.,.F.,.F.,(4,2,4),(0.,0.0754395940147061,0.108000391150121),
 .UNSPECIFIED.);
#2248=B_SPLINE_CURVE_WITH_KNOTS('',3,(#8058,#8059,#8060,#8061,#8062,#8063),
 .UNSPECIFIED.,.F.,.F.,(4,2,4),(0.0634974160425737,0.0660376919810701,0.0719486953500693),
 .UNSPECIFIED.);
#2249=B_SPLINE_CURVE_WITH_KNOTS('',3,(#8067,#8068,#8069,#8070,#8071,#8072),
 .UNSPECIFIED.,.F.,.F.,(4,2,4),(0.0939350710500011,0.0998460744190003,0.102386350357496),
 .UNSPECIFIED.);
#2250=B_SPLINE_CURVE_WITH_KNOTS('',3,(#8073,#8074,#8075,#8076,#8077,#8078),
 .UNSPECIFIED.,.F.,.F.,(4,2,4),(0.345262390150885,0.3778231872863,0.453262781301006),
 .UNSPECIFIED.);
#2251=B_SPLINE_CURVE_WITH_KNOTS('',3,(#8083,#8084,#8085,#8086,#8087,#8088),
 .UNSPECIFIED.,.F.,.F.,(4,2,4),(0.345262390150889,0.377823187286304,0.453262781301009),
 .UNSPECIFIED.);
#2252=B_SPLINE_CURVE_WITH_KNOTS('',3,(#8090,#8091,#8092,#8093,#8094,#8095),
 .UNSPECIFIED.,.F.,.F.,(4,2,4),(0.,0.0754395940147063,0.10800039115012),
 .UNSPECIFIED.);
#2253=B_SPLINE_CURVE_WITH_KNOTS('',3,(#8101,#8102,#8103,#8104,#8105,#8106),
 .UNSPECIFIED.,.F.,.F.,(4,2,4),(0.345262390150889,0.377823187286304,0.453262781301009),
 .UNSPECIFIED.);
#2254=B_SPLINE_CURVE_WITH_KNOTS('',3,(#8108,#8109,#8110,#8111,#8112,#8113),
 .UNSPECIFIED.,.F.,.F.,(4,2,4),(0.,0.0754395940147063,0.10800039115012),
 .UNSPECIFIED.);
#2255=B_SPLINE_CURVE_WITH_KNOTS('',3,(#8139,#8140,#8141,#8142,#8143,#8144,
#8145,#8146),.UNSPECIFIED.,.F.,.F.,(4,2,2,4),(0.129383170587324,0.129530379565093,
0.147809572212697,0.155029446276998),.UNSPECIFIED.);
#2256=B_SPLINE_CURVE_WITH_KNOTS('',3,(#8147,#8148,#8149,#8150,#8151,#8152,
#8153,#8154),.UNSPECIFIED.,.F.,.F.,(4,2,2,4),(0.177148083443604,0.184367957507904,
0.202647150155508,0.202794359133277),.UNSPECIFIED.);
#2257=B_SPLINE_CURVE_WITH_KNOTS('',3,(#8194,#8195,#8196,#8197,#8198,#8199,
#8200,#8201),.UNSPECIFIED.,.F.,.F.,(4,2,2,4),(0.212383726312983,0.215017267162179,
0.231921458381144,0.237832461750144),.UNSPECIFIED.);
#2258=B_SPLINE_CURVE_WITH_KNOTS('',3,(#8220,#8221,#8222,#8223,#8224,#8225,
#8226,#8227),.UNSPECIFIED.,.F.,.F.,(4,2,2,4),(0.259818837450073,0.265729840819075,
0.28263403203804,0.285267572887236),.UNSPECIFIED.);
#2259=B_SPLINE_CURVE_WITH_KNOTS('',3,(#8615,#8616,#8617,#8618,#8619,#8620,
#8621,#8622),.UNSPECIFIED.,.F.,.F.,(4,2,2,4),(0.0911745767140989,0.0937690186033073,
0.103748340824863,0.113727663046419),.UNSPECIFIED.);
#2260=VERTEX_POINT('',#8018);
#2261=VERTEX_POINT('',#8019);
#2262=VERTEX_POINT('',#8026);
#2263=VERTEX_POINT('',#8033);
#2264=VERTEX_POINT('',#8035);
#2265=VERTEX_POINT('',#8049);
#2266=VERTEX_POINT('',#8050);
#2267=VERTEX_POINT('',#8057);
#2268=VERTEX_POINT('',#8064);
#2269=VERTEX_POINT('',#8066);
#2270=VERTEX_POINT('',#8080);
#2271=VERTEX_POINT('',#8082);
#2272=VERTEX_POINT('',#8089);
#2273=VERTEX_POINT('',#8098);
#2274=VERTEX_POINT('',#8100);
#2275=VERTEX_POINT('',#8107);
#2276=VERTEX_POINT('',#8116);
#2277=VERTEX_POINT('',#8117);
#2278=VERTEX_POINT('',#8119);
#2279=VERTEX_POINT('',#8121);
#2280=VERTEX_POINT('',#8125);
#2281=VERTEX_POINT('',#8127);
#2282=VERTEX_POINT('',#8130);
#2283=VERTEX_POINT('',#8132);
#2284=VERTEX_POINT('',#8136);
#2285=VERTEX_POINT('',#8137);
#2286=VERTEX_POINT('',#8156);
#2287=VERTEX_POINT('',#8158);
#2288=VERTEX_POINT('',#8160);
#2289=VERTEX_POINT('',#8162);
#2290=VERTEX_POINT('',#8164);
#2291=VERTEX_POINT('',#8166);
#2292=VERTEX_POINT('',#8170);
#2293=VERTEX_POINT('',#8171);
#2294=VERTEX_POINT('',#8176);
#2295=VERTEX_POINT('',#8177);
#2296=VERTEX_POINT('',#8179);
#2297=VERTEX_POINT('',#8184);
#2298=VERTEX_POINT('',#8190);
#2299=VERTEX_POINT('',#8192);
#2300=VERTEX_POINT('',#8203);
#2301=VERTEX_POINT('',#8207);
#2302=VERTEX_POINT('',#8208);
#2303=VERTEX_POINT('',#8213);
#2304=VERTEX_POINT('',#8219);
#2305=VERTEX_POINT('',#8228);
#2306=VERTEX_POINT('',#8234);
#2307=VERTEX_POINT('',#8236);
#2308=VERTEX_POINT('',#8242);
#2309=VERTEX_POINT('',#8243);
#2310=VERTEX_POINT('',#8245);
#2311=VERTEX_POINT('',#8247);
#2312=VERTEX_POINT('',#8251);
#2313=VERTEX_POINT('',#8252);
#2314=VERTEX_POINT('',#8257);
#2315=VERTEX_POINT('',#8258);
#2316=VERTEX_POINT('',#8260);
#2317=VERTEX_POINT('',#8262);
#2318=VERTEX_POINT('',#8266);
#2319=VERTEX_POINT('',#8267);
#2320=VERTEX_POINT('',#8269);
#2321=VERTEX_POINT('',#8271);
#2322=VERTEX_POINT('',#8275);
#2323=VERTEX_POINT('',#8279);
#2324=VERTEX_POINT('',#8285);
#2325=VERTEX_POINT('',#8286);
#2326=VERTEX_POINT('',#8288);
#2327=VERTEX_POINT('',#8290);
#2328=VERTEX_POINT('',#8294);
#2329=VERTEX_POINT('',#8295);
#2330=VERTEX_POINT('',#8297);
#2331=VERTEX_POINT('',#8299);
#2332=VERTEX_POINT('',#8303);
#2333=VERTEX_POINT('',#8304);
#2334=VERTEX_POINT('',#8306);
#2335=VERTEX_POINT('',#8308);
#2336=VERTEX_POINT('',#8312);
#2337=VERTEX_POINT('',#8313);
#2338=VERTEX_POINT('',#8315);
#2339=VERTEX_POINT('',#8317);
#2340=VERTEX_POINT('',#8321);
#2341=VERTEX_POINT('',#8323);
#2342=VERTEX_POINT('',#8327);
#2343=VERTEX_POINT('',#8329);
#2344=VERTEX_POINT('',#8337);
#2345=VERTEX_POINT('',#8339);
#2346=VERTEX_POINT('',#8341);
#2347=VERTEX_POINT('',#8343);
#2348=VERTEX_POINT('',#8347);
#2349=VERTEX_POINT('',#8349);
#2350=VERTEX_POINT('',#8353);
#2351=VERTEX_POINT('',#8355);
#2352=VERTEX_POINT('',#8359);
#2353=VERTEX_POINT('',#8360);
#2354=VERTEX_POINT('',#8365);
#2355=VERTEX_POINT('',#8367);
#2356=VERTEX_POINT('',#8369);
#2357=VERTEX_POINT('',#8371);
#2358=VERTEX_POINT('',#8375);
#2359=VERTEX_POINT('',#8377);
#2360=VERTEX_POINT('',#8381);
#2361=VERTEX_POINT('',#8383);
#2362=VERTEX_POINT('',#8387);
#2363=VERTEX_POINT('',#8389);
#2364=VERTEX_POINT('',#8393);
#2365=VERTEX_POINT('',#8394);
#2366=VERTEX_POINT('',#8396);
#2367=VERTEX_POINT('',#8398);
#2368=VERTEX_POINT('',#8407);
#2369=VERTEX_POINT('',#8408);
#2370=VERTEX_POINT('',#8410);
#2371=VERTEX_POINT('',#8412);
#2372=VERTEX_POINT('',#8416);
#2373=VERTEX_POINT('',#8417);
#2374=VERTEX_POINT('',#8419);
#2375=VERTEX_POINT('',#8421);
#2376=VERTEX_POINT('',#8425);
#2377=VERTEX_POINT('',#8427);
#2378=VERTEX_POINT('',#8431);
#2379=VERTEX_POINT('',#8433);
#2380=VERTEX_POINT('',#8437);
#2381=VERTEX_POINT('',#8438);
#2382=VERTEX_POINT('',#8440);
#2383=VERTEX_POINT('',#8442);
#2384=VERTEX_POINT('',#8446);
#2385=VERTEX_POINT('',#8447);
#2386=VERTEX_POINT('',#8449);
#2387=VERTEX_POINT('',#8451);
#2388=VERTEX_POINT('',#8455);
#2389=VERTEX_POINT('',#8457);
#2390=VERTEX_POINT('',#8461);
#2391=VERTEX_POINT('',#8463);
#2392=VERTEX_POINT('',#8467);
#2393=VERTEX_POINT('',#8468);
#2394=VERTEX_POINT('',#8470);
#2395=VERTEX_POINT('',#8472);
#2396=VERTEX_POINT('',#8476);
#2397=VERTEX_POINT('',#8477);
#2398=VERTEX_POINT('',#8479);
#2399=VERTEX_POINT('',#8481);
#2400=VERTEX_POINT('',#8483);
#2401=VERTEX_POINT('',#8485);
#2402=VERTEX_POINT('',#8487);
#2403=VERTEX_POINT('',#8489);
#2404=VERTEX_POINT('',#8491);
#2405=VERTEX_POINT('',#8493);
#2406=VERTEX_POINT('',#8495);
#2407=VERTEX_POINT('',#8497);
#2408=VERTEX_POINT('',#8501);
#2409=VERTEX_POINT('',#8502);
#2410=VERTEX_POINT('',#8504);
#2411=VERTEX_POINT('',#8506);
#2412=VERTEX_POINT('',#8510);
#2413=VERTEX_POINT('',#8511);
#2414=VERTEX_POINT('',#8513);
#2415=VERTEX_POINT('',#8515);
#2416=VERTEX_POINT('',#8519);
#2417=VERTEX_POINT('',#8520);
#2418=VERTEX_POINT('',#8522);
#2419=VERTEX_POINT('',#8524);
#2420=VERTEX_POINT('',#8528);
#2421=VERTEX_POINT('',#8529);
#2422=VERTEX_POINT('',#8531);
#2423=VERTEX_POINT('',#8533);
#2424=VERTEX_POINT('',#8537);
#2425=VERTEX_POINT('',#8539);
#2426=VERTEX_POINT('',#8543);
#2427=VERTEX_POINT('',#8545);
#2428=VERTEX_POINT('',#8549);
#2429=VERTEX_POINT('',#8551);
#2430=VERTEX_POINT('',#8553);
#2431=VERTEX_POINT('',#8555);
#2432=VERTEX_POINT('',#8557);
#2433=VERTEX_POINT('',#8561);
#2434=VERTEX_POINT('',#8562);
#2435=VERTEX_POINT('',#8564);
#2436=VERTEX_POINT('',#8566);
#2437=VERTEX_POINT('',#8570);
#2438=VERTEX_POINT('',#8572);
#2439=VERTEX_POINT('',#8574);
#2440=VERTEX_POINT('',#8576);
#2441=VERTEX_POINT('',#8579);
#2442=VERTEX_POINT('',#8583);
#2443=VERTEX_POINT('',#8584);
#2444=VERTEX_POINT('',#8587);
#2445=VERTEX_POINT('',#8591);
#2446=VERTEX_POINT('',#8593);
#2447=VERTEX_POINT('',#8598);
#2448=VERTEX_POINT('',#8600);
#2449=VERTEX_POINT('',#8605);
#2450=VERTEX_POINT('',#8607);
#2451=VERTEX_POINT('',#8609);
#2452=VERTEX_POINT('',#8613);
#2453=VERTEX_POINT('',#8624);
#2454=VERTEX_POINT('',#8625);
#2455=VERTEX_POINT('',#8630);
#2456=VERTEX_POINT('',#8634);
#2457=VERTEX_POINT('',#8635);
#2458=VERTEX_POINT('',#8637);
#2459=VERTEX_POINT('',#8639);
#2460=VERTEX_POINT('',#8643);
#2461=VERTEX_POINT('',#8645);
#2462=VERTEX_POINT('',#8649);
#2463=VERTEX_POINT('',#8651);
#2464=VERTEX_POINT('',#8655);
#2465=VERTEX_POINT('',#8659);
#2466=VERTEX_POINT('',#8661);
#2467=VERTEX_POINT('',#8663);
#2468=VERTEX_POINT('',#8665);
#2469=VERTEX_POINT('',#8668);
#2470=VERTEX_POINT('',#8671);
#2471=VERTEX_POINT('',#8675);
#2472=VERTEX_POINT('',#8677);
#2473=VERTEX_POINT('',#8681);
#2474=VERTEX_POINT('',#8682);
#2475=VERTEX_POINT('',#8684);
#2476=VERTEX_POINT('',#8686);
#2477=VERTEX_POINT('',#8691);
#2478=VERTEX_POINT('',#8693);
#2479=VERTEX_POINT('',#8697);
#2480=VERTEX_POINT('',#8699);
#2481=VERTEX_POINT('',#8701);
#2482=VERTEX_POINT('',#8703);
#2483=VERTEX_POINT('',#8707);
#2484=VERTEX_POINT('',#8708);
#2485=VERTEX_POINT('',#8712);
#2486=VERTEX_POINT('',#8714);
#2487=VERTEX_POINT('',#8718);
#2488=VERTEX_POINT('',#8720);
#2489=VERTEX_POINT('',#8731);
#2490=VERTEX_POINT('',#8739);
#2491=VERTEX_POINT('',#8745);
#2492=VERTEX_POINT('',#8749);
#2493=VERTEX_POINT('',#8755);
#2494=VERTEX_POINT('',#8763);
#2495=VERTEX_POINT('',#8767);
#2496=VERTEX_POINT('',#8773);
#2497=VERTEX_POINT('',#8777);
#2498=VERTEX_POINT('',#8783);
#2499=VERTEX_POINT('',#8785);
#2500=VERTEX_POINT('',#8789);
#2501=VERTEX_POINT('',#8793);
#2502=VERTEX_POINT('',#8799);
#2503=VERTEX_POINT('',#8800);
#2504=VERTEX_POINT('',#8802);
#2505=VERTEX_POINT('',#8804);
#2506=VERTEX_POINT('',#8806);
#2507=VERTEX_POINT('',#8810);
#2508=VERTEX_POINT('',#8814);
#2509=VERTEX_POINT('',#8816);
#2510=VERTEX_POINT('',#8820);
#2511=VERTEX_POINT('',#8822);
#2512=VERTEX_POINT('',#8829);
#2513=VERTEX_POINT('',#8831);
#2514=VERTEX_POINT('',#8835);
#2515=VERTEX_POINT('',#8837);
#2516=VERTEX_POINT('',#8841);
#2517=VERTEX_POINT('',#8843);
#2518=VERTEX_POINT('',#8847);
#2519=VERTEX_POINT('',#8849);
#2520=VERTEX_POINT('',#8853);
#2521=VERTEX_POINT('',#8855);
#2522=VERTEX_POINT('',#8859);
#2523=VERTEX_POINT('',#8861);
#2524=VERTEX_POINT('',#8865);
#2525=VERTEX_POINT('',#8866);
#2526=VERTEX_POINT('',#8871);
#2527=VERTEX_POINT('',#8873);
#2528=VERTEX_POINT('',#8877);
#2529=VERTEX_POINT('',#8881);
#2530=VERTEX_POINT('',#8885);
#2531=VERTEX_POINT('',#8886);
#2532=VERTEX_POINT('',#8891);
#2533=VERTEX_POINT('',#8894);
#2534=VERTEX_POINT('',#8902);
#2535=VERTEX_POINT('',#8906);
#2536=VERTEX_POINT('',#8908);
#2537=VERTEX_POINT('',#8910);
#2538=VERTEX_POINT('',#8912);
#2539=VERTEX_POINT('',#8918);
#2540=VERTEX_POINT('',#8920);
#2541=VERTEX_POINT('',#8924);
#2542=VERTEX_POINT('',#8926);
#2543=VERTEX_POINT('',#8928);
#2544=VERTEX_POINT('',#8932);
#2545=VERTEX_POINT('',#8934);
#2546=VERTEX_POINT('',#8936);
#2547=VERTEX_POINT('',#8938);
#2548=VERTEX_POINT('',#8942);
#2549=VERTEX_POINT('',#8944);
#2550=VERTEX_POINT('',#8946);
#2551=VERTEX_POINT('',#8948);
#2552=VERTEX_POINT('',#8952);
#2553=VERTEX_POINT('',#8953);
#2554=VERTEX_POINT('',#8955);
#2555=VERTEX_POINT('',#8957);
#2556=VERTEX_POINT('',#8961);
#2557=VERTEX_POINT('',#8962);
#2558=VERTEX_POINT('',#8964);
#2559=VERTEX_POINT('',#8966);
#2560=VERTEX_POINT('',#8970);
#2561=VERTEX_POINT('',#8971);
#2562=VERTEX_POINT('',#8973);
#2563=VERTEX_POINT('',#8975);
#2564=VERTEX_POINT('',#8979);
#2565=VERTEX_POINT('',#8980);
#2566=VERTEX_POINT('',#8982);
#2567=VERTEX_POINT('',#8984);
#2568=VERTEX_POINT('',#8988);
#2569=VERTEX_POINT('',#8990);
#2570=VERTEX_POINT('',#8994);
#2571=VERTEX_POINT('',#8995);
#2572=VERTEX_POINT('',#8997);
#2573=VERTEX_POINT('',#8999);
#2574=VERTEX_POINT('',#9001);
#2575=VERTEX_POINT('',#9003);
#2576=VERTEX_POINT('',#9005);
#2577=VERTEX_POINT('',#9007);
#2578=VERTEX_POINT('',#9009);
#2579=VERTEX_POINT('',#9011);
#2580=VERTEX_POINT('',#9015);
#2581=VERTEX_POINT('',#9017);
#2582=VERTEX_POINT('',#9019);
#2583=VERTEX_POINT('',#9021);
#2584=VERTEX_POINT('',#9023);
#2585=VERTEX_POINT('',#9027);
#2586=VERTEX_POINT('',#9028);
#2587=VERTEX_POINT('',#9030);
#2588=VERTEX_POINT('',#9032);
#2589=VERTEX_POINT('',#9036);
#2590=VERTEX_POINT('',#9037);
#2591=VERTEX_POINT('',#9040);
#2592=VERTEX_POINT('',#9042);
#2593=VERTEX_POINT('',#9044);
#2594=VERTEX_POINT('',#9048);
#2595=VERTEX_POINT('',#9049);
#2596=VERTEX_POINT('',#9051);
#2597=VERTEX_POINT('',#9053);
#2598=VERTEX_POINT('',#9055);
#2599=VERTEX_POINT('',#9057);
#2600=VERTEX_POINT('',#9059);
#2601=VERTEX_POINT('',#9063);
#2602=VERTEX_POINT('',#9065);
#2603=VERTEX_POINT('',#9073);
#2604=VERTEX_POINT('',#9074);
#2605=VERTEX_POINT('',#9076);
#2606=VERTEX_POINT('',#9078);
#2607=VERTEX_POINT('',#9082);
#2608=VERTEX_POINT('',#9086);
#2609=VERTEX_POINT('',#9087);
#2610=VERTEX_POINT('',#9089);
#2611=VERTEX_POINT('',#9092);
#2612=VERTEX_POINT('',#9095);
#2613=VERTEX_POINT('',#9097);
#2614=VERTEX_POINT('',#9101);
#2615=VERTEX_POINT('',#9103);
#2616=VERTEX_POINT('',#9107);
#2617=VERTEX_POINT('',#9113);
#2618=VERTEX_POINT('',#9117);
#2619=VERTEX_POINT('',#9127);
#2620=VERTEX_POINT('',#9131);
#2621=VERTEX_POINT('',#9133);
#2622=VERTEX_POINT('',#9137);
#2623=VERTEX_POINT('',#9138);
#2624=VERTEX_POINT('',#9143);
#2625=VERTEX_POINT('',#9145);
#2626=VERTEX_POINT('',#9149);
#2627=VERTEX_POINT('',#9155);
#2628=VERTEX_POINT('',#9157);
#2629=VERTEX_POINT('',#9163);
#2630=VERTEX_POINT('',#9167);
#2631=VERTEX_POINT('',#9168);
#2632=VERTEX_POINT('',#9170);
#2633=VERTEX_POINT('',#9172);
#2634=VERTEX_POINT('',#9176);
#2635=VERTEX_POINT('',#9182);
#2636=VERTEX_POINT('',#9184);
#2637=VERTEX_POINT('',#9190);
#2638=VERTEX_POINT('',#9192);
#2639=VERTEX_POINT('',#9196);
#2640=VERTEX_POINT('',#9205);
#2641=VERTEX_POINT('',#9213);
#2642=VERTEX_POINT('',#9214);
#2643=VERTEX_POINT('',#9216);
#2644=VERTEX_POINT('',#9219);
#2645=VERTEX_POINT('',#9231);
#2646=VERTEX_POINT('',#9233);
#2647=VERTEX_POINT('',#9237);
#2648=VERTEX_POINT('',#9241);
#2649=VERTEX_POINT('',#9245);
#2650=VERTEX_POINT('',#9247);
#2651=VERTEX_POINT('',#9249);
#2652=VERTEX_POINT('',#9251);
#2653=VERTEX_POINT('',#9253);
#2654=VERTEX_POINT('',#9255);
#2655=VERTEX_POINT('',#9259);
#2656=VERTEX_POINT('',#9260);
#2657=VERTEX_POINT('',#9262);
#2658=VERTEX_POINT('',#9264);
#2659=VERTEX_POINT('',#9268);
#2660=VERTEX_POINT('',#9270);
#2661=VERTEX_POINT('',#9274);
#2662=VERTEX_POINT('',#9276);
#2663=VERTEX_POINT('',#9280);
#2664=VERTEX_POINT('',#9282);
#2665=VERTEX_POINT('',#9286);
#2666=VERTEX_POINT('',#9288);
#2667=VERTEX_POINT('',#9292);
#2668=VERTEX_POINT('',#9293);
#2669=VERTEX_POINT('',#9295);
#2670=VERTEX_POINT('',#9297);
#2671=VERTEX_POINT('',#9304);
#2672=VERTEX_POINT('',#9306);
#2673=VERTEX_POINT('',#9310);
#2674=VERTEX_POINT('',#9311);
#2675=VERTEX_POINT('',#9316);
#2676=VERTEX_POINT('',#9318);
#2677=VERTEX_POINT('',#9322);
#2678=VERTEX_POINT('',#9328);
#2679=VERTEX_POINT('',#9329);
#2680=VERTEX_POINT('',#9334);
#2681=VERTEX_POINT('',#9338);
#2682=VERTEX_POINT('',#9342);
#2683=VERTEX_POINT('',#9344);
#2684=VERTEX_POINT('',#9346);
#2685=VERTEX_POINT('',#9348);
#2686=VERTEX_POINT('',#9359);
#2687=VERTEX_POINT('',#9360);
#2688=VERTEX_POINT('',#9362);
#2689=VERTEX_POINT('',#9364);
#2690=VERTEX_POINT('',#9368);
#2691=VERTEX_POINT('',#9370);
#2692=VERTEX_POINT('',#9374);
#2693=VERTEX_POINT('',#9376);
#2694=VERTEX_POINT('',#9380);
#2695=VERTEX_POINT('',#9382);
#2696=VERTEX_POINT('',#9386);
#2697=VERTEX_POINT('',#9390);
#2698=VERTEX_POINT('',#9394);
#2699=VERTEX_POINT('',#9395);
#2700=VERTEX_POINT('',#9400);
#2701=VERTEX_POINT('',#9401);
#2702=VERTEX_POINT('',#9403);
#2703=VERTEX_POINT('',#9405);
#2704=VERTEX_POINT('',#9409);
#2705=VERTEX_POINT('',#9410);
#2706=VERTEX_POINT('',#9412);
#2707=VERTEX_POINT('',#9414);
#2708=VERTEX_POINT('',#9418);
#2709=VERTEX_POINT('',#9419);
#2710=VERTEX_POINT('',#9421);
#2711=VERTEX_POINT('',#9423);
#2712=VERTEX_POINT('',#9427);
#2713=VERTEX_POINT('',#9433);
#2714=VERTEX_POINT('',#9437);
#2715=VERTEX_POINT('',#9439);
#2716=VERTEX_POINT('',#9443);
#2717=VERTEX_POINT('',#9444);
#2718=VERTEX_POINT('',#9446);
#2719=VERTEX_POINT('',#9448);
#2720=VERTEX_POINT('',#9454);
#2721=VERTEX_POINT('',#9458);
#2722=VERTEX_POINT('',#9462);
#2723=VERTEX_POINT('',#9466);
#2724=VERTEX_POINT('',#9468);
#2725=VERTEX_POINT('',#9475);
#2726=VERTEX_POINT('',#9479);
#2727=VERTEX_POINT('',#9480);
#2728=VERTEX_POINT('',#9482);
#2729=VERTEX_POINT('',#9484);
#2730=VERTEX_POINT('',#9492);
#2731=VERTEX_POINT('',#9494);
#2732=VERTEX_POINT('',#9502);
#2733=VERTEX_POINT('',#9506);
#2734=VERTEX_POINT('',#9508);
#2735=VERTEX_POINT('',#9521);
#2736=VERTEX_POINT('',#9522);
#2737=VERTEX_POINT('',#9524);
#2738=VERTEX_POINT('',#9526);
#2739=VERTEX_POINT('',#9537);
#2740=VERTEX_POINT('',#9538);
#2741=VERTEX_POINT('',#9540);
#2742=VERTEX_POINT('',#9542);
#2743=VERTEX_POINT('',#9546);
#2744=VERTEX_POINT('',#9547);
#2745=VERTEX_POINT('',#9549);
#2746=VERTEX_POINT('',#9551);
#2747=VERTEX_POINT('',#9555);
#2748=VERTEX_POINT('',#9557);
#2749=VERTEX_POINT('',#9561);
#2750=VERTEX_POINT('',#9563);
#2751=VERTEX_POINT('',#9567);
#2752=VERTEX_POINT('',#9569);
#2753=VERTEX_POINT('',#9573);
#2754=VERTEX_POINT('',#9574);
#2755=VERTEX_POINT('',#9576);
#2756=VERTEX_POINT('',#9578);
#2757=VERTEX_POINT('',#9582);
#2758=VERTEX_POINT('',#9584);
#2759=VERTEX_POINT('',#9591);
#2760=VERTEX_POINT('',#9593);
#2761=VERTEX_POINT('',#9600);
#2762=VERTEX_POINT('',#9601);
#2763=VERTEX_POINT('',#9603);
#2764=VERTEX_POINT('',#9605);
#2765=VERTEX_POINT('',#9609);
#2766=VERTEX_POINT('',#9611);
#2767=VERTEX_POINT('',#9618);
#2768=VERTEX_POINT('',#9625);
#2769=VERTEX_POINT('',#9627);
#2770=VERTEX_POINT('',#9631);
#2771=VERTEX_POINT('',#9633);
#2772=VERTEX_POINT('',#9637);
#2773=VERTEX_POINT('',#9650);
#2774=VERTEX_POINT('',#9654);
#2775=VERTEX_POINT('',#9668);
#2776=VERTEX_POINT('',#9669);
#2777=VERTEX_POINT('',#9671);
#2778=VERTEX_POINT('',#9673);
#2779=VERTEX_POINT('',#9675);
#2780=VERTEX_POINT('',#9677);
#2781=VERTEX_POINT('',#9679);
#2782=VERTEX_POINT('',#9683);
#2783=VERTEX_POINT('',#9686);
#2784=VERTEX_POINT('',#9688);
#2785=VERTEX_POINT('',#9692);
#2786=VERTEX_POINT('',#9694);
#2787=VERTEX_POINT('',#9698);
#2788=VERTEX_POINT('',#9700);
#2789=VERTEX_POINT('',#9703);
#2790=VERTEX_POINT('',#9705);
#2791=VERTEX_POINT('',#9709);
#2792=VERTEX_POINT('',#9713);
#2793=VERTEX_POINT('',#9715);
#2794=VERTEX_POINT('',#9719);
#2795=VERTEX_POINT('',#9723);
#2796=VERTEX_POINT('',#9735);
#2797=VERTEX_POINT('',#9739);
#2798=VERTEX_POINT('',#9745);
#2799=VERTEX_POINT('',#9746);
#2800=VERTEX_POINT('',#9751);
#2801=VERTEX_POINT('',#9752);
#2802=VERTEX_POINT('',#9754);
#2803=VERTEX_POINT('',#9756);
#2804=VERTEX_POINT('',#9760);
#2805=VERTEX_POINT('',#9764);
#2806=VERTEX_POINT('',#9768);
#2807=VERTEX_POINT('',#9772);
#2808=VERTEX_POINT('',#9774);
#2809=VERTEX_POINT('',#9778);
#2810=VERTEX_POINT('',#9782);
#2811=VERTEX_POINT('',#9786);
#2812=VERTEX_POINT('',#9792);
#2813=VERTEX_POINT('',#9793);
#2814=VERTEX_POINT('',#9798);
#2815=VERTEX_POINT('',#9802);
#2816=EDGE_CURVE('',#2260,#2261,#2243,.T.);
#2817=EDGE_CURVE('',#2262,#2261,#2244,.T.);
#2818=EDGE_CURVE('',#2262,#2263,#1057,.T.);
#2819=EDGE_CURVE('',#2264,#2263,#2245,.T.);
#2820=EDGE_CURVE('',#2264,#2260,#2246,.T.);
#2821=EDGE_CURVE('',#2265,#2266,#2247,.T.);
#2822=EDGE_CURVE('',#2267,#2266,#2248,.T.);
#2823=EDGE_CURVE('',#2267,#2268,#1058,.T.);
#2824=EDGE_CURVE('',#2269,#2268,#2249,.T.);
#2825=EDGE_CURVE('',#2269,#2265,#2250,.T.);
#2826=EDGE_CURVE('',#2264,#2270,#1059,.T.);
#2827=EDGE_CURVE('',#2270,#2271,#2251,.T.);
#2828=EDGE_CURVE('',#2271,#2272,#2252,.T.);
#2829=EDGE_CURVE('',#2272,#2261,#1060,.T.);
#2830=EDGE_CURVE('',#2269,#2273,#1061,.T.);
#2831=EDGE_CURVE('',#2273,#2274,#2253,.T.);
#2832=EDGE_CURVE('',#2274,#2275,#2254,.T.);
#2833=EDGE_CURVE('',#2275,#2266,#1062,.T.);
#2834=EDGE_CURVE('',#2276,#2277,#1063,.T.);
#2835=EDGE_CURVE('',#2277,#2278,#245,.T.);
#2836=EDGE_CURVE('',#2278,#2279,#1064,.T.);
#2837=EDGE_CURVE('',#2279,#2276,#246,.T.);
#2838=EDGE_CURVE('',#2262,#2280,#32,.T.);
#2839=EDGE_CURVE('',#2280,#2281,#33,.T.);
#2840=EDGE_CURVE('',#2281,#2279,#1065,.T.);
#2841=EDGE_CURVE('',#2278,#2282,#1066,.T.);
#2842=EDGE_CURVE('',#2282,#2283,#34,.T.);
#2843=EDGE_CURVE('',#2283,#2263,#35,.T.);
#2844=EDGE_CURVE('',#2284,#2285,#1067,.T.);
#2845=EDGE_CURVE('',#2285,#2272,#2255,.T.);
#2846=EDGE_CURVE('',#2270,#2284,#2256,.T.);
#2847=EDGE_CURVE('',#2267,#2286,#36,.T.);
#2848=EDGE_CURVE('',#2286,#2287,#37,.T.);
#2849=EDGE_CURVE('',#2287,#2288,#1068,.T.);
#2850=EDGE_CURVE('',#2288,#2289,#1069,.T.);
#2851=EDGE_CURVE('',#2289,#2290,#1070,.T.);
#2852=EDGE_CURVE('',#2290,#2291,#38,.T.);
#2853=EDGE_CURVE('',#2291,#2268,#39,.T.);
#2854=EDGE_CURVE('',#2292,#2293,#1071,.T.);
#2855=EDGE_CURVE('',#2293,#2282,#1072,.T.);
#2856=EDGE_CURVE('',#2277,#2292,#1073,.T.);
#2857=EDGE_CURVE('',#2294,#2295,#1074,.T.);
#2858=EDGE_CURVE('',#2295,#2296,#1075,.T.);
#2859=EDGE_CURVE('',#2296,#2288,#247,.T.);
#2860=EDGE_CURVE('',#2287,#2294,#1076,.T.);
#2861=EDGE_CURVE('',#2283,#2297,#1077,.T.);
#2862=EDGE_CURVE('',#2297,#2284,#248,.T.);
#2863=EDGE_CURVE('',#2293,#2297,#249,.T.);
#2864=EDGE_CURVE('',#2291,#2298,#1078,.T.);
#2865=EDGE_CURVE('',#2298,#2299,#250,.T.);
#2866=EDGE_CURVE('',#2299,#2273,#2257,.T.);
#2867=EDGE_CURVE('',#2285,#2300,#251,.T.);
#2868=EDGE_CURVE('',#2300,#2280,#1079,.T.);
#2869=EDGE_CURVE('',#2301,#2302,#1080,.T.);
#2870=EDGE_CURVE('',#2302,#2276,#1081,.T.);
#2871=EDGE_CURVE('',#2281,#2301,#1082,.T.);
#2872=EDGE_CURVE('',#2290,#2303,#1083,.T.);
#2873=EDGE_CURVE('',#2303,#2298,#252,.T.);
#2874=EDGE_CURVE('',#2300,#2301,#253,.T.);
#2875=EDGE_CURVE('',#2275,#2304,#2258,.T.);
#2876=EDGE_CURVE('',#2304,#2305,#254,.T.);
#2877=EDGE_CURVE('',#2305,#2286,#1084,.T.);
#2878=EDGE_CURVE('',#2305,#2294,#255,.T.);
#2879=EDGE_CURVE('',#2306,#2303,#1085,.T.);
#2880=EDGE_CURVE('',#2289,#2307,#256,.T.);
#2881=EDGE_CURVE('',#2307,#2306,#1086,.T.);
#2882=EDGE_CURVE('',#2299,#2304,#1087,.T.);
#2883=EDGE_CURVE('',#2308,#2309,#1088,.T.);
#2884=EDGE_CURVE('',#2309,#2310,#1089,.T.);
#2885=EDGE_CURVE('',#2310,#2311,#1090,.T.);
#2886=EDGE_CURVE('',#2311,#2308,#1091,.T.);
#2887=EDGE_CURVE('',#2312,#2313,#1092,.T.);
#2888=EDGE_CURVE('',#2313,#2310,#1093,.T.);
#2889=EDGE_CURVE('',#2309,#2312,#1094,.T.);
#2890=EDGE_CURVE('',#2314,#2315,#1095,.T.);
#2891=EDGE_CURVE('',#2315,#2316,#1096,.T.);
#2892=EDGE_CURVE('',#2316,#2317,#1097,.T.);
#2893=EDGE_CURVE('',#2317,#2314,#1098,.T.);
#2894=EDGE_CURVE('',#2318,#2319,#1099,.T.);
#2895=EDGE_CURVE('',#2319,#2320,#257,.T.);
#2896=EDGE_CURVE('',#2320,#2321,#1100,.T.);
#2897=EDGE_CURVE('',#2321,#2318,#1101,.T.);
#2898=EDGE_CURVE('',#2313,#2322,#1102,.T.);
#2899=EDGE_CURVE('',#2322,#2311,#1103,.T.);
#2900=EDGE_CURVE('',#2323,#2312,#1104,.T.);
#2901=EDGE_CURVE('',#2308,#2323,#1105,.T.);
#2902=EDGE_CURVE('',#2323,#2322,#1106,.T.);
#2903=EDGE_CURVE('',#2324,#2325,#1107,.T.);
#2904=EDGE_CURVE('',#2325,#2326,#1108,.T.);
#2905=EDGE_CURVE('',#2326,#2327,#1109,.T.);
#2906=EDGE_CURVE('',#2327,#2324,#1110,.T.);
#2907=EDGE_CURVE('',#2328,#2329,#40,.T.);
#2908=EDGE_CURVE('',#2329,#2330,#1111,.T.);
#2909=EDGE_CURVE('',#2330,#2331,#258,.T.);
#2910=EDGE_CURVE('',#2331,#2328,#1112,.T.);
#2911=EDGE_CURVE('',#2332,#2333,#1113,.T.);
#2912=EDGE_CURVE('',#2333,#2334,#1114,.T.);
#2913=EDGE_CURVE('',#2334,#2335,#1115,.T.);
#2914=EDGE_CURVE('',#2335,#2332,#1116,.T.);
#2915=EDGE_CURVE('',#2336,#2337,#1117,.T.);
#2916=EDGE_CURVE('',#2337,#2338,#1118,.T.);
#2917=EDGE_CURVE('',#2338,#2339,#1119,.T.);
#2918=EDGE_CURVE('',#2339,#2336,#1120,.T.);
#2919=EDGE_CURVE('',#2337,#2340,#1121,.T.);
#2920=EDGE_CURVE('',#2340,#2341,#1122,.T.);
#2921=EDGE_CURVE('',#2341,#2338,#1123,.T.);
#2922=EDGE_CURVE('',#2340,#2342,#1124,.T.);
#2923=EDGE_CURVE('',#2342,#2343,#1125,.T.);
#2924=EDGE_CURVE('',#2343,#2341,#1126,.T.);
#2925=EDGE_CURVE('',#2343,#2339,#1127,.T.);
#2926=EDGE_CURVE('',#2336,#2342,#1128,.T.);
#2927=EDGE_CURVE('',#2292,#2344,#1129,.T.);
#2928=EDGE_CURVE('',#2344,#2345,#1130,.T.);
#2929=EDGE_CURVE('',#2345,#2346,#1131,.T.);
#2930=EDGE_CURVE('',#2346,#2347,#1132,.T.);
#2931=EDGE_CURVE('',#2347,#2302,#1133,.T.);
#2932=EDGE_CURVE('',#2345,#2348,#259,.T.);
#2933=EDGE_CURVE('',#2348,#2349,#1134,.T.);
#2934=EDGE_CURVE('',#2349,#2346,#260,.T.);
#2935=EDGE_CURVE('',#2348,#2350,#1135,.T.);
#2936=EDGE_CURVE('',#2350,#2351,#1136,.T.);
#2937=EDGE_CURVE('',#2351,#2349,#1137,.T.);
#2938=EDGE_CURVE('',#2352,#2353,#1138,.T.);
#2939=EDGE_CURVE('',#2353,#2344,#1139,.T.);
#2940=EDGE_CURVE('',#2347,#2352,#1140,.T.);
#2941=EDGE_CURVE('',#2306,#2354,#1141,.T.);
#2942=EDGE_CURVE('',#2354,#2355,#1142,.T.);
#2943=EDGE_CURVE('',#2355,#2356,#1143,.T.);
#2944=EDGE_CURVE('',#2356,#2357,#1144,.T.);
#2945=EDGE_CURVE('',#2357,#2295,#1145,.T.);
#2946=EDGE_CURVE('',#2355,#2358,#261,.T.);
#2947=EDGE_CURVE('',#2358,#2359,#1146,.T.);
#2948=EDGE_CURVE('',#2359,#2356,#262,.T.);
#2949=EDGE_CURVE('',#2360,#2353,#1147,.T.);
#2950=EDGE_CURVE('',#2352,#2361,#1148,.T.);
#2951=EDGE_CURVE('',#2361,#2360,#1149,.T.);
#2952=EDGE_CURVE('',#2358,#2362,#1150,.T.);
#2953=EDGE_CURVE('',#2362,#2363,#1151,.T.);
#2954=EDGE_CURVE('',#2363,#2359,#1152,.T.);
#2955=EDGE_CURVE('',#2364,#2365,#1153,.T.);
#2956=EDGE_CURVE('',#2365,#2366,#1154,.T.);
#2957=EDGE_CURVE('',#2366,#2367,#1155,.T.);
#2958=EDGE_CURVE('',#2367,#2364,#1156,.T.);
#2959=EDGE_CURVE('',#2296,#2307,#1157,.T.);
#2960=EDGE_CURVE('',#2365,#2354,#1158,.T.);
#2961=EDGE_CURVE('',#2357,#2366,#1159,.T.);
#2962=EDGE_CURVE('',#2368,#2369,#263,.T.);
#2963=EDGE_CURVE('',#2369,#2370,#1160,.T.);
#2964=EDGE_CURVE('',#2370,#2371,#264,.T.);
#2965=EDGE_CURVE('',#2371,#2368,#1161,.T.);
#2966=EDGE_CURVE('',#2372,#2373,#265,.T.);
#2967=EDGE_CURVE('',#2373,#2374,#1162,.T.);
#2968=EDGE_CURVE('',#2374,#2375,#266,.T.);
#2969=EDGE_CURVE('',#2375,#2372,#1163,.T.);
#2970=EDGE_CURVE('',#2376,#2372,#1164,.T.);
#2971=EDGE_CURVE('',#2375,#2377,#1165,.T.);
#2972=EDGE_CURVE('',#2377,#2376,#1166,.T.);
#2973=EDGE_CURVE('',#2378,#2368,#1167,.T.);
#2974=EDGE_CURVE('',#2371,#2379,#1168,.T.);
#2975=EDGE_CURVE('',#2379,#2378,#1169,.T.);
#2976=EDGE_CURVE('',#2380,#2381,#1170,.T.);
#2977=EDGE_CURVE('',#2381,#2382,#1171,.T.);
#2978=EDGE_CURVE('',#2382,#2383,#1172,.T.);
#2979=EDGE_CURVE('',#2383,#2380,#1173,.T.);
#2980=EDGE_CURVE('',#2384,#2385,#267,.T.);
#2981=EDGE_CURVE('',#2385,#2386,#1174,.T.);
#2982=EDGE_CURVE('',#2386,#2387,#268,.T.);
#2983=EDGE_CURVE('',#2387,#2384,#1175,.T.);
#2984=EDGE_CURVE('',#2369,#2388,#269,.T.);
#2985=EDGE_CURVE('',#2388,#2389,#1176,.T.);
#2986=EDGE_CURVE('',#2389,#2370,#270,.T.);
#2987=EDGE_CURVE('',#2381,#2390,#271,.T.);
#2988=EDGE_CURVE('',#2390,#2391,#1177,.T.);
#2989=EDGE_CURVE('',#2391,#2382,#272,.T.);
#2990=EDGE_CURVE('',#2392,#2393,#273,.T.);
#2991=EDGE_CURVE('',#2393,#2394,#1178,.T.);
#2992=EDGE_CURVE('',#2394,#2395,#274,.T.);
#2993=EDGE_CURVE('',#2395,#2392,#1179,.T.);
#2994=EDGE_CURVE('',#2396,#2397,#1180,.T.);
#2995=EDGE_CURVE('',#2397,#2398,#1181,.T.);
#2996=EDGE_CURVE('',#2398,#2399,#1182,.T.);
#2997=EDGE_CURVE('',#2399,#2400,#1183,.T.);
#2998=EDGE_CURVE('',#2400,#2401,#1184,.T.);
#2999=EDGE_CURVE('',#2401,#2402,#1185,.T.);
#3000=EDGE_CURVE('',#2402,#2403,#1186,.T.);
#3001=EDGE_CURVE('',#2403,#2404,#1187,.T.);
#3002=EDGE_CURVE('',#2404,#2405,#1188,.T.);
#3003=EDGE_CURVE('',#2405,#2406,#1189,.T.);
#3004=EDGE_CURVE('',#2406,#2407,#1190,.T.);
#3005=EDGE_CURVE('',#2407,#2396,#1191,.T.);
#3006=EDGE_CURVE('',#2408,#2409,#275,.T.);
#3007=EDGE_CURVE('',#2409,#2410,#1192,.T.);
#3008=EDGE_CURVE('',#2410,#2411,#276,.T.);
#3009=EDGE_CURVE('',#2411,#2408,#1193,.T.);
#3010=EDGE_CURVE('',#2412,#2413,#277,.T.);
#3011=EDGE_CURVE('',#2413,#2414,#1194,.T.);
#3012=EDGE_CURVE('',#2414,#2415,#278,.T.);
#3013=EDGE_CURVE('',#2415,#2412,#1195,.T.);
#3014=EDGE_CURVE('',#2416,#2417,#1196,.T.);
#3015=EDGE_CURVE('',#2417,#2418,#1197,.T.);
#3016=EDGE_CURVE('',#2418,#2419,#1198,.T.);
#3017=EDGE_CURVE('',#2419,#2416,#1199,.T.);
#3018=EDGE_CURVE('',#2420,#2421,#1200,.T.);
#3019=EDGE_CURVE('',#2421,#2422,#1201,.T.);
#3020=EDGE_CURVE('',#2422,#2423,#1202,.T.);
#3021=EDGE_CURVE('',#2423,#2420,#1203,.T.);
#3022=EDGE_CURVE('',#2424,#2420,#279,.T.);
#3023=EDGE_CURVE('',#2423,#2425,#280,.T.);
#3024=EDGE_CURVE('',#2425,#2424,#1204,.T.);
#3025=EDGE_CURVE('',#2426,#2424,#281,.T.);
#3026=EDGE_CURVE('',#2425,#2427,#282,.T.);
#3027=EDGE_CURVE('',#2427,#2426,#1205,.T.);
#3028=EDGE_CURVE('',#2320,#2428,#1206,.T.);
#3029=EDGE_CURVE('',#2428,#2429,#1207,.T.);
#3030=EDGE_CURVE('',#2429,#2430,#1208,.T.);
#3031=EDGE_CURVE('',#2430,#2431,#1209,.T.);
#3032=EDGE_CURVE('',#2431,#2432,#1210,.T.);
#3033=EDGE_CURVE('',#2432,#2321,#1211,.T.);
#3034=EDGE_CURVE('',#2433,#2434,#1212,.T.);
#3035=EDGE_CURVE('',#2434,#2435,#1213,.T.);
#3036=EDGE_CURVE('',#2435,#2436,#1214,.T.);
#3037=EDGE_CURVE('',#2436,#2433,#1215,.T.);
#3038=EDGE_CURVE('',#2437,#2390,#283,.T.);
#3039=EDGE_CURVE('',#2380,#2438,#284,.T.);
#3040=EDGE_CURVE('',#2438,#2439,#285,.T.);
#3041=EDGE_CURVE('',#2439,#2440,#1216,.T.);
#3042=EDGE_CURVE('',#2440,#2325,#286,.T.);
#3043=EDGE_CURVE('',#2324,#2441,#287,.T.);
#3044=EDGE_CURVE('',#2441,#2437,#1217,.T.);
#3045=EDGE_CURVE('',#2442,#2443,#1218,.T.);
#3046=EDGE_CURVE('',#2443,#2388,#1219,.T.);
#3047=EDGE_CURVE('',#2378,#2444,#288,.T.);
#3048=EDGE_CURVE('',#2444,#2442,#289,.T.);
#3049=EDGE_CURVE('',#2405,#2445,#290,.T.);
#3050=EDGE_CURVE('',#2445,#2446,#291,.T.);
#3051=EDGE_CURVE('',#2446,#2409,#1220,.T.);
#3052=EDGE_CURVE('',#2408,#2406,#292,.T.);
#3053=EDGE_CURVE('',#2397,#2447,#293,.T.);
#3054=EDGE_CURVE('',#2447,#2448,#294,.T.);
#3055=EDGE_CURVE('',#2448,#2413,#1221,.T.);
#3056=EDGE_CURVE('',#2412,#2398,#295,.T.);
#3057=EDGE_CURVE('',#2392,#2449,#1222,.T.);
#3058=EDGE_CURVE('',#2449,#2450,#1223,.T.);
#3059=EDGE_CURVE('',#2450,#2451,#1224,.T.);
#3060=EDGE_CURVE('',#2451,#2393,#296,.T.);
#3061=EDGE_CURVE('',#2319,#2452,#1225,.T.);
#3062=EDGE_CURVE('',#2452,#2428,#2259,.T.);
#3063=EDGE_CURVE('',#2453,#2454,#1226,.T.);
#3064=EDGE_CURVE('',#2454,#2452,#41,.T.);
#3065=EDGE_CURVE('',#2318,#2453,#1227,.T.);
#3066=EDGE_CURVE('',#2440,#2455,#1228,.T.);
#3067=EDGE_CURVE('',#2455,#2326,#297,.T.);
#3068=EDGE_CURVE('',#2456,#2457,#1229,.T.);
#3069=EDGE_CURVE('',#2457,#2458,#298,.T.);
#3070=EDGE_CURVE('',#2458,#2459,#1230,.T.);
#3071=EDGE_CURVE('',#2459,#2456,#42,.T.);
#3072=EDGE_CURVE('',#2460,#2459,#43,.T.);
#3073=EDGE_CURVE('',#2458,#2461,#299,.T.);
#3074=EDGE_CURVE('',#2461,#2460,#1231,.T.);
#3075=EDGE_CURVE('',#2314,#2462,#1232,.T.);
#3076=EDGE_CURVE('',#2462,#2463,#1233,.T.);
#3077=EDGE_CURVE('',#2463,#2315,#1234,.T.);
#3078=EDGE_CURVE('',#2327,#2464,#300,.T.);
#3079=EDGE_CURVE('',#2464,#2441,#1235,.T.);
#3080=EDGE_CURVE('',#2429,#2465,#301,.T.);
#3081=EDGE_CURVE('',#2465,#2466,#1236,.T.);
#3082=EDGE_CURVE('',#2466,#2467,#302,.T.);
#3083=EDGE_CURVE('',#2467,#2468,#1237,.T.);
#3084=EDGE_CURVE('',#2468,#2401,#303,.T.);
#3085=EDGE_CURVE('',#2400,#2469,#304,.T.);
#3086=EDGE_CURVE('',#2469,#2464,#1238,.T.);
#3087=EDGE_CURVE('',#2455,#2470,#1239,.T.);
#3088=EDGE_CURVE('',#2470,#2430,#305,.T.);
#3089=EDGE_CURVE('',#2471,#2335,#1240,.T.);
#3090=EDGE_CURVE('',#2334,#2472,#1241,.T.);
#3091=EDGE_CURVE('',#2472,#2471,#1242,.T.);
#3092=EDGE_CURVE('',#2473,#2474,#1243,.T.);
#3093=EDGE_CURVE('',#2474,#2475,#1244,.T.);
#3094=EDGE_CURVE('',#2475,#2476,#1245,.T.);
#3095=EDGE_CURVE('',#2476,#2436,#1246,.T.);
#3096=EDGE_CURVE('',#2435,#2473,#1247,.T.);
#3097=EDGE_CURVE('',#2351,#2477,#306,.T.);
#3098=EDGE_CURVE('',#2477,#2478,#1248,.T.);
#3099=EDGE_CURVE('',#2478,#2361,#1249,.T.);
#3100=EDGE_CURVE('',#2403,#2479,#1250,.T.);
#3101=EDGE_CURVE('',#2479,#2480,#307,.T.);
#3102=EDGE_CURVE('',#2480,#2481,#1251,.T.);
#3103=EDGE_CURVE('',#2481,#2482,#308,.T.);
#3104=EDGE_CURVE('',#2482,#2404,#309,.T.);
#3105=EDGE_CURVE('',#2483,#2484,#1252,.T.);
#3106=EDGE_CURVE('',#2484,#2457,#1253,.T.);
#3107=EDGE_CURVE('',#2456,#2453,#1254,.T.);
#3108=EDGE_CURVE('',#2432,#2485,#1255,.T.);
#3109=EDGE_CURVE('',#2485,#2486,#1256,.T.);
#3110=EDGE_CURVE('',#2486,#2483,#1257,.T.);
#3111=EDGE_CURVE('',#2487,#2474,#1258,.T.);
#3112=EDGE_CURVE('',#2473,#2488,#1259,.T.);
#3113=EDGE_CURVE('',#2488,#2468,#1260,.T.);
#3114=EDGE_CURVE('',#2467,#2487,#1261,.T.);
#3115=EDGE_CURVE('',#2454,#2465,#1262,.T.);
#3116=EDGE_CURVE('',#2484,#2331,#1263,.T.);
#3117=EDGE_CURVE('',#2330,#2461,#1264,.T.);
#3118=EDGE_CURVE('',#2439,#2451,#1265,.T.);
#3119=EDGE_CURVE('',#2450,#2489,#1266,.T.);
#3120=EDGE_CURVE('',#2489,#2470,#1267,.T.);
#3121=EDGE_CURVE('',#2483,#2328,#1268,.T.);
#3122=EDGE_CURVE('',#2329,#2460,#1269,.T.);
#3123=EDGE_CURVE('',#2490,#2332,#1270,.T.);
#3124=EDGE_CURVE('',#2471,#2490,#1271,.T.);
#3125=EDGE_CURVE('',#2489,#2431,#310,.T.);
#3126=EDGE_CURVE('',#2333,#2491,#1272,.T.);
#3127=EDGE_CURVE('',#2491,#2472,#1273,.T.);
#3128=EDGE_CURVE('',#2399,#2492,#311,.T.);
#3129=EDGE_CURVE('',#2492,#2469,#1274,.T.);
#3130=EDGE_CURVE('',#2488,#2402,#312,.T.);
#3131=EDGE_CURVE('',#2493,#2487,#313,.T.);
#3132=EDGE_CURVE('',#2466,#2493,#1275,.T.);
#3133=EDGE_CURVE('',#2486,#2493,#1276,.T.);
#3134=EDGE_CURVE('',#2490,#2491,#1277,.T.);
#3135=EDGE_CURVE('',#2463,#2494,#1278,.T.);
#3136=EDGE_CURVE('',#2494,#2316,#1279,.T.);
#3137=EDGE_CURVE('',#2317,#2495,#1280,.T.);
#3138=EDGE_CURVE('',#2495,#2462,#1281,.T.);
#3139=EDGE_CURVE('',#2494,#2495,#1282,.T.);
#3140=EDGE_CURVE('',#2350,#2496,#314,.T.);
#3141=EDGE_CURVE('',#2496,#2477,#1283,.T.);
#3142=EDGE_CURVE('',#2478,#2497,#1284,.T.);
#3143=EDGE_CURVE('',#2497,#2360,#1285,.T.);
#3144=EDGE_CURVE('',#2497,#2496,#1286,.T.);
#3145=EDGE_CURVE('',#2362,#2498,#315,.T.);
#3146=EDGE_CURVE('',#2498,#2499,#1287,.T.);
#3147=EDGE_CURVE('',#2499,#2363,#316,.T.);
#3148=EDGE_CURVE('',#2499,#2500,#1288,.T.);
#3149=EDGE_CURVE('',#2500,#2367,#1289,.T.);
#3150=EDGE_CURVE('',#2500,#2501,#1290,.T.);
#3151=EDGE_CURVE('',#2501,#2364,#1291,.T.);
#3152=EDGE_CURVE('',#2501,#2498,#1292,.T.);
#3153=EDGE_CURVE('',#2502,#2503,#1293,.T.);
#3154=EDGE_CURVE('',#2503,#2504,#1294,.T.);
#3155=EDGE_CURVE('',#2504,#2505,#317,.T.);
#3156=EDGE_CURVE('',#2505,#2506,#318,.T.);
#3157=EDGE_CURVE('',#2506,#2502,#1295,.T.);
#3158=EDGE_CURVE('',#2383,#2507,#319,.T.);
#3159=EDGE_CURVE('',#2507,#2438,#1296,.T.);
#3160=EDGE_CURVE('',#2385,#2508,#320,.T.);
#3161=EDGE_CURVE('',#2508,#2509,#1297,.T.);
#3162=EDGE_CURVE('',#2509,#2386,#321,.T.);
#3163=EDGE_CURVE('',#2510,#2384,#1298,.T.);
#3164=EDGE_CURVE('',#2387,#2511,#1299,.T.);
#3165=EDGE_CURVE('',#2511,#2510,#1300,.T.);
#3166=EDGE_CURVE('',#2373,#2510,#322,.T.);
#3167=EDGE_CURVE('',#2511,#2374,#323,.T.);
#3168=EDGE_CURVE('',#2512,#2376,#324,.T.);
#3169=EDGE_CURVE('',#2377,#2513,#325,.T.);
#3170=EDGE_CURVE('',#2513,#2512,#1301,.T.);
#3171=EDGE_CURVE('',#2514,#2512,#326,.T.);
#3172=EDGE_CURVE('',#2513,#2515,#327,.T.);
#3173=EDGE_CURVE('',#2515,#2514,#1302,.T.);
#3174=EDGE_CURVE('',#2516,#2439,#328,.T.);
#3175=EDGE_CURVE('',#2507,#2517,#329,.T.);
#3176=EDGE_CURVE('',#2517,#2516,#1303,.T.);
#3177=EDGE_CURVE('',#2518,#2514,#1304,.T.);
#3178=EDGE_CURVE('',#2515,#2519,#1305,.T.);
#3179=EDGE_CURVE('',#2519,#2518,#1306,.T.);
#3180=EDGE_CURVE('',#2520,#2518,#330,.T.);
#3181=EDGE_CURVE('',#2519,#2521,#331,.T.);
#3182=EDGE_CURVE('',#2521,#2520,#1307,.T.);
#3183=EDGE_CURVE('',#2522,#2521,#332,.T.);
#3184=EDGE_CURVE('',#2509,#2523,#1308,.T.);
#3185=EDGE_CURVE('',#2523,#2522,#1309,.T.);
#3186=EDGE_CURVE('',#2524,#2525,#1310,.T.);
#3187=EDGE_CURVE('',#2525,#2508,#1311,.T.);
#3188=EDGE_CURVE('',#2520,#2524,#333,.T.);
#3189=EDGE_CURVE('',#2451,#2526,#334,.T.);
#3190=EDGE_CURVE('',#2526,#2527,#1312,.T.);
#3191=EDGE_CURVE('',#2527,#2394,#335,.T.);
#3192=EDGE_CURVE('',#2379,#2528,#336,.T.);
#3193=EDGE_CURVE('',#2528,#2444,#1313,.T.);
#3194=EDGE_CURVE('',#2437,#2529,#1314,.T.);
#3195=EDGE_CURVE('',#2529,#2391,#337,.T.);
#3196=EDGE_CURVE('',#2530,#2531,#1315,.T.);
#3197=EDGE_CURVE('',#2531,#2395,#1316,.T.);
#3198=EDGE_CURVE('',#2527,#2530,#1317,.T.);
#3199=EDGE_CURVE('',#2529,#2532,#1318,.T.);
#3200=EDGE_CURVE('',#2532,#2528,#338,.T.);
#3201=EDGE_CURVE('',#2389,#2533,#1319,.T.);
#3202=EDGE_CURVE('',#2533,#2517,#1320,.T.);
#3203=EDGE_CURVE('',#2532,#2442,#1321,.T.);
#3204=EDGE_CURVE('',#2492,#2443,#1322,.T.);
#3205=EDGE_CURVE('',#2443,#2534,#1323,.T.);
#3206=EDGE_CURVE('',#2534,#2533,#1324,.T.);
#3207=EDGE_CURVE('',#2535,#2474,#1325,.T.);
#3208=EDGE_CURVE('',#2486,#2536,#1326,.T.);
#3209=EDGE_CURVE('',#2536,#2537,#1327,.T.);
#3210=EDGE_CURVE('',#2537,#2538,#339,.T.);
#3211=EDGE_CURVE('',#2538,#2535,#1328,.T.);
#3212=EDGE_CURVE('',#2516,#2526,#1329,.T.);
#3213=EDGE_CURVE('',#2539,#2405,#340,.T.);
#3214=EDGE_CURVE('',#2404,#2540,#341,.T.);
#3215=EDGE_CURVE('',#2540,#2539,#1330,.T.);
#3216=EDGE_CURVE('',#2398,#2541,#342,.T.);
#3217=EDGE_CURVE('',#2541,#2542,#1331,.T.);
#3218=EDGE_CURVE('',#2542,#2543,#343,.T.);
#3219=EDGE_CURVE('',#2543,#2534,#1332,.T.);
#3220=EDGE_CURVE('',#2544,#2432,#1333,.T.);
#3221=EDGE_CURVE('',#2450,#2545,#1334,.T.);
#3222=EDGE_CURVE('',#2545,#2546,#1335,.T.);
#3223=EDGE_CURVE('',#2546,#2547,#344,.T.);
#3224=EDGE_CURVE('',#2547,#2544,#1336,.T.);
#3225=EDGE_CURVE('',#2548,#2403,#1337,.T.);
#3226=EDGE_CURVE('',#2473,#2549,#1338,.T.);
#3227=EDGE_CURVE('',#2549,#2550,#1339,.T.);
#3228=EDGE_CURVE('',#2550,#2551,#345,.T.);
#3229=EDGE_CURVE('',#2551,#2548,#1340,.T.);
#3230=EDGE_CURVE('',#2552,#2553,#1341,.T.);
#3231=EDGE_CURVE('',#2553,#2554,#1342,.T.);
#3232=EDGE_CURVE('',#2554,#2555,#1343,.T.);
#3233=EDGE_CURVE('',#2555,#2552,#1344,.T.);
#3234=EDGE_CURVE('',#2556,#2557,#1345,.T.);
#3235=EDGE_CURVE('',#2557,#2558,#1346,.T.);
#3236=EDGE_CURVE('',#2558,#2559,#1347,.T.);
#3237=EDGE_CURVE('',#2559,#2556,#1348,.T.);
#3238=EDGE_CURVE('',#2560,#2561,#1349,.T.);
#3239=EDGE_CURVE('',#2561,#2562,#1350,.T.);
#3240=EDGE_CURVE('',#2562,#2563,#1351,.T.);
#3241=EDGE_CURVE('',#2563,#2560,#1352,.T.);
#3242=EDGE_CURVE('',#2564,#2565,#1353,.T.);
#3243=EDGE_CURVE('',#2565,#2566,#1354,.T.);
#3244=EDGE_CURVE('',#2566,#2567,#1355,.T.);
#3245=EDGE_CURVE('',#2567,#2564,#1356,.T.);
#3246=EDGE_CURVE('',#2433,#2568,#1357,.T.);
#3247=EDGE_CURVE('',#2568,#2569,#1358,.T.);
#3248=EDGE_CURVE('',#2569,#2434,#1359,.T.);
#3249=EDGE_CURVE('',#2570,#2571,#1360,.T.);
#3250=EDGE_CURVE('',#2571,#2572,#1361,.T.);
#3251=EDGE_CURVE('',#2572,#2573,#346,.T.);
#3252=EDGE_CURVE('',#2573,#2574,#1362,.T.);
#3253=EDGE_CURVE('',#2574,#2575,#347,.T.);
#3254=EDGE_CURVE('',#2575,#2576,#1363,.T.);
#3255=EDGE_CURVE('',#2576,#2577,#348,.T.);
#3256=EDGE_CURVE('',#2577,#2578,#1364,.T.);
#3257=EDGE_CURVE('',#2578,#2579,#349,.T.);
#3258=EDGE_CURVE('',#2579,#2570,#1365,.T.);
#3259=EDGE_CURVE('',#2557,#2580,#1366,.T.);
#3260=EDGE_CURVE('',#2580,#2581,#350,.T.);
#3261=EDGE_CURVE('',#2581,#2582,#1367,.T.);
#3262=EDGE_CURVE('',#2582,#2583,#351,.T.);
#3263=EDGE_CURVE('',#2583,#2584,#1368,.T.);
#3264=EDGE_CURVE('',#2584,#2558,#352,.T.);
#3265=EDGE_CURVE('',#2585,#2586,#1369,.T.);
#3266=EDGE_CURVE('',#2586,#2587,#1370,.T.);
#3267=EDGE_CURVE('',#2587,#2588,#1371,.T.);
#3268=EDGE_CURVE('',#2588,#2585,#1372,.T.);
#3269=EDGE_CURVE('',#2589,#2590,#353,.T.);
#3270=EDGE_CURVE('',#2590,#2585,#1373,.T.);
#3271=EDGE_CURVE('',#2588,#2591,#354,.T.);
#3272=EDGE_CURVE('',#2591,#2592,#1374,.T.);
#3273=EDGE_CURVE('',#2592,#2593,#355,.T.);
#3274=EDGE_CURVE('',#2593,#2589,#1375,.T.);
#3275=EDGE_CURVE('',#2594,#2595,#1376,.T.);
#3276=EDGE_CURVE('',#2595,#2596,#1377,.T.);
#3277=EDGE_CURVE('',#2596,#2597,#356,.T.);
#3278=EDGE_CURVE('',#2597,#2598,#1378,.T.);
#3279=EDGE_CURVE('',#2598,#2599,#357,.T.);
#3280=EDGE_CURVE('',#2599,#2600,#1379,.T.);
#3281=EDGE_CURVE('',#2600,#2594,#358,.T.);
#3282=EDGE_CURVE('',#2601,#2595,#1380,.T.);
#3283=EDGE_CURVE('',#2594,#2602,#1381,.T.);
#3284=EDGE_CURVE('',#2602,#2601,#1382,.T.);
#3285=EDGE_CURVE('',#2531,#2449,#1383,.T.);
#3286=EDGE_CURVE('',#2530,#2545,#1384,.T.);
#3287=EDGE_CURVE('',#2603,#2604,#1385,.T.);
#3288=EDGE_CURVE('',#2604,#2605,#1386,.T.);
#3289=EDGE_CURVE('',#2605,#2606,#1387,.T.);
#3290=EDGE_CURVE('',#2606,#2603,#1388,.T.);
#3291=EDGE_CURVE('',#2446,#2607,#1389,.T.);
#3292=EDGE_CURVE('',#2607,#2410,#1390,.T.);
#3293=EDGE_CURVE('',#2608,#2609,#1391,.T.);
#3294=EDGE_CURVE('',#2609,#2610,#359,.T.);
#3295=EDGE_CURVE('',#2610,#2417,#360,.T.);
#3296=EDGE_CURVE('',#2416,#2611,#361,.T.);
#3297=EDGE_CURVE('',#2611,#2421,#362,.T.);
#3298=EDGE_CURVE('',#2426,#2612,#1392,.T.);
#3299=EDGE_CURVE('',#2612,#2613,#363,.T.);
#3300=EDGE_CURVE('',#2613,#2608,#364,.T.);
#3301=EDGE_CURVE('',#2447,#2614,#1393,.T.);
#3302=EDGE_CURVE('',#2614,#2615,#365,.T.);
#3303=EDGE_CURVE('',#2615,#2448,#1394,.T.);
#3304=EDGE_CURVE('',#2611,#2616,#1395,.T.);
#3305=EDGE_CURVE('',#2616,#2422,#366,.T.);
#3306=EDGE_CURVE('',#2411,#2407,#367,.T.);
#3307=EDGE_CURVE('',#2415,#2617,#368,.T.);
#3308=EDGE_CURVE('',#2617,#2541,#1396,.T.);
#3309=EDGE_CURVE('',#2610,#2618,#1397,.T.);
#3310=EDGE_CURVE('',#2618,#2418,#369,.T.);
#3311=EDGE_CURVE('',#2396,#2614,#370,.T.);
#3312=EDGE_CURVE('',#2615,#2414,#1398,.T.);
#3313=EDGE_CURVE('',#2419,#2616,#371,.T.);
#3314=EDGE_CURVE('',#2600,#2619,#1399,.T.);
#3315=EDGE_CURVE('',#2619,#2602,#44,.T.);
#3316=EDGE_CURVE('',#2548,#2620,#1400,.T.);
#3317=EDGE_CURVE('',#2620,#2621,#1401,.T.);
#3318=EDGE_CURVE('',#2621,#2479,#1402,.T.);
#3319=EDGE_CURVE('',#2622,#2623,#1403,.T.);
#3320=EDGE_CURVE('',#2623,#2503,#1404,.T.);
#3321=EDGE_CURVE('',#2502,#2622,#1405,.T.);
#3322=EDGE_CURVE('',#2480,#2624,#1406,.T.);
#3323=EDGE_CURVE('',#2624,#2625,#1407,.T.);
#3324=EDGE_CURVE('',#2625,#2481,#1408,.T.);
#3325=EDGE_CURVE('',#2623,#2626,#1409,.T.);
#3326=EDGE_CURVE('',#2626,#2504,#1410,.T.);
#3327=EDGE_CURVE('',#2621,#2624,#372,.T.);
#3328=EDGE_CURVE('',#2607,#2627,#373,.T.);
#3329=EDGE_CURVE('',#2627,#2628,#374,.T.);
#3330=EDGE_CURVE('',#2628,#2617,#1411,.T.);
#3331=EDGE_CURVE('',#2445,#2627,#1412,.T.);
#3332=EDGE_CURVE('',#2626,#2629,#375,.T.);
#3333=EDGE_CURVE('',#2629,#2505,#1413,.T.);
#3334=EDGE_CURVE('',#2630,#2631,#376,.T.);
#3335=EDGE_CURVE('',#2631,#2632,#1414,.T.);
#3336=EDGE_CURVE('',#2632,#2633,#377,.T.);
#3337=EDGE_CURVE('',#2633,#2630,#1415,.T.);
#3338=EDGE_CURVE('',#2622,#2634,#1416,.T.);
#3339=EDGE_CURVE('',#2634,#2629,#378,.T.);
#3340=EDGE_CURVE('',#2634,#2506,#1417,.T.);
#3341=EDGE_CURVE('',#2482,#2635,#1418,.T.);
#3342=EDGE_CURVE('',#2635,#2636,#379,.T.);
#3343=EDGE_CURVE('',#2636,#2540,#1419,.T.);
#3344=EDGE_CURVE('',#2625,#2635,#380,.T.);
#3345=EDGE_CURVE('',#2631,#2637,#1420,.T.);
#3346=EDGE_CURVE('',#2637,#2638,#1421,.T.);
#3347=EDGE_CURVE('',#2638,#2632,#1422,.T.);
#3348=EDGE_CURVE('',#2639,#2633,#381,.T.);
#3349=EDGE_CURVE('',#2638,#2606,#382,.T.);
#3350=EDGE_CURVE('',#2605,#2639,#1423,.T.);
#3351=EDGE_CURVE('',#2620,#2636,#1424,.T.);
#3352=EDGE_CURVE('',#2637,#2603,#383,.T.);
#3353=EDGE_CURVE('',#2640,#2604,#1425,.T.);
#3354=EDGE_CURVE('',#2630,#2640,#384,.T.);
#3355=EDGE_CURVE('',#2539,#2628,#1426,.T.);
#3356=EDGE_CURVE('',#2639,#2640,#1427,.T.);
#3357=EDGE_CURVE('',#2641,#2642,#385,.T.);
#3358=EDGE_CURVE('',#2642,#2643,#386,.T.);
#3359=EDGE_CURVE('',#2643,#2427,#1428,.T.);
#3360=EDGE_CURVE('',#2618,#2644,#387,.T.);
#3361=EDGE_CURVE('',#2644,#2641,#1429,.T.);
#3362=EDGE_CURVE('',#2609,#2644,#1430,.T.);
#3363=EDGE_CURVE('',#2643,#2612,#1431,.T.);
#3364=EDGE_CURVE('',#2642,#2613,#1432,.T.);
#3365=EDGE_CURVE('',#2641,#2608,#1433,.T.);
#3366=EDGE_CURVE('',#2645,#2599,#1434,.T.);
#3367=EDGE_CURVE('',#2598,#2646,#1435,.T.);
#3368=EDGE_CURVE('',#2646,#2645,#45,.T.);
#3369=EDGE_CURVE('',#2597,#2647,#1436,.T.);
#3370=EDGE_CURVE('',#2647,#2646,#1437,.T.);
#3371=EDGE_CURVE('',#2648,#2647,#46,.T.);
#3372=EDGE_CURVE('',#2596,#2648,#1438,.T.);
#3373=EDGE_CURVE('',#2601,#2649,#1439,.T.);
#3374=EDGE_CURVE('',#2649,#2650,#1440,.T.);
#3375=EDGE_CURVE('',#2650,#2651,#1441,.T.);
#3376=EDGE_CURVE('',#2651,#2652,#1442,.T.);
#3377=EDGE_CURVE('',#2652,#2653,#1443,.T.);
#3378=EDGE_CURVE('',#2653,#2654,#1444,.T.);
#3379=EDGE_CURVE('',#2654,#2648,#1445,.T.);
#3380=EDGE_CURVE('',#2655,#2656,#1446,.T.);
#3381=EDGE_CURVE('',#2656,#2657,#1447,.T.);
#3382=EDGE_CURVE('',#2657,#2658,#1448,.T.);
#3383=EDGE_CURVE('',#2658,#2655,#1449,.T.);
#3384=EDGE_CURVE('',#2659,#2658,#47,.T.);
#3385=EDGE_CURVE('',#2657,#2660,#388,.T.);
#3386=EDGE_CURVE('',#2660,#2659,#1450,.T.);
#3387=EDGE_CURVE('',#2660,#2661,#1451,.T.);
#3388=EDGE_CURVE('',#2661,#2662,#1452,.T.);
#3389=EDGE_CURVE('',#2662,#2659,#1453,.T.);
#3390=EDGE_CURVE('',#2663,#2662,#48,.T.);
#3391=EDGE_CURVE('',#2661,#2664,#389,.T.);
#3392=EDGE_CURVE('',#2664,#2663,#1454,.T.);
#3393=EDGE_CURVE('',#2664,#2665,#1455,.T.);
#3394=EDGE_CURVE('',#2665,#2666,#1456,.T.);
#3395=EDGE_CURVE('',#2666,#2663,#1457,.T.);
#3396=EDGE_CURVE('',#2667,#2668,#1458,.T.);
#3397=EDGE_CURVE('',#2668,#2669,#390,.T.);
#3398=EDGE_CURVE('',#2669,#2670,#1459,.T.);
#3399=EDGE_CURVE('',#2670,#2667,#49,.T.);
#3400=EDGE_CURVE('',#2655,#2654,#50,.T.);
#3401=EDGE_CURVE('',#2653,#2656,#391,.T.);
#3402=EDGE_CURVE('',#2669,#2671,#1460,.T.);
#3403=EDGE_CURVE('',#2671,#2672,#1461,.T.);
#3404=EDGE_CURVE('',#2672,#2670,#1462,.T.);
#3405=EDGE_CURVE('',#2673,#2674,#1463,.T.);
#3406=EDGE_CURVE('',#2674,#2668,#1464,.T.);
#3407=EDGE_CURVE('',#2667,#2673,#1465,.T.);
#3408=EDGE_CURVE('',#2671,#2675,#392,.T.);
#3409=EDGE_CURVE('',#2675,#2676,#1466,.T.);
#3410=EDGE_CURVE('',#2676,#2672,#51,.T.);
#3411=EDGE_CURVE('',#2677,#2591,#1467,.T.);
#3412=EDGE_CURVE('',#2587,#2677,#52,.T.);
#3413=EDGE_CURVE('',#2645,#2619,#1468,.T.);
#3414=EDGE_CURVE('',#2678,#2679,#53,.T.);
#3415=EDGE_CURVE('',#2679,#2590,#1469,.T.);
#3416=EDGE_CURVE('',#2589,#2678,#1470,.T.);
#3417=EDGE_CURVE('',#2593,#2680,#1471,.T.);
#3418=EDGE_CURVE('',#2680,#2678,#1472,.T.);
#3419=EDGE_CURVE('',#2681,#2592,#1473,.T.);
#3420=EDGE_CURVE('',#2677,#2681,#1474,.T.);
#3421=EDGE_CURVE('',#2682,#2572,#1475,.T.);
#3422=EDGE_CURVE('',#2571,#2683,#1476,.T.);
#3423=EDGE_CURVE('',#2683,#2684,#1477,.T.);
#3424=EDGE_CURVE('',#2684,#2685,#1478,.T.);
#3425=EDGE_CURVE('',#2685,#2586,#1479,.T.);
#3426=EDGE_CURVE('',#2679,#2682,#1480,.T.);
#3427=EDGE_CURVE('',#2681,#2680,#54,.T.);
#3428=EDGE_CURVE('',#2525,#2523,#1481,.T.);
#3429=EDGE_CURVE('',#2522,#2524,#1482,.T.);
#3430=EDGE_CURVE('',#2686,#2687,#393,.T.);
#3431=EDGE_CURVE('',#2687,#2688,#1483,.T.);
#3432=EDGE_CURVE('',#2688,#2689,#394,.T.);
#3433=EDGE_CURVE('',#2689,#2686,#1484,.T.);
#3434=EDGE_CURVE('',#2690,#2569,#395,.T.);
#3435=EDGE_CURVE('',#2568,#2691,#396,.T.);
#3436=EDGE_CURVE('',#2691,#2690,#1485,.T.);
#3437=EDGE_CURVE('',#2692,#2583,#1486,.T.);
#3438=EDGE_CURVE('',#2582,#2693,#1487,.T.);
#3439=EDGE_CURVE('',#2693,#2692,#55,.T.);
#3440=EDGE_CURVE('',#2694,#2574,#1488,.T.);
#3441=EDGE_CURVE('',#2573,#2695,#1489,.T.);
#3442=EDGE_CURVE('',#2695,#2694,#1490,.T.);
#3443=EDGE_CURVE('',#2696,#2584,#1491,.T.);
#3444=EDGE_CURVE('',#2692,#2696,#1492,.T.);
#3445=EDGE_CURVE('',#2694,#2697,#56,.T.);
#3446=EDGE_CURVE('',#2697,#2575,#1493,.T.);
#3447=EDGE_CURVE('',#2698,#2699,#57,.T.);
#3448=EDGE_CURVE('',#2699,#2577,#1494,.T.);
#3449=EDGE_CURVE('',#2576,#2698,#1495,.T.);
#3450=EDGE_CURVE('',#2700,#2701,#1496,.T.);
#3451=EDGE_CURVE('',#2701,#2702,#1497,.T.);
#3452=EDGE_CURVE('',#2702,#2703,#1498,.T.);
#3453=EDGE_CURVE('',#2703,#2700,#1499,.T.);
#3454=EDGE_CURVE('',#2704,#2705,#1500,.T.);
#3455=EDGE_CURVE('',#2705,#2706,#1501,.T.);
#3456=EDGE_CURVE('',#2706,#2707,#1502,.T.);
#3457=EDGE_CURVE('',#2707,#2704,#1503,.T.);
#3458=EDGE_CURVE('',#2708,#2709,#397,.T.);
#3459=EDGE_CURVE('',#2709,#2710,#1504,.T.);
#3460=EDGE_CURVE('',#2710,#2711,#398,.T.);
#3461=EDGE_CURVE('',#2711,#2708,#1505,.T.);
#3462=EDGE_CURVE('',#2684,#2712,#1506,.T.);
#3463=EDGE_CURVE('',#2712,#2707,#399,.T.);
#3464=EDGE_CURVE('',#2706,#2650,#1507,.T.);
#3465=EDGE_CURVE('',#2649,#2685,#1508,.T.);
#3466=EDGE_CURVE('',#2713,#2704,#400,.T.);
#3467=EDGE_CURVE('',#2712,#2713,#1509,.T.);
#3468=EDGE_CURVE('',#2687,#2714,#1510,.T.);
#3469=EDGE_CURVE('',#2714,#2715,#1511,.T.);
#3470=EDGE_CURVE('',#2715,#2688,#1512,.T.);
#3471=EDGE_CURVE('',#2716,#2717,#401,.T.);
#3472=EDGE_CURVE('',#2717,#2718,#1513,.T.);
#3473=EDGE_CURVE('',#2718,#2719,#402,.T.);
#3474=EDGE_CURVE('',#2719,#2716,#1514,.T.);
#3475=EDGE_CURVE('',#2485,#2711,#1515,.T.);
#3476=EDGE_CURVE('',#2710,#2703,#1516,.T.);
#3477=EDGE_CURVE('',#2702,#2720,#1517,.T.);
#3478=EDGE_CURVE('',#2720,#2536,#1518,.T.);
#3479=EDGE_CURVE('',#2721,#2580,#1519,.T.);
#3480=EDGE_CURVE('',#2556,#2720,#1520,.T.);
#3481=EDGE_CURVE('',#2701,#2570,#1521,.T.);
#3482=EDGE_CURVE('',#2579,#2722,#1522,.T.);
#3483=EDGE_CURVE('',#2722,#2721,#1523,.T.);
#3484=EDGE_CURVE('',#2714,#2723,#403,.T.);
#3485=EDGE_CURVE('',#2723,#2724,#1524,.T.);
#3486=EDGE_CURVE('',#2724,#2715,#404,.T.);
#3487=EDGE_CURVE('',#2723,#2716,#1525,.T.);
#3488=EDGE_CURVE('',#2719,#2724,#1526,.T.);
#3489=EDGE_CURVE('',#2725,#2722,#58,.T.);
#3490=EDGE_CURVE('',#2578,#2725,#1527,.T.);
#3491=EDGE_CURVE('',#2726,#2727,#405,.T.);
#3492=EDGE_CURVE('',#2727,#2728,#1528,.T.);
#3493=EDGE_CURVE('',#2728,#2729,#406,.T.);
#3494=EDGE_CURVE('',#2729,#2726,#1529,.T.);
#3495=EDGE_CURVE('',#2705,#2651,#1530,.T.);
#3496=EDGE_CURVE('',#2699,#2725,#1531,.T.);
#3497=EDGE_CURVE('',#2727,#2730,#1532,.T.);
#3498=EDGE_CURVE('',#2730,#2731,#1533,.T.);
#3499=EDGE_CURVE('',#2731,#2728,#1534,.T.);
#3500=EDGE_CURVE('',#2682,#2695,#59,.T.);
#3501=EDGE_CURVE('',#2709,#2700,#1535,.T.);
#3502=EDGE_CURVE('',#2721,#2732,#60,.T.);
#3503=EDGE_CURVE('',#2732,#2581,#1536,.T.);
#3504=EDGE_CURVE('',#2733,#2690,#1537,.T.);
#3505=EDGE_CURVE('',#2691,#2734,#1538,.T.);
#3506=EDGE_CURVE('',#2734,#2733,#1539,.T.);
#3507=EDGE_CURVE('',#2732,#2693,#1540,.T.);
#3508=EDGE_CURVE('',#2696,#2559,#61,.T.);
#3509=EDGE_CURVE('',#2683,#2713,#1541,.T.);
#3510=EDGE_CURVE('',#2717,#2726,#1542,.T.);
#3511=EDGE_CURVE('',#2729,#2718,#1543,.T.);
#3512=EDGE_CURVE('',#2735,#2736,#1544,.T.);
#3513=EDGE_CURVE('',#2736,#2737,#1545,.T.);
#3514=EDGE_CURVE('',#2737,#2738,#1546,.T.);
#3515=EDGE_CURVE('',#2738,#2735,#1547,.T.);
#3516=EDGE_CURVE('',#2697,#2698,#1548,.T.);
#3517=EDGE_CURVE('',#2544,#2708,#1549,.T.);
#3518=EDGE_CURVE('',#2730,#2733,#407,.T.);
#3519=EDGE_CURVE('',#2734,#2731,#408,.T.);
#3520=EDGE_CURVE('',#2739,#2740,#1550,.T.);
#3521=EDGE_CURVE('',#2740,#2741,#1551,.T.);
#3522=EDGE_CURVE('',#2741,#2742,#1552,.T.);
#3523=EDGE_CURVE('',#2742,#2739,#1553,.T.);
#3524=EDGE_CURVE('',#2743,#2744,#1554,.T.);
#3525=EDGE_CURVE('',#2744,#2745,#1555,.T.);
#3526=EDGE_CURVE('',#2745,#2746,#1556,.T.);
#3527=EDGE_CURVE('',#2746,#2743,#1557,.T.);
#3528=EDGE_CURVE('',#2747,#2686,#1558,.T.);
#3529=EDGE_CURVE('',#2689,#2748,#1559,.T.);
#3530=EDGE_CURVE('',#2748,#2747,#1560,.T.);
#3531=EDGE_CURVE('',#2749,#2743,#409,.T.);
#3532=EDGE_CURVE('',#2746,#2750,#410,.T.);
#3533=EDGE_CURVE('',#2750,#2749,#1561,.T.);
#3534=EDGE_CURVE('',#2744,#2751,#411,.T.);
#3535=EDGE_CURVE('',#2751,#2752,#1562,.T.);
#3536=EDGE_CURVE('',#2752,#2745,#412,.T.);
#3537=EDGE_CURVE('',#2753,#2754,#413,.T.);
#3538=EDGE_CURVE('',#2754,#2755,#1563,.T.);
#3539=EDGE_CURVE('',#2755,#2756,#414,.T.);
#3540=EDGE_CURVE('',#2756,#2753,#1564,.T.);
#3541=EDGE_CURVE('',#2757,#2563,#415,.T.);
#3542=EDGE_CURVE('',#2562,#2758,#416,.T.);
#3543=EDGE_CURVE('',#2758,#2757,#1565,.T.);
#3544=EDGE_CURVE('',#2553,#2735,#417,.T.);
#3545=EDGE_CURVE('',#2738,#2554,#418,.T.);
#3546=EDGE_CURVE('',#2736,#2759,#419,.T.);
#3547=EDGE_CURVE('',#2759,#2760,#1566,.T.);
#3548=EDGE_CURVE('',#2760,#2737,#420,.T.);
#3549=EDGE_CURVE('',#2567,#2476,#1567,.T.);
#3550=EDGE_CURVE('',#2475,#2564,#1568,.T.);
#3551=EDGE_CURVE('',#2761,#2762,#421,.T.);
#3552=EDGE_CURVE('',#2762,#2763,#1569,.T.);
#3553=EDGE_CURVE('',#2763,#2764,#422,.T.);
#3554=EDGE_CURVE('',#2764,#2761,#1570,.T.);
#3555=EDGE_CURVE('',#2552,#2765,#1571,.T.);
#3556=EDGE_CURVE('',#2765,#2766,#1572,.T.);
#3557=EDGE_CURVE('',#2766,#2553,#1573,.T.);
#3558=EDGE_CURVE('',#2759,#2761,#1574,.T.);
#3559=EDGE_CURVE('',#2764,#2760,#1575,.T.);
#3560=EDGE_CURVE('',#2555,#2767,#1576,.T.);
#3561=EDGE_CURVE('',#2767,#2765,#1577,.T.);
#3562=EDGE_CURVE('',#2754,#2757,#1578,.T.);
#3563=EDGE_CURVE('',#2758,#2755,#1579,.T.);
#3564=EDGE_CURVE('',#2560,#2768,#1580,.T.);
#3565=EDGE_CURVE('',#2768,#2769,#1581,.T.);
#3566=EDGE_CURVE('',#2769,#2561,#1582,.T.);
#3567=EDGE_CURVE('',#2751,#2770,#1583,.T.);
#3568=EDGE_CURVE('',#2770,#2771,#1584,.T.);
#3569=EDGE_CURVE('',#2771,#2752,#1585,.T.);
#3570=EDGE_CURVE('',#2772,#2766,#1586,.T.);
#3571=EDGE_CURVE('',#2767,#2769,#1587,.T.);
#3572=EDGE_CURVE('',#2768,#2772,#1588,.T.);
#3573=EDGE_CURVE('',#2565,#2739,#423,.T.);
#3574=EDGE_CURVE('',#2742,#2566,#424,.T.);
#3575=EDGE_CURVE('',#2741,#2748,#425,.T.);
#3576=EDGE_CURVE('',#2762,#2749,#1589,.T.);
#3577=EDGE_CURVE('',#2750,#2763,#1590,.T.);
#3578=EDGE_CURVE('',#2771,#2773,#426,.T.);
#3579=EDGE_CURVE('',#2773,#2756,#1591,.T.);
#3580=EDGE_CURVE('',#2774,#2753,#1592,.T.);
#3581=EDGE_CURVE('',#2773,#2774,#1593,.T.);
#3582=EDGE_CURVE('',#2770,#2774,#427,.T.);
#3583=EDGE_CURVE('',#2569,#2549,#1594,.T.);
#3584=EDGE_CURVE('',#2535,#2565,#1595,.T.);
#3585=EDGE_CURVE('',#2563,#2772,#1596,.T.);
#3586=EDGE_CURVE('',#2740,#2747,#428,.T.);
#3587=EDGE_CURVE('',#2775,#2776,#429,.T.);
#3588=EDGE_CURVE('',#2776,#2777,#1597,.T.);
#3589=EDGE_CURVE('',#2777,#2778,#1598,.T.);
#3590=EDGE_CURVE('',#2778,#2779,#430,.T.);
#3591=EDGE_CURVE('',#2779,#2780,#1599,.T.);
#3592=EDGE_CURVE('',#2780,#2781,#431,.T.);
#3593=EDGE_CURVE('',#2781,#2775,#1600,.T.);
#3594=EDGE_CURVE('',#2782,#2782,#432,.T.);
#3595=EDGE_CURVE('',#2538,#2783,#1601,.T.);
#3596=EDGE_CURVE('',#2783,#2784,#1602,.T.);
#3597=EDGE_CURVE('',#2784,#2550,#1603,.T.);
#3598=EDGE_CURVE('',#2547,#2785,#1604,.T.);
#3599=EDGE_CURVE('',#2785,#2786,#1605,.T.);
#3600=EDGE_CURVE('',#2786,#2652,#1606,.T.);
#3601=EDGE_CURVE('',#2666,#2787,#62,.T.);
#3602=EDGE_CURVE('',#2787,#2788,#1607,.T.);
#3603=EDGE_CURVE('',#2788,#2673,#63,.T.);
#3604=EDGE_CURVE('',#2676,#2789,#1608,.T.);
#3605=EDGE_CURVE('',#2789,#2790,#1609,.T.);
#3606=EDGE_CURVE('',#2790,#2537,#1610,.T.);
#3607=EDGE_CURVE('',#2786,#2791,#1611,.T.);
#3608=EDGE_CURVE('',#2791,#2665,#433,.T.);
#3609=EDGE_CURVE('',#2542,#2792,#1612,.T.);
#3610=EDGE_CURVE('',#2792,#2793,#434,.T.);
#3611=EDGE_CURVE('',#2793,#2543,#1613,.T.);
#3612=EDGE_CURVE('',#2551,#2794,#1614,.T.);
#3613=EDGE_CURVE('',#2794,#2792,#1615,.T.);
#3614=EDGE_CURVE('',#2546,#2795,#1616,.T.);
#3615=EDGE_CURVE('',#2795,#2785,#435,.T.);
#3616=EDGE_CURVE('',#2793,#2795,#1617,.T.);
#3617=EDGE_CURVE('',#2784,#2794,#436,.T.);
#3618=EDGE_CURVE('',#2790,#2783,#437,.T.);
#3619=EDGE_CURVE('',#2791,#2787,#1618,.T.);
#3620=EDGE_CURVE('',#2675,#2796,#1619,.T.);
#3621=EDGE_CURVE('',#2796,#2789,#1620,.T.);
#3622=EDGE_CURVE('',#2788,#2797,#1621,.T.);
#3623=EDGE_CURVE('',#2797,#2674,#438,.T.);
#3624=EDGE_CURVE('',#2797,#2796,#1622,.T.);
#3625=EDGE_CURVE('',#2798,#2799,#1623,.T.);
#3626=EDGE_CURVE('',#2799,#2777,#1624,.T.);
#3627=EDGE_CURVE('',#2776,#2798,#1625,.T.);
#3628=EDGE_CURVE('',#2800,#2801,#1626,.T.);
#3629=EDGE_CURVE('',#2801,#2802,#1627,.T.);
#3630=EDGE_CURVE('',#2802,#2803,#1628,.T.);
#3631=EDGE_CURVE('',#2803,#2800,#1629,.T.);
#3632=EDGE_CURVE('',#2799,#2804,#1630,.T.);
#3633=EDGE_CURVE('',#2804,#2778,#1631,.T.);
#3634=EDGE_CURVE('',#2805,#2798,#439,.T.);
#3635=EDGE_CURVE('',#2775,#2805,#1632,.T.);
#3636=EDGE_CURVE('',#2806,#2805,#1633,.T.);
#3637=EDGE_CURVE('',#2781,#2806,#1634,.T.);
#3638=EDGE_CURVE('',#2801,#2807,#1635,.T.);
#3639=EDGE_CURVE('',#2807,#2808,#1636,.T.);
#3640=EDGE_CURVE('',#2808,#2802,#1637,.T.);
#3641=EDGE_CURVE('',#2809,#2809,#440,.T.);
#3642=EDGE_CURVE('',#2809,#2782,#1638,.T.);
#3643=EDGE_CURVE('',#2804,#2810,#441,.T.);
#3644=EDGE_CURVE('',#2810,#2779,#1639,.T.);
#3645=EDGE_CURVE('',#2810,#2811,#1640,.T.);
#3646=EDGE_CURVE('',#2811,#2780,#1641,.T.);
#3647=EDGE_CURVE('',#2811,#2806,#442,.T.);
#3648=EDGE_CURVE('',#2812,#2813,#1642,.T.);
#3649=EDGE_CURVE('',#2813,#2807,#1643,.T.);
#3650=EDGE_CURVE('',#2800,#2812,#1644,.T.);
#3651=EDGE_CURVE('',#2803,#2814,#1645,.T.);
#3652=EDGE_CURVE('',#2814,#2812,#1646,.T.);
#3653=EDGE_CURVE('',#2813,#2815,#1647,.T.);
#3654=EDGE_CURVE('',#2815,#2808,#1648,.T.);
#3655=EDGE_CURVE('',#2815,#2814,#1649,.T.);
#3656=ORIENTED_EDGE('',*,*,#2816,.T.);
#3657=ORIENTED_EDGE('',*,*,#2817,.F.);
#3658=ORIENTED_EDGE('',*,*,#2818,.T.);
#3659=ORIENTED_EDGE('',*,*,#2819,.F.);
#3660=ORIENTED_EDGE('',*,*,#2820,.T.);
#3661=ORIENTED_EDGE('',*,*,#2821,.T.);
#3662=ORIENTED_EDGE('',*,*,#2822,.F.);
#3663=ORIENTED_EDGE('',*,*,#2823,.T.);
#3664=ORIENTED_EDGE('',*,*,#2824,.F.);
#3665=ORIENTED_EDGE('',*,*,#2825,.T.);
#3666=ORIENTED_EDGE('',*,*,#2826,.T.);
#3667=ORIENTED_EDGE('',*,*,#2827,.T.);
#3668=ORIENTED_EDGE('',*,*,#2828,.T.);
#3669=ORIENTED_EDGE('',*,*,#2829,.T.);
#3670=ORIENTED_EDGE('',*,*,#2816,.F.);
#3671=ORIENTED_EDGE('',*,*,#2820,.F.);
#3672=ORIENTED_EDGE('',*,*,#2830,.T.);
#3673=ORIENTED_EDGE('',*,*,#2831,.T.);
#3674=ORIENTED_EDGE('',*,*,#2832,.T.);
#3675=ORIENTED_EDGE('',*,*,#2833,.T.);
#3676=ORIENTED_EDGE('',*,*,#2821,.F.);
#3677=ORIENTED_EDGE('',*,*,#2825,.F.);
#3678=ORIENTED_EDGE('',*,*,#2834,.T.);
#3679=ORIENTED_EDGE('',*,*,#2835,.T.);
#3680=ORIENTED_EDGE('',*,*,#2836,.T.);
#3681=ORIENTED_EDGE('',*,*,#2837,.T.);
#3682=ORIENTED_EDGE('',*,*,#2838,.T.);
#3683=ORIENTED_EDGE('',*,*,#2839,.T.);
#3684=ORIENTED_EDGE('',*,*,#2840,.T.);
#3685=ORIENTED_EDGE('',*,*,#2836,.F.);
#3686=ORIENTED_EDGE('',*,*,#2841,.T.);
#3687=ORIENTED_EDGE('',*,*,#2842,.T.);
#3688=ORIENTED_EDGE('',*,*,#2843,.T.);
#3689=ORIENTED_EDGE('',*,*,#2818,.F.);
#3690=ORIENTED_EDGE('',*,*,#2844,.T.);
#3691=ORIENTED_EDGE('',*,*,#2845,.T.);
#3692=ORIENTED_EDGE('',*,*,#2828,.F.);
#3693=ORIENTED_EDGE('',*,*,#2827,.F.);
#3694=ORIENTED_EDGE('',*,*,#2846,.T.);
#3695=ORIENTED_EDGE('',*,*,#2847,.T.);
#3696=ORIENTED_EDGE('',*,*,#2848,.T.);
#3697=ORIENTED_EDGE('',*,*,#2849,.T.);
#3698=ORIENTED_EDGE('',*,*,#2850,.T.);
#3699=ORIENTED_EDGE('',*,*,#2851,.T.);
#3700=ORIENTED_EDGE('',*,*,#2852,.T.);
#3701=ORIENTED_EDGE('',*,*,#2853,.T.);
#3702=ORIENTED_EDGE('',*,*,#2823,.F.);
#3703=ORIENTED_EDGE('',*,*,#2854,.T.);
#3704=ORIENTED_EDGE('',*,*,#2855,.T.);
#3705=ORIENTED_EDGE('',*,*,#2841,.F.);
#3706=ORIENTED_EDGE('',*,*,#2835,.F.);
#3707=ORIENTED_EDGE('',*,*,#2856,.T.);
#3708=ORIENTED_EDGE('',*,*,#2857,.T.);
#3709=ORIENTED_EDGE('',*,*,#2858,.T.);
#3710=ORIENTED_EDGE('',*,*,#2859,.T.);
#3711=ORIENTED_EDGE('',*,*,#2849,.F.);
#3712=ORIENTED_EDGE('',*,*,#2860,.T.);
#3713=ORIENTED_EDGE('',*,*,#2861,.T.);
#3714=ORIENTED_EDGE('',*,*,#2862,.T.);
#3715=ORIENTED_EDGE('',*,*,#2846,.F.);
#3716=ORIENTED_EDGE('',*,*,#2826,.F.);
#3717=ORIENTED_EDGE('',*,*,#2819,.T.);
#3718=ORIENTED_EDGE('',*,*,#2843,.F.);
#3719=ORIENTED_EDGE('',*,*,#2855,.F.);
#3720=ORIENTED_EDGE('',*,*,#2863,.T.);
#3721=ORIENTED_EDGE('',*,*,#2861,.F.);
#3722=ORIENTED_EDGE('',*,*,#2842,.F.);
#3723=ORIENTED_EDGE('',*,*,#2864,.T.);
#3724=ORIENTED_EDGE('',*,*,#2865,.T.);
#3725=ORIENTED_EDGE('',*,*,#2866,.T.);
#3726=ORIENTED_EDGE('',*,*,#2830,.F.);
#3727=ORIENTED_EDGE('',*,*,#2824,.T.);
#3728=ORIENTED_EDGE('',*,*,#2853,.F.);
#3729=ORIENTED_EDGE('',*,*,#2817,.T.);
#3730=ORIENTED_EDGE('',*,*,#2829,.F.);
#3731=ORIENTED_EDGE('',*,*,#2845,.F.);
#3732=ORIENTED_EDGE('',*,*,#2867,.T.);
#3733=ORIENTED_EDGE('',*,*,#2868,.T.);
#3734=ORIENTED_EDGE('',*,*,#2838,.F.);
#3735=ORIENTED_EDGE('',*,*,#2869,.T.);
#3736=ORIENTED_EDGE('',*,*,#2870,.T.);
#3737=ORIENTED_EDGE('',*,*,#2837,.F.);
#3738=ORIENTED_EDGE('',*,*,#2840,.F.);
#3739=ORIENTED_EDGE('',*,*,#2871,.T.);
#3740=ORIENTED_EDGE('',*,*,#2872,.T.);
#3741=ORIENTED_EDGE('',*,*,#2873,.T.);
#3742=ORIENTED_EDGE('',*,*,#2864,.F.);
#3743=ORIENTED_EDGE('',*,*,#2852,.F.);
#3744=ORIENTED_EDGE('',*,*,#2868,.F.);
#3745=ORIENTED_EDGE('',*,*,#2874,.T.);
#3746=ORIENTED_EDGE('',*,*,#2871,.F.);
#3747=ORIENTED_EDGE('',*,*,#2839,.F.);
#3748=ORIENTED_EDGE('',*,*,#2822,.T.);
#3749=ORIENTED_EDGE('',*,*,#2833,.F.);
#3750=ORIENTED_EDGE('',*,*,#2875,.T.);
#3751=ORIENTED_EDGE('',*,*,#2876,.T.);
#3752=ORIENTED_EDGE('',*,*,#2877,.T.);
#3753=ORIENTED_EDGE('',*,*,#2847,.F.);
#3754=ORIENTED_EDGE('',*,*,#2877,.F.);
#3755=ORIENTED_EDGE('',*,*,#2878,.T.);
#3756=ORIENTED_EDGE('',*,*,#2860,.F.);
#3757=ORIENTED_EDGE('',*,*,#2848,.F.);
#3758=ORIENTED_EDGE('',*,*,#2879,.T.);
#3759=ORIENTED_EDGE('',*,*,#2872,.F.);
#3760=ORIENTED_EDGE('',*,*,#2851,.F.);
#3761=ORIENTED_EDGE('',*,*,#2880,.T.);
#3762=ORIENTED_EDGE('',*,*,#2881,.T.);
#3763=ORIENTED_EDGE('',*,*,#2882,.T.);
#3764=ORIENTED_EDGE('',*,*,#2875,.F.);
#3765=ORIENTED_EDGE('',*,*,#2832,.F.);
#3766=ORIENTED_EDGE('',*,*,#2831,.F.);
#3767=ORIENTED_EDGE('',*,*,#2866,.F.);
#3768=ORIENTED_EDGE('',*,*,#2883,.T.);
#3769=ORIENTED_EDGE('',*,*,#2884,.T.);
#3770=ORIENTED_EDGE('',*,*,#2885,.T.);
#3771=ORIENTED_EDGE('',*,*,#2886,.T.);
#3772=ORIENTED_EDGE('',*,*,#2887,.T.);
#3773=ORIENTED_EDGE('',*,*,#2888,.T.);
#3774=ORIENTED_EDGE('',*,*,#2884,.F.);
#3775=ORIENTED_EDGE('',*,*,#2889,.T.);
#3776=ORIENTED_EDGE('',*,*,#2890,.T.);
#3777=ORIENTED_EDGE('',*,*,#2891,.T.);
#3778=ORIENTED_EDGE('',*,*,#2892,.T.);
#3779=ORIENTED_EDGE('',*,*,#2893,.T.);
#3780=ORIENTED_EDGE('',*,*,#2894,.T.);
#3781=ORIENTED_EDGE('',*,*,#2895,.T.);
#3782=ORIENTED_EDGE('',*,*,#2896,.T.);
#3783=ORIENTED_EDGE('',*,*,#2897,.T.);
#3784=ORIENTED_EDGE('',*,*,#2898,.T.);
#3785=ORIENTED_EDGE('',*,*,#2899,.T.);
#3786=ORIENTED_EDGE('',*,*,#2885,.F.);
#3787=ORIENTED_EDGE('',*,*,#2888,.F.);
#3788=ORIENTED_EDGE('',*,*,#2900,.T.);
#3789=ORIENTED_EDGE('',*,*,#2889,.F.);
#3790=ORIENTED_EDGE('',*,*,#2883,.F.);
#3791=ORIENTED_EDGE('',*,*,#2901,.T.);
#3792=ORIENTED_EDGE('',*,*,#2900,.F.);
#3793=ORIENTED_EDGE('',*,*,#2902,.T.);
#3794=ORIENTED_EDGE('',*,*,#2898,.F.);
#3795=ORIENTED_EDGE('',*,*,#2887,.F.);
#3796=ORIENTED_EDGE('',*,*,#2903,.T.);
#3797=ORIENTED_EDGE('',*,*,#2904,.T.);
#3798=ORIENTED_EDGE('',*,*,#2905,.T.);
#3799=ORIENTED_EDGE('',*,*,#2906,.T.);
#3800=ORIENTED_EDGE('',*,*,#2907,.T.);
#3801=ORIENTED_EDGE('',*,*,#2908,.T.);
#3802=ORIENTED_EDGE('',*,*,#2909,.T.);
#3803=ORIENTED_EDGE('',*,*,#2910,.T.);
#3804=ORIENTED_EDGE('',*,*,#2911,.T.);
#3805=ORIENTED_EDGE('',*,*,#2912,.T.);
#3806=ORIENTED_EDGE('',*,*,#2913,.T.);
#3807=ORIENTED_EDGE('',*,*,#2914,.T.);
#3808=ORIENTED_EDGE('',*,*,#2915,.T.);
#3809=ORIENTED_EDGE('',*,*,#2916,.T.);
#3810=ORIENTED_EDGE('',*,*,#2917,.T.);
#3811=ORIENTED_EDGE('',*,*,#2918,.T.);
#3812=ORIENTED_EDGE('',*,*,#2919,.T.);
#3813=ORIENTED_EDGE('',*,*,#2920,.T.);
#3814=ORIENTED_EDGE('',*,*,#2921,.T.);
#3815=ORIENTED_EDGE('',*,*,#2916,.F.);
#3816=ORIENTED_EDGE('',*,*,#2922,.T.);
#3817=ORIENTED_EDGE('',*,*,#2923,.T.);
#3818=ORIENTED_EDGE('',*,*,#2924,.T.);
#3819=ORIENTED_EDGE('',*,*,#2920,.F.);
#3820=ORIENTED_EDGE('',*,*,#2917,.F.);
#3821=ORIENTED_EDGE('',*,*,#2921,.F.);
#3822=ORIENTED_EDGE('',*,*,#2924,.F.);
#3823=ORIENTED_EDGE('',*,*,#2925,.T.);
#3824=ORIENTED_EDGE('',*,*,#2915,.F.);
#3825=ORIENTED_EDGE('',*,*,#2926,.T.);
#3826=ORIENTED_EDGE('',*,*,#2922,.F.);
#3827=ORIENTED_EDGE('',*,*,#2919,.F.);
#3828=ORIENTED_EDGE('',*,*,#2869,.F.);
#3829=ORIENTED_EDGE('',*,*,#2874,.F.);
#3830=ORIENTED_EDGE('',*,*,#2867,.F.);
#3831=ORIENTED_EDGE('',*,*,#2844,.F.);
#3832=ORIENTED_EDGE('',*,*,#2862,.F.);
#3833=ORIENTED_EDGE('',*,*,#2863,.F.);
#3834=ORIENTED_EDGE('',*,*,#2854,.F.);
#3835=ORIENTED_EDGE('',*,*,#2927,.T.);
#3836=ORIENTED_EDGE('',*,*,#2928,.T.);
#3837=ORIENTED_EDGE('',*,*,#2929,.T.);
#3838=ORIENTED_EDGE('',*,*,#2930,.T.);
#3839=ORIENTED_EDGE('',*,*,#2931,.T.);
#3840=ORIENTED_EDGE('',*,*,#2932,.T.);
#3841=ORIENTED_EDGE('',*,*,#2933,.T.);
#3842=ORIENTED_EDGE('',*,*,#2934,.T.);
#3843=ORIENTED_EDGE('',*,*,#2929,.F.);
#3844=ORIENTED_EDGE('',*,*,#2935,.T.);
#3845=ORIENTED_EDGE('',*,*,#2936,.T.);
#3846=ORIENTED_EDGE('',*,*,#2937,.T.);
#3847=ORIENTED_EDGE('',*,*,#2933,.F.);
#3848=ORIENTED_EDGE('',*,*,#2938,.T.);
#3849=ORIENTED_EDGE('',*,*,#2939,.T.);
#3850=ORIENTED_EDGE('',*,*,#2927,.F.);
#3851=ORIENTED_EDGE('',*,*,#2856,.F.);
#3852=ORIENTED_EDGE('',*,*,#2834,.F.);
#3853=ORIENTED_EDGE('',*,*,#2870,.F.);
#3854=ORIENTED_EDGE('',*,*,#2931,.F.);
#3855=ORIENTED_EDGE('',*,*,#2940,.T.);
#3856=ORIENTED_EDGE('',*,*,#2857,.F.);
#3857=ORIENTED_EDGE('',*,*,#2878,.F.);
#3858=ORIENTED_EDGE('',*,*,#2876,.F.);
#3859=ORIENTED_EDGE('',*,*,#2882,.F.);
#3860=ORIENTED_EDGE('',*,*,#2865,.F.);
#3861=ORIENTED_EDGE('',*,*,#2873,.F.);
#3862=ORIENTED_EDGE('',*,*,#2879,.F.);
#3863=ORIENTED_EDGE('',*,*,#2941,.T.);
#3864=ORIENTED_EDGE('',*,*,#2942,.T.);
#3865=ORIENTED_EDGE('',*,*,#2943,.T.);
#3866=ORIENTED_EDGE('',*,*,#2944,.T.);
#3867=ORIENTED_EDGE('',*,*,#2945,.T.);
#3868=ORIENTED_EDGE('',*,*,#2946,.T.);
#3869=ORIENTED_EDGE('',*,*,#2947,.T.);
#3870=ORIENTED_EDGE('',*,*,#2948,.T.);
#3871=ORIENTED_EDGE('',*,*,#2943,.F.);
#3872=ORIENTED_EDGE('',*,*,#2949,.T.);
#3873=ORIENTED_EDGE('',*,*,#2938,.F.);
#3874=ORIENTED_EDGE('',*,*,#2950,.T.);
#3875=ORIENTED_EDGE('',*,*,#2951,.T.);
#3876=ORIENTED_EDGE('',*,*,#2952,.T.);
#3877=ORIENTED_EDGE('',*,*,#2953,.T.);
#3878=ORIENTED_EDGE('',*,*,#2954,.T.);
#3879=ORIENTED_EDGE('',*,*,#2947,.F.);
#3880=ORIENTED_EDGE('',*,*,#2955,.T.);
#3881=ORIENTED_EDGE('',*,*,#2956,.T.);
#3882=ORIENTED_EDGE('',*,*,#2957,.T.);
#3883=ORIENTED_EDGE('',*,*,#2958,.T.);
#3884=ORIENTED_EDGE('',*,*,#2959,.T.);
#3885=ORIENTED_EDGE('',*,*,#2880,.F.);
#3886=ORIENTED_EDGE('',*,*,#2850,.F.);
#3887=ORIENTED_EDGE('',*,*,#2859,.F.);
#3888=ORIENTED_EDGE('',*,*,#2956,.F.);
#3889=ORIENTED_EDGE('',*,*,#2960,.T.);
#3890=ORIENTED_EDGE('',*,*,#2941,.F.);
#3891=ORIENTED_EDGE('',*,*,#2881,.F.);
#3892=ORIENTED_EDGE('',*,*,#2959,.F.);
#3893=ORIENTED_EDGE('',*,*,#2858,.F.);
#3894=ORIENTED_EDGE('',*,*,#2945,.F.);
#3895=ORIENTED_EDGE('',*,*,#2961,.T.);
#3896=ORIENTED_EDGE('',*,*,#2962,.T.);
#3897=ORIENTED_EDGE('',*,*,#2963,.T.);
#3898=ORIENTED_EDGE('',*,*,#2964,.T.);
#3899=ORIENTED_EDGE('',*,*,#2965,.T.);
#3900=ORIENTED_EDGE('',*,*,#2966,.T.);
#3901=ORIENTED_EDGE('',*,*,#2967,.T.);
#3902=ORIENTED_EDGE('',*,*,#2968,.T.);
#3903=ORIENTED_EDGE('',*,*,#2969,.T.);
#3904=ORIENTED_EDGE('',*,*,#2970,.T.);
#3905=ORIENTED_EDGE('',*,*,#2969,.F.);
#3906=ORIENTED_EDGE('',*,*,#2971,.T.);
#3907=ORIENTED_EDGE('',*,*,#2972,.T.);
#3908=ORIENTED_EDGE('',*,*,#2973,.T.);
#3909=ORIENTED_EDGE('',*,*,#2965,.F.);
#3910=ORIENTED_EDGE('',*,*,#2974,.T.);
#3911=ORIENTED_EDGE('',*,*,#2975,.T.);
#3912=ORIENTED_EDGE('',*,*,#2886,.F.);
#3913=ORIENTED_EDGE('',*,*,#2899,.F.);
#3914=ORIENTED_EDGE('',*,*,#2902,.F.);
#3915=ORIENTED_EDGE('',*,*,#2901,.F.);
#3916=ORIENTED_EDGE('',*,*,#2976,.T.);
#3917=ORIENTED_EDGE('',*,*,#2977,.T.);
#3918=ORIENTED_EDGE('',*,*,#2978,.T.);
#3919=ORIENTED_EDGE('',*,*,#2979,.T.);
#3920=ORIENTED_EDGE('',*,*,#2925,.F.);
#3921=ORIENTED_EDGE('',*,*,#2923,.F.);
#3922=ORIENTED_EDGE('',*,*,#2926,.F.);
#3923=ORIENTED_EDGE('',*,*,#2918,.F.);
#3924=ORIENTED_EDGE('',*,*,#2980,.T.);
#3925=ORIENTED_EDGE('',*,*,#2981,.T.);
#3926=ORIENTED_EDGE('',*,*,#2982,.T.);
#3927=ORIENTED_EDGE('',*,*,#2983,.T.);
#3928=ORIENTED_EDGE('',*,*,#2984,.T.);
#3929=ORIENTED_EDGE('',*,*,#2985,.T.);
#3930=ORIENTED_EDGE('',*,*,#2986,.T.);
#3931=ORIENTED_EDGE('',*,*,#2963,.F.);
#3932=ORIENTED_EDGE('',*,*,#2987,.T.);
#3933=ORIENTED_EDGE('',*,*,#2988,.T.);
#3934=ORIENTED_EDGE('',*,*,#2989,.T.);
#3935=ORIENTED_EDGE('',*,*,#2977,.F.);
#3936=ORIENTED_EDGE('',*,*,#2990,.T.);
#3937=ORIENTED_EDGE('',*,*,#2991,.T.);
#3938=ORIENTED_EDGE('',*,*,#2992,.T.);
#3939=ORIENTED_EDGE('',*,*,#2993,.T.);
#3940=ORIENTED_EDGE('',*,*,#2994,.T.);
#3941=ORIENTED_EDGE('',*,*,#2995,.T.);
#3942=ORIENTED_EDGE('',*,*,#2996,.T.);
#3943=ORIENTED_EDGE('',*,*,#2997,.T.);
#3944=ORIENTED_EDGE('',*,*,#2998,.T.);
#3945=ORIENTED_EDGE('',*,*,#2999,.T.);
#3946=ORIENTED_EDGE('',*,*,#3000,.T.);
#3947=ORIENTED_EDGE('',*,*,#3001,.T.);
#3948=ORIENTED_EDGE('',*,*,#3002,.T.);
#3949=ORIENTED_EDGE('',*,*,#3003,.T.);
#3950=ORIENTED_EDGE('',*,*,#3004,.T.);
#3951=ORIENTED_EDGE('',*,*,#3005,.T.);
#3952=ORIENTED_EDGE('',*,*,#3006,.T.);
#3953=ORIENTED_EDGE('',*,*,#3007,.T.);
#3954=ORIENTED_EDGE('',*,*,#3008,.T.);
#3955=ORIENTED_EDGE('',*,*,#3009,.T.);
#3956=ORIENTED_EDGE('',*,*,#3010,.T.);
#3957=ORIENTED_EDGE('',*,*,#3011,.T.);
#3958=ORIENTED_EDGE('',*,*,#3012,.T.);
#3959=ORIENTED_EDGE('',*,*,#3013,.T.);
#3960=ORIENTED_EDGE('',*,*,#3014,.T.);
#3961=ORIENTED_EDGE('',*,*,#3015,.T.);
#3962=ORIENTED_EDGE('',*,*,#3016,.T.);
#3963=ORIENTED_EDGE('',*,*,#3017,.T.);
#3964=ORIENTED_EDGE('',*,*,#3018,.T.);
#3965=ORIENTED_EDGE('',*,*,#3019,.T.);
#3966=ORIENTED_EDGE('',*,*,#3020,.T.);
#3967=ORIENTED_EDGE('',*,*,#3021,.T.);
#3968=ORIENTED_EDGE('',*,*,#3022,.T.);
#3969=ORIENTED_EDGE('',*,*,#3021,.F.);
#3970=ORIENTED_EDGE('',*,*,#3023,.T.);
#3971=ORIENTED_EDGE('',*,*,#3024,.T.);
#3972=ORIENTED_EDGE('',*,*,#3025,.T.);
#3973=ORIENTED_EDGE('',*,*,#3024,.F.);
#3974=ORIENTED_EDGE('',*,*,#3026,.T.);
#3975=ORIENTED_EDGE('',*,*,#3027,.T.);
#3976=ORIENTED_EDGE('',*,*,#2896,.F.);
#3977=ORIENTED_EDGE('',*,*,#3028,.T.);
#3978=ORIENTED_EDGE('',*,*,#3029,.T.);
#3979=ORIENTED_EDGE('',*,*,#3030,.T.);
#3980=ORIENTED_EDGE('',*,*,#3031,.T.);
#3981=ORIENTED_EDGE('',*,*,#3032,.T.);
#3982=ORIENTED_EDGE('',*,*,#3033,.T.);
#3983=ORIENTED_EDGE('',*,*,#3034,.T.);
#3984=ORIENTED_EDGE('',*,*,#3035,.T.);
#3985=ORIENTED_EDGE('',*,*,#3036,.T.);
#3986=ORIENTED_EDGE('',*,*,#3037,.T.);
#3987=ORIENTED_EDGE('',*,*,#3038,.T.);
#3988=ORIENTED_EDGE('',*,*,#2987,.F.);
#3989=ORIENTED_EDGE('',*,*,#2976,.F.);
#3990=ORIENTED_EDGE('',*,*,#3039,.T.);
#3991=ORIENTED_EDGE('',*,*,#3040,.T.);
#3992=ORIENTED_EDGE('',*,*,#3041,.T.);
#3993=ORIENTED_EDGE('',*,*,#3042,.T.);
#3994=ORIENTED_EDGE('',*,*,#2903,.F.);
#3995=ORIENTED_EDGE('',*,*,#3043,.T.);
#3996=ORIENTED_EDGE('',*,*,#3044,.T.);
#3997=ORIENTED_EDGE('',*,*,#3045,.T.);
#3998=ORIENTED_EDGE('',*,*,#3046,.T.);
#3999=ORIENTED_EDGE('',*,*,#2984,.F.);
#4000=ORIENTED_EDGE('',*,*,#2962,.F.);
#4001=ORIENTED_EDGE('',*,*,#2973,.F.);
#4002=ORIENTED_EDGE('',*,*,#3047,.T.);
#4003=ORIENTED_EDGE('',*,*,#3048,.T.);
#4004=ORIENTED_EDGE('',*,*,#3049,.T.);
#4005=ORIENTED_EDGE('',*,*,#3050,.T.);
#4006=ORIENTED_EDGE('',*,*,#3051,.T.);
#4007=ORIENTED_EDGE('',*,*,#3006,.F.);
#4008=ORIENTED_EDGE('',*,*,#3052,.T.);
#4009=ORIENTED_EDGE('',*,*,#3003,.F.);
#4010=ORIENTED_EDGE('',*,*,#3053,.T.);
#4011=ORIENTED_EDGE('',*,*,#3054,.T.);
#4012=ORIENTED_EDGE('',*,*,#3055,.T.);
#4013=ORIENTED_EDGE('',*,*,#3010,.F.);
#4014=ORIENTED_EDGE('',*,*,#3056,.T.);
#4015=ORIENTED_EDGE('',*,*,#2995,.F.);
#4016=ORIENTED_EDGE('',*,*,#3057,.T.);
#4017=ORIENTED_EDGE('',*,*,#3058,.T.);
#4018=ORIENTED_EDGE('',*,*,#3059,.T.);
#4019=ORIENTED_EDGE('',*,*,#3060,.T.);
#4020=ORIENTED_EDGE('',*,*,#2990,.F.);
#4021=ORIENTED_EDGE('',*,*,#3028,.F.);
#4022=ORIENTED_EDGE('',*,*,#2895,.F.);
#4023=ORIENTED_EDGE('',*,*,#3061,.T.);
#4024=ORIENTED_EDGE('',*,*,#3062,.T.);
#4025=ORIENTED_EDGE('',*,*,#3063,.T.);
#4026=ORIENTED_EDGE('',*,*,#3064,.T.);
#4027=ORIENTED_EDGE('',*,*,#3061,.F.);
#4028=ORIENTED_EDGE('',*,*,#2894,.F.);
#4029=ORIENTED_EDGE('',*,*,#3065,.T.);
#4030=ORIENTED_EDGE('',*,*,#3042,.F.);
#4031=ORIENTED_EDGE('',*,*,#3066,.T.);
#4032=ORIENTED_EDGE('',*,*,#3067,.T.);
#4033=ORIENTED_EDGE('',*,*,#2904,.F.);
#4034=ORIENTED_EDGE('',*,*,#3068,.T.);
#4035=ORIENTED_EDGE('',*,*,#3069,.T.);
#4036=ORIENTED_EDGE('',*,*,#3070,.T.);
#4037=ORIENTED_EDGE('',*,*,#3071,.T.);
#4038=ORIENTED_EDGE('',*,*,#3072,.T.);
#4039=ORIENTED_EDGE('',*,*,#3070,.F.);
#4040=ORIENTED_EDGE('',*,*,#3073,.T.);
#4041=ORIENTED_EDGE('',*,*,#3074,.T.);
#4042=ORIENTED_EDGE('',*,*,#3075,.T.);
#4043=ORIENTED_EDGE('',*,*,#3076,.T.);
#4044=ORIENTED_EDGE('',*,*,#3077,.T.);
#4045=ORIENTED_EDGE('',*,*,#2890,.F.);
#4046=ORIENTED_EDGE('',*,*,#3043,.F.);
#4047=ORIENTED_EDGE('',*,*,#2906,.F.);
#4048=ORIENTED_EDGE('',*,*,#3078,.T.);
#4049=ORIENTED_EDGE('',*,*,#3079,.T.);
#4050=ORIENTED_EDGE('',*,*,#3030,.F.);
#4051=ORIENTED_EDGE('',*,*,#3080,.T.);
#4052=ORIENTED_EDGE('',*,*,#3081,.T.);
#4053=ORIENTED_EDGE('',*,*,#3082,.T.);
#4054=ORIENTED_EDGE('',*,*,#3083,.T.);
#4055=ORIENTED_EDGE('',*,*,#3084,.T.);
#4056=ORIENTED_EDGE('',*,*,#2998,.F.);
#4057=ORIENTED_EDGE('',*,*,#3085,.T.);
#4058=ORIENTED_EDGE('',*,*,#3086,.T.);
#4059=ORIENTED_EDGE('',*,*,#3078,.F.);
#4060=ORIENTED_EDGE('',*,*,#2905,.F.);
#4061=ORIENTED_EDGE('',*,*,#3067,.F.);
#4062=ORIENTED_EDGE('',*,*,#3087,.T.);
#4063=ORIENTED_EDGE('',*,*,#3088,.T.);
#4064=ORIENTED_EDGE('',*,*,#3089,.T.);
#4065=ORIENTED_EDGE('',*,*,#2913,.F.);
#4066=ORIENTED_EDGE('',*,*,#3090,.T.);
#4067=ORIENTED_EDGE('',*,*,#3091,.T.);
#4068=ORIENTED_EDGE('',*,*,#3092,.T.);
#4069=ORIENTED_EDGE('',*,*,#3093,.T.);
#4070=ORIENTED_EDGE('',*,*,#3094,.T.);
#4071=ORIENTED_EDGE('',*,*,#3095,.T.);
#4072=ORIENTED_EDGE('',*,*,#3036,.F.);
#4073=ORIENTED_EDGE('',*,*,#3096,.T.);
#4074=ORIENTED_EDGE('',*,*,#2950,.F.);
#4075=ORIENTED_EDGE('',*,*,#2940,.F.);
#4076=ORIENTED_EDGE('',*,*,#2930,.F.);
#4077=ORIENTED_EDGE('',*,*,#2934,.F.);
#4078=ORIENTED_EDGE('',*,*,#2937,.F.);
#4079=ORIENTED_EDGE('',*,*,#3097,.T.);
#4080=ORIENTED_EDGE('',*,*,#3098,.T.);
#4081=ORIENTED_EDGE('',*,*,#3099,.T.);
#4082=ORIENTED_EDGE('',*,*,#3001,.F.);
#4083=ORIENTED_EDGE('',*,*,#3100,.T.);
#4084=ORIENTED_EDGE('',*,*,#3101,.T.);
#4085=ORIENTED_EDGE('',*,*,#3102,.T.);
#4086=ORIENTED_EDGE('',*,*,#3103,.T.);
#4087=ORIENTED_EDGE('',*,*,#3104,.T.);
#4088=ORIENTED_EDGE('',*,*,#3105,.T.);
#4089=ORIENTED_EDGE('',*,*,#3106,.T.);
#4090=ORIENTED_EDGE('',*,*,#3068,.F.);
#4091=ORIENTED_EDGE('',*,*,#3107,.T.);
#4092=ORIENTED_EDGE('',*,*,#3065,.F.);
#4093=ORIENTED_EDGE('',*,*,#2897,.F.);
#4094=ORIENTED_EDGE('',*,*,#3033,.F.);
#4095=ORIENTED_EDGE('',*,*,#3108,.T.);
#4096=ORIENTED_EDGE('',*,*,#3109,.T.);
#4097=ORIENTED_EDGE('',*,*,#3110,.T.);
#4098=ORIENTED_EDGE('',*,*,#3111,.T.);
#4099=ORIENTED_EDGE('',*,*,#3092,.F.);
#4100=ORIENTED_EDGE('',*,*,#3112,.T.);
#4101=ORIENTED_EDGE('',*,*,#3113,.T.);
#4102=ORIENTED_EDGE('',*,*,#3083,.F.);
#4103=ORIENTED_EDGE('',*,*,#3114,.T.);
#4104=ORIENTED_EDGE('',*,*,#3064,.F.);
#4105=ORIENTED_EDGE('',*,*,#3115,.T.);
#4106=ORIENTED_EDGE('',*,*,#3080,.F.);
#4107=ORIENTED_EDGE('',*,*,#3029,.F.);
#4108=ORIENTED_EDGE('',*,*,#3062,.F.);
#4109=ORIENTED_EDGE('',*,*,#3116,.T.);
#4110=ORIENTED_EDGE('',*,*,#2909,.F.);
#4111=ORIENTED_EDGE('',*,*,#3117,.T.);
#4112=ORIENTED_EDGE('',*,*,#3073,.F.);
#4113=ORIENTED_EDGE('',*,*,#3069,.F.);
#4114=ORIENTED_EDGE('',*,*,#3106,.F.);
#4115=ORIENTED_EDGE('',*,*,#3041,.F.);
#4116=ORIENTED_EDGE('',*,*,#3118,.T.);
#4117=ORIENTED_EDGE('',*,*,#3059,.F.);
#4118=ORIENTED_EDGE('',*,*,#3119,.T.);
#4119=ORIENTED_EDGE('',*,*,#3120,.T.);
#4120=ORIENTED_EDGE('',*,*,#3087,.F.);
#4121=ORIENTED_EDGE('',*,*,#3066,.F.);
#4122=ORIENTED_EDGE('',*,*,#3105,.F.);
#4123=ORIENTED_EDGE('',*,*,#3121,.T.);
#4124=ORIENTED_EDGE('',*,*,#2910,.F.);
#4125=ORIENTED_EDGE('',*,*,#3116,.F.);
#4126=ORIENTED_EDGE('',*,*,#3122,.T.);
#4127=ORIENTED_EDGE('',*,*,#3074,.F.);
#4128=ORIENTED_EDGE('',*,*,#3117,.F.);
#4129=ORIENTED_EDGE('',*,*,#2908,.F.);
#4130=ORIENTED_EDGE('',*,*,#3123,.T.);
#4131=ORIENTED_EDGE('',*,*,#2914,.F.);
#4132=ORIENTED_EDGE('',*,*,#3089,.F.);
#4133=ORIENTED_EDGE('',*,*,#3124,.T.);
#4134=ORIENTED_EDGE('',*,*,#3125,.T.);
#4135=ORIENTED_EDGE('',*,*,#3031,.F.);
#4136=ORIENTED_EDGE('',*,*,#3088,.F.);
#4137=ORIENTED_EDGE('',*,*,#3120,.F.);
#4138=ORIENTED_EDGE('',*,*,#3126,.T.);
#4139=ORIENTED_EDGE('',*,*,#3127,.T.);
#4140=ORIENTED_EDGE('',*,*,#3090,.F.);
#4141=ORIENTED_EDGE('',*,*,#2912,.F.);
#4142=ORIENTED_EDGE('',*,*,#3128,.T.);
#4143=ORIENTED_EDGE('',*,*,#3129,.T.);
#4144=ORIENTED_EDGE('',*,*,#3085,.F.);
#4145=ORIENTED_EDGE('',*,*,#2997,.F.);
#4146=ORIENTED_EDGE('',*,*,#3130,.T.);
#4147=ORIENTED_EDGE('',*,*,#2999,.F.);
#4148=ORIENTED_EDGE('',*,*,#3084,.F.);
#4149=ORIENTED_EDGE('',*,*,#3113,.F.);
#4150=ORIENTED_EDGE('',*,*,#3131,.T.);
#4151=ORIENTED_EDGE('',*,*,#3114,.F.);
#4152=ORIENTED_EDGE('',*,*,#3082,.F.);
#4153=ORIENTED_EDGE('',*,*,#3132,.T.);
#4154=ORIENTED_EDGE('',*,*,#3121,.F.);
#4155=ORIENTED_EDGE('',*,*,#3110,.F.);
#4156=ORIENTED_EDGE('',*,*,#3133,.T.);
#4157=ORIENTED_EDGE('',*,*,#3132,.F.);
#4158=ORIENTED_EDGE('',*,*,#3081,.F.);
#4159=ORIENTED_EDGE('',*,*,#3115,.F.);
#4160=ORIENTED_EDGE('',*,*,#3063,.F.);
#4161=ORIENTED_EDGE('',*,*,#3107,.F.);
#4162=ORIENTED_EDGE('',*,*,#3071,.F.);
#4163=ORIENTED_EDGE('',*,*,#3072,.F.);
#4164=ORIENTED_EDGE('',*,*,#3122,.F.);
#4165=ORIENTED_EDGE('',*,*,#2907,.F.);
#4166=ORIENTED_EDGE('',*,*,#3123,.F.);
#4167=ORIENTED_EDGE('',*,*,#3134,.T.);
#4168=ORIENTED_EDGE('',*,*,#3126,.F.);
#4169=ORIENTED_EDGE('',*,*,#2911,.F.);
#4170=ORIENTED_EDGE('',*,*,#3077,.F.);
#4171=ORIENTED_EDGE('',*,*,#3135,.T.);
#4172=ORIENTED_EDGE('',*,*,#3136,.T.);
#4173=ORIENTED_EDGE('',*,*,#2891,.F.);
#4174=ORIENTED_EDGE('',*,*,#3075,.F.);
#4175=ORIENTED_EDGE('',*,*,#2893,.F.);
#4176=ORIENTED_EDGE('',*,*,#3137,.T.);
#4177=ORIENTED_EDGE('',*,*,#3138,.T.);
#4178=ORIENTED_EDGE('',*,*,#3137,.F.);
#4179=ORIENTED_EDGE('',*,*,#2892,.F.);
#4180=ORIENTED_EDGE('',*,*,#3136,.F.);
#4181=ORIENTED_EDGE('',*,*,#3139,.T.);
#4182=ORIENTED_EDGE('',*,*,#3140,.T.);
#4183=ORIENTED_EDGE('',*,*,#3141,.T.);
#4184=ORIENTED_EDGE('',*,*,#3097,.F.);
#4185=ORIENTED_EDGE('',*,*,#2936,.F.);
#4186=ORIENTED_EDGE('',*,*,#3099,.F.);
#4187=ORIENTED_EDGE('',*,*,#3142,.T.);
#4188=ORIENTED_EDGE('',*,*,#3143,.T.);
#4189=ORIENTED_EDGE('',*,*,#2951,.F.);
#4190=ORIENTED_EDGE('',*,*,#2939,.F.);
#4191=ORIENTED_EDGE('',*,*,#2949,.F.);
#4192=ORIENTED_EDGE('',*,*,#3143,.F.);
#4193=ORIENTED_EDGE('',*,*,#3144,.T.);
#4194=ORIENTED_EDGE('',*,*,#3140,.F.);
#4195=ORIENTED_EDGE('',*,*,#2935,.F.);
#4196=ORIENTED_EDGE('',*,*,#2932,.F.);
#4197=ORIENTED_EDGE('',*,*,#2928,.F.);
#4198=ORIENTED_EDGE('',*,*,#3145,.T.);
#4199=ORIENTED_EDGE('',*,*,#3146,.T.);
#4200=ORIENTED_EDGE('',*,*,#3147,.T.);
#4201=ORIENTED_EDGE('',*,*,#2953,.F.);
#4202=ORIENTED_EDGE('',*,*,#2957,.F.);
#4203=ORIENTED_EDGE('',*,*,#2961,.F.);
#4204=ORIENTED_EDGE('',*,*,#2944,.F.);
#4205=ORIENTED_EDGE('',*,*,#2948,.F.);
#4206=ORIENTED_EDGE('',*,*,#2954,.F.);
#4207=ORIENTED_EDGE('',*,*,#3147,.F.);
#4208=ORIENTED_EDGE('',*,*,#3148,.T.);
#4209=ORIENTED_EDGE('',*,*,#3149,.T.);
#4210=ORIENTED_EDGE('',*,*,#3149,.F.);
#4211=ORIENTED_EDGE('',*,*,#3150,.T.);
#4212=ORIENTED_EDGE('',*,*,#3151,.T.);
#4213=ORIENTED_EDGE('',*,*,#2958,.F.);
#4214=ORIENTED_EDGE('',*,*,#2960,.F.);
#4215=ORIENTED_EDGE('',*,*,#2955,.F.);
#4216=ORIENTED_EDGE('',*,*,#3151,.F.);
#4217=ORIENTED_EDGE('',*,*,#3152,.T.);
#4218=ORIENTED_EDGE('',*,*,#3145,.F.);
#4219=ORIENTED_EDGE('',*,*,#2952,.F.);
#4220=ORIENTED_EDGE('',*,*,#2946,.F.);
#4221=ORIENTED_EDGE('',*,*,#2942,.F.);
#4222=ORIENTED_EDGE('',*,*,#3153,.T.);
#4223=ORIENTED_EDGE('',*,*,#3154,.T.);
#4224=ORIENTED_EDGE('',*,*,#3155,.T.);
#4225=ORIENTED_EDGE('',*,*,#3156,.T.);
#4226=ORIENTED_EDGE('',*,*,#3157,.T.);
#4227=ORIENTED_EDGE('',*,*,#3039,.F.);
#4228=ORIENTED_EDGE('',*,*,#2979,.F.);
#4229=ORIENTED_EDGE('',*,*,#3158,.T.);
#4230=ORIENTED_EDGE('',*,*,#3159,.T.);
#4231=ORIENTED_EDGE('',*,*,#3160,.T.);
#4232=ORIENTED_EDGE('',*,*,#3161,.T.);
#4233=ORIENTED_EDGE('',*,*,#3162,.T.);
#4234=ORIENTED_EDGE('',*,*,#2981,.F.);
#4235=ORIENTED_EDGE('',*,*,#3163,.T.);
#4236=ORIENTED_EDGE('',*,*,#2983,.F.);
#4237=ORIENTED_EDGE('',*,*,#3164,.T.);
#4238=ORIENTED_EDGE('',*,*,#3165,.T.);
#4239=ORIENTED_EDGE('',*,*,#3091,.F.);
#4240=ORIENTED_EDGE('',*,*,#3127,.F.);
#4241=ORIENTED_EDGE('',*,*,#3134,.F.);
#4242=ORIENTED_EDGE('',*,*,#3124,.F.);
#4243=ORIENTED_EDGE('',*,*,#3166,.T.);
#4244=ORIENTED_EDGE('',*,*,#3165,.F.);
#4245=ORIENTED_EDGE('',*,*,#3167,.T.);
#4246=ORIENTED_EDGE('',*,*,#2967,.F.);
#4247=ORIENTED_EDGE('',*,*,#3168,.T.);
#4248=ORIENTED_EDGE('',*,*,#2972,.F.);
#4249=ORIENTED_EDGE('',*,*,#3169,.T.);
#4250=ORIENTED_EDGE('',*,*,#3170,.T.);
#4251=ORIENTED_EDGE('',*,*,#3171,.T.);
#4252=ORIENTED_EDGE('',*,*,#3170,.F.);
#4253=ORIENTED_EDGE('',*,*,#3172,.T.);
#4254=ORIENTED_EDGE('',*,*,#3173,.T.);
#4255=ORIENTED_EDGE('',*,*,#3174,.T.);
#4256=ORIENTED_EDGE('',*,*,#3040,.F.);
#4257=ORIENTED_EDGE('',*,*,#3159,.F.);
#4258=ORIENTED_EDGE('',*,*,#3175,.T.);
#4259=ORIENTED_EDGE('',*,*,#3176,.T.);
#4260=ORIENTED_EDGE('',*,*,#3177,.T.);
#4261=ORIENTED_EDGE('',*,*,#3173,.F.);
#4262=ORIENTED_EDGE('',*,*,#3178,.T.);
#4263=ORIENTED_EDGE('',*,*,#3179,.T.);
#4264=ORIENTED_EDGE('',*,*,#3139,.F.);
#4265=ORIENTED_EDGE('',*,*,#3135,.F.);
#4266=ORIENTED_EDGE('',*,*,#3076,.F.);
#4267=ORIENTED_EDGE('',*,*,#3138,.F.);
#4268=ORIENTED_EDGE('',*,*,#3180,.T.);
#4269=ORIENTED_EDGE('',*,*,#3179,.F.);
#4270=ORIENTED_EDGE('',*,*,#3181,.T.);
#4271=ORIENTED_EDGE('',*,*,#3182,.T.);
#4272=ORIENTED_EDGE('',*,*,#3183,.T.);
#4273=ORIENTED_EDGE('',*,*,#3181,.F.);
#4274=ORIENTED_EDGE('',*,*,#3178,.F.);
#4275=ORIENTED_EDGE('',*,*,#3172,.F.);
#4276=ORIENTED_EDGE('',*,*,#3169,.F.);
#4277=ORIENTED_EDGE('',*,*,#2971,.F.);
#4278=ORIENTED_EDGE('',*,*,#2968,.F.);
#4279=ORIENTED_EDGE('',*,*,#3167,.F.);
#4280=ORIENTED_EDGE('',*,*,#3164,.F.);
#4281=ORIENTED_EDGE('',*,*,#2982,.F.);
#4282=ORIENTED_EDGE('',*,*,#3162,.F.);
#4283=ORIENTED_EDGE('',*,*,#3184,.T.);
#4284=ORIENTED_EDGE('',*,*,#3185,.T.);
#4285=ORIENTED_EDGE('',*,*,#3186,.T.);
#4286=ORIENTED_EDGE('',*,*,#3187,.T.);
#4287=ORIENTED_EDGE('',*,*,#3160,.F.);
#4288=ORIENTED_EDGE('',*,*,#2980,.F.);
#4289=ORIENTED_EDGE('',*,*,#3163,.F.);
#4290=ORIENTED_EDGE('',*,*,#3166,.F.);
#4291=ORIENTED_EDGE('',*,*,#2966,.F.);
#4292=ORIENTED_EDGE('',*,*,#2970,.F.);
#4293=ORIENTED_EDGE('',*,*,#3168,.F.);
#4294=ORIENTED_EDGE('',*,*,#3171,.F.);
#4295=ORIENTED_EDGE('',*,*,#3177,.F.);
#4296=ORIENTED_EDGE('',*,*,#3180,.F.);
#4297=ORIENTED_EDGE('',*,*,#3188,.T.);
#4298=ORIENTED_EDGE('',*,*,#3060,.F.);
#4299=ORIENTED_EDGE('',*,*,#3189,.T.);
#4300=ORIENTED_EDGE('',*,*,#3190,.T.);
#4301=ORIENTED_EDGE('',*,*,#3191,.T.);
#4302=ORIENTED_EDGE('',*,*,#2991,.F.);
#4303=ORIENTED_EDGE('',*,*,#3047,.F.);
#4304=ORIENTED_EDGE('',*,*,#2975,.F.);
#4305=ORIENTED_EDGE('',*,*,#3192,.T.);
#4306=ORIENTED_EDGE('',*,*,#3193,.T.);
#4307=ORIENTED_EDGE('',*,*,#3038,.F.);
#4308=ORIENTED_EDGE('',*,*,#3194,.T.);
#4309=ORIENTED_EDGE('',*,*,#3195,.T.);
#4310=ORIENTED_EDGE('',*,*,#2988,.F.);
#4311=ORIENTED_EDGE('',*,*,#3196,.T.);
#4312=ORIENTED_EDGE('',*,*,#3197,.T.);
#4313=ORIENTED_EDGE('',*,*,#2992,.F.);
#4314=ORIENTED_EDGE('',*,*,#3191,.F.);
#4315=ORIENTED_EDGE('',*,*,#3198,.T.);
#4316=ORIENTED_EDGE('',*,*,#3175,.F.);
#4317=ORIENTED_EDGE('',*,*,#3158,.F.);
#4318=ORIENTED_EDGE('',*,*,#2978,.F.);
#4319=ORIENTED_EDGE('',*,*,#2989,.F.);
#4320=ORIENTED_EDGE('',*,*,#3195,.F.);
#4321=ORIENTED_EDGE('',*,*,#3199,.T.);
#4322=ORIENTED_EDGE('',*,*,#3200,.T.);
#4323=ORIENTED_EDGE('',*,*,#3192,.F.);
#4324=ORIENTED_EDGE('',*,*,#2974,.F.);
#4325=ORIENTED_EDGE('',*,*,#2964,.F.);
#4326=ORIENTED_EDGE('',*,*,#2986,.F.);
#4327=ORIENTED_EDGE('',*,*,#3201,.T.);
#4328=ORIENTED_EDGE('',*,*,#3202,.T.);
#4329=ORIENTED_EDGE('',*,*,#3048,.F.);
#4330=ORIENTED_EDGE('',*,*,#3193,.F.);
#4331=ORIENTED_EDGE('',*,*,#3200,.F.);
#4332=ORIENTED_EDGE('',*,*,#3203,.T.);
#4333=ORIENTED_EDGE('',*,*,#3194,.F.);
#4334=ORIENTED_EDGE('',*,*,#3044,.F.);
#4335=ORIENTED_EDGE('',*,*,#3079,.F.);
#4336=ORIENTED_EDGE('',*,*,#3086,.F.);
#4337=ORIENTED_EDGE('',*,*,#3129,.F.);
#4338=ORIENTED_EDGE('',*,*,#3204,.T.);
#4339=ORIENTED_EDGE('',*,*,#3045,.F.);
#4340=ORIENTED_EDGE('',*,*,#3203,.F.);
#4341=ORIENTED_EDGE('',*,*,#3199,.F.);
#4342=ORIENTED_EDGE('',*,*,#3046,.F.);
#4343=ORIENTED_EDGE('',*,*,#3205,.T.);
#4344=ORIENTED_EDGE('',*,*,#3206,.T.);
#4345=ORIENTED_EDGE('',*,*,#3201,.F.);
#4346=ORIENTED_EDGE('',*,*,#2985,.F.);
#4347=ORIENTED_EDGE('',*,*,#3207,.T.);
#4348=ORIENTED_EDGE('',*,*,#3111,.F.);
#4349=ORIENTED_EDGE('',*,*,#3131,.F.);
#4350=ORIENTED_EDGE('',*,*,#3133,.F.);
#4351=ORIENTED_EDGE('',*,*,#3208,.T.);
#4352=ORIENTED_EDGE('',*,*,#3209,.T.);
#4353=ORIENTED_EDGE('',*,*,#3210,.T.);
#4354=ORIENTED_EDGE('',*,*,#3211,.T.);
#4355=ORIENTED_EDGE('',*,*,#3189,.F.);
#4356=ORIENTED_EDGE('',*,*,#3118,.F.);
#4357=ORIENTED_EDGE('',*,*,#3174,.F.);
#4358=ORIENTED_EDGE('',*,*,#3212,.T.);
#4359=ORIENTED_EDGE('',*,*,#3213,.T.);
#4360=ORIENTED_EDGE('',*,*,#3002,.F.);
#4361=ORIENTED_EDGE('',*,*,#3214,.T.);
#4362=ORIENTED_EDGE('',*,*,#3215,.T.);
#4363=ORIENTED_EDGE('',*,*,#3205,.F.);
#4364=ORIENTED_EDGE('',*,*,#3204,.F.);
#4365=ORIENTED_EDGE('',*,*,#3128,.F.);
#4366=ORIENTED_EDGE('',*,*,#2996,.F.);
#4367=ORIENTED_EDGE('',*,*,#3216,.T.);
#4368=ORIENTED_EDGE('',*,*,#3217,.T.);
#4369=ORIENTED_EDGE('',*,*,#3218,.T.);
#4370=ORIENTED_EDGE('',*,*,#3219,.T.);
#4371=ORIENTED_EDGE('',*,*,#3220,.T.);
#4372=ORIENTED_EDGE('',*,*,#3032,.F.);
#4373=ORIENTED_EDGE('',*,*,#3125,.F.);
#4374=ORIENTED_EDGE('',*,*,#3119,.F.);
#4375=ORIENTED_EDGE('',*,*,#3221,.T.);
#4376=ORIENTED_EDGE('',*,*,#3222,.T.);
#4377=ORIENTED_EDGE('',*,*,#3223,.T.);
#4378=ORIENTED_EDGE('',*,*,#3224,.T.);
#4379=ORIENTED_EDGE('',*,*,#3225,.T.);
#4380=ORIENTED_EDGE('',*,*,#3000,.F.);
#4381=ORIENTED_EDGE('',*,*,#3130,.F.);
#4382=ORIENTED_EDGE('',*,*,#3112,.F.);
#4383=ORIENTED_EDGE('',*,*,#3226,.T.);
#4384=ORIENTED_EDGE('',*,*,#3227,.T.);
#4385=ORIENTED_EDGE('',*,*,#3228,.T.);
#4386=ORIENTED_EDGE('',*,*,#3229,.T.);
#4387=ORIENTED_EDGE('',*,*,#3230,.T.);
#4388=ORIENTED_EDGE('',*,*,#3231,.T.);
#4389=ORIENTED_EDGE('',*,*,#3232,.T.);
#4390=ORIENTED_EDGE('',*,*,#3233,.T.);
#4391=ORIENTED_EDGE('',*,*,#3234,.T.);
#4392=ORIENTED_EDGE('',*,*,#3235,.T.);
#4393=ORIENTED_EDGE('',*,*,#3236,.T.);
#4394=ORIENTED_EDGE('',*,*,#3237,.T.);
#4395=ORIENTED_EDGE('',*,*,#3238,.T.);
#4396=ORIENTED_EDGE('',*,*,#3239,.T.);
#4397=ORIENTED_EDGE('',*,*,#3240,.T.);
#4398=ORIENTED_EDGE('',*,*,#3241,.T.);
#4399=ORIENTED_EDGE('',*,*,#3242,.T.);
#4400=ORIENTED_EDGE('',*,*,#3243,.T.);
#4401=ORIENTED_EDGE('',*,*,#3244,.T.);
#4402=ORIENTED_EDGE('',*,*,#3245,.T.);
#4403=ORIENTED_EDGE('',*,*,#3034,.F.);
#4404=ORIENTED_EDGE('',*,*,#3246,.T.);
#4405=ORIENTED_EDGE('',*,*,#3247,.T.);
#4406=ORIENTED_EDGE('',*,*,#3248,.T.);
#4407=ORIENTED_EDGE('',*,*,#3249,.T.);
#4408=ORIENTED_EDGE('',*,*,#3250,.T.);
#4409=ORIENTED_EDGE('',*,*,#3251,.T.);
#4410=ORIENTED_EDGE('',*,*,#3252,.T.);
#4411=ORIENTED_EDGE('',*,*,#3253,.T.);
#4412=ORIENTED_EDGE('',*,*,#3254,.T.);
#4413=ORIENTED_EDGE('',*,*,#3255,.T.);
#4414=ORIENTED_EDGE('',*,*,#3256,.T.);
#4415=ORIENTED_EDGE('',*,*,#3257,.T.);
#4416=ORIENTED_EDGE('',*,*,#3258,.T.);
#4417=ORIENTED_EDGE('',*,*,#3235,.F.);
#4418=ORIENTED_EDGE('',*,*,#3259,.T.);
#4419=ORIENTED_EDGE('',*,*,#3260,.T.);
#4420=ORIENTED_EDGE('',*,*,#3261,.T.);
#4421=ORIENTED_EDGE('',*,*,#3262,.T.);
#4422=ORIENTED_EDGE('',*,*,#3263,.T.);
#4423=ORIENTED_EDGE('',*,*,#3264,.T.);
#4424=ORIENTED_EDGE('',*,*,#3265,.T.);
#4425=ORIENTED_EDGE('',*,*,#3266,.T.);
#4426=ORIENTED_EDGE('',*,*,#3267,.T.);
#4427=ORIENTED_EDGE('',*,*,#3268,.T.);
#4428=ORIENTED_EDGE('',*,*,#3269,.T.);
#4429=ORIENTED_EDGE('',*,*,#3270,.T.);
#4430=ORIENTED_EDGE('',*,*,#3268,.F.);
#4431=ORIENTED_EDGE('',*,*,#3271,.T.);
#4432=ORIENTED_EDGE('',*,*,#3272,.T.);
#4433=ORIENTED_EDGE('',*,*,#3273,.T.);
#4434=ORIENTED_EDGE('',*,*,#3274,.T.);
#4435=ORIENTED_EDGE('',*,*,#3275,.T.);
#4436=ORIENTED_EDGE('',*,*,#3276,.T.);
#4437=ORIENTED_EDGE('',*,*,#3277,.T.);
#4438=ORIENTED_EDGE('',*,*,#3278,.T.);
#4439=ORIENTED_EDGE('',*,*,#3279,.T.);
#4440=ORIENTED_EDGE('',*,*,#3280,.T.);
#4441=ORIENTED_EDGE('',*,*,#3281,.T.);
#4442=ORIENTED_EDGE('',*,*,#3282,.T.);
#4443=ORIENTED_EDGE('',*,*,#3275,.F.);
#4444=ORIENTED_EDGE('',*,*,#3283,.T.);
#4445=ORIENTED_EDGE('',*,*,#3284,.T.);
#4446=ORIENTED_EDGE('',*,*,#3057,.F.);
#4447=ORIENTED_EDGE('',*,*,#2993,.F.);
#4448=ORIENTED_EDGE('',*,*,#3197,.F.);
#4449=ORIENTED_EDGE('',*,*,#3285,.T.);
#4450=ORIENTED_EDGE('',*,*,#3221,.F.);
#4451=ORIENTED_EDGE('',*,*,#3058,.F.);
#4452=ORIENTED_EDGE('',*,*,#3285,.F.);
#4453=ORIENTED_EDGE('',*,*,#3196,.F.);
#4454=ORIENTED_EDGE('',*,*,#3286,.T.);
#4455=ORIENTED_EDGE('',*,*,#3287,.T.);
#4456=ORIENTED_EDGE('',*,*,#3288,.T.);
#4457=ORIENTED_EDGE('',*,*,#3289,.T.);
#4458=ORIENTED_EDGE('',*,*,#3290,.T.);
#4459=ORIENTED_EDGE('',*,*,#3051,.F.);
#4460=ORIENTED_EDGE('',*,*,#3291,.T.);
#4461=ORIENTED_EDGE('',*,*,#3292,.T.);
#4462=ORIENTED_EDGE('',*,*,#3007,.F.);
#4463=ORIENTED_EDGE('',*,*,#3293,.T.);
#4464=ORIENTED_EDGE('',*,*,#3294,.T.);
#4465=ORIENTED_EDGE('',*,*,#3295,.T.);
#4466=ORIENTED_EDGE('',*,*,#3014,.F.);
#4467=ORIENTED_EDGE('',*,*,#3296,.T.);
#4468=ORIENTED_EDGE('',*,*,#3297,.T.);
#4469=ORIENTED_EDGE('',*,*,#3018,.F.);
#4470=ORIENTED_EDGE('',*,*,#3022,.F.);
#4471=ORIENTED_EDGE('',*,*,#3025,.F.);
#4472=ORIENTED_EDGE('',*,*,#3298,.T.);
#4473=ORIENTED_EDGE('',*,*,#3299,.T.);
#4474=ORIENTED_EDGE('',*,*,#3300,.T.);
#4475=ORIENTED_EDGE('',*,*,#3054,.F.);
#4476=ORIENTED_EDGE('',*,*,#3301,.T.);
#4477=ORIENTED_EDGE('',*,*,#3302,.T.);
#4478=ORIENTED_EDGE('',*,*,#3303,.T.);
#4479=ORIENTED_EDGE('',*,*,#3297,.F.);
#4480=ORIENTED_EDGE('',*,*,#3304,.T.);
#4481=ORIENTED_EDGE('',*,*,#3305,.T.);
#4482=ORIENTED_EDGE('',*,*,#3019,.F.);
#4483=ORIENTED_EDGE('',*,*,#3052,.F.);
#4484=ORIENTED_EDGE('',*,*,#3009,.F.);
#4485=ORIENTED_EDGE('',*,*,#3306,.T.);
#4486=ORIENTED_EDGE('',*,*,#3004,.F.);
#4487=ORIENTED_EDGE('',*,*,#3216,.F.);
#4488=ORIENTED_EDGE('',*,*,#3056,.F.);
#4489=ORIENTED_EDGE('',*,*,#3013,.F.);
#4490=ORIENTED_EDGE('',*,*,#3307,.T.);
#4491=ORIENTED_EDGE('',*,*,#3308,.T.);
#4492=ORIENTED_EDGE('',*,*,#3295,.F.);
#4493=ORIENTED_EDGE('',*,*,#3309,.T.);
#4494=ORIENTED_EDGE('',*,*,#3310,.T.);
#4495=ORIENTED_EDGE('',*,*,#3015,.F.);
#4496=ORIENTED_EDGE('',*,*,#3053,.F.);
#4497=ORIENTED_EDGE('',*,*,#2994,.F.);
#4498=ORIENTED_EDGE('',*,*,#3311,.T.);
#4499=ORIENTED_EDGE('',*,*,#3301,.F.);
#4500=ORIENTED_EDGE('',*,*,#3055,.F.);
#4501=ORIENTED_EDGE('',*,*,#3303,.F.);
#4502=ORIENTED_EDGE('',*,*,#3312,.T.);
#4503=ORIENTED_EDGE('',*,*,#3011,.F.);
#4504=ORIENTED_EDGE('',*,*,#3296,.F.);
#4505=ORIENTED_EDGE('',*,*,#3017,.F.);
#4506=ORIENTED_EDGE('',*,*,#3313,.T.);
#4507=ORIENTED_EDGE('',*,*,#3304,.F.);
#4508=ORIENTED_EDGE('',*,*,#3283,.F.);
#4509=ORIENTED_EDGE('',*,*,#3281,.F.);
#4510=ORIENTED_EDGE('',*,*,#3314,.T.);
#4511=ORIENTED_EDGE('',*,*,#3315,.T.);
#4512=ORIENTED_EDGE('',*,*,#3100,.F.);
#4513=ORIENTED_EDGE('',*,*,#3225,.F.);
#4514=ORIENTED_EDGE('',*,*,#3316,.T.);
#4515=ORIENTED_EDGE('',*,*,#3317,.T.);
#4516=ORIENTED_EDGE('',*,*,#3318,.T.);
#4517=ORIENTED_EDGE('',*,*,#3319,.T.);
#4518=ORIENTED_EDGE('',*,*,#3320,.T.);
#4519=ORIENTED_EDGE('',*,*,#3153,.F.);
#4520=ORIENTED_EDGE('',*,*,#3321,.T.);
#4521=ORIENTED_EDGE('',*,*,#3102,.F.);
#4522=ORIENTED_EDGE('',*,*,#3322,.T.);
#4523=ORIENTED_EDGE('',*,*,#3323,.T.);
#4524=ORIENTED_EDGE('',*,*,#3324,.T.);
#4525=ORIENTED_EDGE('',*,*,#3325,.T.);
#4526=ORIENTED_EDGE('',*,*,#3326,.T.);
#4527=ORIENTED_EDGE('',*,*,#3154,.F.);
#4528=ORIENTED_EDGE('',*,*,#3320,.F.);
#4529=ORIENTED_EDGE('',*,*,#3101,.F.);
#4530=ORIENTED_EDGE('',*,*,#3318,.F.);
#4531=ORIENTED_EDGE('',*,*,#3327,.T.);
#4532=ORIENTED_EDGE('',*,*,#3322,.F.);
#4533=ORIENTED_EDGE('',*,*,#3307,.F.);
#4534=ORIENTED_EDGE('',*,*,#3012,.F.);
#4535=ORIENTED_EDGE('',*,*,#3312,.F.);
#4536=ORIENTED_EDGE('',*,*,#3302,.F.);
#4537=ORIENTED_EDGE('',*,*,#3311,.F.);
#4538=ORIENTED_EDGE('',*,*,#3005,.F.);
#4539=ORIENTED_EDGE('',*,*,#3306,.F.);
#4540=ORIENTED_EDGE('',*,*,#3008,.F.);
#4541=ORIENTED_EDGE('',*,*,#3292,.F.);
#4542=ORIENTED_EDGE('',*,*,#3328,.T.);
#4543=ORIENTED_EDGE('',*,*,#3329,.T.);
#4544=ORIENTED_EDGE('',*,*,#3330,.T.);
#4545=ORIENTED_EDGE('',*,*,#3050,.F.);
#4546=ORIENTED_EDGE('',*,*,#3331,.T.);
#4547=ORIENTED_EDGE('',*,*,#3328,.F.);
#4548=ORIENTED_EDGE('',*,*,#3291,.F.);
#4549=ORIENTED_EDGE('',*,*,#3332,.T.);
#4550=ORIENTED_EDGE('',*,*,#3333,.T.);
#4551=ORIENTED_EDGE('',*,*,#3155,.F.);
#4552=ORIENTED_EDGE('',*,*,#3326,.F.);
#4553=ORIENTED_EDGE('',*,*,#3334,.T.);
#4554=ORIENTED_EDGE('',*,*,#3335,.T.);
#4555=ORIENTED_EDGE('',*,*,#3336,.T.);
#4556=ORIENTED_EDGE('',*,*,#3337,.T.);
#4557=ORIENTED_EDGE('',*,*,#3338,.T.);
#4558=ORIENTED_EDGE('',*,*,#3339,.T.);
#4559=ORIENTED_EDGE('',*,*,#3332,.F.);
#4560=ORIENTED_EDGE('',*,*,#3325,.F.);
#4561=ORIENTED_EDGE('',*,*,#3319,.F.);
#4562=ORIENTED_EDGE('',*,*,#3339,.F.);
#4563=ORIENTED_EDGE('',*,*,#3340,.T.);
#4564=ORIENTED_EDGE('',*,*,#3156,.F.);
#4565=ORIENTED_EDGE('',*,*,#3333,.F.);
#4566=ORIENTED_EDGE('',*,*,#3214,.F.);
#4567=ORIENTED_EDGE('',*,*,#3104,.F.);
#4568=ORIENTED_EDGE('',*,*,#3341,.T.);
#4569=ORIENTED_EDGE('',*,*,#3342,.T.);
#4570=ORIENTED_EDGE('',*,*,#3343,.T.);
#4571=ORIENTED_EDGE('',*,*,#3103,.F.);
#4572=ORIENTED_EDGE('',*,*,#3324,.F.);
#4573=ORIENTED_EDGE('',*,*,#3344,.T.);
#4574=ORIENTED_EDGE('',*,*,#3341,.F.);
#4575=ORIENTED_EDGE('',*,*,#3345,.T.);
#4576=ORIENTED_EDGE('',*,*,#3346,.T.);
#4577=ORIENTED_EDGE('',*,*,#3347,.T.);
#4578=ORIENTED_EDGE('',*,*,#3335,.F.);
#4579=ORIENTED_EDGE('',*,*,#3348,.T.);
#4580=ORIENTED_EDGE('',*,*,#3336,.F.);
#4581=ORIENTED_EDGE('',*,*,#3347,.F.);
#4582=ORIENTED_EDGE('',*,*,#3349,.T.);
#4583=ORIENTED_EDGE('',*,*,#3289,.F.);
#4584=ORIENTED_EDGE('',*,*,#3350,.T.);
#4585=ORIENTED_EDGE('',*,*,#3342,.F.);
#4586=ORIENTED_EDGE('',*,*,#3344,.F.);
#4587=ORIENTED_EDGE('',*,*,#3323,.F.);
#4588=ORIENTED_EDGE('',*,*,#3327,.F.);
#4589=ORIENTED_EDGE('',*,*,#3317,.F.);
#4590=ORIENTED_EDGE('',*,*,#3351,.T.);
#4591=ORIENTED_EDGE('',*,*,#3352,.T.);
#4592=ORIENTED_EDGE('',*,*,#3290,.F.);
#4593=ORIENTED_EDGE('',*,*,#3349,.F.);
#4594=ORIENTED_EDGE('',*,*,#3346,.F.);
#4595=ORIENTED_EDGE('',*,*,#3353,.T.);
#4596=ORIENTED_EDGE('',*,*,#3287,.F.);
#4597=ORIENTED_EDGE('',*,*,#3352,.F.);
#4598=ORIENTED_EDGE('',*,*,#3345,.F.);
#4599=ORIENTED_EDGE('',*,*,#3334,.F.);
#4600=ORIENTED_EDGE('',*,*,#3354,.T.);
#4601=ORIENTED_EDGE('',*,*,#3049,.F.);
#4602=ORIENTED_EDGE('',*,*,#3213,.F.);
#4603=ORIENTED_EDGE('',*,*,#3355,.T.);
#4604=ORIENTED_EDGE('',*,*,#3329,.F.);
#4605=ORIENTED_EDGE('',*,*,#3331,.F.);
#4606=ORIENTED_EDGE('',*,*,#3354,.F.);
#4607=ORIENTED_EDGE('',*,*,#3337,.F.);
#4608=ORIENTED_EDGE('',*,*,#3348,.F.);
#4609=ORIENTED_EDGE('',*,*,#3356,.T.);
#4610=ORIENTED_EDGE('',*,*,#3357,.T.);
#4611=ORIENTED_EDGE('',*,*,#3358,.T.);
#4612=ORIENTED_EDGE('',*,*,#3359,.T.);
#4613=ORIENTED_EDGE('',*,*,#3026,.F.);
#4614=ORIENTED_EDGE('',*,*,#3023,.F.);
#4615=ORIENTED_EDGE('',*,*,#3020,.F.);
#4616=ORIENTED_EDGE('',*,*,#3305,.F.);
#4617=ORIENTED_EDGE('',*,*,#3313,.F.);
#4618=ORIENTED_EDGE('',*,*,#3016,.F.);
#4619=ORIENTED_EDGE('',*,*,#3310,.F.);
#4620=ORIENTED_EDGE('',*,*,#3360,.T.);
#4621=ORIENTED_EDGE('',*,*,#3361,.T.);
#4622=ORIENTED_EDGE('',*,*,#3294,.F.);
#4623=ORIENTED_EDGE('',*,*,#3362,.T.);
#4624=ORIENTED_EDGE('',*,*,#3360,.F.);
#4625=ORIENTED_EDGE('',*,*,#3309,.F.);
#4626=ORIENTED_EDGE('',*,*,#3298,.F.);
#4627=ORIENTED_EDGE('',*,*,#3027,.F.);
#4628=ORIENTED_EDGE('',*,*,#3359,.F.);
#4629=ORIENTED_EDGE('',*,*,#3363,.T.);
#4630=ORIENTED_EDGE('',*,*,#3299,.F.);
#4631=ORIENTED_EDGE('',*,*,#3363,.F.);
#4632=ORIENTED_EDGE('',*,*,#3358,.F.);
#4633=ORIENTED_EDGE('',*,*,#3364,.T.);
#4634=ORIENTED_EDGE('',*,*,#3300,.F.);
#4635=ORIENTED_EDGE('',*,*,#3364,.F.);
#4636=ORIENTED_EDGE('',*,*,#3357,.F.);
#4637=ORIENTED_EDGE('',*,*,#3365,.T.);
#4638=ORIENTED_EDGE('',*,*,#3366,.T.);
#4639=ORIENTED_EDGE('',*,*,#3279,.F.);
#4640=ORIENTED_EDGE('',*,*,#3367,.T.);
#4641=ORIENTED_EDGE('',*,*,#3368,.T.);
#4642=ORIENTED_EDGE('',*,*,#3367,.F.);
#4643=ORIENTED_EDGE('',*,*,#3278,.F.);
#4644=ORIENTED_EDGE('',*,*,#3369,.T.);
#4645=ORIENTED_EDGE('',*,*,#3370,.T.);
#4646=ORIENTED_EDGE('',*,*,#3371,.T.);
#4647=ORIENTED_EDGE('',*,*,#3369,.F.);
#4648=ORIENTED_EDGE('',*,*,#3277,.F.);
#4649=ORIENTED_EDGE('',*,*,#3372,.T.);
#4650=ORIENTED_EDGE('',*,*,#3372,.F.);
#4651=ORIENTED_EDGE('',*,*,#3276,.F.);
#4652=ORIENTED_EDGE('',*,*,#3282,.F.);
#4653=ORIENTED_EDGE('',*,*,#3373,.T.);
#4654=ORIENTED_EDGE('',*,*,#3374,.T.);
#4655=ORIENTED_EDGE('',*,*,#3375,.T.);
#4656=ORIENTED_EDGE('',*,*,#3376,.T.);
#4657=ORIENTED_EDGE('',*,*,#3377,.T.);
#4658=ORIENTED_EDGE('',*,*,#3378,.T.);
#4659=ORIENTED_EDGE('',*,*,#3379,.T.);
#4660=ORIENTED_EDGE('',*,*,#3380,.T.);
#4661=ORIENTED_EDGE('',*,*,#3381,.T.);
#4662=ORIENTED_EDGE('',*,*,#3382,.T.);
#4663=ORIENTED_EDGE('',*,*,#3383,.T.);
#4664=ORIENTED_EDGE('',*,*,#3384,.T.);
#4665=ORIENTED_EDGE('',*,*,#3382,.F.);
#4666=ORIENTED_EDGE('',*,*,#3385,.T.);
#4667=ORIENTED_EDGE('',*,*,#3386,.T.);
#4668=ORIENTED_EDGE('',*,*,#3386,.F.);
#4669=ORIENTED_EDGE('',*,*,#3387,.T.);
#4670=ORIENTED_EDGE('',*,*,#3388,.T.);
#4671=ORIENTED_EDGE('',*,*,#3389,.T.);
#4672=ORIENTED_EDGE('',*,*,#3390,.T.);
#4673=ORIENTED_EDGE('',*,*,#3388,.F.);
#4674=ORIENTED_EDGE('',*,*,#3391,.T.);
#4675=ORIENTED_EDGE('',*,*,#3392,.T.);
#4676=ORIENTED_EDGE('',*,*,#3392,.F.);
#4677=ORIENTED_EDGE('',*,*,#3393,.T.);
#4678=ORIENTED_EDGE('',*,*,#3394,.T.);
#4679=ORIENTED_EDGE('',*,*,#3395,.T.);
#4680=ORIENTED_EDGE('',*,*,#3396,.T.);
#4681=ORIENTED_EDGE('',*,*,#3397,.T.);
#4682=ORIENTED_EDGE('',*,*,#3398,.T.);
#4683=ORIENTED_EDGE('',*,*,#3399,.T.);
#4684=ORIENTED_EDGE('',*,*,#3400,.T.);
#4685=ORIENTED_EDGE('',*,*,#3378,.F.);
#4686=ORIENTED_EDGE('',*,*,#3401,.T.);
#4687=ORIENTED_EDGE('',*,*,#3380,.F.);
#4688=ORIENTED_EDGE('',*,*,#3398,.F.);
#4689=ORIENTED_EDGE('',*,*,#3402,.T.);
#4690=ORIENTED_EDGE('',*,*,#3403,.T.);
#4691=ORIENTED_EDGE('',*,*,#3404,.T.);
#4692=ORIENTED_EDGE('',*,*,#3405,.T.);
#4693=ORIENTED_EDGE('',*,*,#3406,.T.);
#4694=ORIENTED_EDGE('',*,*,#3396,.F.);
#4695=ORIENTED_EDGE('',*,*,#3407,.T.);
#4696=ORIENTED_EDGE('',*,*,#3403,.F.);
#4697=ORIENTED_EDGE('',*,*,#3408,.T.);
#4698=ORIENTED_EDGE('',*,*,#3409,.T.);
#4699=ORIENTED_EDGE('',*,*,#3410,.T.);
#4700=ORIENTED_EDGE('',*,*,#3411,.T.);
#4701=ORIENTED_EDGE('',*,*,#3271,.F.);
#4702=ORIENTED_EDGE('',*,*,#3267,.F.);
#4703=ORIENTED_EDGE('',*,*,#3412,.T.);
#4704=ORIENTED_EDGE('',*,*,#3314,.F.);
#4705=ORIENTED_EDGE('',*,*,#3280,.F.);
#4706=ORIENTED_EDGE('',*,*,#3366,.F.);
#4707=ORIENTED_EDGE('',*,*,#3413,.T.);
#4708=ORIENTED_EDGE('',*,*,#3414,.T.);
#4709=ORIENTED_EDGE('',*,*,#3415,.T.);
#4710=ORIENTED_EDGE('',*,*,#3269,.F.);
#4711=ORIENTED_EDGE('',*,*,#3416,.T.);
#4712=ORIENTED_EDGE('',*,*,#3416,.F.);
#4713=ORIENTED_EDGE('',*,*,#3274,.F.);
#4714=ORIENTED_EDGE('',*,*,#3417,.T.);
#4715=ORIENTED_EDGE('',*,*,#3418,.T.);
#4716=ORIENTED_EDGE('',*,*,#3419,.T.);
#4717=ORIENTED_EDGE('',*,*,#3272,.F.);
#4718=ORIENTED_EDGE('',*,*,#3411,.F.);
#4719=ORIENTED_EDGE('',*,*,#3420,.T.);
#4720=ORIENTED_EDGE('',*,*,#3421,.T.);
#4721=ORIENTED_EDGE('',*,*,#3250,.F.);
#4722=ORIENTED_EDGE('',*,*,#3422,.T.);
#4723=ORIENTED_EDGE('',*,*,#3423,.T.);
#4724=ORIENTED_EDGE('',*,*,#3424,.T.);
#4725=ORIENTED_EDGE('',*,*,#3425,.T.);
#4726=ORIENTED_EDGE('',*,*,#3265,.F.);
#4727=ORIENTED_EDGE('',*,*,#3270,.F.);
#4728=ORIENTED_EDGE('',*,*,#3415,.F.);
#4729=ORIENTED_EDGE('',*,*,#3426,.T.);
#4730=ORIENTED_EDGE('',*,*,#3417,.F.);
#4731=ORIENTED_EDGE('',*,*,#3273,.F.);
#4732=ORIENTED_EDGE('',*,*,#3419,.F.);
#4733=ORIENTED_EDGE('',*,*,#3427,.T.);
#4734=ORIENTED_EDGE('',*,*,#3187,.F.);
#4735=ORIENTED_EDGE('',*,*,#3428,.T.);
#4736=ORIENTED_EDGE('',*,*,#3184,.F.);
#4737=ORIENTED_EDGE('',*,*,#3161,.F.);
#4738=ORIENTED_EDGE('',*,*,#3188,.F.);
#4739=ORIENTED_EDGE('',*,*,#3182,.F.);
#4740=ORIENTED_EDGE('',*,*,#3183,.F.);
#4741=ORIENTED_EDGE('',*,*,#3429,.T.);
#4742=ORIENTED_EDGE('',*,*,#3430,.T.);
#4743=ORIENTED_EDGE('',*,*,#3431,.T.);
#4744=ORIENTED_EDGE('',*,*,#3432,.T.);
#4745=ORIENTED_EDGE('',*,*,#3433,.T.);
#4746=ORIENTED_EDGE('',*,*,#3434,.T.);
#4747=ORIENTED_EDGE('',*,*,#3247,.F.);
#4748=ORIENTED_EDGE('',*,*,#3435,.T.);
#4749=ORIENTED_EDGE('',*,*,#3436,.T.);
#4750=ORIENTED_EDGE('',*,*,#3437,.T.);
#4751=ORIENTED_EDGE('',*,*,#3262,.F.);
#4752=ORIENTED_EDGE('',*,*,#3438,.T.);
#4753=ORIENTED_EDGE('',*,*,#3439,.T.);
#4754=ORIENTED_EDGE('',*,*,#3440,.T.);
#4755=ORIENTED_EDGE('',*,*,#3252,.F.);
#4756=ORIENTED_EDGE('',*,*,#3441,.T.);
#4757=ORIENTED_EDGE('',*,*,#3442,.T.);
#4758=ORIENTED_EDGE('',*,*,#3443,.T.);
#4759=ORIENTED_EDGE('',*,*,#3263,.F.);
#4760=ORIENTED_EDGE('',*,*,#3437,.F.);
#4761=ORIENTED_EDGE('',*,*,#3444,.T.);
#4762=ORIENTED_EDGE('',*,*,#3445,.T.);
#4763=ORIENTED_EDGE('',*,*,#3446,.T.);
#4764=ORIENTED_EDGE('',*,*,#3253,.F.);
#4765=ORIENTED_EDGE('',*,*,#3440,.F.);
#4766=ORIENTED_EDGE('',*,*,#3447,.T.);
#4767=ORIENTED_EDGE('',*,*,#3448,.T.);
#4768=ORIENTED_EDGE('',*,*,#3255,.F.);
#4769=ORIENTED_EDGE('',*,*,#3449,.T.);
#4770=ORIENTED_EDGE('',*,*,#3450,.T.);
#4771=ORIENTED_EDGE('',*,*,#3451,.T.);
#4772=ORIENTED_EDGE('',*,*,#3452,.T.);
#4773=ORIENTED_EDGE('',*,*,#3453,.T.);
#4774=ORIENTED_EDGE('',*,*,#3454,.T.);
#4775=ORIENTED_EDGE('',*,*,#3455,.T.);
#4776=ORIENTED_EDGE('',*,*,#3456,.T.);
#4777=ORIENTED_EDGE('',*,*,#3457,.T.);
#4778=ORIENTED_EDGE('',*,*,#3458,.T.);
#4779=ORIENTED_EDGE('',*,*,#3459,.T.);
#4780=ORIENTED_EDGE('',*,*,#3460,.T.);
#4781=ORIENTED_EDGE('',*,*,#3461,.T.);
#4782=ORIENTED_EDGE('',*,*,#3424,.F.);
#4783=ORIENTED_EDGE('',*,*,#3462,.T.);
#4784=ORIENTED_EDGE('',*,*,#3463,.T.);
#4785=ORIENTED_EDGE('',*,*,#3456,.F.);
#4786=ORIENTED_EDGE('',*,*,#3464,.T.);
#4787=ORIENTED_EDGE('',*,*,#3374,.F.);
#4788=ORIENTED_EDGE('',*,*,#3465,.T.);
#4789=ORIENTED_EDGE('',*,*,#3150,.F.);
#4790=ORIENTED_EDGE('',*,*,#3148,.F.);
#4791=ORIENTED_EDGE('',*,*,#3146,.F.);
#4792=ORIENTED_EDGE('',*,*,#3152,.F.);
#4793=ORIENTED_EDGE('',*,*,#3466,.T.);
#4794=ORIENTED_EDGE('',*,*,#3457,.F.);
#4795=ORIENTED_EDGE('',*,*,#3463,.F.);
#4796=ORIENTED_EDGE('',*,*,#3467,.T.);
#4797=ORIENTED_EDGE('',*,*,#3468,.T.);
#4798=ORIENTED_EDGE('',*,*,#3469,.T.);
#4799=ORIENTED_EDGE('',*,*,#3470,.T.);
#4800=ORIENTED_EDGE('',*,*,#3431,.F.);
#4801=ORIENTED_EDGE('',*,*,#3471,.T.);
#4802=ORIENTED_EDGE('',*,*,#3472,.T.);
#4803=ORIENTED_EDGE('',*,*,#3473,.T.);
#4804=ORIENTED_EDGE('',*,*,#3474,.T.);
#4805=ORIENTED_EDGE('',*,*,#3208,.F.);
#4806=ORIENTED_EDGE('',*,*,#3109,.F.);
#4807=ORIENTED_EDGE('',*,*,#3475,.T.);
#4808=ORIENTED_EDGE('',*,*,#3460,.F.);
#4809=ORIENTED_EDGE('',*,*,#3476,.T.);
#4810=ORIENTED_EDGE('',*,*,#3452,.F.);
#4811=ORIENTED_EDGE('',*,*,#3477,.T.);
#4812=ORIENTED_EDGE('',*,*,#3478,.T.);
#4813=ORIENTED_EDGE('',*,*,#3142,.F.);
#4814=ORIENTED_EDGE('',*,*,#3098,.F.);
#4815=ORIENTED_EDGE('',*,*,#3141,.F.);
#4816=ORIENTED_EDGE('',*,*,#3144,.F.);
#4817=ORIENTED_EDGE('',*,*,#3479,.T.);
#4818=ORIENTED_EDGE('',*,*,#3259,.F.);
#4819=ORIENTED_EDGE('',*,*,#3234,.F.);
#4820=ORIENTED_EDGE('',*,*,#3480,.T.);
#4821=ORIENTED_EDGE('',*,*,#3477,.F.);
#4822=ORIENTED_EDGE('',*,*,#3451,.F.);
#4823=ORIENTED_EDGE('',*,*,#3481,.T.);
#4824=ORIENTED_EDGE('',*,*,#3258,.F.);
#4825=ORIENTED_EDGE('',*,*,#3482,.T.);
#4826=ORIENTED_EDGE('',*,*,#3483,.T.);
#4827=ORIENTED_EDGE('',*,*,#3484,.T.);
#4828=ORIENTED_EDGE('',*,*,#3485,.T.);
#4829=ORIENTED_EDGE('',*,*,#3486,.T.);
#4830=ORIENTED_EDGE('',*,*,#3469,.F.);
#4831=ORIENTED_EDGE('',*,*,#3487,.T.);
#4832=ORIENTED_EDGE('',*,*,#3474,.F.);
#4833=ORIENTED_EDGE('',*,*,#3488,.T.);
#4834=ORIENTED_EDGE('',*,*,#3485,.F.);
#4835=ORIENTED_EDGE('',*,*,#3489,.T.);
#4836=ORIENTED_EDGE('',*,*,#3482,.F.);
#4837=ORIENTED_EDGE('',*,*,#3257,.F.);
#4838=ORIENTED_EDGE('',*,*,#3490,.T.);
#4839=ORIENTED_EDGE('',*,*,#3491,.T.);
#4840=ORIENTED_EDGE('',*,*,#3492,.T.);
#4841=ORIENTED_EDGE('',*,*,#3493,.T.);
#4842=ORIENTED_EDGE('',*,*,#3494,.T.);
#4843=ORIENTED_EDGE('',*,*,#3495,.T.);
#4844=ORIENTED_EDGE('',*,*,#3375,.F.);
#4845=ORIENTED_EDGE('',*,*,#3464,.F.);
#4846=ORIENTED_EDGE('',*,*,#3455,.F.);
#4847=ORIENTED_EDGE('',*,*,#3490,.F.);
#4848=ORIENTED_EDGE('',*,*,#3256,.F.);
#4849=ORIENTED_EDGE('',*,*,#3448,.F.);
#4850=ORIENTED_EDGE('',*,*,#3496,.T.);
#4851=ORIENTED_EDGE('',*,*,#3497,.T.);
#4852=ORIENTED_EDGE('',*,*,#3498,.T.);
#4853=ORIENTED_EDGE('',*,*,#3499,.T.);
#4854=ORIENTED_EDGE('',*,*,#3492,.F.);
#4855=ORIENTED_EDGE('',*,*,#3500,.T.);
#4856=ORIENTED_EDGE('',*,*,#3441,.F.);
#4857=ORIENTED_EDGE('',*,*,#3251,.F.);
#4858=ORIENTED_EDGE('',*,*,#3421,.F.);
#4859=ORIENTED_EDGE('',*,*,#3501,.T.);
#4860=ORIENTED_EDGE('',*,*,#3453,.F.);
#4861=ORIENTED_EDGE('',*,*,#3476,.F.);
#4862=ORIENTED_EDGE('',*,*,#3459,.F.);
#4863=ORIENTED_EDGE('',*,*,#3502,.T.);
#4864=ORIENTED_EDGE('',*,*,#3503,.T.);
#4865=ORIENTED_EDGE('',*,*,#3260,.F.);
#4866=ORIENTED_EDGE('',*,*,#3479,.F.);
#4867=ORIENTED_EDGE('',*,*,#3504,.T.);
#4868=ORIENTED_EDGE('',*,*,#3436,.F.);
#4869=ORIENTED_EDGE('',*,*,#3505,.T.);
#4870=ORIENTED_EDGE('',*,*,#3506,.T.);
#4871=ORIENTED_EDGE('',*,*,#3438,.F.);
#4872=ORIENTED_EDGE('',*,*,#3261,.F.);
#4873=ORIENTED_EDGE('',*,*,#3503,.F.);
#4874=ORIENTED_EDGE('',*,*,#3507,.T.);
#4875=ORIENTED_EDGE('',*,*,#3236,.F.);
#4876=ORIENTED_EDGE('',*,*,#3264,.F.);
#4877=ORIENTED_EDGE('',*,*,#3443,.F.);
#4878=ORIENTED_EDGE('',*,*,#3508,.T.);
#4879=ORIENTED_EDGE('',*,*,#3509,.T.);
#4880=ORIENTED_EDGE('',*,*,#3467,.F.);
#4881=ORIENTED_EDGE('',*,*,#3462,.F.);
#4882=ORIENTED_EDGE('',*,*,#3423,.F.);
#4883=ORIENTED_EDGE('',*,*,#3510,.T.);
#4884=ORIENTED_EDGE('',*,*,#3494,.F.);
#4885=ORIENTED_EDGE('',*,*,#3511,.T.);
#4886=ORIENTED_EDGE('',*,*,#3472,.F.);
#4887=ORIENTED_EDGE('',*,*,#3512,.T.);
#4888=ORIENTED_EDGE('',*,*,#3513,.T.);
#4889=ORIENTED_EDGE('',*,*,#3514,.T.);
#4890=ORIENTED_EDGE('',*,*,#3515,.T.);
#4891=ORIENTED_EDGE('',*,*,#3449,.F.);
#4892=ORIENTED_EDGE('',*,*,#3254,.F.);
#4893=ORIENTED_EDGE('',*,*,#3446,.F.);
#4894=ORIENTED_EDGE('',*,*,#3516,.T.);
#4895=ORIENTED_EDGE('',*,*,#3517,.T.);
#4896=ORIENTED_EDGE('',*,*,#3461,.F.);
#4897=ORIENTED_EDGE('',*,*,#3475,.F.);
#4898=ORIENTED_EDGE('',*,*,#3108,.F.);
#4899=ORIENTED_EDGE('',*,*,#3220,.F.);
#4900=ORIENTED_EDGE('',*,*,#3518,.T.);
#4901=ORIENTED_EDGE('',*,*,#3506,.F.);
#4902=ORIENTED_EDGE('',*,*,#3519,.T.);
#4903=ORIENTED_EDGE('',*,*,#3498,.F.);
#4904=ORIENTED_EDGE('',*,*,#3520,.T.);
#4905=ORIENTED_EDGE('',*,*,#3521,.T.);
#4906=ORIENTED_EDGE('',*,*,#3522,.T.);
#4907=ORIENTED_EDGE('',*,*,#3523,.T.);
#4908=ORIENTED_EDGE('',*,*,#3524,.T.);
#4909=ORIENTED_EDGE('',*,*,#3525,.T.);
#4910=ORIENTED_EDGE('',*,*,#3526,.T.);
#4911=ORIENTED_EDGE('',*,*,#3527,.T.);
#4912=ORIENTED_EDGE('',*,*,#3528,.T.);
#4913=ORIENTED_EDGE('',*,*,#3433,.F.);
#4914=ORIENTED_EDGE('',*,*,#3529,.T.);
#4915=ORIENTED_EDGE('',*,*,#3530,.T.);
#4916=ORIENTED_EDGE('',*,*,#3531,.T.);
#4917=ORIENTED_EDGE('',*,*,#3527,.F.);
#4918=ORIENTED_EDGE('',*,*,#3532,.T.);
#4919=ORIENTED_EDGE('',*,*,#3533,.T.);
#4920=ORIENTED_EDGE('',*,*,#3534,.T.);
#4921=ORIENTED_EDGE('',*,*,#3535,.T.);
#4922=ORIENTED_EDGE('',*,*,#3536,.T.);
#4923=ORIENTED_EDGE('',*,*,#3525,.F.);
#4924=ORIENTED_EDGE('',*,*,#3537,.T.);
#4925=ORIENTED_EDGE('',*,*,#3538,.T.);
#4926=ORIENTED_EDGE('',*,*,#3539,.T.);
#4927=ORIENTED_EDGE('',*,*,#3540,.T.);
#4928=ORIENTED_EDGE('',*,*,#3541,.T.);
#4929=ORIENTED_EDGE('',*,*,#3240,.F.);
#4930=ORIENTED_EDGE('',*,*,#3542,.T.);
#4931=ORIENTED_EDGE('',*,*,#3543,.T.);
#4932=ORIENTED_EDGE('',*,*,#3544,.T.);
#4933=ORIENTED_EDGE('',*,*,#3515,.F.);
#4934=ORIENTED_EDGE('',*,*,#3545,.T.);
#4935=ORIENTED_EDGE('',*,*,#3231,.F.);
#4936=ORIENTED_EDGE('',*,*,#3546,.T.);
#4937=ORIENTED_EDGE('',*,*,#3547,.T.);
#4938=ORIENTED_EDGE('',*,*,#3548,.T.);
#4939=ORIENTED_EDGE('',*,*,#3513,.F.);
#4940=ORIENTED_EDGE('',*,*,#3245,.F.);
#4941=ORIENTED_EDGE('',*,*,#3549,.T.);
#4942=ORIENTED_EDGE('',*,*,#3094,.F.);
#4943=ORIENTED_EDGE('',*,*,#3550,.T.);
#4944=ORIENTED_EDGE('',*,*,#3551,.T.);
#4945=ORIENTED_EDGE('',*,*,#3552,.T.);
#4946=ORIENTED_EDGE('',*,*,#3553,.T.);
#4947=ORIENTED_EDGE('',*,*,#3554,.T.);
#4948=ORIENTED_EDGE('',*,*,#3230,.F.);
#4949=ORIENTED_EDGE('',*,*,#3555,.T.);
#4950=ORIENTED_EDGE('',*,*,#3556,.T.);
#4951=ORIENTED_EDGE('',*,*,#3557,.T.);
#4952=ORIENTED_EDGE('',*,*,#3558,.T.);
#4953=ORIENTED_EDGE('',*,*,#3554,.F.);
#4954=ORIENTED_EDGE('',*,*,#3559,.T.);
#4955=ORIENTED_EDGE('',*,*,#3547,.F.);
#4956=ORIENTED_EDGE('',*,*,#3233,.F.);
#4957=ORIENTED_EDGE('',*,*,#3560,.T.);
#4958=ORIENTED_EDGE('',*,*,#3561,.T.);
#4959=ORIENTED_EDGE('',*,*,#3555,.F.);
#4960=ORIENTED_EDGE('',*,*,#3562,.T.);
#4961=ORIENTED_EDGE('',*,*,#3543,.F.);
#4962=ORIENTED_EDGE('',*,*,#3563,.T.);
#4963=ORIENTED_EDGE('',*,*,#3538,.F.);
#4964=ORIENTED_EDGE('',*,*,#3238,.F.);
#4965=ORIENTED_EDGE('',*,*,#3564,.T.);
#4966=ORIENTED_EDGE('',*,*,#3565,.T.);
#4967=ORIENTED_EDGE('',*,*,#3566,.T.);
#4968=ORIENTED_EDGE('',*,*,#3567,.T.);
#4969=ORIENTED_EDGE('',*,*,#3568,.T.);
#4970=ORIENTED_EDGE('',*,*,#3569,.T.);
#4971=ORIENTED_EDGE('',*,*,#3535,.F.);
#4972=ORIENTED_EDGE('',*,*,#3570,.T.);
#4973=ORIENTED_EDGE('',*,*,#3556,.F.);
#4974=ORIENTED_EDGE('',*,*,#3561,.F.);
#4975=ORIENTED_EDGE('',*,*,#3571,.T.);
#4976=ORIENTED_EDGE('',*,*,#3565,.F.);
#4977=ORIENTED_EDGE('',*,*,#3572,.T.);
#4978=ORIENTED_EDGE('',*,*,#3573,.T.);
#4979=ORIENTED_EDGE('',*,*,#3523,.F.);
#4980=ORIENTED_EDGE('',*,*,#3574,.T.);
#4981=ORIENTED_EDGE('',*,*,#3243,.F.);
#4982=ORIENTED_EDGE('',*,*,#3246,.F.);
#4983=ORIENTED_EDGE('',*,*,#3037,.F.);
#4984=ORIENTED_EDGE('',*,*,#3095,.F.);
#4985=ORIENTED_EDGE('',*,*,#3549,.F.);
#4986=ORIENTED_EDGE('',*,*,#3244,.F.);
#4987=ORIENTED_EDGE('',*,*,#3574,.F.);
#4988=ORIENTED_EDGE('',*,*,#3522,.F.);
#4989=ORIENTED_EDGE('',*,*,#3575,.T.);
#4990=ORIENTED_EDGE('',*,*,#3529,.F.);
#4991=ORIENTED_EDGE('',*,*,#3432,.F.);
#4992=ORIENTED_EDGE('',*,*,#3470,.F.);
#4993=ORIENTED_EDGE('',*,*,#3486,.F.);
#4994=ORIENTED_EDGE('',*,*,#3488,.F.);
#4995=ORIENTED_EDGE('',*,*,#3473,.F.);
#4996=ORIENTED_EDGE('',*,*,#3511,.F.);
#4997=ORIENTED_EDGE('',*,*,#3493,.F.);
#4998=ORIENTED_EDGE('',*,*,#3499,.F.);
#4999=ORIENTED_EDGE('',*,*,#3519,.F.);
#5000=ORIENTED_EDGE('',*,*,#3505,.F.);
#5001=ORIENTED_EDGE('',*,*,#3435,.F.);
#5002=ORIENTED_EDGE('',*,*,#3576,.T.);
#5003=ORIENTED_EDGE('',*,*,#3533,.F.);
#5004=ORIENTED_EDGE('',*,*,#3577,.T.);
#5005=ORIENTED_EDGE('',*,*,#3552,.F.);
#5006=ORIENTED_EDGE('',*,*,#3239,.F.);
#5007=ORIENTED_EDGE('',*,*,#3566,.F.);
#5008=ORIENTED_EDGE('',*,*,#3571,.F.);
#5009=ORIENTED_EDGE('',*,*,#3560,.F.);
#5010=ORIENTED_EDGE('',*,*,#3232,.F.);
#5011=ORIENTED_EDGE('',*,*,#3545,.F.);
#5012=ORIENTED_EDGE('',*,*,#3514,.F.);
#5013=ORIENTED_EDGE('',*,*,#3548,.F.);
#5014=ORIENTED_EDGE('',*,*,#3559,.F.);
#5015=ORIENTED_EDGE('',*,*,#3553,.F.);
#5016=ORIENTED_EDGE('',*,*,#3577,.F.);
#5017=ORIENTED_EDGE('',*,*,#3532,.F.);
#5018=ORIENTED_EDGE('',*,*,#3526,.F.);
#5019=ORIENTED_EDGE('',*,*,#3536,.F.);
#5020=ORIENTED_EDGE('',*,*,#3569,.F.);
#5021=ORIENTED_EDGE('',*,*,#3578,.T.);
#5022=ORIENTED_EDGE('',*,*,#3579,.T.);
#5023=ORIENTED_EDGE('',*,*,#3539,.F.);
#5024=ORIENTED_EDGE('',*,*,#3563,.F.);
#5025=ORIENTED_EDGE('',*,*,#3542,.F.);
#5026=ORIENTED_EDGE('',*,*,#3580,.T.);
#5027=ORIENTED_EDGE('',*,*,#3540,.F.);
#5028=ORIENTED_EDGE('',*,*,#3579,.F.);
#5029=ORIENTED_EDGE('',*,*,#3581,.T.);
#5030=ORIENTED_EDGE('',*,*,#3582,.T.);
#5031=ORIENTED_EDGE('',*,*,#3581,.F.);
#5032=ORIENTED_EDGE('',*,*,#3578,.F.);
#5033=ORIENTED_EDGE('',*,*,#3568,.F.);
#5034=ORIENTED_EDGE('',*,*,#3248,.F.);
#5035=ORIENTED_EDGE('',*,*,#3583,.T.);
#5036=ORIENTED_EDGE('',*,*,#3226,.F.);
#5037=ORIENTED_EDGE('',*,*,#3096,.F.);
#5038=ORIENTED_EDGE('',*,*,#3035,.F.);
#5039=ORIENTED_EDGE('',*,*,#3242,.F.);
#5040=ORIENTED_EDGE('',*,*,#3550,.F.);
#5041=ORIENTED_EDGE('',*,*,#3093,.F.);
#5042=ORIENTED_EDGE('',*,*,#3207,.F.);
#5043=ORIENTED_EDGE('',*,*,#3584,.T.);
#5044=ORIENTED_EDGE('',*,*,#3241,.F.);
#5045=ORIENTED_EDGE('',*,*,#3585,.T.);
#5046=ORIENTED_EDGE('',*,*,#3572,.F.);
#5047=ORIENTED_EDGE('',*,*,#3564,.F.);
#5048=ORIENTED_EDGE('',*,*,#3586,.T.);
#5049=ORIENTED_EDGE('',*,*,#3530,.F.);
#5050=ORIENTED_EDGE('',*,*,#3575,.F.);
#5051=ORIENTED_EDGE('',*,*,#3521,.F.);
#5052=ORIENTED_EDGE('',*,*,#3587,.T.);
#5053=ORIENTED_EDGE('',*,*,#3588,.T.);
#5054=ORIENTED_EDGE('',*,*,#3589,.T.);
#5055=ORIENTED_EDGE('',*,*,#3590,.T.);
#5056=ORIENTED_EDGE('',*,*,#3591,.T.);
#5057=ORIENTED_EDGE('',*,*,#3592,.T.);
#5058=ORIENTED_EDGE('',*,*,#3593,.T.);
#5059=ORIENTED_EDGE('',*,*,#3594,.T.);
#5060=ORIENTED_EDGE('',*,*,#3584,.F.);
#5061=ORIENTED_EDGE('',*,*,#3211,.F.);
#5062=ORIENTED_EDGE('',*,*,#3595,.T.);
#5063=ORIENTED_EDGE('',*,*,#3596,.T.);
#5064=ORIENTED_EDGE('',*,*,#3597,.T.);
#5065=ORIENTED_EDGE('',*,*,#3227,.F.);
#5066=ORIENTED_EDGE('',*,*,#3583,.F.);
#5067=ORIENTED_EDGE('',*,*,#3434,.F.);
#5068=ORIENTED_EDGE('',*,*,#3504,.F.);
#5069=ORIENTED_EDGE('',*,*,#3518,.F.);
#5070=ORIENTED_EDGE('',*,*,#3497,.F.);
#5071=ORIENTED_EDGE('',*,*,#3491,.F.);
#5072=ORIENTED_EDGE('',*,*,#3510,.F.);
#5073=ORIENTED_EDGE('',*,*,#3471,.F.);
#5074=ORIENTED_EDGE('',*,*,#3487,.F.);
#5075=ORIENTED_EDGE('',*,*,#3484,.F.);
#5076=ORIENTED_EDGE('',*,*,#3468,.F.);
#5077=ORIENTED_EDGE('',*,*,#3430,.F.);
#5078=ORIENTED_EDGE('',*,*,#3528,.F.);
#5079=ORIENTED_EDGE('',*,*,#3586,.F.);
#5080=ORIENTED_EDGE('',*,*,#3520,.F.);
#5081=ORIENTED_EDGE('',*,*,#3573,.F.);
#5082=ORIENTED_EDGE('',*,*,#3557,.F.);
#5083=ORIENTED_EDGE('',*,*,#3570,.F.);
#5084=ORIENTED_EDGE('',*,*,#3585,.F.);
#5085=ORIENTED_EDGE('',*,*,#3541,.F.);
#5086=ORIENTED_EDGE('',*,*,#3562,.F.);
#5087=ORIENTED_EDGE('',*,*,#3537,.F.);
#5088=ORIENTED_EDGE('',*,*,#3580,.F.);
#5089=ORIENTED_EDGE('',*,*,#3582,.F.);
#5090=ORIENTED_EDGE('',*,*,#3567,.F.);
#5091=ORIENTED_EDGE('',*,*,#3534,.F.);
#5092=ORIENTED_EDGE('',*,*,#3524,.F.);
#5093=ORIENTED_EDGE('',*,*,#3531,.F.);
#5094=ORIENTED_EDGE('',*,*,#3576,.F.);
#5095=ORIENTED_EDGE('',*,*,#3551,.F.);
#5096=ORIENTED_EDGE('',*,*,#3558,.F.);
#5097=ORIENTED_EDGE('',*,*,#3546,.F.);
#5098=ORIENTED_EDGE('',*,*,#3512,.F.);
#5099=ORIENTED_EDGE('',*,*,#3544,.F.);
#5100=ORIENTED_EDGE('',*,*,#3376,.F.);
#5101=ORIENTED_EDGE('',*,*,#3495,.F.);
#5102=ORIENTED_EDGE('',*,*,#3454,.F.);
#5103=ORIENTED_EDGE('',*,*,#3466,.F.);
#5104=ORIENTED_EDGE('',*,*,#3509,.F.);
#5105=ORIENTED_EDGE('',*,*,#3422,.F.);
#5106=ORIENTED_EDGE('',*,*,#3249,.F.);
#5107=ORIENTED_EDGE('',*,*,#3481,.F.);
#5108=ORIENTED_EDGE('',*,*,#3450,.F.);
#5109=ORIENTED_EDGE('',*,*,#3501,.F.);
#5110=ORIENTED_EDGE('',*,*,#3458,.F.);
#5111=ORIENTED_EDGE('',*,*,#3517,.F.);
#5112=ORIENTED_EDGE('',*,*,#3224,.F.);
#5113=ORIENTED_EDGE('',*,*,#3598,.T.);
#5114=ORIENTED_EDGE('',*,*,#3599,.T.);
#5115=ORIENTED_EDGE('',*,*,#3600,.T.);
#5116=ORIENTED_EDGE('',*,*,#3373,.F.);
#5117=ORIENTED_EDGE('',*,*,#3284,.F.);
#5118=ORIENTED_EDGE('',*,*,#3315,.F.);
#5119=ORIENTED_EDGE('',*,*,#3413,.F.);
#5120=ORIENTED_EDGE('',*,*,#3368,.F.);
#5121=ORIENTED_EDGE('',*,*,#3370,.F.);
#5122=ORIENTED_EDGE('',*,*,#3371,.F.);
#5123=ORIENTED_EDGE('',*,*,#3379,.F.);
#5124=ORIENTED_EDGE('',*,*,#3400,.F.);
#5125=ORIENTED_EDGE('',*,*,#3383,.F.);
#5126=ORIENTED_EDGE('',*,*,#3384,.F.);
#5127=ORIENTED_EDGE('',*,*,#3389,.F.);
#5128=ORIENTED_EDGE('',*,*,#3390,.F.);
#5129=ORIENTED_EDGE('',*,*,#3395,.F.);
#5130=ORIENTED_EDGE('',*,*,#3601,.T.);
#5131=ORIENTED_EDGE('',*,*,#3602,.T.);
#5132=ORIENTED_EDGE('',*,*,#3603,.T.);
#5133=ORIENTED_EDGE('',*,*,#3407,.F.);
#5134=ORIENTED_EDGE('',*,*,#3399,.F.);
#5135=ORIENTED_EDGE('',*,*,#3404,.F.);
#5136=ORIENTED_EDGE('',*,*,#3410,.F.);
#5137=ORIENTED_EDGE('',*,*,#3604,.T.);
#5138=ORIENTED_EDGE('',*,*,#3605,.T.);
#5139=ORIENTED_EDGE('',*,*,#3606,.T.);
#5140=ORIENTED_EDGE('',*,*,#3209,.F.);
#5141=ORIENTED_EDGE('',*,*,#3478,.F.);
#5142=ORIENTED_EDGE('',*,*,#3480,.F.);
#5143=ORIENTED_EDGE('',*,*,#3237,.F.);
#5144=ORIENTED_EDGE('',*,*,#3508,.F.);
#5145=ORIENTED_EDGE('',*,*,#3444,.F.);
#5146=ORIENTED_EDGE('',*,*,#3439,.F.);
#5147=ORIENTED_EDGE('',*,*,#3507,.F.);
#5148=ORIENTED_EDGE('',*,*,#3502,.F.);
#5149=ORIENTED_EDGE('',*,*,#3483,.F.);
#5150=ORIENTED_EDGE('',*,*,#3489,.F.);
#5151=ORIENTED_EDGE('',*,*,#3496,.F.);
#5152=ORIENTED_EDGE('',*,*,#3447,.F.);
#5153=ORIENTED_EDGE('',*,*,#3516,.F.);
#5154=ORIENTED_EDGE('',*,*,#3445,.F.);
#5155=ORIENTED_EDGE('',*,*,#3442,.F.);
#5156=ORIENTED_EDGE('',*,*,#3500,.F.);
#5157=ORIENTED_EDGE('',*,*,#3426,.F.);
#5158=ORIENTED_EDGE('',*,*,#3414,.F.);
#5159=ORIENTED_EDGE('',*,*,#3418,.F.);
#5160=ORIENTED_EDGE('',*,*,#3427,.F.);
#5161=ORIENTED_EDGE('',*,*,#3420,.F.);
#5162=ORIENTED_EDGE('',*,*,#3412,.F.);
#5163=ORIENTED_EDGE('',*,*,#3266,.F.);
#5164=ORIENTED_EDGE('',*,*,#3425,.F.);
#5165=ORIENTED_EDGE('',*,*,#3465,.F.);
#5166=ORIENTED_EDGE('',*,*,#3401,.F.);
#5167=ORIENTED_EDGE('',*,*,#3377,.F.);
#5168=ORIENTED_EDGE('',*,*,#3600,.F.);
#5169=ORIENTED_EDGE('',*,*,#3607,.T.);
#5170=ORIENTED_EDGE('',*,*,#3608,.T.);
#5171=ORIENTED_EDGE('',*,*,#3393,.F.);
#5172=ORIENTED_EDGE('',*,*,#3391,.F.);
#5173=ORIENTED_EDGE('',*,*,#3387,.F.);
#5174=ORIENTED_EDGE('',*,*,#3385,.F.);
#5175=ORIENTED_EDGE('',*,*,#3381,.F.);
#5176=ORIENTED_EDGE('',*,*,#3218,.F.);
#5177=ORIENTED_EDGE('',*,*,#3609,.T.);
#5178=ORIENTED_EDGE('',*,*,#3610,.T.);
#5179=ORIENTED_EDGE('',*,*,#3611,.T.);
#5180=ORIENTED_EDGE('',*,*,#3609,.F.);
#5181=ORIENTED_EDGE('',*,*,#3217,.F.);
#5182=ORIENTED_EDGE('',*,*,#3308,.F.);
#5183=ORIENTED_EDGE('',*,*,#3330,.F.);
#5184=ORIENTED_EDGE('',*,*,#3355,.F.);
#5185=ORIENTED_EDGE('',*,*,#3215,.F.);
#5186=ORIENTED_EDGE('',*,*,#3343,.F.);
#5187=ORIENTED_EDGE('',*,*,#3351,.F.);
#5188=ORIENTED_EDGE('',*,*,#3316,.F.);
#5189=ORIENTED_EDGE('',*,*,#3229,.F.);
#5190=ORIENTED_EDGE('',*,*,#3612,.T.);
#5191=ORIENTED_EDGE('',*,*,#3613,.T.);
#5192=ORIENTED_EDGE('',*,*,#3365,.F.);
#5193=ORIENTED_EDGE('',*,*,#3361,.F.);
#5194=ORIENTED_EDGE('',*,*,#3362,.F.);
#5195=ORIENTED_EDGE('',*,*,#3293,.F.);
#5196=ORIENTED_EDGE('',*,*,#3356,.F.);
#5197=ORIENTED_EDGE('',*,*,#3350,.F.);
#5198=ORIENTED_EDGE('',*,*,#3288,.F.);
#5199=ORIENTED_EDGE('',*,*,#3353,.F.);
#5200=ORIENTED_EDGE('',*,*,#3223,.F.);
#5201=ORIENTED_EDGE('',*,*,#3614,.T.);
#5202=ORIENTED_EDGE('',*,*,#3615,.T.);
#5203=ORIENTED_EDGE('',*,*,#3598,.F.);
#5204=ORIENTED_EDGE('',*,*,#3614,.F.);
#5205=ORIENTED_EDGE('',*,*,#3222,.F.);
#5206=ORIENTED_EDGE('',*,*,#3286,.F.);
#5207=ORIENTED_EDGE('',*,*,#3198,.F.);
#5208=ORIENTED_EDGE('',*,*,#3190,.F.);
#5209=ORIENTED_EDGE('',*,*,#3212,.F.);
#5210=ORIENTED_EDGE('',*,*,#3176,.F.);
#5211=ORIENTED_EDGE('',*,*,#3202,.F.);
#5212=ORIENTED_EDGE('',*,*,#3206,.F.);
#5213=ORIENTED_EDGE('',*,*,#3219,.F.);
#5214=ORIENTED_EDGE('',*,*,#3611,.F.);
#5215=ORIENTED_EDGE('',*,*,#3616,.T.);
#5216=ORIENTED_EDGE('',*,*,#3321,.F.);
#5217=ORIENTED_EDGE('',*,*,#3157,.F.);
#5218=ORIENTED_EDGE('',*,*,#3340,.F.);
#5219=ORIENTED_EDGE('',*,*,#3338,.F.);
#5220=ORIENTED_EDGE('',*,*,#3429,.F.);
#5221=ORIENTED_EDGE('',*,*,#3185,.F.);
#5222=ORIENTED_EDGE('',*,*,#3428,.F.);
#5223=ORIENTED_EDGE('',*,*,#3186,.F.);
#5224=ORIENTED_EDGE('',*,*,#3228,.F.);
#5225=ORIENTED_EDGE('',*,*,#3597,.F.);
#5226=ORIENTED_EDGE('',*,*,#3617,.T.);
#5227=ORIENTED_EDGE('',*,*,#3612,.F.);
#5228=ORIENTED_EDGE('',*,*,#3210,.F.);
#5229=ORIENTED_EDGE('',*,*,#3606,.F.);
#5230=ORIENTED_EDGE('',*,*,#3618,.T.);
#5231=ORIENTED_EDGE('',*,*,#3595,.F.);
#5232=ORIENTED_EDGE('',*,*,#3601,.F.);
#5233=ORIENTED_EDGE('',*,*,#3394,.F.);
#5234=ORIENTED_EDGE('',*,*,#3608,.F.);
#5235=ORIENTED_EDGE('',*,*,#3619,.T.);
#5236=ORIENTED_EDGE('',*,*,#3409,.F.);
#5237=ORIENTED_EDGE('',*,*,#3620,.T.);
#5238=ORIENTED_EDGE('',*,*,#3621,.T.);
#5239=ORIENTED_EDGE('',*,*,#3604,.F.);
#5240=ORIENTED_EDGE('',*,*,#3603,.F.);
#5241=ORIENTED_EDGE('',*,*,#3622,.T.);
#5242=ORIENTED_EDGE('',*,*,#3623,.T.);
#5243=ORIENTED_EDGE('',*,*,#3405,.F.);
#5244=ORIENTED_EDGE('',*,*,#3620,.F.);
#5245=ORIENTED_EDGE('',*,*,#3408,.F.);
#5246=ORIENTED_EDGE('',*,*,#3402,.F.);
#5247=ORIENTED_EDGE('',*,*,#3397,.F.);
#5248=ORIENTED_EDGE('',*,*,#3406,.F.);
#5249=ORIENTED_EDGE('',*,*,#3623,.F.);
#5250=ORIENTED_EDGE('',*,*,#3624,.T.);
#5251=ORIENTED_EDGE('',*,*,#3625,.T.);
#5252=ORIENTED_EDGE('',*,*,#3626,.T.);
#5253=ORIENTED_EDGE('',*,*,#3588,.F.);
#5254=ORIENTED_EDGE('',*,*,#3627,.T.);
#5255=ORIENTED_EDGE('',*,*,#3628,.T.);
#5256=ORIENTED_EDGE('',*,*,#3629,.T.);
#5257=ORIENTED_EDGE('',*,*,#3630,.T.);
#5258=ORIENTED_EDGE('',*,*,#3631,.T.);
#5259=ORIENTED_EDGE('',*,*,#3632,.T.);
#5260=ORIENTED_EDGE('',*,*,#3633,.T.);
#5261=ORIENTED_EDGE('',*,*,#3589,.F.);
#5262=ORIENTED_EDGE('',*,*,#3626,.F.);
#5263=ORIENTED_EDGE('',*,*,#3634,.T.);
#5264=ORIENTED_EDGE('',*,*,#3627,.F.);
#5265=ORIENTED_EDGE('',*,*,#3587,.F.);
#5266=ORIENTED_EDGE('',*,*,#3635,.T.);
#5267=ORIENTED_EDGE('',*,*,#3636,.T.);
#5268=ORIENTED_EDGE('',*,*,#3635,.F.);
#5269=ORIENTED_EDGE('',*,*,#3593,.F.);
#5270=ORIENTED_EDGE('',*,*,#3637,.T.);
#5271=ORIENTED_EDGE('',*,*,#3638,.T.);
#5272=ORIENTED_EDGE('',*,*,#3639,.T.);
#5273=ORIENTED_EDGE('',*,*,#3640,.T.);
#5274=ORIENTED_EDGE('',*,*,#3629,.F.);
#5275=ORIENTED_EDGE('',*,*,#3641,.T.);
#5276=ORIENTED_EDGE('',*,*,#3642,.T.);
#5277=ORIENTED_EDGE('',*,*,#3594,.F.);
#5278=ORIENTED_EDGE('',*,*,#3642,.F.);
#5279=ORIENTED_EDGE('',*,*,#3643,.T.);
#5280=ORIENTED_EDGE('',*,*,#3644,.T.);
#5281=ORIENTED_EDGE('',*,*,#3590,.F.);
#5282=ORIENTED_EDGE('',*,*,#3633,.F.);
#5283=ORIENTED_EDGE('',*,*,#3645,.T.);
#5284=ORIENTED_EDGE('',*,*,#3646,.T.);
#5285=ORIENTED_EDGE('',*,*,#3591,.F.);
#5286=ORIENTED_EDGE('',*,*,#3644,.F.);
#5287=ORIENTED_EDGE('',*,*,#3647,.T.);
#5288=ORIENTED_EDGE('',*,*,#3637,.F.);
#5289=ORIENTED_EDGE('',*,*,#3592,.F.);
#5290=ORIENTED_EDGE('',*,*,#3646,.F.);
#5291=ORIENTED_EDGE('',*,*,#3621,.F.);
#5292=ORIENTED_EDGE('',*,*,#3624,.F.);
#5293=ORIENTED_EDGE('',*,*,#3622,.F.);
#5294=ORIENTED_EDGE('',*,*,#3602,.F.);
#5295=ORIENTED_EDGE('',*,*,#3619,.F.);
#5296=ORIENTED_EDGE('',*,*,#3607,.F.);
#5297=ORIENTED_EDGE('',*,*,#3599,.F.);
#5298=ORIENTED_EDGE('',*,*,#3615,.F.);
#5299=ORIENTED_EDGE('',*,*,#3616,.F.);
#5300=ORIENTED_EDGE('',*,*,#3610,.F.);
#5301=ORIENTED_EDGE('',*,*,#3613,.F.);
#5302=ORIENTED_EDGE('',*,*,#3617,.F.);
#5303=ORIENTED_EDGE('',*,*,#3596,.F.);
#5304=ORIENTED_EDGE('',*,*,#3618,.F.);
#5305=ORIENTED_EDGE('',*,*,#3605,.F.);
#5306=ORIENTED_EDGE('',*,*,#3641,.F.);
#5307=ORIENTED_EDGE('',*,*,#3648,.T.);
#5308=ORIENTED_EDGE('',*,*,#3649,.T.);
#5309=ORIENTED_EDGE('',*,*,#3638,.F.);
#5310=ORIENTED_EDGE('',*,*,#3628,.F.);
#5311=ORIENTED_EDGE('',*,*,#3650,.T.);
#5312=ORIENTED_EDGE('',*,*,#3625,.F.);
#5313=ORIENTED_EDGE('',*,*,#3634,.F.);
#5314=ORIENTED_EDGE('',*,*,#3636,.F.);
#5315=ORIENTED_EDGE('',*,*,#3647,.F.);
#5316=ORIENTED_EDGE('',*,*,#3645,.F.);
#5317=ORIENTED_EDGE('',*,*,#3643,.F.);
#5318=ORIENTED_EDGE('',*,*,#3632,.F.);
#5319=ORIENTED_EDGE('',*,*,#3650,.F.);
#5320=ORIENTED_EDGE('',*,*,#3631,.F.);
#5321=ORIENTED_EDGE('',*,*,#3651,.T.);
#5322=ORIENTED_EDGE('',*,*,#3652,.T.);
#5323=ORIENTED_EDGE('',*,*,#3649,.F.);
#5324=ORIENTED_EDGE('',*,*,#3653,.T.);
#5325=ORIENTED_EDGE('',*,*,#3654,.T.);
#5326=ORIENTED_EDGE('',*,*,#3639,.F.);
#5327=ORIENTED_EDGE('',*,*,#3654,.F.);
#5328=ORIENTED_EDGE('',*,*,#3655,.T.);
#5329=ORIENTED_EDGE('',*,*,#3651,.F.);
#5330=ORIENTED_EDGE('',*,*,#3630,.F.);
#5331=ORIENTED_EDGE('',*,*,#3640,.F.);
#5332=ORIENTED_EDGE('',*,*,#3648,.F.);
#5333=ORIENTED_EDGE('',*,*,#3652,.F.);
#5334=ORIENTED_EDGE('',*,*,#3655,.F.);
#5335=ORIENTED_EDGE('',*,*,#3653,.F.);
#5336=CYLINDRICAL_SURFACE('',#5825,0.29999999999999);
#5337=CYLINDRICAL_SURFACE('',#5826,0.29999999999999);
#5338=CYLINDRICAL_SURFACE('',#5827,4.00000000000005);
#5339=CYLINDRICAL_SURFACE('',#5828,4.00000000000005);
#5340=CYLINDRICAL_SURFACE('',#5829,0.50000000000001);
#5341=CYLINDRICAL_SURFACE('',#5837,0.299999999999998);
#5342=CYLINDRICAL_SURFACE('',#5846,0.40000000000001);
#5343=CYLINDRICAL_SURFACE('',#5848,2.99999999999999);
#5344=CYLINDRICAL_SURFACE('',#5850,0.40000000000001);
#5345=CYLINDRICAL_SURFACE('',#5852,0.400000000000011);
#5346=CYLINDRICAL_SURFACE('',#5855,2.99999999999999);
#5347=CYLINDRICAL_SURFACE('',#5857,3.00000000000003);
#5348=CYLINDRICAL_SURFACE('',#5859,0.40000000000001);
#5349=CYLINDRICAL_SURFACE('',#5861,3.00000000000003);
#5350=CYLINDRICAL_SURFACE('',#5865,0.299999999999998);
#5351=CYLINDRICAL_SURFACE('',#5875,0.14999999999999);
#5352=CYLINDRICAL_SURFACE('',#5885,1.00000000000001);
#5353=CYLINDRICAL_SURFACE('',#5891,1.00000000000001);
#5354=CYLINDRICAL_SURFACE('',#5897,0.50000000000001);
#5355=CYLINDRICAL_SURFACE('',#5899,1.);
#5356=CYLINDRICAL_SURFACE('',#5902,1.25);
#5357=CYLINDRICAL_SURFACE('',#5908,1.);
#5358=CYLINDRICAL_SURFACE('',#5911,0.15);
#5359=CYLINDRICAL_SURFACE('',#5914,0.0999999999999995);
#5360=CYLINDRICAL_SURFACE('',#5917,0.149999999999998);
#5361=CYLINDRICAL_SURFACE('',#5921,0.15);
#5362=CYLINDRICAL_SURFACE('',#5924,0.15);
#5363=CYLINDRICAL_SURFACE('',#5929,1.25);
#5364=CYLINDRICAL_SURFACE('',#5932,0.15);
#5365=CYLINDRICAL_SURFACE('',#5956,0.15);
#5366=CYLINDRICAL_SURFACE('',#5959,0.200000000000001);
#5367=CYLINDRICAL_SURFACE('',#5961,0.14999999999999);
#5368=CYLINDRICAL_SURFACE('',#5964,0.15000000000001);
#5369=CYLINDRICAL_SURFACE('',#5968,0.2);
#5370=CYLINDRICAL_SURFACE('',#5986,0.29999999999999);
#5371=CYLINDRICAL_SURFACE('',#5992,0.3);
#5372=CYLINDRICAL_SURFACE('',#5995,0.3);
#5373=CYLINDRICAL_SURFACE('',#5997,0.3);
#5374=CYLINDRICAL_SURFACE('',#5999,0.300000000000018);
#5375=CYLINDRICAL_SURFACE('',#6006,0.8);
#5376=CYLINDRICAL_SURFACE('',#6010,0.8);
#5377=CYLINDRICAL_SURFACE('',#6019,0.15);
#5378=CYLINDRICAL_SURFACE('',#6021,0.15);
#5379=CYLINDRICAL_SURFACE('',#6025,0.0999999999999998);
#5380=CYLINDRICAL_SURFACE('',#6028,1.25);
#5381=CYLINDRICAL_SURFACE('',#6031,0.0999999999999995);
#5382=CYLINDRICAL_SURFACE('',#6034,1.25);
#5383=CYLINDRICAL_SURFACE('',#6038,0.15);
#5384=CYLINDRICAL_SURFACE('',#6045,1.25000000000001);
#5385=CYLINDRICAL_SURFACE('',#6048,0.0999999999999998);
#5386=CYLINDRICAL_SURFACE('',#6050,1.25);
#5387=CYLINDRICAL_SURFACE('',#6055,1.25);
#5388=CYLINDRICAL_SURFACE('',#6106,0.15);
#5389=CYLINDRICAL_SURFACE('',#6108,1.25);
#5390=CYLINDRICAL_SURFACE('',#6110,1.25);
#5391=CYLINDRICAL_SURFACE('',#6112,1.);
#5392=CYLINDRICAL_SURFACE('',#6114,0.1);
#5393=CYLINDRICAL_SURFACE('',#6116,1.25);
#5394=CYLINDRICAL_SURFACE('',#6119,0.15);
#5395=CYLINDRICAL_SURFACE('',#6121,0.150000000000001);
#5396=CYLINDRICAL_SURFACE('',#6127,0.15);
#5397=CYLINDRICAL_SURFACE('',#6132,0.1);
#5398=CYLINDRICAL_SURFACE('',#6133,0.149999999999998);
#5399=CYLINDRICAL_SURFACE('',#6135,0.15);
#5400=CYLINDRICAL_SURFACE('',#6140,1.25000000000001);
#5401=CYLINDRICAL_SURFACE('',#6141,1.24999999999999);
#5402=CYLINDRICAL_SURFACE('',#6143,0.15);
#5403=CYLINDRICAL_SURFACE('',#6150,0.15);
#5404=CYLINDRICAL_SURFACE('',#6154,1.25);
#5405=CYLINDRICAL_SURFACE('',#6155,1.24999999999999);
#5406=CYLINDRICAL_SURFACE('',#6160,1.25);
#5407=CYLINDRICAL_SURFACE('',#6162,0.15);
#5408=CYLINDRICAL_SURFACE('',#6163,1.);
#5409=CYLINDRICAL_SURFACE('',#6164,0.150000000000001);
#5410=CYLINDRICAL_SURFACE('',#6167,0.15);
#5411=CYLINDRICAL_SURFACE('',#6171,0.14999999999998);
#5412=CYLINDRICAL_SURFACE('',#6175,0.149999999999989);
#5413=CYLINDRICAL_SURFACE('',#6179,0.15000000000001);
#5414=CYLINDRICAL_SURFACE('',#6182,0.149999999999999);
#5415=CYLINDRICAL_SURFACE('',#6187,0.149999999999999);
#5416=CYLINDRICAL_SURFACE('',#6190,0.15);
#5417=CYLINDRICAL_SURFACE('',#6193,0.15);
#5418=CYLINDRICAL_SURFACE('',#6198,0.15000000000001);
#5419=CYLINDRICAL_SURFACE('',#6201,1.25);
#5420=CYLINDRICAL_SURFACE('',#6202,0.3);
#5421=CYLINDRICAL_SURFACE('',#6205,0.6);
#5422=CYLINDRICAL_SURFACE('',#6208,0.149999999999999);
#5423=CYLINDRICAL_SURFACE('',#6212,0.14999999999999);
#5424=CYLINDRICAL_SURFACE('',#6214,0.149999999999979);
#5425=CYLINDRICAL_SURFACE('',#6218,0.3);
#5426=CYLINDRICAL_SURFACE('',#6223,0.3);
#5427=CYLINDRICAL_SURFACE('',#6226,0.15);
#5428=CYLINDRICAL_SURFACE('',#6231,0.3);
#5429=CYLINDRICAL_SURFACE('',#6235,0.150000000000001);
#5430=CYLINDRICAL_SURFACE('',#6237,0.600000000000001);
#5431=CYLINDRICAL_SURFACE('',#6243,0.15000000000002);
#5432=CYLINDRICAL_SURFACE('',#6246,0.15);
#5433=CYLINDRICAL_SURFACE('',#6250,0.149999999999999);
#5434=CYLINDRICAL_SURFACE('',#6257,0.600000000000001);
#5435=CYLINDRICAL_SURFACE('',#6263,0.3);
#5436=CYLINDRICAL_SURFACE('',#6266,0.149999999999999);
#5437=CYLINDRICAL_SURFACE('',#6269,0.599999999999999);
#5438=CYLINDRICAL_SURFACE('',#6272,0.600000000000001);
#5439=CYLINDRICAL_SURFACE('',#6275,0.600000000000001);
#5440=CYLINDRICAL_SURFACE('',#6278,0.15);
#5441=CYLINDRICAL_SURFACE('',#6282,0.3);
#5442=CYLINDRICAL_SURFACE('',#6292,0.6);
#5443=CYLINDRICAL_SURFACE('',#6301,0.599999999999999);
#5444=CYLINDRICAL_SURFACE('',#6306,0.15);
#5445=CYLINDRICAL_SURFACE('',#6321,0.3);
#5446=CYLINDRICAL_SURFACE('',#6324,0.299999999999998);
#5447=CYLINDRICAL_SURFACE('',#6327,0.3);
#5448=CYLINDRICAL_SURFACE('',#6329,0.30000000000002);
#5449=CYLINDRICAL_SURFACE('',#6331,0.15000000000002);
#5450=CYLINDRICAL_SURFACE('',#6333,0.15);
#5451=CYLINDRICAL_SURFACE('',#6339,1.6);
#5452=CYLINDRICAL_SURFACE('',#6343,0.449999999999999);
#5453=CYLINDRICAL_SURFACE('',#6345,0.499999999999999);
#5454=CYLINDRICAL_SURFACE('',#6348,0.15);
#5455=STYLED_ITEM('',(#9839),#5510);
#5456=STYLED_ITEM('',(#9839),#5511);
#5457=STYLED_ITEM('',(#9839),#5512);
#5458=STYLED_ITEM('',(#9839),#5513);
#5459=STYLED_ITEM('',(#9839),#5514);
#5460=STYLED_ITEM('',(#9839),#5515);
#5461=STYLED_ITEM('',(#9839),#5516);
#5462=STYLED_ITEM('',(#9839),#5517);
#5463=STYLED_ITEM('',(#9839),#5518);
#5464=STYLED_ITEM('',(#9839),#5519);
#5465=STYLED_ITEM('',(#9839),#5520);
#5466=STYLED_ITEM('',(#9839),#5521);
#5467=STYLED_ITEM('',(#9839),#5522);
#5468=STYLED_ITEM('',(#9839),#5523);
#5469=STYLED_ITEM('',(#9839),#5524);
#5470=STYLED_ITEM('',(#9839),#5525);
#5471=STYLED_ITEM('',(#9839),#5526);
#5472=STYLED_ITEM('',(#9839),#5527);
#5473=STYLED_ITEM('',(#9839),#5528);
#5474=STYLED_ITEM('',(#9839),#5529);
#5475=STYLED_ITEM('',(#9839),#5530);
#5476=STYLED_ITEM('',(#9840),#5531);
#5477=STYLED_ITEM('',(#9840),#5532);
#5478=STYLED_ITEM('',(#9840),#5533);
#5479=STYLED_ITEM('',(#9840),#5535);
#5480=STYLED_ITEM('',(#9840),#5536);
#5481=STYLED_ITEM('',(#9840),#5537);
#5482=STYLED_ITEM('',(#9840),#5540);
#5483=STYLED_ITEM('',(#9840),#5541);
#5484=STYLED_ITEM('',(#9840),#5542);
#5485=STYLED_ITEM('',(#9840),#5543);
#5486=STYLED_ITEM('',(#9840),#5544);
#5487=STYLED_ITEM('',(#9840),#5545);
#5488=STYLED_ITEM('',(#9839),#5546);
#5489=STYLED_ITEM('',(#9839),#5547);
#5490=STYLED_ITEM('',(#9839),#5548);
#5491=STYLED_ITEM('',(#9839),#5550);
#5492=STYLED_ITEM('',(#9839),#5551);
#5493=STYLED_ITEM('',(#9839),#5553);
#5494=STYLED_ITEM('',(#9839),#5555);
#5495=STYLED_ITEM('',(#9840),#5585);
#5496=STYLED_ITEM('',(#9840),#5588);
#5497=STYLED_ITEM('',(#9839),#5590);
#5498=STYLED_ITEM('',(#9840),#5599);
#5499=STYLED_ITEM('',(#9840),#5601);
#5500=STYLED_ITEM('',(#9840),#5606);
#5501=STYLED_ITEM('',(#9840),#5607);
#5502=STYLED_ITEM('',(#9840),#5608);
#5503=STYLED_ITEM('',(#9840),#5609);
#5504=STYLED_ITEM('',(#9839),#5610);
#5505=STYLED_ITEM('',(#9839),#5612);
#5506=STYLED_ITEM('',(#9839),#5613);
#5507=STYLED_ITEM('',(#9839),#5614);
#5508=STYLED_ITEM('',(#9839),#5616);
#5509=STYLED_ITEM('',(#9838),#17);
#5510=ADVANCED_FACE('',(#443),#5336,.T.);
#5511=ADVANCED_FACE('',(#444),#5337,.T.);
#5512=ADVANCED_FACE('',(#445),#5338,.T.);
#5513=ADVANCED_FACE('',(#446),#5339,.T.);
#5514=ADVANCED_FACE('',(#447),#5340,.T.);
#5515=ADVANCED_FACE('',(#448),#64,.T.);
#5516=ADVANCED_FACE('',(#449),#5341,.T.);
#5517=ADVANCED_FACE('',(#450),#65,.T.);
#5518=ADVANCED_FACE('',(#451),#66,.T.);
#5519=ADVANCED_FACE('',(#452),#67,.T.);
#5520=ADVANCED_FACE('',(#453),#5342,.T.);
#5521=ADVANCED_FACE('',(#454),#5343,.T.);
#5522=ADVANCED_FACE('',(#455),#5344,.T.);
#5523=ADVANCED_FACE('',(#456),#5345,.T.);
#5524=ADVANCED_FACE('',(#457),#68,.T.);
#5525=ADVANCED_FACE('',(#458),#5346,.T.);
#5526=ADVANCED_FACE('',(#459),#5347,.T.);
#5527=ADVANCED_FACE('',(#460),#5348,.T.);
#5528=ADVANCED_FACE('',(#461),#5349,.T.);
#5529=ADVANCED_FACE('',(#462),#69,.T.);
#5530=ADVANCED_FACE('',(#463),#5350,.T.);
#5531=ADVANCED_FACE('',(#464),#70,.T.);
#5532=ADVANCED_FACE('',(#465),#71,.T.);
#5533=ADVANCED_FACE('',(#466),#72,.T.);
#5534=ADVANCED_FACE('',(#467),#73,.T.);
#5535=ADVANCED_FACE('',(#468),#74,.T.);
#5536=ADVANCED_FACE('',(#469),#75,.T.);
#5537=ADVANCED_FACE('',(#470),#76,.T.);
#5538=ADVANCED_FACE('',(#471),#77,.T.);
#5539=ADVANCED_FACE('',(#472),#5351,.F.);
#5540=ADVANCED_FACE('',(#473),#78,.T.);
#5541=ADVANCED_FACE('',(#474),#79,.T.);
#5542=ADVANCED_FACE('',(#475),#80,.T.);
#5543=ADVANCED_FACE('',(#476),#81,.T.);
#5544=ADVANCED_FACE('',(#477),#82,.T.);
#5545=ADVANCED_FACE('',(#478),#83,.T.);
#5546=ADVANCED_FACE('',(#479),#84,.T.);
#5547=ADVANCED_FACE('',(#480),#5352,.T.);
#5548=ADVANCED_FACE('',(#481),#85,.T.);
#5549=ADVANCED_FACE('',(#482),#86,.T.);
#5550=ADVANCED_FACE('',(#483),#87,.T.);
#5551=ADVANCED_FACE('',(#484),#5353,.T.);
#5552=ADVANCED_FACE('',(#485),#88,.T.);
#5553=ADVANCED_FACE('',(#486),#89,.T.);
#5554=ADVANCED_FACE('',(#487),#90,.T.);
#5555=ADVANCED_FACE('',(#488),#5354,.T.);
#5556=ADVANCED_FACE('',(#489),#91,.T.);
#5557=ADVANCED_FACE('',(#490),#5355,.T.);
#5558=ADVANCED_FACE('',(#491),#5356,.T.);
#5559=ADVANCED_FACE('',(#492),#92,.T.);
#5560=ADVANCED_FACE('',(#493,#18),#93,.T.);
#5561=ADVANCED_FACE('',(#494,#19),#94,.T.);
#5562=ADVANCED_FACE('',(#495),#5357,.T.);
#5563=ADVANCED_FACE('',(#496),#5358,.F.);
#5564=ADVANCED_FACE('',(#497),#5359,.F.);
#5565=ADVANCED_FACE('',(#498),#5360,.F.);
#5566=ADVANCED_FACE('',(#499),#95,.T.);
#5567=ADVANCED_FACE('',(#500),#5361,.F.);
#5568=ADVANCED_FACE('',(#501),#5362,.F.);
#5569=ADVANCED_FACE('',(#502),#96,.T.);
#5570=ADVANCED_FACE('',(#503),#97,.T.);
#5571=ADVANCED_FACE('',(#504),#5363,.T.);
#5572=ADVANCED_FACE('',(#505),#5364,.F.);
#5573=ADVANCED_FACE('',(#506),#98,.T.);
#5574=ADVANCED_FACE('',(#507),#99,.T.);
#5575=ADVANCED_FACE('',(#508),#100,.T.);
#5576=ADVANCED_FACE('',(#509),#101,.T.);
#5577=ADVANCED_FACE('',(#510),#102,.T.);
#5578=ADVANCED_FACE('',(#511),#103,.T.);
#5579=ADVANCED_FACE('',(#512),#104,.T.);
#5580=ADVANCED_FACE('',(#513),#5365,.T.);
#5581=ADVANCED_FACE('',(#514),#105,.T.);
#5582=ADVANCED_FACE('',(#515),#5366,.F.);
#5583=ADVANCED_FACE('',(#516),#5367,.T.);
#5584=ADVANCED_FACE('',(#517),#5368,.F.);
#5585=ADVANCED_FACE('',(#518),#106,.T.);
#5586=ADVANCED_FACE('',(#519),#5369,.F.);
#5587=ADVANCED_FACE('',(#520),#107,.T.);
#5588=ADVANCED_FACE('',(#521),#108,.T.);
#5589=ADVANCED_FACE('',(#522),#109,.T.);
#5590=ADVANCED_FACE('',(#523),#110,.T.);
#5591=ADVANCED_FACE('',(#524),#111,.T.);
#5592=ADVANCED_FACE('',(#525),#112,.T.);
#5593=ADVANCED_FACE('',(#526),#113,.T.);
#5594=ADVANCED_FACE('',(#527),#5370,.T.);
#5595=ADVANCED_FACE('',(#528),#114,.T.);
#5596=ADVANCED_FACE('',(#529),#115,.T.);
#5597=ADVANCED_FACE('',(#530),#116,.T.);
#5598=ADVANCED_FACE('',(#531),#117,.T.);
#5599=ADVANCED_FACE('',(#532),#118,.T.);
#5600=ADVANCED_FACE('',(#533),#5371,.T.);
#5601=ADVANCED_FACE('',(#534),#119,.T.);
#5602=ADVANCED_FACE('',(#535),#5372,.T.);
#5603=ADVANCED_FACE('',(#536),#5373,.T.);
#5604=ADVANCED_FACE('',(#537),#5374,.T.);
#5605=ADVANCED_FACE('',(#538),#120,.T.);
#5606=ADVANCED_FACE('',(#539),#121,.T.);
#5607=ADVANCED_FACE('',(#540),#122,.T.);
#5608=ADVANCED_FACE('',(#541),#123,.T.);
#5609=ADVANCED_FACE('',(#542),#124,.T.);
#5610=ADVANCED_FACE('',(#543),#5375,.T.);
#5611=ADVANCED_FACE('',(#544),#125,.T.);
#5612=ADVANCED_FACE('',(#545),#126,.T.);
#5613=ADVANCED_FACE('',(#546),#5376,.T.);
#5614=ADVANCED_FACE('',(#547),#127,.T.);
#5615=ADVANCED_FACE('',(#548),#128,.T.);
#5616=ADVANCED_FACE('',(#549),#129,.T.);
#5617=ADVANCED_FACE('',(#550),#130,.T.);
#5618=ADVANCED_FACE('',(#551),#5377,.F.);
#5619=ADVANCED_FACE('',(#552),#5378,.F.);
#5620=ADVANCED_FACE('',(#553,#20),#131,.T.);
#5621=ADVANCED_FACE('',(#554),#5379,.F.);
#5622=ADVANCED_FACE('',(#555),#5380,.T.);
#5623=ADVANCED_FACE('',(#556),#5381,.F.);
#5624=ADVANCED_FACE('',(#557),#5382,.T.);
#5625=ADVANCED_FACE('',(#558,#21),#132,.T.);
#5626=ADVANCED_FACE('',(#559),#5383,.F.);
#5627=ADVANCED_FACE('',(#560),#133,.T.);
#5628=ADVANCED_FACE('',(#561),#134,.T.);
#5629=ADVANCED_FACE('',(#562),#5384,.T.);
#5630=ADVANCED_FACE('',(#563),#5385,.F.);
#5631=ADVANCED_FACE('',(#564),#5386,.T.);
#5632=ADVANCED_FACE('',(#565),#135,.T.);
#5633=ADVANCED_FACE('',(#566),#136,.T.);
#5634=ADVANCED_FACE('',(#567),#5387,.T.);
#5635=ADVANCED_FACE('',(#568),#137,.T.);
#5636=ADVANCED_FACE('',(#569),#138,.T.);
#5637=ADVANCED_FACE('',(#570),#139,.T.);
#5638=ADVANCED_FACE('',(#571),#140,.T.);
#5639=ADVANCED_FACE('',(#572),#141,.T.);
#5640=ADVANCED_FACE('',(#573),#142,.T.);
#5641=ADVANCED_FACE('',(#574),#143,.T.);
#5642=ADVANCED_FACE('',(#575),#144,.T.);
#5643=ADVANCED_FACE('',(#576),#145,.T.);
#5644=ADVANCED_FACE('',(#577),#146,.T.);
#5645=ADVANCED_FACE('',(#578),#147,.T.);
#5646=ADVANCED_FACE('',(#579),#148,.T.);
#5647=ADVANCED_FACE('',(#580),#149,.T.);
#5648=ADVANCED_FACE('',(#581),#150,.T.);
#5649=ADVANCED_FACE('',(#582),#151,.T.);
#5650=ADVANCED_FACE('',(#583),#152,.T.);
#5651=ADVANCED_FACE('',(#584),#153,.T.);
#5652=ADVANCED_FACE('',(#585),#154,.T.);
#5653=ADVANCED_FACE('',(#586),#155,.T.);
#5654=ADVANCED_FACE('',(#587),#156,.T.);
#5655=ADVANCED_FACE('',(#588),#157,.T.);
#5656=ADVANCED_FACE('',(#589),#158,.T.);
#5657=ADVANCED_FACE('',(#590),#159,.T.);
#5658=ADVANCED_FACE('',(#591),#160,.T.);
#5659=ADVANCED_FACE('',(#592),#5388,.F.);
#5660=ADVANCED_FACE('',(#593),#5389,.T.);
#5661=ADVANCED_FACE('',(#594),#5390,.T.);
#5662=ADVANCED_FACE('',(#595),#5391,.T.);
#5663=ADVANCED_FACE('',(#596),#5392,.F.);
#5664=ADVANCED_FACE('',(#597),#5393,.T.);
#5665=ADVANCED_FACE('',(#598),#161,.T.);
#5666=ADVANCED_FACE('',(#599),#5394,.F.);
#5667=ADVANCED_FACE('',(#600),#5395,.F.);
#5668=ADVANCED_FACE('',(#601),#162,.T.);
#5669=ADVANCED_FACE('',(#602),#163,.T.);
#5670=ADVANCED_FACE('',(#603),#164,.T.);
#5671=ADVANCED_FACE('',(#604),#165,.T.);
#5672=ADVANCED_FACE('',(#605),#5396,.F.);
#5673=ADVANCED_FACE('',(#606),#166,.T.);
#5674=ADVANCED_FACE('',(#607),#5397,.F.);
#5675=ADVANCED_FACE('',(#608),#5398,.F.);
#5676=ADVANCED_FACE('',(#609),#5399,.F.);
#5677=ADVANCED_FACE('',(#610),#167,.T.);
#5678=ADVANCED_FACE('',(#611),#5400,.T.);
#5679=ADVANCED_FACE('',(#612),#5401,.T.);
#5680=ADVANCED_FACE('',(#613),#5402,.F.);
#5681=ADVANCED_FACE('',(#614),#168,.T.);
#5682=ADVANCED_FACE('',(#615),#169,.T.);
#5683=ADVANCED_FACE('',(#616),#170,.T.);
#5684=ADVANCED_FACE('',(#617),#5403,.F.);
#5685=ADVANCED_FACE('',(#618),#171,.T.);
#5686=ADVANCED_FACE('',(#619),#5404,.T.);
#5687=ADVANCED_FACE('',(#620),#5405,.T.);
#5688=ADVANCED_FACE('',(#621),#172,.T.);
#5689=ADVANCED_FACE('',(#622),#5406,.T.);
#5690=ADVANCED_FACE('',(#623),#173,.T.);
#5691=ADVANCED_FACE('',(#624),#5407,.F.);
#5692=ADVANCED_FACE('',(#625),#5408,.T.);
#5693=ADVANCED_FACE('',(#626),#5409,.F.);
#5694=ADVANCED_FACE('',(#627),#174,.T.);
#5695=ADVANCED_FACE('',(#628),#5410,.T.);
#5696=ADVANCED_FACE('',(#629),#175,.T.);
#5697=ADVANCED_FACE('',(#630),#176,.T.);
#5698=ADVANCED_FACE('',(#631),#5411,.T.);
#5699=ADVANCED_FACE('',(#632),#177,.T.);
#5700=ADVANCED_FACE('',(#633),#5412,.T.);
#5701=ADVANCED_FACE('',(#634),#178,.T.);
#5702=ADVANCED_FACE('',(#635),#5413,.F.);
#5703=ADVANCED_FACE('',(#636),#5414,.T.);
#5704=ADVANCED_FACE('',(#637),#179,.T.);
#5705=ADVANCED_FACE('',(#638),#180,.T.);
#5706=ADVANCED_FACE('',(#639),#5415,.F.);
#5707=ADVANCED_FACE('',(#640),#5416,.F.);
#5708=ADVANCED_FACE('',(#641),#181,.T.);
#5709=ADVANCED_FACE('',(#642),#5417,.T.);
#5710=ADVANCED_FACE('',(#643),#182,.T.);
#5711=ADVANCED_FACE('',(#644),#183,.T.);
#5712=ADVANCED_FACE('',(#645),#184,.T.);
#5713=ADVANCED_FACE('',(#646),#5418,.F.);
#5714=ADVANCED_FACE('',(#647),#185,.T.);
#5715=ADVANCED_FACE('',(#648),#5419,.T.);
#5716=ADVANCED_FACE('',(#649),#5420,.F.);
#5717=ADVANCED_FACE('',(#650),#5421,.F.);
#5718=ADVANCED_FACE('',(#651),#5422,.F.);
#5719=ADVANCED_FACE('',(#652),#186,.T.);
#5720=ADVANCED_FACE('',(#653),#187,.T.);
#5721=ADVANCED_FACE('',(#654),#5423,.T.);
#5722=ADVANCED_FACE('',(#655),#5424,.T.);
#5723=ADVANCED_FACE('',(#656),#188,.T.);
#5724=ADVANCED_FACE('',(#657),#189,.T.);
#5725=ADVANCED_FACE('',(#658),#5425,.F.);
#5726=ADVANCED_FACE('',(#659,#22),#190,.T.);
#5727=ADVANCED_FACE('',(#660),#5426,.F.);
#5728=ADVANCED_FACE('',(#661),#191,.T.);
#5729=ADVANCED_FACE('',(#662),#5427,.T.);
#5730=ADVANCED_FACE('',(#663,#23),#192,.T.);
#5731=ADVANCED_FACE('',(#664),#193,.T.);
#5732=ADVANCED_FACE('',(#665),#5428,.F.);
#5733=ADVANCED_FACE('',(#666),#194,.T.);
#5734=ADVANCED_FACE('',(#667),#5429,.T.);
#5735=ADVANCED_FACE('',(#668),#5430,.F.);
#5736=ADVANCED_FACE('',(#669),#195,.T.);
#5737=ADVANCED_FACE('',(#670),#196,.T.);
#5738=ADVANCED_FACE('',(#671),#197,.T.);
#5739=ADVANCED_FACE('',(#672),#5431,.T.);
#5740=ADVANCED_FACE('',(#673),#198,.T.);
#5741=ADVANCED_FACE('',(#674),#5432,.T.);
#5742=ADVANCED_FACE('',(#675),#199,.T.);
#5743=ADVANCED_FACE('',(#676),#200,.T.);
#5744=ADVANCED_FACE('',(#677),#5433,.F.);
#5745=ADVANCED_FACE('',(#678),#201,.T.);
#5746=ADVANCED_FACE('',(#679),#202,.T.);
#5747=ADVANCED_FACE('',(#680),#203,.T.);
#5748=ADVANCED_FACE('',(#681),#204,.T.);
#5749=ADVANCED_FACE('',(#682),#205,.T.);
#5750=ADVANCED_FACE('',(#683),#5434,.F.);
#5751=ADVANCED_FACE('',(#684),#206,.T.);
#5752=ADVANCED_FACE('',(#685),#207,.T.);
#5753=ADVANCED_FACE('',(#686),#208,.T.);
#5754=ADVANCED_FACE('',(#687),#5435,.F.);
#5755=ADVANCED_FACE('',(#688),#5436,.T.);
#5756=ADVANCED_FACE('',(#689),#5437,.F.);
#5757=ADVANCED_FACE('',(#690),#5438,.F.);
#5758=ADVANCED_FACE('',(#691),#5439,.F.);
#5759=ADVANCED_FACE('',(#692),#5440,.T.);
#5760=ADVANCED_FACE('',(#693),#209,.T.);
#5761=ADVANCED_FACE('',(#694),#5441,.F.);
#5762=ADVANCED_FACE('',(#695),#210,.T.);
#5763=ADVANCED_FACE('',(#696),#211,.T.);
#5764=ADVANCED_FACE('',(#697),#212,.T.);
#5765=ADVANCED_FACE('',(#698),#213,.T.);
#5766=ADVANCED_FACE('',(#699),#214,.T.);
#5767=ADVANCED_FACE('',(#700),#215,.T.);
#5768=ADVANCED_FACE('',(#701),#216,.T.);
#5769=ADVANCED_FACE('',(#702),#5442,.F.);
#5770=ADVANCED_FACE('',(#703),#217,.T.);
#5771=ADVANCED_FACE('',(#704),#218,.T.);
#5772=ADVANCED_FACE('',(#705),#219,.T.);
#5773=ADVANCED_FACE('',(#706),#220,.T.);
#5774=ADVANCED_FACE('',(#707),#5443,.F.);
#5775=ADVANCED_FACE('',(#708),#221,.T.);
#5776=ADVANCED_FACE('',(#709),#222,.T.);
#5777=ADVANCED_FACE('',(#710),#223,.T.);
#5778=ADVANCED_FACE('',(#711),#5444,.T.);
#5779=ADVANCED_FACE('',(#712),#224,.T.);
#5780=ADVANCED_FACE('',(#713),#225,.T.);
#5781=ADVANCED_FACE('',(#714,#24),#226,.T.);
#5782=ADVANCED_FACE('',(#715),#227,.T.);
#5783=ADVANCED_FACE('',(#716),#228,.T.);
#5784=ADVANCED_FACE('',(#717),#229,.T.);
#5785=ADVANCED_FACE('',(#718),#5445,.T.);
#5786=ADVANCED_FACE('',(#719,#25,#26),#230,.T.);
#5787=ADVANCED_FACE('',(#720),#5446,.T.);
#5788=ADVANCED_FACE('',(#721,#27,#28),#231,.T.);
#5789=ADVANCED_FACE('',(#722),#5447,.T.);
#5790=ADVANCED_FACE('',(#723),#5448,.T.);
#5791=ADVANCED_FACE('',(#724),#5449,.T.);
#5792=ADVANCED_FACE('',(#725),#232,.T.);
#5793=ADVANCED_FACE('',(#726),#5450,.T.);
#5794=ADVANCED_FACE('',(#727),#233,.T.);
#5795=ADVANCED_FACE('',(#728),#234,.T.);
#5796=ADVANCED_FACE('',(#729),#235,.T.);
#5797=ADVANCED_FACE('',(#730),#236,.T.);
#5798=ADVANCED_FACE('',(#731),#5451,.T.);
#5799=ADVANCED_FACE('',(#732),#237,.T.);
#5800=ADVANCED_FACE('',(#733),#238,.T.);
#5801=ADVANCED_FACE('',(#734),#5452,.T.);
#5802=ADVANCED_FACE('',(#735),#5453,.T.);
#5803=ADVANCED_FACE('',(#736),#239,.T.);
#5804=ADVANCED_FACE('',(#737),#5454,.T.);
#5805=ADVANCED_FACE('',(#738,#29,#30,#31),#240,.T.);
#5806=ADVANCED_FACE('',(#739),#241,.T.);
#5807=ADVANCED_FACE('',(#740),#242,.T.);
#5808=ADVANCED_FACE('',(#741),#243,.T.);
#5809=ADVANCED_FACE('',(#742),#244,.T.);
#5810=CLOSED_SHELL('',(#5510,#5511,#5512,#5513,#5514,#5515,#5516,#5517,
#5518,#5519,#5520,#5521,#5522,#5523,#5524,#5525,#5526,#5527,#5528,#5529,
#5530,#5531,#5532,#5533,#5534,#5535,#5536,#5537,#5538,#5539,#5540,#5541,
#5542,#5543,#5544,#5545,#5546,#5547,#5548,#5549,#5550,#5551,#5552,#5553,
#5554,#5555,#5556,#5557,#5558,#5559,#5560,#5561,#5562,#5563,#5564,#5565,
#5566,#5567,#5568,#5569,#5570,#5571,#5572,#5573,#5574,#5575,#5576,#5577,
#5578,#5579,#5580,#5581,#5582,#5583,#5584,#5585,#5586,#5587,#5588,#5589,
#5590,#5591,#5592,#5593,#5594,#5595,#5596,#5597,#5598,#5599,#5600,#5601,
#5602,#5603,#5604,#5605,#5606,#5607,#5608,#5609,#5610,#5611,#5612,#5613,
#5614,#5615,#5616,#5617,#5618,#5619,#5620,#5621,#5622,#5623,#5624,#5625,
#5626,#5627,#5628,#5629,#5630,#5631,#5632,#5633,#5634,#5635,#5636,#5637,
#5638,#5639,#5640,#5641,#5642,#5643,#5644,#5645,#5646,#5647,#5648,#5649,
#5650,#5651,#5652,#5653,#5654,#5655,#5656,#5657,#5658,#5659,#5660,#5661,
#5662,#5663,#5664,#5665,#5666,#5667,#5668,#5669,#5670,#5671,#5672,#5673,
#5674,#5675,#5676,#5677,#5678,#5679,#5680,#5681,#5682,#5683,#5684,#5685,
#5686,#5687,#5688,#5689,#5690,#5691,#5692,#5693,#5694,#5695,#5696,#5697,
#5698,#5699,#5700,#5701,#5702,#5703,#5704,#5705,#5706,#5707,#5708,#5709,
#5710,#5711,#5712,#5713,#5714,#5715,#5716,#5717,#5718,#5719,#5720,#5721,
#5722,#5723,#5724,#5725,#5726,#5727,#5728,#5729,#5730,#5731,#5732,#5733,
#5734,#5735,#5736,#5737,#5738,#5739,#5740,#5741,#5742,#5743,#5744,#5745,
#5746,#5747,#5748,#5749,#5750,#5751,#5752,#5753,#5754,#5755,#5756,#5757,
#5758,#5759,#5760,#5761,#5762,#5763,#5764,#5765,#5766,#5767,#5768,#5769,
#5770,#5771,#5772,#5773,#5774,#5775,#5776,#5777,#5778,#5779,#5780,#5781,
#5782,#5783,#5784,#5785,#5786,#5787,#5788,#5789,#5790,#5791,#5792,#5793,
#5794,#5795,#5796,#5797,#5798,#5799,#5800,#5801,#5802,#5803,#5804,#5805,
#5806,#5807,#5808,#5809));
#5811=DERIVED_UNIT_ELEMENT(#5813,1.);
#5812=DERIVED_UNIT_ELEMENT(#9816,-3.);
#5813=(
MASS_UNIT()
NAMED_UNIT(*)
SI_UNIT(.KILO.,.GRAM.)
);
#5814=DERIVED_UNIT((#5811,#5812));
#5815=MEASURE_REPRESENTATION_ITEM('density measure',
POSITIVE_RATIO_MEASURE(7850.),#5814);
#5816=PROPERTY_DEFINITION_REPRESENTATION(#5821,#5818);
#5817=PROPERTY_DEFINITION_REPRESENTATION(#5822,#5819);
#5818=REPRESENTATION('material name',(#5820),#9813);
#5819=REPRESENTATION('density',(#5815),#9813);
#5820=DESCRIPTIVE_REPRESENTATION_ITEM('Steel','Steel');
#5821=PROPERTY_DEFINITION('material property','material name',#9828);
#5822=PROPERTY_DEFINITION('material property','density of part',#9828);
#5823=AXIS2_PLACEMENT_3D('',#8015,#6356,#6357);
#5824=AXIS2_PLACEMENT_3D('',#8016,#6358,#6359);
#5825=AXIS2_PLACEMENT_3D('',#8017,#6360,#6361);
#5826=AXIS2_PLACEMENT_3D('',#8048,#6363,#6364);
#5827=AXIS2_PLACEMENT_3D('',#8079,#6366,#6367);
#5828=AXIS2_PLACEMENT_3D('',#8097,#6370,#6371);
#5829=AXIS2_PLACEMENT_3D('',#8115,#6374,#6375);
#5830=AXIS2_PLACEMENT_3D('',#8120,#6377,#6378);
#5831=AXIS2_PLACEMENT_3D('',#8123,#6380,#6381);
#5832=AXIS2_PLACEMENT_3D('',#8124,#6382,#6383);
#5833=AXIS2_PLACEMENT_3D('',#8126,#6384,#6385);
#5834=AXIS2_PLACEMENT_3D('',#8128,#6386,#6387);
#5835=AXIS2_PLACEMENT_3D('',#8133,#6390,#6391);
#5836=AXIS2_PLACEMENT_3D('',#8134,#6392,#6393);
#5837=AXIS2_PLACEMENT_3D('',#8135,#6394,#6395);
#5838=AXIS2_PLACEMENT_3D('',#8155,#6397,#6398);
#5839=AXIS2_PLACEMENT_3D('',#8157,#6399,#6400);
#5840=AXIS2_PLACEMENT_3D('',#8159,#6401,#6402);
#5841=AXIS2_PLACEMENT_3D('',#8167,#6406,#6407);
#5842=AXIS2_PLACEMENT_3D('',#8168,#6408,#6409);
#5843=AXIS2_PLACEMENT_3D('',#8169,#6410,#6411);
#5844=AXIS2_PLACEMENT_3D('',#8175,#6415,#6416);
#5845=AXIS2_PLACEMENT_3D('',#8181,#6419,#6420);
#5846=AXIS2_PLACEMENT_3D('',#8183,#6422,#6423);
#5847=AXIS2_PLACEMENT_3D('',#8186,#6425,#6426);
#5848=AXIS2_PLACEMENT_3D('',#8187,#6427,#6428);
#5849=AXIS2_PLACEMENT_3D('',#8188,#6429,#6430);
#5850=AXIS2_PLACEMENT_3D('',#8189,#6431,#6432);
#5851=AXIS2_PLACEMENT_3D('',#8193,#6434,#6435);
#5852=AXIS2_PLACEMENT_3D('',#8202,#6436,#6437);
#5853=AXIS2_PLACEMENT_3D('',#8204,#6438,#6439);
#5854=AXIS2_PLACEMENT_3D('',#8206,#6441,#6442);
#5855=AXIS2_PLACEMENT_3D('',#8212,#6446,#6447);
#5856=AXIS2_PLACEMENT_3D('',#8215,#6449,#6450);
#5857=AXIS2_PLACEMENT_3D('',#8216,#6451,#6452);
#5858=AXIS2_PLACEMENT_3D('',#8217,#6453,#6454);
#5859=AXIS2_PLACEMENT_3D('',#8218,#6455,#6456);
#5860=AXIS2_PLACEMENT_3D('',#8229,#6457,#6458);
#5861=AXIS2_PLACEMENT_3D('',#8231,#6460,#6461);
#5862=AXIS2_PLACEMENT_3D('',#8232,#6462,#6463);
#5863=AXIS2_PLACEMENT_3D('',#8233,#6464,#6465);
#5864=AXIS2_PLACEMENT_3D('',#8237,#6467,#6468);
#5865=AXIS2_PLACEMENT_3D('',#8239,#6470,#6471);
#5866=AXIS2_PLACEMENT_3D('',#8241,#6473,#6474);
#5867=AXIS2_PLACEMENT_3D('',#8250,#6479,#6480);
#5868=AXIS2_PLACEMENT_3D('',#8256,#6484,#6485);
#5869=AXIS2_PLACEMENT_3D('',#8265,#6490,#6491);
#5870=AXIS2_PLACEMENT_3D('',#8270,#6493,#6494);
#5871=AXIS2_PLACEMENT_3D('',#8274,#6497,#6498);
#5872=AXIS2_PLACEMENT_3D('',#8278,#6501,#6502);
#5873=AXIS2_PLACEMENT_3D('',#8282,#6505,#6506);
#5874=AXIS2_PLACEMENT_3D('',#8284,#6508,#6509);
#5875=AXIS2_PLACEMENT_3D('',#8293,#6514,#6515);
#5876=AXIS2_PLACEMENT_3D('',#8296,#6516,#6517);
#5877=AXIS2_PLACEMENT_3D('',#8300,#6519,#6520);
#5878=AXIS2_PLACEMENT_3D('',#8302,#6522,#6523);
#5879=AXIS2_PLACEMENT_3D('',#8311,#6528,#6529);
#5880=AXIS2_PLACEMENT_3D('',#8320,#6534,#6535);
#5881=AXIS2_PLACEMENT_3D('',#8326,#6539,#6540);
#5882=AXIS2_PLACEMENT_3D('',#8332,#6544,#6545);
#5883=AXIS2_PLACEMENT_3D('',#8334,#6547,#6548);
#5884=AXIS2_PLACEMENT_3D('',#8336,#6550,#6551);
#5885=AXIS2_PLACEMENT_3D('',#8346,#6557,#6558);
#5886=AXIS2_PLACEMENT_3D('',#8348,#6559,#6560);
#5887=AXIS2_PLACEMENT_3D('',#8351,#6562,#6563);
#5888=AXIS2_PLACEMENT_3D('',#8352,#6564,#6565);
#5889=AXIS2_PLACEMENT_3D('',#8358,#6569,#6570);
#5890=AXIS2_PLACEMENT_3D('',#8364,#6574,#6575);
#5891=AXIS2_PLACEMENT_3D('',#8374,#6581,#6582);
#5892=AXIS2_PLACEMENT_3D('',#8376,#6583,#6584);
#5893=AXIS2_PLACEMENT_3D('',#8379,#6586,#6587);
#5894=AXIS2_PLACEMENT_3D('',#8380,#6588,#6589);
#5895=AXIS2_PLACEMENT_3D('',#8386,#6593,#6594);
#5896=AXIS2_PLACEMENT_3D('',#8392,#6598,#6599);
#5897=AXIS2_PLACEMENT_3D('',#8401,#6604,#6605);
#5898=AXIS2_PLACEMENT_3D('',#8403,#6607,#6608);
#5899=AXIS2_PLACEMENT_3D('',#8406,#6611,#6612);
#5900=AXIS2_PLACEMENT_3D('',#8409,#6613,#6614);
#5901=AXIS2_PLACEMENT_3D('',#8413,#6616,#6617);
#5902=AXIS2_PLACEMENT_3D('',#8415,#6619,#6620);
#5903=AXIS2_PLACEMENT_3D('',#8418,#6621,#6622);
#5904=AXIS2_PLACEMENT_3D('',#8422,#6624,#6625);
#5905=AXIS2_PLACEMENT_3D('',#8424,#6627,#6628);
#5906=AXIS2_PLACEMENT_3D('',#8430,#6632,#6633);
#5907=AXIS2_PLACEMENT_3D('',#8436,#6637,#6638);
#5908=AXIS2_PLACEMENT_3D('',#8445,#6643,#6644);
#5909=AXIS2_PLACEMENT_3D('',#8448,#6645,#6646);
#5910=AXIS2_PLACEMENT_3D('',#8452,#6648,#6649);
#5911=AXIS2_PLACEMENT_3D('',#8454,#6651,#6652);
#5912=AXIS2_PLACEMENT_3D('',#8456,#6653,#6654);
#5913=AXIS2_PLACEMENT_3D('',#8459,#6656,#6657);
#5914=AXIS2_PLACEMENT_3D('',#8460,#6658,#6659);
#5915=AXIS2_PLACEMENT_3D('',#8462,#6660,#6661);
#5916=AXIS2_PLACEMENT_3D('',#8465,#6663,#6664);
#5917=AXIS2_PLACEMENT_3D('',#8466,#6665,#6666);
#5918=AXIS2_PLACEMENT_3D('',#8469,#6667,#6668);
#5919=AXIS2_PLACEMENT_3D('',#8473,#6670,#6671);
#5920=AXIS2_PLACEMENT_3D('',#8475,#6673,#6674);
#5921=AXIS2_PLACEMENT_3D('',#8500,#6687,#6688);
#5922=AXIS2_PLACEMENT_3D('',#8503,#6689,#6690);
#5923=AXIS2_PLACEMENT_3D('',#8507,#6692,#6693);
#5924=AXIS2_PLACEMENT_3D('',#8509,#6695,#6696);
#5925=AXIS2_PLACEMENT_3D('',#8512,#6697,#6698);
#5926=AXIS2_PLACEMENT_3D('',#8516,#6700,#6701);
#5927=AXIS2_PLACEMENT_3D('',#8518,#6703,#6704);
#5928=AXIS2_PLACEMENT_3D('',#8527,#6709,#6710);
#5929=AXIS2_PLACEMENT_3D('',#8536,#6715,#6716);
#5930=AXIS2_PLACEMENT_3D('',#8538,#6717,#6718);
#5931=AXIS2_PLACEMENT_3D('',#8540,#6719,#6720);
#5932=AXIS2_PLACEMENT_3D('',#8542,#6722,#6723);
#5933=AXIS2_PLACEMENT_3D('',#8544,#6724,#6725);
#5934=AXIS2_PLACEMENT_3D('',#8546,#6726,#6727);
#5935=AXIS2_PLACEMENT_3D('',#8548,#6729,#6730);
#5936=AXIS2_PLACEMENT_3D('',#8560,#6737,#6738);
#5937=AXIS2_PLACEMENT_3D('',#8569,#6743,#6744);
#5938=AXIS2_PLACEMENT_3D('',#8571,#6745,#6746);
#5939=AXIS2_PLACEMENT_3D('',#8573,#6747,#6748);
#5940=AXIS2_PLACEMENT_3D('',#8575,#6749,#6750);
#5941=AXIS2_PLACEMENT_3D('',#8578,#6752,#6753);
#5942=AXIS2_PLACEMENT_3D('',#8580,#6754,#6755);
#5943=AXIS2_PLACEMENT_3D('',#8582,#6757,#6758);
#5944=AXIS2_PLACEMENT_3D('',#8588,#6761,#6762);
#5945=AXIS2_PLACEMENT_3D('',#8589,#6763,#6764);
#5946=AXIS2_PLACEMENT_3D('',#8590,#6765,#6766);
#5947=AXIS2_PLACEMENT_3D('',#8592,#6767,#6768);
#5948=AXIS2_PLACEMENT_3D('',#8594,#6769,#6770);
#5949=AXIS2_PLACEMENT_3D('',#8596,#6772,#6773);
#5950=AXIS2_PLACEMENT_3D('',#8597,#6774,#6775);
#5951=AXIS2_PLACEMENT_3D('',#8599,#6776,#6777);
#5952=AXIS2_PLACEMENT_3D('',#8601,#6778,#6779);
#5953=AXIS2_PLACEMENT_3D('',#8603,#6781,#6782);
#5954=AXIS2_PLACEMENT_3D('',#8604,#6783,#6784);
#5955=AXIS2_PLACEMENT_3D('',#8611,#6788,#6789);
#5956=AXIS2_PLACEMENT_3D('',#8612,#6790,#6791);
#5957=AXIS2_PLACEMENT_3D('',#8623,#6793,#6794);
#5958=AXIS2_PLACEMENT_3D('',#8627,#6796,#6797);
#5959=AXIS2_PLACEMENT_3D('',#8629,#6799,#6800);
#5960=AXIS2_PLACEMENT_3D('',#8632,#6802,#6803);
#5961=AXIS2_PLACEMENT_3D('',#8633,#6804,#6805);
#5962=AXIS2_PLACEMENT_3D('',#8638,#6807,#6808);
#5963=AXIS2_PLACEMENT_3D('',#8641,#6810,#6811);
#5964=AXIS2_PLACEMENT_3D('',#8642,#6812,#6813);
#5965=AXIS2_PLACEMENT_3D('',#8644,#6814,#6815);
#5966=AXIS2_PLACEMENT_3D('',#8646,#6816,#6817);
#5967=AXIS2_PLACEMENT_3D('',#8648,#6819,#6820);
#5968=AXIS2_PLACEMENT_3D('',#8654,#6824,#6825);
#5969=AXIS2_PLACEMENT_3D('',#8656,#6826,#6827);
#5970=AXIS2_PLACEMENT_3D('',#8658,#6829,#6830);
#5971=AXIS2_PLACEMENT_3D('',#8660,#6831,#6832);
#5972=AXIS2_PLACEMENT_3D('',#8664,#6834,#6835);
#5973=AXIS2_PLACEMENT_3D('',#8667,#6837,#6838);
#5974=AXIS2_PLACEMENT_3D('',#8669,#6839,#6840);
#5975=AXIS2_PLACEMENT_3D('',#8673,#6843,#6844);
#5976=AXIS2_PLACEMENT_3D('',#8674,#6845,#6846);
#5977=AXIS2_PLACEMENT_3D('',#8680,#6850,#6851);
#5978=AXIS2_PLACEMENT_3D('',#8690,#6857,#6858);
#5979=AXIS2_PLACEMENT_3D('',#8692,#6859,#6860);
#5980=AXIS2_PLACEMENT_3D('',#8696,#6863,#6864);
#5981=AXIS2_PLACEMENT_3D('',#8700,#6866,#6867);
#5982=AXIS2_PLACEMENT_3D('',#8704,#6869,#6870);
#5983=AXIS2_PLACEMENT_3D('',#8705,#6871,#6872);
#5984=AXIS2_PLACEMENT_3D('',#8706,#6873,#6874);
#5985=AXIS2_PLACEMENT_3D('',#8717,#6881,#6882);
#5986=AXIS2_PLACEMENT_3D('',#8724,#6887,#6888);
#5987=AXIS2_PLACEMENT_3D('',#8726,#6890,#6891);
#5988=AXIS2_PLACEMENT_3D('',#8729,#6894,#6895);
#5989=AXIS2_PLACEMENT_3D('',#8734,#6899,#6900);
#5990=AXIS2_PLACEMENT_3D('',#8736,#6902,#6903);
#5991=AXIS2_PLACEMENT_3D('',#8738,#6905,#6906);
#5992=AXIS2_PLACEMENT_3D('',#8742,#6909,#6910);
#5993=AXIS2_PLACEMENT_3D('',#8743,#6911,#6912);
#5994=AXIS2_PLACEMENT_3D('',#8744,#6913,#6914);
#5995=AXIS2_PLACEMENT_3D('',#8748,#6917,#6918);
#5996=AXIS2_PLACEMENT_3D('',#8750,#6919,#6920);
#5997=AXIS2_PLACEMENT_3D('',#8752,#6922,#6923);
#5998=AXIS2_PLACEMENT_3D('',#8753,#6924,#6925);
#5999=AXIS2_PLACEMENT_3D('',#8754,#6926,#6927);
#6000=AXIS2_PLACEMENT_3D('',#8756,#6928,#6929);
#6001=AXIS2_PLACEMENT_3D('',#8758,#6931,#6932);
#6002=AXIS2_PLACEMENT_3D('',#8760,#6934,#6935);
#6003=AXIS2_PLACEMENT_3D('',#8762,#6937,#6938);
#6004=AXIS2_PLACEMENT_3D('',#8766,#6941,#6942);
#6005=AXIS2_PLACEMENT_3D('',#8770,#6945,#6946);
#6006=AXIS2_PLACEMENT_3D('',#8772,#6948,#6949);
#6007=AXIS2_PLACEMENT_3D('',#8774,#6950,#6951);
#6008=AXIS2_PLACEMENT_3D('',#8776,#6953,#6954);
#6009=AXIS2_PLACEMENT_3D('',#8780,#6957,#6958);
#6010=AXIS2_PLACEMENT_3D('',#8782,#6960,#6961);
#6011=AXIS2_PLACEMENT_3D('',#8784,#6962,#6963);
#6012=AXIS2_PLACEMENT_3D('',#8787,#6965,#6966);
#6013=AXIS2_PLACEMENT_3D('',#8788,#6967,#6968);
#6014=AXIS2_PLACEMENT_3D('',#8792,#6971,#6972);
#6015=AXIS2_PLACEMENT_3D('',#8796,#6975,#6976);
#6016=AXIS2_PLACEMENT_3D('',#8798,#6978,#6979);
#6017=AXIS2_PLACEMENT_3D('',#8805,#6982,#6983);
#6018=AXIS2_PLACEMENT_3D('',#8807,#6984,#6985);
#6019=AXIS2_PLACEMENT_3D('',#8809,#6987,#6988);
#6020=AXIS2_PLACEMENT_3D('',#8811,#6989,#6990);
#6021=AXIS2_PLACEMENT_3D('',#8813,#6992,#6993);
#6022=AXIS2_PLACEMENT_3D('',#8815,#6994,#6995);
#6023=AXIS2_PLACEMENT_3D('',#8818,#6997,#6998);
#6024=AXIS2_PLACEMENT_3D('',#8819,#6999,#7000);
#6025=AXIS2_PLACEMENT_3D('',#8825,#7004,#7005);
#6026=AXIS2_PLACEMENT_3D('',#8826,#7006,#7007);
#6027=AXIS2_PLACEMENT_3D('',#8827,#7008,#7009);
#6028=AXIS2_PLACEMENT_3D('',#8828,#7010,#7011);
#6029=AXIS2_PLACEMENT_3D('',#8830,#7012,#7013);
#6030=AXIS2_PLACEMENT_3D('',#8832,#7014,#7015);
#6031=AXIS2_PLACEMENT_3D('',#8834,#7017,#7018);
#6032=AXIS2_PLACEMENT_3D('',#8836,#7019,#7020);
#6033=AXIS2_PLACEMENT_3D('',#8838,#7021,#7022);
#6034=AXIS2_PLACEMENT_3D('',#8840,#7024,#7025);
#6035=AXIS2_PLACEMENT_3D('',#8842,#7026,#7027);
#6036=AXIS2_PLACEMENT_3D('',#8844,#7028,#7029);
#6037=AXIS2_PLACEMENT_3D('',#8846,#7031,#7032);
#6038=AXIS2_PLACEMENT_3D('',#8852,#7036,#7037);
#6039=AXIS2_PLACEMENT_3D('',#8854,#7038,#7039);
#6040=AXIS2_PLACEMENT_3D('',#8856,#7040,#7041);
#6041=AXIS2_PLACEMENT_3D('',#8858,#7043,#7044);
#6042=AXIS2_PLACEMENT_3D('',#8860,#7045,#7046);
#6043=AXIS2_PLACEMENT_3D('',#8864,#7049,#7050);
#6044=AXIS2_PLACEMENT_3D('',#8869,#7053,#7054);
#6045=AXIS2_PLACEMENT_3D('',#8870,#7055,#7056);
#6046=AXIS2_PLACEMENT_3D('',#8872,#7057,#7058);
#6047=AXIS2_PLACEMENT_3D('',#8875,#7060,#7061);
#6048=AXIS2_PLACEMENT_3D('',#8876,#7062,#7063);
#6049=AXIS2_PLACEMENT_3D('',#8878,#7064,#7065);
#6050=AXIS2_PLACEMENT_3D('',#8880,#7067,#7068);
#6051=AXIS2_PLACEMENT_3D('',#8883,#7070,#7071);
#6052=AXIS2_PLACEMENT_3D('',#8884,#7072,#7073);
#6053=AXIS2_PLACEMENT_3D('',#8890,#7077,#7078);
#6054=AXIS2_PLACEMENT_3D('',#8893,#7080,#7081);
#6055=AXIS2_PLACEMENT_3D('',#8897,#7084,#7085);
#6056=AXIS2_PLACEMENT_3D('',#8899,#7087,#7088);
#6057=AXIS2_PLACEMENT_3D('',#8901,#7090,#7091);
#6058=AXIS2_PLACEMENT_3D('',#8905,#7094,#7095);
#6059=AXIS2_PLACEMENT_3D('',#8913,#7099,#7100);
#6060=AXIS2_PLACEMENT_3D('',#8915,#7102,#7103);
#6061=AXIS2_PLACEMENT_3D('',#8917,#7105,#7106);
#6062=AXIS2_PLACEMENT_3D('',#8919,#7107,#7108);
#6063=AXIS2_PLACEMENT_3D('',#8921,#7109,#7110);
#6064=AXIS2_PLACEMENT_3D('',#8923,#7112,#7113);
#6065=AXIS2_PLACEMENT_3D('',#8925,#7114,#7115);
#6066=AXIS2_PLACEMENT_3D('',#8929,#7117,#7118);
#6067=AXIS2_PLACEMENT_3D('',#8931,#7120,#7121);
#6068=AXIS2_PLACEMENT_3D('',#8939,#7125,#7126);
#6069=AXIS2_PLACEMENT_3D('',#8941,#7128,#7129);
#6070=AXIS2_PLACEMENT_3D('',#8949,#7133,#7134);
#6071=AXIS2_PLACEMENT_3D('',#8951,#7136,#7137);
#6072=AXIS2_PLACEMENT_3D('',#8960,#7142,#7143);
#6073=AXIS2_PLACEMENT_3D('',#8969,#7148,#7149);
#6074=AXIS2_PLACEMENT_3D('',#8978,#7154,#7155);
#6075=AXIS2_PLACEMENT_3D('',#8987,#7160,#7161);
#6076=AXIS2_PLACEMENT_3D('',#8993,#7165,#7166);
#6077=AXIS2_PLACEMENT_3D('',#9000,#7169,#7170);
#6078=AXIS2_PLACEMENT_3D('',#9004,#7172,#7173);
#6079=AXIS2_PLACEMENT_3D('',#9008,#7175,#7176);
#6080=AXIS2_PLACEMENT_3D('',#9012,#7178,#7179);
#6081=AXIS2_PLACEMENT_3D('',#9014,#7181,#7182);
#6082=AXIS2_PLACEMENT_3D('',#9018,#7184,#7185);
#6083=AXIS2_PLACEMENT_3D('',#9022,#7187,#7188);
#6084=AXIS2_PLACEMENT_3D('',#9025,#7190,#7191);
#6085=AXIS2_PLACEMENT_3D('',#9026,#7192,#7193);
#6086=AXIS2_PLACEMENT_3D('',#9035,#7198,#7199);
#6087=AXIS2_PLACEMENT_3D('',#9038,#7200,#7201);
#6088=AXIS2_PLACEMENT_3D('',#9041,#7203,#7204);
#6089=AXIS2_PLACEMENT_3D('',#9045,#7206,#7207);
#6090=AXIS2_PLACEMENT_3D('',#9047,#7209,#7210);
#6091=AXIS2_PLACEMENT_3D('',#9054,#7213,#7214);
#6092=AXIS2_PLACEMENT_3D('',#9058,#7216,#7217);
#6093=AXIS2_PLACEMENT_3D('',#9061,#7219,#7220);
#6094=AXIS2_PLACEMENT_3D('',#9062,#7221,#7222);
#6095=AXIS2_PLACEMENT_3D('',#9068,#7226,#7227);
#6096=AXIS2_PLACEMENT_3D('',#9070,#7229,#7230);
#6097=AXIS2_PLACEMENT_3D('',#9072,#7232,#7233);
#6098=AXIS2_PLACEMENT_3D('',#9081,#7238,#7239);
#6099=AXIS2_PLACEMENT_3D('',#9085,#7242,#7243);
#6100=AXIS2_PLACEMENT_3D('',#9090,#7245,#7246);
#6101=AXIS2_PLACEMENT_3D('',#9091,#7247,#7248);
#6102=AXIS2_PLACEMENT_3D('',#9093,#7249,#7250);
#6103=AXIS2_PLACEMENT_3D('',#9094,#7251,#7252);
#6104=AXIS2_PLACEMENT_3D('',#9098,#7254,#7255);
#6105=AXIS2_PLACEMENT_3D('',#9099,#7256,#7257);
#6106=AXIS2_PLACEMENT_3D('',#9100,#7258,#7259);
#6107=AXIS2_PLACEMENT_3D('',#9104,#7261,#7262);
#6108=AXIS2_PLACEMENT_3D('',#9106,#7264,#7265);
#6109=AXIS2_PLACEMENT_3D('',#9109,#7267,#7268);
#6110=AXIS2_PLACEMENT_3D('',#9110,#7269,#7270);
#6111=AXIS2_PLACEMENT_3D('',#9111,#7271,#7272);
#6112=AXIS2_PLACEMENT_3D('',#9112,#7273,#7274);
#6113=AXIS2_PLACEMENT_3D('',#9114,#7275,#7276);
#6114=AXIS2_PLACEMENT_3D('',#9116,#7278,#7279);
#6115=AXIS2_PLACEMENT_3D('',#9119,#7281,#7282);
#6116=AXIS2_PLACEMENT_3D('',#9120,#7283,#7284);
#6117=AXIS2_PLACEMENT_3D('',#9121,#7285,#7286);
#6118=AXIS2_PLACEMENT_3D('',#9122,#7287,#7288);
#6119=AXIS2_PLACEMENT_3D('',#9124,#7290,#7291);
#6120=AXIS2_PLACEMENT_3D('',#9125,#7292,#7293);
#6121=AXIS2_PLACEMENT_3D('',#9126,#7294,#7295);
#6122=AXIS2_PLACEMENT_3D('',#9129,#7297,#7298);
#6123=AXIS2_PLACEMENT_3D('',#9130,#7299,#7300);
#6124=AXIS2_PLACEMENT_3D('',#9136,#7304,#7305);
#6125=AXIS2_PLACEMENT_3D('',#9142,#7309,#7310);
#6126=AXIS2_PLACEMENT_3D('',#9148,#7314,#7315);
#6127=AXIS2_PLACEMENT_3D('',#9152,#7318,#7319);
#6128=AXIS2_PLACEMENT_3D('',#9153,#7320,#7321);
#6129=AXIS2_PLACEMENT_3D('',#9154,#7322,#7323);
#6130=AXIS2_PLACEMENT_3D('',#9156,#7324,#7325);
#6131=AXIS2_PLACEMENT_3D('',#9158,#7326,#7327);
#6132=AXIS2_PLACEMENT_3D('',#9160,#7329,#7330);
#6133=AXIS2_PLACEMENT_3D('',#9162,#7332,#7333);
#6134=AXIS2_PLACEMENT_3D('',#9164,#7334,#7335);
#6135=AXIS2_PLACEMENT_3D('',#9166,#7337,#7338);
#6136=AXIS2_PLACEMENT_3D('',#9169,#7339,#7340);
#6137=AXIS2_PLACEMENT_3D('',#9173,#7342,#7343);
#6138=AXIS2_PLACEMENT_3D('',#9175,#7345,#7346);
#6139=AXIS2_PLACEMENT_3D('',#9178,#7348,#7349);
#6140=AXIS2_PLACEMENT_3D('',#9179,#7350,#7351);
#6141=AXIS2_PLACEMENT_3D('',#9181,#7353,#7354);
#6142=AXIS2_PLACEMENT_3D('',#9185,#7356,#7357);
#6143=AXIS2_PLACEMENT_3D('',#9187,#7359,#7360);
#6144=AXIS2_PLACEMENT_3D('',#9188,#7361,#7362);
#6145=AXIS2_PLACEMENT_3D('',#9189,#7363,#7364);
#6146=AXIS2_PLACEMENT_3D('',#9195,#7368,#7369);
#6147=AXIS2_PLACEMENT_3D('',#9197,#7370,#7371);
#6148=AXIS2_PLACEMENT_3D('',#9198,#7372,#7373);
#6149=AXIS2_PLACEMENT_3D('',#9200,#7375,#7376);
#6150=AXIS2_PLACEMENT_3D('',#9202,#7378,#7379);
#6151=AXIS2_PLACEMENT_3D('',#9203,#7380,#7381);
#6152=AXIS2_PLACEMENT_3D('',#9204,#7382,#7383);
#6153=AXIS2_PLACEMENT_3D('',#9207,#7385,#7386);
#6154=AXIS2_PLACEMENT_3D('',#9208,#7387,#7388);
#6155=AXIS2_PLACEMENT_3D('',#9210,#7390,#7391);
#6156=AXIS2_PLACEMENT_3D('',#9212,#7393,#7394);
#6157=AXIS2_PLACEMENT_3D('',#9215,#7395,#7396);
#6158=AXIS2_PLACEMENT_3D('',#9217,#7397,#7398);
#6159=AXIS2_PLACEMENT_3D('',#9220,#7400,#7401);
#6160=AXIS2_PLACEMENT_3D('',#9222,#7403,#7404);
#6161=AXIS2_PLACEMENT_3D('',#9224,#7406,#7407);
#6162=AXIS2_PLACEMENT_3D('',#9226,#7409,#7410);
#6163=AXIS2_PLACEMENT_3D('',#9228,#7412,#7413);
#6164=AXIS2_PLACEMENT_3D('',#9230,#7415,#7416);
#6165=AXIS2_PLACEMENT_3D('',#9235,#7419,#7420);
#6166=AXIS2_PLACEMENT_3D('',#9236,#7421,#7422);
#6167=AXIS2_PLACEMENT_3D('',#9240,#7425,#7426);
#6168=AXIS2_PLACEMENT_3D('',#9242,#7427,#7428);
#6169=AXIS2_PLACEMENT_3D('',#9244,#7430,#7431);
#6170=AXIS2_PLACEMENT_3D('',#9258,#7439,#7440);
#6171=AXIS2_PLACEMENT_3D('',#9267,#7445,#7446);
#6172=AXIS2_PLACEMENT_3D('',#9269,#7447,#7448);
#6173=AXIS2_PLACEMENT_3D('',#9271,#7449,#7450);
#6174=AXIS2_PLACEMENT_3D('',#9273,#7452,#7453);
#6175=AXIS2_PLACEMENT_3D('',#9279,#7457,#7458);
#6176=AXIS2_PLACEMENT_3D('',#9281,#7459,#7460);
#6177=AXIS2_PLACEMENT_3D('',#9283,#7461,#7462);
#6178=AXIS2_PLACEMENT_3D('',#9285,#7464,#7465);
#6179=AXIS2_PLACEMENT_3D('',#9291,#7469,#7470);
#6180=AXIS2_PLACEMENT_3D('',#9296,#7472,#7473);
#6181=AXIS2_PLACEMENT_3D('',#9299,#7475,#7476);
#6182=AXIS2_PLACEMENT_3D('',#9300,#7477,#7478);
#6183=AXIS2_PLACEMENT_3D('',#9301,#7479,#7480);
#6184=AXIS2_PLACEMENT_3D('',#9302,#7481,#7482);
#6185=AXIS2_PLACEMENT_3D('',#9303,#7483,#7484);
#6186=AXIS2_PLACEMENT_3D('',#9309,#7488,#7489);
#6187=AXIS2_PLACEMENT_3D('',#9315,#7493,#7494);
#6188=AXIS2_PLACEMENT_3D('',#9317,#7495,#7496);
#6189=AXIS2_PLACEMENT_3D('',#9320,#7498,#7499);
#6190=AXIS2_PLACEMENT_3D('',#9321,#7500,#7501);
#6191=AXIS2_PLACEMENT_3D('',#9324,#7503,#7504);
#6192=AXIS2_PLACEMENT_3D('',#9325,#7505,#7506);
#6193=AXIS2_PLACEMENT_3D('',#9327,#7508,#7509);
#6194=AXIS2_PLACEMENT_3D('',#9330,#7510,#7511);
#6195=AXIS2_PLACEMENT_3D('',#9333,#7514,#7515);
#6196=AXIS2_PLACEMENT_3D('',#9337,#7518,#7519);
#6197=AXIS2_PLACEMENT_3D('',#9341,#7522,#7523);
#6198=AXIS2_PLACEMENT_3D('',#9352,#7530,#7531);
#6199=AXIS2_PLACEMENT_3D('',#9353,#7532,#7533);
#6200=AXIS2_PLACEMENT_3D('',#9354,#7534,#7535);
#6201=AXIS2_PLACEMENT_3D('',#9356,#7537,#7538);
#6202=AXIS2_PLACEMENT_3D('',#9358,#7540,#7541);
#6203=AXIS2_PLACEMENT_3D('',#9361,#7542,#7543);
#6204=AXIS2_PLACEMENT_3D('',#9365,#7545,#7546);
#6205=AXIS2_PLACEMENT_3D('',#9367,#7548,#7549);
#6206=AXIS2_PLACEMENT_3D('',#9369,#7550,#7551);
#6207=AXIS2_PLACEMENT_3D('',#9371,#7552,#7553);
#6208=AXIS2_PLACEMENT_3D('',#9373,#7555,#7556);
#6209=AXIS2_PLACEMENT_3D('',#9378,#7559,#7560);
#6210=AXIS2_PLACEMENT_3D('',#9379,#7561,#7562);
#6211=AXIS2_PLACEMENT_3D('',#9385,#7566,#7567);
#6212=AXIS2_PLACEMENT_3D('',#9389,#7570,#7571);
#6213=AXIS2_PLACEMENT_3D('',#9391,#7572,#7573);
#6214=AXIS2_PLACEMENT_3D('',#9393,#7575,#7576);
#6215=AXIS2_PLACEMENT_3D('',#9396,#7577,#7578);
#6216=AXIS2_PLACEMENT_3D('',#9399,#7581,#7582);
#6217=AXIS2_PLACEMENT_3D('',#9408,#7587,#7588);
#6218=AXIS2_PLACEMENT_3D('',#9417,#7593,#7594);
#6219=AXIS2_PLACEMENT_3D('',#9420,#7595,#7596);
#6220=AXIS2_PLACEMENT_3D('',#9424,#7598,#7599);
#6221=AXIS2_PLACEMENT_3D('',#9426,#7601,#7602);
#6222=AXIS2_PLACEMENT_3D('',#9429,#7604,#7605);
#6223=AXIS2_PLACEMENT_3D('',#9432,#7608,#7609);
#6224=AXIS2_PLACEMENT_3D('',#9434,#7610,#7611);
#6225=AXIS2_PLACEMENT_3D('',#9436,#7613,#7614);
#6226=AXIS2_PLACEMENT_3D('',#9442,#7618,#7619);
#6227=AXIS2_PLACEMENT_3D('',#9445,#7620,#7621);
#6228=AXIS2_PLACEMENT_3D('',#9449,#7623,#7624);
#6229=AXIS2_PLACEMENT_3D('',#9451,#7626,#7627);
#6230=AXIS2_PLACEMENT_3D('',#9457,#7632,#7633);
#6231=AXIS2_PLACEMENT_3D('',#9465,#7639,#7640);
#6232=AXIS2_PLACEMENT_3D('',#9467,#7641,#7642);
#6233=AXIS2_PLACEMENT_3D('',#9470,#7644,#7645);
#6234=AXIS2_PLACEMENT_3D('',#9471,#7646,#7647);
#6235=AXIS2_PLACEMENT_3D('',#9474,#7650,#7651);
#6236=AXIS2_PLACEMENT_3D('',#9476,#7652,#7653);
#6237=AXIS2_PLACEMENT_3D('',#9478,#7655,#7656);
#6238=AXIS2_PLACEMENT_3D('',#9481,#7657,#7658);
#6239=AXIS2_PLACEMENT_3D('',#9485,#7660,#7661);
#6240=AXIS2_PLACEMENT_3D('',#9487,#7663,#7664);
#6241=AXIS2_PLACEMENT_3D('',#9489,#7666,#7667);
#6242=AXIS2_PLACEMENT_3D('',#9491,#7669,#7670);
#6243=AXIS2_PLACEMENT_3D('',#9497,#7674,#7675);
#6244=AXIS2_PLACEMENT_3D('',#9498,#7676,#7677);
#6245=AXIS2_PLACEMENT_3D('',#9499,#7678,#7679);
#6246=AXIS2_PLACEMENT_3D('',#9501,#7681,#7682);
#6247=AXIS2_PLACEMENT_3D('',#9503,#7683,#7684);
#6248=AXIS2_PLACEMENT_3D('',#9505,#7686,#7687);
#6249=AXIS2_PLACEMENT_3D('',#9511,#7691,#7692);
#6250=AXIS2_PLACEMENT_3D('',#9513,#7694,#7695);
#6251=AXIS2_PLACEMENT_3D('',#9514,#7696,#7697);
#6252=AXIS2_PLACEMENT_3D('',#9515,#7698,#7699);
#6253=AXIS2_PLACEMENT_3D('',#9517,#7701,#7702);
#6254=AXIS2_PLACEMENT_3D('',#9520,#7705,#7706);
#6255=AXIS2_PLACEMENT_3D('',#9529,#7711,#7712);
#6256=AXIS2_PLACEMENT_3D('',#9531,#7714,#7715);
#6257=AXIS2_PLACEMENT_3D('',#9533,#7717,#7718);
#6258=AXIS2_PLACEMENT_3D('',#9534,#7719,#7720);
#6259=AXIS2_PLACEMENT_3D('',#9535,#7721,#7722);
#6260=AXIS2_PLACEMENT_3D('',#9536,#7723,#7724);
#6261=AXIS2_PLACEMENT_3D('',#9545,#7729,#7730);
#6262=AXIS2_PLACEMENT_3D('',#9554,#7735,#7736);
#6263=AXIS2_PLACEMENT_3D('',#9560,#7740,#7741);
#6264=AXIS2_PLACEMENT_3D('',#9562,#7742,#7743);
#6265=AXIS2_PLACEMENT_3D('',#9564,#7744,#7745);
#6266=AXIS2_PLACEMENT_3D('',#9566,#7747,#7748);
#6267=AXIS2_PLACEMENT_3D('',#9568,#7749,#7750);
#6268=AXIS2_PLACEMENT_3D('',#9571,#7752,#7753);
#6269=AXIS2_PLACEMENT_3D('',#9572,#7754,#7755);
#6270=AXIS2_PLACEMENT_3D('',#9575,#7756,#7757);
#6271=AXIS2_PLACEMENT_3D('',#9579,#7759,#7760);
#6272=AXIS2_PLACEMENT_3D('',#9581,#7762,#7763);
#6273=AXIS2_PLACEMENT_3D('',#9583,#7764,#7765);
#6274=AXIS2_PLACEMENT_3D('',#9585,#7766,#7767);
#6275=AXIS2_PLACEMENT_3D('',#9587,#7769,#7770);
#6276=AXIS2_PLACEMENT_3D('',#9588,#7771,#7772);
#6277=AXIS2_PLACEMENT_3D('',#9589,#7773,#7774);
#6278=AXIS2_PLACEMENT_3D('',#9590,#7775,#7776);
#6279=AXIS2_PLACEMENT_3D('',#9592,#7777,#7778);
#6280=AXIS2_PLACEMENT_3D('',#9595,#7780,#7781);
#6281=AXIS2_PLACEMENT_3D('',#9596,#7782,#7783);
#6282=AXIS2_PLACEMENT_3D('',#9599,#7786,#7787);
#6283=AXIS2_PLACEMENT_3D('',#9602,#7788,#7789);
#6284=AXIS2_PLACEMENT_3D('',#9606,#7791,#7792);
#6285=AXIS2_PLACEMENT_3D('',#9608,#7794,#7795);
#6286=AXIS2_PLACEMENT_3D('',#9614,#7799,#7800);
#6287=AXIS2_PLACEMENT_3D('',#9617,#7803,#7804);
#6288=AXIS2_PLACEMENT_3D('',#9621,#7807,#7808);
#6289=AXIS2_PLACEMENT_3D('',#9624,#7811,#7812);
#6290=AXIS2_PLACEMENT_3D('',#9630,#7816,#7817);
#6291=AXIS2_PLACEMENT_3D('',#9636,#7821,#7822);
#6292=AXIS2_PLACEMENT_3D('',#9641,#7826,#7827);
#6293=AXIS2_PLACEMENT_3D('',#9642,#7828,#7829);
#6294=AXIS2_PLACEMENT_3D('',#9643,#7830,#7831);
#6295=AXIS2_PLACEMENT_3D('',#9644,#7832,#7833);
#6296=AXIS2_PLACEMENT_3D('',#9645,#7834,#7835);
#6297=AXIS2_PLACEMENT_3D('',#9646,#7836,#7837);
#6298=AXIS2_PLACEMENT_3D('',#9649,#7840,#7841);
#6299=AXIS2_PLACEMENT_3D('',#9651,#7842,#7843);
#6300=AXIS2_PLACEMENT_3D('',#9653,#7845,#7846);
#6301=AXIS2_PLACEMENT_3D('',#9657,#7849,#7850);
#6302=AXIS2_PLACEMENT_3D('',#9658,#7851,#7852);
#6303=AXIS2_PLACEMENT_3D('',#9659,#7853,#7854);
#6304=AXIS2_PLACEMENT_3D('',#9661,#7856,#7857);
#6305=AXIS2_PLACEMENT_3D('',#9663,#7859,#7860);
#6306=AXIS2_PLACEMENT_3D('',#9665,#7862,#7863);
#6307=AXIS2_PLACEMENT_3D('',#9666,#7864,#7865);
#6308=AXIS2_PLACEMENT_3D('',#9667,#7866,#7867);
#6309=AXIS2_PLACEMENT_3D('',#9670,#7868,#7869);
#6310=AXIS2_PLACEMENT_3D('',#9676,#7872,#7873);
#6311=AXIS2_PLACEMENT_3D('',#9680,#7875,#7876);
#6312=AXIS2_PLACEMENT_3D('',#9682,#7878,#7879);
#6313=AXIS2_PLACEMENT_3D('',#9684,#7880,#7881);
#6314=AXIS2_PLACEMENT_3D('',#9685,#7882,#7883);
#6315=AXIS2_PLACEMENT_3D('',#9691,#7887,#7888);
#6316=AXIS2_PLACEMENT_3D('',#9697,#7892,#7893);
#6317=AXIS2_PLACEMENT_3D('',#9699,#7894,#7895);
#6318=AXIS2_PLACEMENT_3D('',#9702,#7897,#7898);
#6319=AXIS2_PLACEMENT_3D('',#9708,#7902,#7903);
#6320=AXIS2_PLACEMENT_3D('',#9711,#7905,#7906);
#6321=AXIS2_PLACEMENT_3D('',#9712,#7907,#7908);
#6322=AXIS2_PLACEMENT_3D('',#9716,#7910,#7911);
#6323=AXIS2_PLACEMENT_3D('',#9718,#7913,#7914);
#6324=AXIS2_PLACEMENT_3D('',#9722,#7917,#7918);
#6325=AXIS2_PLACEMENT_3D('',#9725,#7920,#7921);
#6326=AXIS2_PLACEMENT_3D('',#9726,#7922,#7923);
#6327=AXIS2_PLACEMENT_3D('',#9728,#7925,#7926);
#6328=AXIS2_PLACEMENT_3D('',#9729,#7927,#7928);
#6329=AXIS2_PLACEMENT_3D('',#9730,#7929,#7930);
#6330=AXIS2_PLACEMENT_3D('',#9731,#7931,#7932);
#6331=AXIS2_PLACEMENT_3D('',#9732,#7933,#7934);
#6332=AXIS2_PLACEMENT_3D('',#9734,#7936,#7937);
#6333=AXIS2_PLACEMENT_3D('',#9738,#7940,#7941);
#6334=AXIS2_PLACEMENT_3D('',#9741,#7943,#7944);
#6335=AXIS2_PLACEMENT_3D('',#9742,#7945,#7946);
#6336=AXIS2_PLACEMENT_3D('',#9744,#7948,#7949);
#6337=AXIS2_PLACEMENT_3D('',#9750,#7953,#7954);
#6338=AXIS2_PLACEMENT_3D('',#9759,#7959,#7960);
#6339=AXIS2_PLACEMENT_3D('',#9763,#7963,#7964);
#6340=AXIS2_PLACEMENT_3D('',#9765,#7965,#7966);
#6341=AXIS2_PLACEMENT_3D('',#9767,#7968,#7969);
#6342=AXIS2_PLACEMENT_3D('',#9771,#7972,#7973);
#6343=AXIS2_PLACEMENT_3D('',#9777,#7977,#7978);
#6344=AXIS2_PLACEMENT_3D('',#9779,#7979,#7980);
#6345=AXIS2_PLACEMENT_3D('',#9781,#7982,#7983);
#6346=AXIS2_PLACEMENT_3D('',#9783,#7984,#7985);
#6347=AXIS2_PLACEMENT_3D('',#9785,#7987,#7988);
#6348=AXIS2_PLACEMENT_3D('',#9789,#7991,#7992);
#6349=AXIS2_PLACEMENT_3D('',#9790,#7993,#7994);
#6350=AXIS2_PLACEMENT_3D('',#9791,#7995,#7996);
#6351=AXIS2_PLACEMENT_3D('',#9797,#8000,#8001);
#6352=AXIS2_PLACEMENT_3D('',#9801,#8004,#8005);
#6353=AXIS2_PLACEMENT_3D('',#9805,#8008,#8009);
#6354=AXIS2_PLACEMENT_3D('',#9807,#8011,#8012);
#6355=AXIS2_PLACEMENT_3D('',#9808,#8013,#8014);
#6356=DIRECTION('axis',(0.,0.,1.));
#6357=DIRECTION('refdir',(1.,0.,0.));
#6358=DIRECTION('axis',(0.,0.,1.));
#6359=DIRECTION('refdir',(1.,0.,0.));
#6360=DIRECTION('center_axis',(0.,0.,-1.));
#6361=DIRECTION('ref_axis',(-1.,0.,0.));
#6362=DIRECTION('',(0.,0.,-1.));
#6363=DIRECTION('center_axis',(0.,0.,-1.));
#6364=DIRECTION('ref_axis',(-1.,0.,0.));
#6365=DIRECTION('',(0.,0.,-1.));
#6366=DIRECTION('center_axis',(-1.,0.,0.));
#6367=DIRECTION('ref_axis',(0.,0.,1.));
#6368=DIRECTION('',(-1.,0.,0.));
#6369=DIRECTION('',(1.,0.,0.));
#6370=DIRECTION('center_axis',(-1.,0.,0.));
#6371=DIRECTION('ref_axis',(0.,0.,1.));
#6372=DIRECTION('',(-1.,0.,0.));
#6373=DIRECTION('',(1.,0.,0.));
#6374=DIRECTION('center_axis',(0.,0.,-1.));
#6375=DIRECTION('ref_axis',(0.987619989164381,-0.156865410473271,0.));
#6376=DIRECTION('',(0.,0.,-1.));
#6377=DIRECTION('center_axis',(0.,0.,1.));
#6378=DIRECTION('ref_axis',(1.,0.,0.));
#6379=DIRECTION('',(0.,0.,1.));
#6380=DIRECTION('center_axis',(0.,0.,-1.));
#6381=DIRECTION('ref_axis',(1.,0.,0.));
#6382=DIRECTION('center_axis',(0.927510407402616,0.373797330327323,0.));
#6383=DIRECTION('ref_axis',(0.,0.,-1.));
#6384=DIRECTION('center_axis',(0.927510407402616,0.373797330327323,0.));
#6385=DIRECTION('ref_axis',(-0.373797330327323,0.927510407402616,0.));
#6386=DIRECTION('center_axis',(0.927510407402616,0.373797330327323,0.));
#6387=DIRECTION('ref_axis',(-0.373797330327323,0.927510407402616,0.));
#6388=DIRECTION('',(0.373797330327322,-0.927510407402616,0.));
#6389=DIRECTION('',(-0.373797330327328,0.927510407402614,0.));
#6390=DIRECTION('center_axis',(0.927510407402616,0.373797330327323,0.));
#6391=DIRECTION('ref_axis',(-0.373797330327323,0.927510407402615,0.));
#6392=DIRECTION('center_axis',(0.927510407402616,0.373797330327323,0.));
#6393=DIRECTION('ref_axis',(-0.373797330327323,0.927510407402616,0.));
#6394=DIRECTION('center_axis',(0.,0.,-1.));
#6395=DIRECTION('ref_axis',(-1.,0.,0.));
#6396=DIRECTION('',(0.,0.,1.));
#6397=DIRECTION('center_axis',(0.927510407402616,0.373797330327323,0.));
#6398=DIRECTION('ref_axis',(0.,0.,-1.));
#6399=DIRECTION('center_axis',(0.927510407402616,0.373797330327323,0.));
#6400=DIRECTION('ref_axis',(-0.373797330327323,0.927510407402616,0.));
#6401=DIRECTION('center_axis',(0.927510407402616,0.373797330327323,0.));
#6402=DIRECTION('ref_axis',(-0.373797330327323,0.927510407402615,0.));
#6403=DIRECTION('',(0.373797330327322,-0.927510407402616,0.));
#6404=DIRECTION('',(0.,0.,-1.));
#6405=DIRECTION('',(-0.373797330327328,0.927510407402614,0.));
#6406=DIRECTION('center_axis',(0.927510407402616,0.373797330327323,0.));
#6407=DIRECTION('ref_axis',(-0.373797330327323,0.927510407402615,0.));
#6408=DIRECTION('center_axis',(0.927510407402616,0.373797330327323,0.));
#6409=DIRECTION('ref_axis',(-0.373797330327323,0.927510407402616,0.));
#6410=DIRECTION('center_axis',(0.,0.,-1.));
#6411=DIRECTION('ref_axis',(-1.,0.,0.));
#6412=DIRECTION('',(0.,1.,0.));
#6413=DIRECTION('',(1.,0.,0.));
#6414=DIRECTION('',(-0.642787609686539,-0.766044443118979,0.));
#6415=DIRECTION('center_axis',(0.,0.,1.));
#6416=DIRECTION('ref_axis',(1.,0.,0.));
#6417=DIRECTION('',(0.,-1.,0.));
#6418=DIRECTION('',(0.642787609686539,0.766044443118979,0.));
#6419=DIRECTION('center_axis',(0.,0.,1.));
#6420=DIRECTION('ref_axis',(1.,0.,0.));
#6421=DIRECTION('',(-1.,0.,0.));
#6422=DIRECTION('center_axis',(-1.,0.,0.));
#6423=DIRECTION('ref_axis',(0.,0.,1.));
#6424=DIRECTION('',(-1.,0.,0.));
#6425=DIRECTION('center_axis',(1.,0.,0.));
#6426=DIRECTION('ref_axis',(0.,0.,-1.));
#6427=DIRECTION('center_axis',(-1.,0.,0.));
#6428=DIRECTION('ref_axis',(0.,0.,1.));
#6429=DIRECTION('center_axis',(1.,0.,0.));
#6430=DIRECTION('ref_axis',(0.,0.,-1.));
#6431=DIRECTION('center_axis',(-1.,0.,0.));
#6432=DIRECTION('ref_axis',(0.,0.,1.));
#6433=DIRECTION('',(-1.,0.,0.));
#6434=DIRECTION('center_axis',(1.,0.,0.));
#6435=DIRECTION('ref_axis',(0.,0.,-1.));
#6436=DIRECTION('center_axis',(-1.,0.,0.));
#6437=DIRECTION('ref_axis',(0.,0.,1.));
#6438=DIRECTION('center_axis',(1.,0.,0.));
#6439=DIRECTION('ref_axis',(0.,0.,-1.));
#6440=DIRECTION('',(1.,0.,0.));
#6441=DIRECTION('center_axis',(0.,0.,1.));
#6442=DIRECTION('ref_axis',(1.,0.,0.));
#6443=DIRECTION('',(0.,-1.,0.));
#6444=DIRECTION('',(0.642787609686539,0.766044443118979,0.));
#6445=DIRECTION('',(-1.,0.,0.));
#6446=DIRECTION('center_axis',(-1.,0.,0.));
#6447=DIRECTION('ref_axis',(0.,0.,1.));
#6448=DIRECTION('',(-1.,0.,0.));
#6449=DIRECTION('center_axis',(1.,0.,0.));
#6450=DIRECTION('ref_axis',(0.,0.,-1.));
#6451=DIRECTION('center_axis',(-1.,0.,0.));
#6452=DIRECTION('ref_axis',(0.,0.,1.));
#6453=DIRECTION('center_axis',(1.,0.,0.));
#6454=DIRECTION('ref_axis',(0.,0.,-1.));
#6455=DIRECTION('center_axis',(-1.,0.,0.));
#6456=DIRECTION('ref_axis',(0.,0.,1.));
#6457=DIRECTION('center_axis',(1.,0.,0.));
#6458=DIRECTION('ref_axis',(0.,0.,-1.));
#6459=DIRECTION('',(1.,0.,0.));
#6460=DIRECTION('center_axis',(-1.,0.,0.));
#6461=DIRECTION('ref_axis',(0.,0.,1.));
#6462=DIRECTION('center_axis',(1.,0.,0.));
#6463=DIRECTION('ref_axis',(0.,0.,-1.));
#6464=DIRECTION('center_axis',(0.,0.,-1.));
#6465=DIRECTION('ref_axis',(-1.,0.,0.));
#6466=DIRECTION('',(0.,1.,0.));
#6467=DIRECTION('center_axis',(0.,0.,-1.));
#6468=DIRECTION('ref_axis',(1.,0.,0.));
#6469=DIRECTION('',(-0.642787609686539,-0.766044443118979,0.));
#6470=DIRECTION('center_axis',(0.,0.,-1.));
#6471=DIRECTION('ref_axis',(-1.,0.,0.));
#6472=DIRECTION('',(0.,0.,1.));
#6473=DIRECTION('center_axis',(1.,0.,0.));
#6474=DIRECTION('ref_axis',(0.,0.,-1.));
#6475=DIRECTION('',(0.,-1.,0.));
#6476=DIRECTION('',(0.,0.,-1.));
#6477=DIRECTION('',(0.,1.,0.));
#6478=DIRECTION('',(0.,0.,1.));
#6479=DIRECTION('center_axis',(0.,-1.,0.));
#6480=DIRECTION('ref_axis',(0.,0.,-1.));
#6481=DIRECTION('',(0.,0.,-1.));
#6482=DIRECTION('',(1.,0.,0.));
#6483=DIRECTION('',(-1.,0.,0.));
#6484=DIRECTION('center_axis',(0.,-1.,0.));
#6485=DIRECTION('ref_axis',(0.,0.,-1.));
#6486=DIRECTION('',(0.,0.,-1.));
#6487=DIRECTION('',(1.,0.,0.));
#6488=DIRECTION('',(0.,0.,1.));
#6489=DIRECTION('',(-1.,0.,0.));
#6490=DIRECTION('center_axis',(0.,1.,0.));
#6491=DIRECTION('ref_axis',(0.,0.,1.));
#6492=DIRECTION('',(-0.825664548620667,0.,-0.564161371551642));
#6493=DIRECTION('center_axis',(0.,-1.,0.));
#6494=DIRECTION('ref_axis',(1.,0.,0.));
#6495=DIRECTION('',(0.,0.,1.));
#6496=DIRECTION('',(1.,0.,0.));
#6497=DIRECTION('center_axis',(0.,0.,-1.));
#6498=DIRECTION('ref_axis',(-1.,0.,0.));
#6499=DIRECTION('',(0.,1.,0.));
#6500=DIRECTION('',(1.,0.,0.));
#6501=DIRECTION('center_axis',(0.,0.,1.));
#6502=DIRECTION('ref_axis',(1.,0.,0.));
#6503=DIRECTION('',(0.,-1.,0.));
#6504=DIRECTION('',(-1.,0.,0.));
#6505=DIRECTION('center_axis',(-1.,0.,0.));
#6506=DIRECTION('ref_axis',(0.,0.,1.));
#6507=DIRECTION('',(0.,0.,-1.));
#6508=DIRECTION('center_axis',(0.,-1.,0.));
#6509=DIRECTION('ref_axis',(0.,0.,-1.));
#6510=DIRECTION('',(-1.,0.,0.));
#6511=DIRECTION('',(0.,0.,-1.));
#6512=DIRECTION('',(1.,0.,0.));
#6513=DIRECTION('',(0.,0.,1.));
#6514=DIRECTION('center_axis',(0.,1.,0.));
#6515=DIRECTION('ref_axis',(0.,0.,1.));
#6516=DIRECTION('center_axis',(-0.766044443118978,0.64278760968654,0.));
#6517=DIRECTION('ref_axis',(0.64278760968654,0.766044443118978,0.));
#6518=DIRECTION('',(0.,-1.,0.));
#6519=DIRECTION('center_axis',(0.,-1.,0.));
#6520=DIRECTION('ref_axis',(1.,0.,0.));
#6521=DIRECTION('',(0.,1.,0.));
#6522=DIRECTION('center_axis',(0.,-1.,0.));
#6523=DIRECTION('ref_axis',(0.,0.,-1.));
#6524=DIRECTION('',(0.,0.,-1.));
#6525=DIRECTION('',(1.,0.,0.));
#6526=DIRECTION('',(0.,0.,1.));
#6527=DIRECTION('',(-1.,0.,0.));
#6528=DIRECTION('center_axis',(0.,0.,1.));
#6529=DIRECTION('ref_axis',(1.,0.,0.));
#6530=DIRECTION('',(0.,-1.,0.));
#6531=DIRECTION('',(1.,0.,0.));
#6532=DIRECTION('',(0.,1.,0.));
#6533=DIRECTION('',(-1.,0.,0.));
#6534=DIRECTION('center_axis',(0.,-1.,0.));
#6535=DIRECTION('ref_axis',(0.,0.,-1.));
#6536=DIRECTION('',(0.,0.,-1.));
#6537=DIRECTION('',(1.,0.,0.));
#6538=DIRECTION('',(0.,0.,1.));
#6539=DIRECTION('center_axis',(0.,0.,-1.));
#6540=DIRECTION('ref_axis',(-1.,0.,0.));
#6541=DIRECTION('',(0.,1.,0.));
#6542=DIRECTION('',(1.,0.,0.));
#6543=DIRECTION('',(0.,-1.,0.));
#6544=DIRECTION('center_axis',(1.,0.,0.));
#6545=DIRECTION('ref_axis',(0.,0.,-1.));
#6546=DIRECTION('',(0.,0.,1.));
#6547=DIRECTION('center_axis',(-1.,0.,0.));
#6548=DIRECTION('ref_axis',(0.,0.,1.));
#6549=DIRECTION('',(0.,0.,-1.));
#6550=DIRECTION('center_axis',(-1.,0.,0.));
#6551=DIRECTION('ref_axis',(0.,0.,1.));
#6552=DIRECTION('',(0.,0.,1.));
#6553=DIRECTION('',(0.,-1.,0.));
#6554=DIRECTION('',(0.,0.,1.));
#6555=DIRECTION('',(0.,1.,0.));
#6556=DIRECTION('',(0.,0.,1.));
#6557=DIRECTION('center_axis',(0.,0.,-1.));
#6558=DIRECTION('ref_axis',(-1.,0.,0.));
#6559=DIRECTION('center_axis',(0.,0.,1.));
#6560=DIRECTION('ref_axis',(1.,0.,0.));
#6561=DIRECTION('',(0.,0.,1.));
#6562=DIRECTION('center_axis',(0.,0.,-1.));
#6563=DIRECTION('ref_axis',(1.,0.,0.));
#6564=DIRECTION('center_axis',(-0.882947592858926,-0.469471562785892,0.));
#6565=DIRECTION('ref_axis',(0.,0.,1.));
#6566=DIRECTION('',(0.469471562785892,-0.882947592858926,0.));
#6567=DIRECTION('',(0.,0.,1.));
#6568=DIRECTION('',(-0.469471562785892,0.882947592858926,0.));
#6569=DIRECTION('center_axis',(0.766044443118979,-0.642787609686539,0.));
#6570=DIRECTION('ref_axis',(0.,0.,-1.));
#6571=DIRECTION('',(0.,0.,-1.));
#6572=DIRECTION('',(-0.642787609686539,-0.766044443118978,0.));
#6573=DIRECTION('',(0.642787609686539,0.766044443118978,0.));
#6574=DIRECTION('center_axis',(-1.,0.,0.));
#6575=DIRECTION('ref_axis',(0.,0.,1.));
#6576=DIRECTION('',(0.,0.,1.));
#6577=DIRECTION('',(0.,-1.,0.));
#6578=DIRECTION('',(0.,0.,1.));
#6579=DIRECTION('',(0.,1.,0.));
#6580=DIRECTION('',(0.,0.,1.));
#6581=DIRECTION('center_axis',(0.,0.,-1.));
#6582=DIRECTION('ref_axis',(-1.,0.,0.));
#6583=DIRECTION('center_axis',(0.,0.,1.));
#6584=DIRECTION('ref_axis',(1.,0.,0.));
#6585=DIRECTION('',(0.,0.,1.));
#6586=DIRECTION('center_axis',(0.,0.,-1.));
#6587=DIRECTION('ref_axis',(1.,0.,0.));
#6588=DIRECTION('center_axis',(1.,0.,0.));
#6589=DIRECTION('ref_axis',(0.,0.,-1.));
#6590=DIRECTION('',(0.,1.,0.));
#6591=DIRECTION('',(0.,-1.,0.));
#6592=DIRECTION('',(0.,0.,-1.));
#6593=DIRECTION('center_axis',(-0.882947592858926,-0.469471562785892,0.));
#6594=DIRECTION('ref_axis',(0.,0.,1.));
#6595=DIRECTION('',(0.469471562785892,-0.882947592858926,0.));
#6596=DIRECTION('',(0.,0.,1.));
#6597=DIRECTION('',(-0.469471562785892,0.882947592858926,0.));
#6598=DIRECTION('center_axis',(1.,0.,0.));
#6599=DIRECTION('ref_axis',(0.,0.,-1.));
#6600=DIRECTION('',(0.,1.,0.));
#6601=DIRECTION('',(0.,0.,1.));
#6602=DIRECTION('',(0.,-1.,0.));
#6603=DIRECTION('',(0.,0.,-1.));
#6604=DIRECTION('center_axis',(0.,0.,-1.));
#6605=DIRECTION('ref_axis',(0.987619989164381,-0.156865410473271,0.));
#6606=DIRECTION('',(0.,0.,-1.));
#6607=DIRECTION('center_axis',(0.766044443118979,-0.642787609686539,0.));
#6608=DIRECTION('ref_axis',(0.,0.,-1.));
#6609=DIRECTION('',(-0.642787609686539,-0.766044443118978,0.));
#6610=DIRECTION('',(0.642787609686539,0.766044443118978,0.));
#6611=DIRECTION('center_axis',(0.,0.,-1.));
#6612=DIRECTION('ref_axis',(-1.,0.,0.));
#6613=DIRECTION('center_axis',(0.,0.,1.));
#6614=DIRECTION('ref_axis',(1.,0.,0.));
#6615=DIRECTION('',(0.,0.,1.));
#6616=DIRECTION('center_axis',(0.,0.,-1.));
#6617=DIRECTION('ref_axis',(1.,0.,0.));
#6618=DIRECTION('',(0.,0.,-1.));
#6619=DIRECTION('center_axis',(0.,0.,-1.));
#6620=DIRECTION('ref_axis',(-1.,0.,0.));
#6621=DIRECTION('center_axis',(0.,0.,1.));
#6622=DIRECTION('ref_axis',(1.,0.,0.));
#6623=DIRECTION('',(0.,0.,1.));
#6624=DIRECTION('center_axis',(0.,0.,-1.));
#6625=DIRECTION('ref_axis',(1.,0.,0.));
#6626=DIRECTION('',(0.,0.,-1.));
#6627=DIRECTION('center_axis',(0.,-1.,0.));
#6628=DIRECTION('ref_axis',(0.,0.,-1.));
#6629=DIRECTION('',(1.,0.,0.));
#6630=DIRECTION('',(-1.,0.,0.));
#6631=DIRECTION('',(0.,0.,-1.));
#6632=DIRECTION('center_axis',(0.,-1.,0.));
#6633=DIRECTION('ref_axis',(0.,0.,-1.));
#6634=DIRECTION('',(1.,0.,0.));
#6635=DIRECTION('',(-1.,0.,0.));
#6636=DIRECTION('',(0.,0.,-1.));
#6637=DIRECTION('center_axis',(0.,-1.,0.));
#6638=DIRECTION('ref_axis',(0.,0.,-1.));
#6639=DIRECTION('',(1.,0.,0.));
#6640=DIRECTION('',(0.,0.,1.));
#6641=DIRECTION('',(-1.,0.,0.));
#6642=DIRECTION('',(0.,0.,-1.));
#6643=DIRECTION('center_axis',(0.,0.,-1.));
#6644=DIRECTION('ref_axis',(-1.,0.,0.));
#6645=DIRECTION('center_axis',(0.,0.,1.));
#6646=DIRECTION('ref_axis',(1.,0.,0.));
#6647=DIRECTION('',(0.,0.,1.));
#6648=DIRECTION('center_axis',(0.,0.,-1.));
#6649=DIRECTION('ref_axis',(1.,0.,0.));
#6650=DIRECTION('',(0.,0.,-1.));
#6651=DIRECTION('center_axis',(0.,0.,-1.));
#6652=DIRECTION('ref_axis',(-1.,0.,0.));
#6653=DIRECTION('center_axis',(0.,0.,-1.));
#6654=DIRECTION('ref_axis',(1.,0.,0.));
#6655=DIRECTION('',(0.,0.,1.));
#6656=DIRECTION('center_axis',(0.,0.,1.));
#6657=DIRECTION('ref_axis',(1.,0.,0.));
#6658=DIRECTION('center_axis',(0.,0.,-1.));
#6659=DIRECTION('ref_axis',(-1.,0.,0.));
#6660=DIRECTION('center_axis',(0.,0.,-1.));
#6661=DIRECTION('ref_axis',(1.,0.,0.));
#6662=DIRECTION('',(0.,0.,1.));
#6663=DIRECTION('center_axis',(0.,0.,1.));
#6664=DIRECTION('ref_axis',(1.,0.,0.));
#6665=DIRECTION('center_axis',(0.,0.,-1.));
#6666=DIRECTION('ref_axis',(-1.,0.,0.));
#6667=DIRECTION('center_axis',(0.,0.,-1.));
#6668=DIRECTION('ref_axis',(1.,0.,0.));
#6669=DIRECTION('',(0.,0.,1.));
#6670=DIRECTION('center_axis',(0.,0.,1.));
#6671=DIRECTION('ref_axis',(1.,0.,0.));
#6672=DIRECTION('',(0.,0.,-1.));
#6673=DIRECTION('center_axis',(1.,0.,0.));
#6674=DIRECTION('ref_axis',(0.,0.,-1.));
#6675=DIRECTION('',(0.,0.,-1.));
#6676=DIRECTION('',(0.,-1.,0.));
#6677=DIRECTION('',(0.,-1.,0.));
#6678=DIRECTION('',(0.,0.,-1.));
#6679=DIRECTION('',(0.,1.,0.));
#6680=DIRECTION('',(0.,0.,1.));
#6681=DIRECTION('',(0.,-1.,0.));
#6682=DIRECTION('',(0.,-1.,0.));
#6683=DIRECTION('',(0.,-1.,0.));
#6684=DIRECTION('',(0.,-1.,0.));
#6685=DIRECTION('',(0.,0.,1.));
#6686=DIRECTION('',(0.,-1.,0.));
#6687=DIRECTION('center_axis',(0.,0.,-1.));
#6688=DIRECTION('ref_axis',(-1.,0.,0.));
#6689=DIRECTION('center_axis',(0.,0.,-1.));
#6690=DIRECTION('ref_axis',(1.,0.,0.));
#6691=DIRECTION('',(0.,0.,1.));
#6692=DIRECTION('center_axis',(0.,0.,1.));
#6693=DIRECTION('ref_axis',(1.,0.,0.));
#6694=DIRECTION('',(0.,0.,-1.));
#6695=DIRECTION('center_axis',(0.,0.,-1.));
#6696=DIRECTION('ref_axis',(-1.,0.,0.));
#6697=DIRECTION('center_axis',(0.,0.,-1.));
#6698=DIRECTION('ref_axis',(1.,0.,0.));
#6699=DIRECTION('',(0.,0.,1.));
#6700=DIRECTION('center_axis',(0.,0.,1.));
#6701=DIRECTION('ref_axis',(1.,0.,0.));
#6702=DIRECTION('',(0.,0.,-1.));
#6703=DIRECTION('center_axis',(1.,0.,0.));
#6704=DIRECTION('ref_axis',(0.,0.,-1.));
#6705=DIRECTION('',(0.,1.,0.));
#6706=DIRECTION('',(0.,0.,1.));
#6707=DIRECTION('',(0.,-1.,0.));
#6708=DIRECTION('',(0.,0.,-1.));
#6709=DIRECTION('center_axis',(1.,0.,0.));
#6710=DIRECTION('ref_axis',(0.,0.,-1.));
#6711=DIRECTION('',(0.,1.,0.));
#6712=DIRECTION('',(0.,0.,1.));
#6713=DIRECTION('',(0.,-1.,0.));
#6714=DIRECTION('',(0.,0.,-1.));
#6715=DIRECTION('center_axis',(0.,0.,-1.));
#6716=DIRECTION('ref_axis',(-1.,0.,0.));
#6717=DIRECTION('center_axis',(0.,0.,1.));
#6718=DIRECTION('ref_axis',(1.,0.,0.));
#6719=DIRECTION('center_axis',(0.,0.,-1.));
#6720=DIRECTION('ref_axis',(1.,0.,0.));
#6721=DIRECTION('',(0.,0.,-1.));
#6722=DIRECTION('center_axis',(0.,0.,-1.));
#6723=DIRECTION('ref_axis',(-1.,0.,0.));
#6724=DIRECTION('center_axis',(0.,0.,-1.));
#6725=DIRECTION('ref_axis',(1.,0.,0.));
#6726=DIRECTION('center_axis',(0.,0.,1.));
#6727=DIRECTION('ref_axis',(1.,0.,0.));
#6728=DIRECTION('',(0.,0.,-1.));
#6729=DIRECTION('center_axis',(-1.,0.,0.));
#6730=DIRECTION('ref_axis',(0.,0.,1.));
#6731=DIRECTION('',(0.,1.,0.));
#6732=DIRECTION('',(0.,0.,-1.));
#6733=DIRECTION('',(0.,-1.,0.));
#6734=DIRECTION('',(0.,0.,1.));
#6735=DIRECTION('',(0.,1.,0.));
#6736=DIRECTION('',(0.,1.,0.));
#6737=DIRECTION('center_axis',(-1.,0.,0.));
#6738=DIRECTION('ref_axis',(0.,0.,1.));
#6739=DIRECTION('',(0.,1.,0.));
#6740=DIRECTION('',(0.,0.,-1.));
#6741=DIRECTION('',(0.,-1.,0.));
#6742=DIRECTION('',(0.,0.,1.));
#6743=DIRECTION('center_axis',(0.,0.,1.));
#6744=DIRECTION('ref_axis',(1.,0.,0.));
#6745=DIRECTION('center_axis',(0.,0.,-1.));
#6746=DIRECTION('ref_axis',(1.,0.,0.));
#6747=DIRECTION('center_axis',(0.,0.,1.));
#6748=DIRECTION('ref_axis',(1.,0.,0.));
#6749=DIRECTION('center_axis',(0.,0.,-1.));
#6750=DIRECTION('ref_axis',(1.,0.,0.));
#6751=DIRECTION('',(1.,0.,0.));
#6752=DIRECTION('center_axis',(0.,0.,-1.));
#6753=DIRECTION('ref_axis',(1.,0.,0.));
#6754=DIRECTION('center_axis',(0.,0.,-1.));
#6755=DIRECTION('ref_axis',(1.,0.,0.));
#6756=DIRECTION('',(1.,0.,0.));
#6757=DIRECTION('center_axis',(0.,0.,1.));
#6758=DIRECTION('ref_axis',(1.,0.,0.));
#6759=DIRECTION('',(1.,0.,0.));
#6760=DIRECTION('',(0.,1.,0.));
#6761=DIRECTION('center_axis',(0.,0.,1.));
#6762=DIRECTION('ref_axis',(1.,0.,0.));
#6763=DIRECTION('center_axis',(0.,0.,-1.));
#6764=DIRECTION('ref_axis',(1.,0.,0.));
#6765=DIRECTION('center_axis',(0.,0.,1.));
#6766=DIRECTION('ref_axis',(1.,0.,0.));
#6767=DIRECTION('center_axis',(0.,0.,-1.));
#6768=DIRECTION('ref_axis',(1.,0.,0.));
#6769=DIRECTION('center_axis',(0.,0.,1.));
#6770=DIRECTION('ref_axis',(1.,0.,0.));
#6771=DIRECTION('',(0.,-1.,0.));
#6772=DIRECTION('center_axis',(0.,0.,-1.));
#6773=DIRECTION('ref_axis',(1.,0.,0.));
#6774=DIRECTION('center_axis',(0.,0.,1.));
#6775=DIRECTION('ref_axis',(1.,0.,0.));
#6776=DIRECTION('center_axis',(0.,0.,-1.));
#6777=DIRECTION('ref_axis',(1.,0.,0.));
#6778=DIRECTION('center_axis',(0.,0.,1.));
#6779=DIRECTION('ref_axis',(1.,0.,0.));
#6780=DIRECTION('',(0.,-1.,0.));
#6781=DIRECTION('center_axis',(0.,0.,-1.));
#6782=DIRECTION('ref_axis',(1.,0.,0.));
#6783=DIRECTION('center_axis',(0.,0.,1.));
#6784=DIRECTION('ref_axis',(1.,0.,0.));
#6785=DIRECTION('',(-1.,0.,0.));
#6786=DIRECTION('',(0.,-1.,0.));
#6787=DIRECTION('',(1.,0.,0.));
#6788=DIRECTION('center_axis',(0.,0.,-1.));
#6789=DIRECTION('ref_axis',(1.,0.,0.));
#6790=DIRECTION('center_axis',(0.,1.,0.));
#6791=DIRECTION('ref_axis',(0.,0.,1.));
#6792=DIRECTION('',(0.,1.,0.));
#6793=DIRECTION('center_axis',(-0.564161371551642,0.,0.825664548620667));
#6794=DIRECTION('ref_axis',(0.825664548620667,0.,0.564161371551642));
#6795=DIRECTION('',(-0.58852552164593,-0.701377404754919,-0.40212864418074));
#6796=DIRECTION('center_axis',(-0.564161371551642,0.,0.825664548620667));
#6797=DIRECTION('ref_axis',(0.825664548620667,0.,0.564161371551642));
#6798=DIRECTION('',(0.,1.,0.));
#6799=DIRECTION('center_axis',(0.,0.,1.));
#6800=DIRECTION('ref_axis',(1.,0.,0.));
#6801=DIRECTION('',(0.,0.,-1.));
#6802=DIRECTION('center_axis',(0.,0.,-1.));
#6803=DIRECTION('ref_axis',(1.,0.,0.));
#6804=DIRECTION('center_axis',(0.,1.,0.));
#6805=DIRECTION('ref_axis',(0.,0.,1.));
#6806=DIRECTION('',(0.,-1.,0.));
#6807=DIRECTION('center_axis',(0.,1.,0.));
#6808=DIRECTION('ref_axis',(1.,0.,0.));
#6809=DIRECTION('',(0.,1.,0.));
#6810=DIRECTION('center_axis',(0.766044443118978,-0.64278760968654,0.));
#6811=DIRECTION('ref_axis',(0.64278760968654,0.766044443118978,0.));
#6812=DIRECTION('center_axis',(0.,1.,0.));
#6813=DIRECTION('ref_axis',(0.,0.,1.));
#6814=DIRECTION('center_axis',(-0.766044443118978,0.64278760968654,0.));
#6815=DIRECTION('ref_axis',(0.64278760968654,0.766044443118978,0.));
#6816=DIRECTION('center_axis',(0.,-1.,0.));
#6817=DIRECTION('ref_axis',(1.,0.,0.));
#6818=DIRECTION('',(0.,1.,0.));
#6819=DIRECTION('center_axis',(-1.,0.,0.));
#6820=DIRECTION('ref_axis',(0.,0.,1.));
#6821=DIRECTION('',(0.,1.,0.));
#6822=DIRECTION('',(0.,0.,-1.));
#6823=DIRECTION('',(0.,-1.,0.));
#6824=DIRECTION('center_axis',(0.,0.,1.));
#6825=DIRECTION('ref_axis',(1.,0.,0.));
#6826=DIRECTION('center_axis',(0.,0.,-1.));
#6827=DIRECTION('ref_axis',(1.,0.,0.));
#6828=DIRECTION('',(0.,0.,1.));
#6829=DIRECTION('center_axis',(0.,0.,-1.));
#6830=DIRECTION('ref_axis',(-1.,0.,0.));
#6831=DIRECTION('center_axis',(0.,0.,-1.));
#6832=DIRECTION('ref_axis',(1.,0.,0.));
#6833=DIRECTION('',(0.64278760968654,0.766044443118978,0.));
#6834=DIRECTION('center_axis',(0.,0.,-1.));
#6835=DIRECTION('ref_axis',(1.,0.,0.));
#6836=DIRECTION('',(1.,0.,0.));
#6837=DIRECTION('center_axis',(0.,0.,-1.));
#6838=DIRECTION('ref_axis',(1.,0.,0.));
#6839=DIRECTION('center_axis',(0.,0.,-1.));
#6840=DIRECTION('ref_axis',(1.,0.,0.));
#6841=DIRECTION('',(-1.,0.,0.));
#6842=DIRECTION('',(-1.,0.,0.));
#6843=DIRECTION('center_axis',(0.,0.,-1.));
#6844=DIRECTION('ref_axis',(1.,0.,0.));
#6845=DIRECTION('center_axis',(1.,0.,0.));
#6846=DIRECTION('ref_axis',(0.,0.,-1.));
#6847=DIRECTION('',(0.,-1.,0.));
#6848=DIRECTION('',(0.,1.,0.));
#6849=DIRECTION('',(0.,0.,1.));
#6850=DIRECTION('center_axis',(0.,0.,1.));
#6851=DIRECTION('ref_axis',(1.,0.,0.));
#6852=DIRECTION('',(-1.,0.,0.));
#6853=DIRECTION('',(0.371390676354103,-0.92847669088526,0.));
#6854=DIRECTION('',(0.,-1.,0.));
#6855=DIRECTION('',(1.,0.,0.));
#6856=DIRECTION('',(0.371390676354103,0.928476690885259,0.));
#6857=DIRECTION('center_axis',(0.,0.,1.));
#6858=DIRECTION('ref_axis',(1.,0.,0.));
#6859=DIRECTION('center_axis',(0.,0.,1.));
#6860=DIRECTION('ref_axis',(1.,0.,0.));
#6861=DIRECTION('',(0.,1.,0.));
#6862=DIRECTION('',(-1.,0.,0.));
#6863=DIRECTION('center_axis',(0.,0.,1.));
#6864=DIRECTION('ref_axis',(1.,0.,0.));
#6865=DIRECTION('',(-1.,0.,0.));
#6866=DIRECTION('center_axis',(0.,0.,1.));
#6867=DIRECTION('ref_axis',(1.,0.,0.));
#6868=DIRECTION('',(0.,-1.,0.));
#6869=DIRECTION('center_axis',(0.,0.,1.));
#6870=DIRECTION('ref_axis',(1.,0.,0.));
#6871=DIRECTION('center_axis',(0.,0.,-1.));
#6872=DIRECTION('ref_axis',(1.,0.,0.));
#6873=DIRECTION('center_axis',(0.,0.,1.));
#6874=DIRECTION('ref_axis',(1.,0.,0.));
#6875=DIRECTION('',(0.,-1.,0.));
#6876=DIRECTION('',(-1.,0.,0.));
#6877=DIRECTION('',(-0.642787609686527,-0.766044443118989,0.));
#6878=DIRECTION('',(1.,0.,0.));
#6879=DIRECTION('',(0.,1.,0.));
#6880=DIRECTION('',(-0.642787609686538,-0.766044443118979,0.));
#6881=DIRECTION('center_axis',(0.,1.,0.));
#6882=DIRECTION('ref_axis',(0.,0.,1.));
#6883=DIRECTION('',(1.,0.,0.));
#6884=DIRECTION('',(1.,0.,0.));
#6885=DIRECTION('',(0.,0.,-1.));
#6886=DIRECTION('',(0.,0.,1.));
#6887=DIRECTION('center_axis',(0.,0.,1.));
#6888=DIRECTION('ref_axis',(1.,0.,0.));
#6889=DIRECTION('',(0.,0.,-1.));
#6890=DIRECTION('center_axis',(0.,1.,0.));
#6891=DIRECTION('ref_axis',(0.,0.,1.));
#6892=DIRECTION('',(0.,0.,-1.));
#6893=DIRECTION('',(-1.,0.,0.));
#6894=DIRECTION('center_axis',(0.,-1.,0.));
#6895=DIRECTION('ref_axis',(0.,0.,-1.));
#6896=DIRECTION('',(-1.,0.,0.));
#6897=DIRECTION('',(-1.,0.,0.));
#6898=DIRECTION('',(0.,0.,-1.));
#6899=DIRECTION('center_axis',(-1.,0.,0.));
#6900=DIRECTION('ref_axis',(0.,0.,1.));
#6901=DIRECTION('',(0.,0.,-1.));
#6902=DIRECTION('center_axis',(0.,0.,1.));
#6903=DIRECTION('ref_axis',(1.,0.,0.));
#6904=DIRECTION('',(-0.642787609686531,-0.766044443118985,0.));
#6905=DIRECTION('center_axis',(0.,0.,1.));
#6906=DIRECTION('ref_axis',(1.,0.,0.));
#6907=DIRECTION('',(0.,-1.,0.));
#6908=DIRECTION('',(-1.,0.,0.));
#6909=DIRECTION('center_axis',(0.,0.,1.));
#6910=DIRECTION('ref_axis',(1.,0.,0.));
#6911=DIRECTION('center_axis',(0.,0.,-1.));
#6912=DIRECTION('ref_axis',(1.,0.,0.));
#6913=DIRECTION('center_axis',(0.,0.,-1.));
#6914=DIRECTION('ref_axis',(-1.,0.,0.));
#6915=DIRECTION('',(0.,1.,0.));
#6916=DIRECTION('',(1.,0.,0.));
#6917=DIRECTION('center_axis',(0.,0.,1.));
#6918=DIRECTION('ref_axis',(1.,0.,0.));
#6919=DIRECTION('center_axis',(0.,0.,-1.));
#6920=DIRECTION('ref_axis',(1.,0.,0.));
#6921=DIRECTION('',(0.,0.,-1.));
#6922=DIRECTION('center_axis',(0.,0.,1.));
#6923=DIRECTION('ref_axis',(1.,0.,0.));
#6924=DIRECTION('center_axis',(0.,0.,-1.));
#6925=DIRECTION('ref_axis',(1.,0.,0.));
#6926=DIRECTION('center_axis',(0.,0.,1.));
#6927=DIRECTION('ref_axis',(1.,0.,0.));
#6928=DIRECTION('center_axis',(0.,0.,-1.));
#6929=DIRECTION('ref_axis',(1.,0.,0.));
#6930=DIRECTION('',(0.,0.,1.));
#6931=DIRECTION('center_axis',(-0.766044443118978,0.64278760968654,0.));
#6932=DIRECTION('ref_axis',(0.,0.,1.));
#6933=DIRECTION('',(0.642787609686538,0.766044443118979,0.));
#6934=DIRECTION('center_axis',(-1.,0.,0.));
#6935=DIRECTION('ref_axis',(0.,0.,1.));
#6936=DIRECTION('',(0.,0.,-1.));
#6937=DIRECTION('center_axis',(0.,0.,-1.));
#6938=DIRECTION('ref_axis',(-1.,0.,0.));
#6939=DIRECTION('',(1.,0.,0.));
#6940=DIRECTION('',(0.,-1.,0.));
#6941=DIRECTION('center_axis',(0.,0.,1.));
#6942=DIRECTION('ref_axis',(1.,0.,0.));
#6943=DIRECTION('',(0.,1.,0.));
#6944=DIRECTION('',(-1.,0.,0.));
#6945=DIRECTION('center_axis',(1.,0.,0.));
#6946=DIRECTION('ref_axis',(0.,0.,-1.));
#6947=DIRECTION('',(0.,0.,1.));
#6948=DIRECTION('center_axis',(0.,0.,-1.));
#6949=DIRECTION('ref_axis',(-1.,0.,0.));
#6950=DIRECTION('center_axis',(0.,0.,1.));
#6951=DIRECTION('ref_axis',(1.,0.,0.));
#6952=DIRECTION('',(0.,0.,1.));
#6953=DIRECTION('center_axis',(0.,1.,0.));
#6954=DIRECTION('ref_axis',(0.,0.,1.));
#6955=DIRECTION('',(0.,0.,-1.));
#6956=DIRECTION('',(-1.,0.,0.));
#6957=DIRECTION('center_axis',(0.,0.,-1.));
#6958=DIRECTION('ref_axis',(-1.,0.,0.));
#6959=DIRECTION('',(0.,-1.,0.));
#6960=DIRECTION('center_axis',(0.,0.,-1.));
#6961=DIRECTION('ref_axis',(-1.,0.,0.));
#6962=DIRECTION('center_axis',(0.,0.,1.));
#6963=DIRECTION('ref_axis',(1.,0.,0.));
#6964=DIRECTION('',(0.,0.,1.));
#6965=DIRECTION('center_axis',(0.,0.,-1.));
#6966=DIRECTION('ref_axis',(1.,0.,0.));
#6967=DIRECTION('center_axis',(0.,0.,1.));
#6968=DIRECTION('ref_axis',(1.,0.,0.));
#6969=DIRECTION('',(0.,1.,0.));
#6970=DIRECTION('',(-1.,0.,0.));
#6971=DIRECTION('center_axis',(0.,1.,0.));
#6972=DIRECTION('ref_axis',(0.,0.,1.));
#6973=DIRECTION('',(0.,0.,-1.));
#6974=DIRECTION('',(-1.,0.,0.));
#6975=DIRECTION('center_axis',(0.,0.,-1.));
#6976=DIRECTION('ref_axis',(-1.,0.,0.));
#6977=DIRECTION('',(0.,-1.,0.));
#6978=DIRECTION('center_axis',(0.,0.,-1.));
#6979=DIRECTION('ref_axis',(-1.,0.,0.));
#6980=DIRECTION('',(0.,1.,0.));
#6981=DIRECTION('',(1.,0.,0.));
#6982=DIRECTION('center_axis',(0.,0.,-1.));
#6983=DIRECTION('ref_axis',(1.,0.,0.));
#6984=DIRECTION('center_axis',(0.,0.,1.));
#6985=DIRECTION('ref_axis',(1.,0.,0.));
#6986=DIRECTION('',(-1.,0.,0.));
#6987=DIRECTION('center_axis',(0.,0.,-1.));
#6988=DIRECTION('ref_axis',(-1.,0.,0.));
#6989=DIRECTION('center_axis',(0.,0.,1.));
#6990=DIRECTION('ref_axis',(1.,0.,0.));
#6991=DIRECTION('',(0.,0.,-1.));
#6992=DIRECTION('center_axis',(0.,0.,-1.));
#6993=DIRECTION('ref_axis',(-1.,0.,0.));
#6994=DIRECTION('center_axis',(0.,0.,-1.));
#6995=DIRECTION('ref_axis',(1.,0.,0.));
#6996=DIRECTION('',(0.,0.,1.));
#6997=DIRECTION('center_axis',(0.,0.,1.));
#6998=DIRECTION('ref_axis',(1.,0.,0.));
#6999=DIRECTION('center_axis',(0.,-1.,0.));
#7000=DIRECTION('ref_axis',(0.,0.,-1.));
#7001=DIRECTION('',(1.,0.,0.));
#7002=DIRECTION('',(-1.,0.,0.));
#7003=DIRECTION('',(0.,0.,-1.));
#7004=DIRECTION('center_axis',(0.,0.,-1.));
#7005=DIRECTION('ref_axis',(-1.,0.,0.));
#7006=DIRECTION('center_axis',(0.,0.,-1.));
#7007=DIRECTION('ref_axis',(1.,0.,0.));
#7008=DIRECTION('center_axis',(0.,0.,1.));
#7009=DIRECTION('ref_axis',(1.,0.,0.));
#7010=DIRECTION('center_axis',(0.,0.,-1.));
#7011=DIRECTION('ref_axis',(-1.,0.,0.));
#7012=DIRECTION('center_axis',(0.,0.,1.));
#7013=DIRECTION('ref_axis',(1.,0.,0.));
#7014=DIRECTION('center_axis',(0.,0.,-1.));
#7015=DIRECTION('ref_axis',(1.,0.,0.));
#7016=DIRECTION('',(0.,0.,-1.));
#7017=DIRECTION('center_axis',(0.,0.,-1.));
#7018=DIRECTION('ref_axis',(-1.,0.,0.));
#7019=DIRECTION('center_axis',(0.,0.,-1.));
#7020=DIRECTION('ref_axis',(1.,0.,0.));
#7021=DIRECTION('center_axis',(0.,0.,1.));
#7022=DIRECTION('ref_axis',(1.,0.,0.));
#7023=DIRECTION('',(0.,0.,-1.));
#7024=DIRECTION('center_axis',(0.,0.,-1.));
#7025=DIRECTION('ref_axis',(-1.,0.,0.));
#7026=DIRECTION('center_axis',(0.,0.,1.));
#7027=DIRECTION('ref_axis',(1.,0.,0.));
#7028=DIRECTION('center_axis',(0.,0.,-1.));
#7029=DIRECTION('ref_axis',(1.,0.,0.));
#7030=DIRECTION('',(0.,0.,-1.));
#7031=DIRECTION('center_axis',(0.,-1.,0.));
#7032=DIRECTION('ref_axis',(0.,0.,-1.));
#7033=DIRECTION('',(1.,0.,0.));
#7034=DIRECTION('',(-1.,0.,0.));
#7035=DIRECTION('',(0.,0.,-1.));
#7036=DIRECTION('center_axis',(0.,0.,-1.));
#7037=DIRECTION('ref_axis',(-1.,0.,0.));
#7038=DIRECTION('center_axis',(0.,0.,-1.));
#7039=DIRECTION('ref_axis',(1.,0.,0.));
#7040=DIRECTION('center_axis',(0.,0.,1.));
#7041=DIRECTION('ref_axis',(1.,0.,0.));
#7042=DIRECTION('',(0.,0.,-1.));
#7043=DIRECTION('center_axis',(0.,0.,-1.));
#7044=DIRECTION('ref_axis',(-1.,0.,0.));
#7045=DIRECTION('center_axis',(0.,0.,1.));
#7046=DIRECTION('ref_axis',(1.,0.,0.));
#7047=DIRECTION('',(0.,-1.,0.));
#7048=DIRECTION('',(-1.,0.,0.));
#7049=DIRECTION('center_axis',(0.,0.,1.));
#7050=DIRECTION('ref_axis',(1.,0.,0.));
#7051=DIRECTION('',(1.,0.,0.));
#7052=DIRECTION('',(0.,1.,0.));
#7053=DIRECTION('center_axis',(0.,0.,-1.));
#7054=DIRECTION('ref_axis',(1.,0.,0.));
#7055=DIRECTION('center_axis',(0.,0.,-1.));
#7056=DIRECTION('ref_axis',(-1.,0.,0.));
#7057=DIRECTION('center_axis',(0.,0.,1.));
#7058=DIRECTION('ref_axis',(1.,0.,0.));
#7059=DIRECTION('',(0.,0.,1.));
#7060=DIRECTION('center_axis',(0.,0.,-1.));
#7061=DIRECTION('ref_axis',(1.,0.,0.));
#7062=DIRECTION('center_axis',(0.,0.,-1.));
#7063=DIRECTION('ref_axis',(-1.,0.,0.));
#7064=DIRECTION('center_axis',(0.,0.,1.));
#7065=DIRECTION('ref_axis',(1.,0.,0.));
#7066=DIRECTION('',(0.,0.,-1.));
#7067=DIRECTION('center_axis',(0.,0.,-1.));
#7068=DIRECTION('ref_axis',(-1.,0.,0.));
#7069=DIRECTION('',(0.,0.,1.));
#7070=DIRECTION('center_axis',(0.,0.,-1.));
#7071=DIRECTION('ref_axis',(1.,0.,0.));
#7072=DIRECTION('center_axis',(0.,0.,-1.));
#7073=DIRECTION('ref_axis',(-1.,0.,0.));
#7074=DIRECTION('',(0.,1.,0.));
#7075=DIRECTION('',(1.,0.,0.));
#7076=DIRECTION('',(-1.,0.,0.));
#7077=DIRECTION('center_axis',(0.,0.,-1.));
#7078=DIRECTION('ref_axis',(-1.,0.,0.));
#7079=DIRECTION('',(1.,0.,0.));
#7080=DIRECTION('center_axis',(0.,0.,1.));
#7081=DIRECTION('ref_axis',(1.,0.,0.));
#7082=DIRECTION('',(0.,-1.,0.));
#7083=DIRECTION('',(-1.,0.,0.));
#7084=DIRECTION('center_axis',(0.,0.,-1.));
#7085=DIRECTION('ref_axis',(-1.,0.,0.));
#7086=DIRECTION('',(0.,0.,-1.));
#7087=DIRECTION('center_axis',(0.,-1.,0.));
#7088=DIRECTION('ref_axis',(0.,0.,-1.));
#7089=DIRECTION('',(-1.,0.,0.));
#7090=DIRECTION('center_axis',(-1.,0.,0.));
#7091=DIRECTION('ref_axis',(0.,0.,1.));
#7092=DIRECTION('',(0.,-1.,0.));
#7093=DIRECTION('',(0.,0.,1.));
#7094=DIRECTION('center_axis',(0.,0.,-1.));
#7095=DIRECTION('ref_axis',(-1.,0.,0.));
#7096=DIRECTION('',(0.371390676354105,-0.928476690885259,0.));
#7097=DIRECTION('',(0.,1.,0.));
#7098=DIRECTION('',(0.642787609686541,0.766044443118976,0.));
#7099=DIRECTION('center_axis',(0.,0.,-1.));
#7100=DIRECTION('ref_axis',(1.,0.,0.));
#7101=DIRECTION('',(1.,0.,0.));
#7102=DIRECTION('center_axis',(0.,0.,-1.));
#7103=DIRECTION('ref_axis',(-1.,0.,0.));
#7104=DIRECTION('',(-1.,0.,0.));
#7105=DIRECTION('center_axis',(0.,0.,-1.));
#7106=DIRECTION('ref_axis',(-1.,0.,0.));
#7107=DIRECTION('center_axis',(0.,0.,-1.));
#7108=DIRECTION('ref_axis',(1.,0.,0.));
#7109=DIRECTION('center_axis',(0.,0.,-1.));
#7110=DIRECTION('ref_axis',(1.,0.,0.));
#7111=DIRECTION('',(0.,-1.,0.));
#7112=DIRECTION('center_axis',(0.,0.,-1.));
#7113=DIRECTION('ref_axis',(-1.,0.,0.));
#7114=DIRECTION('center_axis',(0.,0.,-1.));
#7115=DIRECTION('ref_axis',(1.,0.,0.));
#7116=DIRECTION('',(0.,-1.,0.));
#7117=DIRECTION('center_axis',(0.,0.,-1.));
#7118=DIRECTION('ref_axis',(1.,0.,0.));
#7119=DIRECTION('',(-1.,0.,0.));
#7120=DIRECTION('center_axis',(0.,0.,-1.));
#7121=DIRECTION('ref_axis',(-1.,0.,0.));
#7122=DIRECTION('',(1.,0.,0.));
#7123=DIRECTION('',(0.,-1.,0.));
#7124=DIRECTION('',(-1.,0.,0.));
#7125=DIRECTION('center_axis',(0.,0.,-1.));
#7126=DIRECTION('ref_axis',(1.,0.,0.));
#7127=DIRECTION('',(0.,1.,0.));
#7128=DIRECTION('center_axis',(0.,0.,-1.));
#7129=DIRECTION('ref_axis',(-1.,0.,0.));
#7130=DIRECTION('',(-1.,0.,0.));
#7131=DIRECTION('',(0.371390676354105,0.928476690885259,0.));
#7132=DIRECTION('',(1.,0.,0.));
#7133=DIRECTION('center_axis',(0.,0.,-1.));
#7134=DIRECTION('ref_axis',(1.,0.,0.));
#7135=DIRECTION('',(0.,-1.,0.));
#7136=DIRECTION('center_axis',(0.,0.,1.));
#7137=DIRECTION('ref_axis',(1.,0.,0.));
#7138=DIRECTION('',(-0.371390676354103,0.928476690885259,0.));
#7139=DIRECTION('',(0.,-1.,0.));
#7140=DIRECTION('',(1.,0.,0.));
#7141=DIRECTION('',(0.,1.,0.));
#7142=DIRECTION('center_axis',(-1.,0.,0.));
#7143=DIRECTION('ref_axis',(0.,0.,1.));
#7144=DIRECTION('',(0.,-1.,0.));
#7145=DIRECTION('',(0.,0.,1.));
#7146=DIRECTION('',(0.,1.,0.));
#7147=DIRECTION('',(0.,0.,-1.));
#7148=DIRECTION('center_axis',(0.,0.,1.));
#7149=DIRECTION('ref_axis',(1.,0.,0.));
#7150=DIRECTION('',(0.,-1.,0.));
#7151=DIRECTION('',(1.,0.,0.));
#7152=DIRECTION('',(0.,1.,0.));
#7153=DIRECTION('',(-0.371390676354104,-0.928476690885259,0.));
#7154=DIRECTION('center_axis',(0.,0.,1.));
#7155=DIRECTION('ref_axis',(1.,0.,0.));
#7156=DIRECTION('',(-0.371390676354103,0.928476690885259,0.));
#7157=DIRECTION('',(0.,-1.,0.));
#7158=DIRECTION('',(1.,0.,0.));
#7159=DIRECTION('',(0.,1.,0.));
#7160=DIRECTION('center_axis',(0.,0.,1.));
#7161=DIRECTION('ref_axis',(1.,0.,0.));
#7162=DIRECTION('',(1.,0.,0.));
#7163=DIRECTION('',(0.,1.,0.));
#7164=DIRECTION('',(-0.371390676354104,-0.928476690885259,0.));
#7165=DIRECTION('center_axis',(0.,1.,0.));
#7166=DIRECTION('ref_axis',(0.,0.,1.));
#7167=DIRECTION('',(0.,0.,1.));
#7168=DIRECTION('',(1.,0.,0.));
#7169=DIRECTION('center_axis',(0.,-1.,0.));
#7170=DIRECTION('ref_axis',(1.,0.,0.));
#7171=DIRECTION('',(-0.768221279597353,0.,-0.640184399664507));
#7172=DIRECTION('center_axis',(0.,-1.,0.));
#7173=DIRECTION('ref_axis',(1.,0.,0.));
#7174=DIRECTION('',(0.,0.,-1.));
#7175=DIRECTION('center_axis',(0.,-1.,0.));
#7176=DIRECTION('ref_axis',(1.,0.,0.));
#7177=DIRECTION('',(0.768221279597354,0.,-0.640184399664506));
#7178=DIRECTION('center_axis',(0.,-1.,0.));
#7179=DIRECTION('ref_axis',(1.,0.,0.));
#7180=DIRECTION('',(-1.,0.,0.));
#7181=DIRECTION('center_axis',(0.,1.,0.));
#7182=DIRECTION('ref_axis',(0.,0.,1.));
#7183=DIRECTION('',(-1.,0.,0.));
#7184=DIRECTION('center_axis',(0.,-1.,0.));
#7185=DIRECTION('ref_axis',(1.,0.,0.));
#7186=DIRECTION('',(0.447213595500074,0.,0.894427190999858));
#7187=DIRECTION('center_axis',(0.,1.,0.));
#7188=DIRECTION('ref_axis',(1.,0.,0.));
#7189=DIRECTION('',(1.,0.,0.));
#7190=DIRECTION('center_axis',(0.,1.,0.));
#7191=DIRECTION('ref_axis',(1.,0.,0.));
#7192=DIRECTION('center_axis',(-1.,0.,0.));
#7193=DIRECTION('ref_axis',(0.,0.,1.));
#7194=DIRECTION('',(0.,1.,0.));
#7195=DIRECTION('',(0.,0.,-1.));
#7196=DIRECTION('',(0.,-1.,0.));
#7197=DIRECTION('',(0.,0.,1.));
#7198=DIRECTION('center_axis',(0.,1.,0.));
#7199=DIRECTION('ref_axis',(0.,0.,1.));
#7200=DIRECTION('center_axis',(0.,-1.,0.));
#7201=DIRECTION('ref_axis',(1.,0.,0.));
#7202=DIRECTION('',(1.,0.,0.));
#7203=DIRECTION('center_axis',(0.,1.,0.));
#7204=DIRECTION('ref_axis',(1.,0.,0.));
#7205=DIRECTION('',(-1.,0.,0.));
#7206=DIRECTION('center_axis',(0.,1.,0.));
#7207=DIRECTION('ref_axis',(1.,0.,0.));
#7208=DIRECTION('',(-0.447213595500074,0.,0.894427190999858));
#7209=DIRECTION('center_axis',(0.,1.,0.));
#7210=DIRECTION('ref_axis',(0.,0.,1.));
#7211=DIRECTION('',(0.,0.,-1.));
#7212=DIRECTION('',(-1.,0.,0.));
#7213=DIRECTION('center_axis',(0.,-1.,0.));
#7214=DIRECTION('ref_axis',(1.,0.,0.));
#7215=DIRECTION('',(0.44721359550007,0.,0.89442719099986));
#7216=DIRECTION('center_axis',(0.,1.,0.));
#7217=DIRECTION('ref_axis',(1.,0.,0.));
#7218=DIRECTION('',(1.,0.,0.));
#7219=DIRECTION('center_axis',(0.,1.,0.));
#7220=DIRECTION('ref_axis',(1.,0.,0.));
#7221=DIRECTION('center_axis',(-1.,0.,0.));
#7222=DIRECTION('ref_axis',(0.,0.,1.));
#7223=DIRECTION('',(0.,-1.,0.));
#7224=DIRECTION('',(0.,1.,0.));
#7225=DIRECTION('',(0.,0.,-1.));
#7226=DIRECTION('center_axis',(0.,-1.,0.));
#7227=DIRECTION('ref_axis',(0.,0.,-1.));
#7228=DIRECTION('',(0.,0.,-1.));
#7229=DIRECTION('center_axis',(1.,0.,0.));
#7230=DIRECTION('ref_axis',(0.,0.,-1.));
#7231=DIRECTION('',(0.,0.,-1.));
#7232=DIRECTION('center_axis',(0.,-1.,0.));
#7233=DIRECTION('ref_axis',(0.,0.,-1.));
#7234=DIRECTION('',(1.,0.,0.));
#7235=DIRECTION('',(0.,0.,1.));
#7236=DIRECTION('',(-1.,0.,0.));
#7237=DIRECTION('',(0.,0.,-1.));
#7238=DIRECTION('center_axis',(1.,0.,0.));
#7239=DIRECTION('ref_axis',(0.,0.,-1.));
#7240=DIRECTION('',(0.,0.,1.));
#7241=DIRECTION('',(0.,-1.,0.));
#7242=DIRECTION('center_axis',(0.,0.,1.));
#7243=DIRECTION('ref_axis',(1.,0.,0.));
#7244=DIRECTION('',(0.,1.,0.));
#7245=DIRECTION('center_axis',(0.,0.,-1.));
#7246=DIRECTION('ref_axis',(1.,0.,0.));
#7247=DIRECTION('center_axis',(0.,0.,1.));
#7248=DIRECTION('ref_axis',(1.,0.,0.));
#7249=DIRECTION('center_axis',(0.,0.,1.));
#7250=DIRECTION('ref_axis',(1.,0.,0.));
#7251=DIRECTION('center_axis',(0.,0.,-1.));
#7252=DIRECTION('ref_axis',(1.,0.,0.));
#7253=DIRECTION('',(0.,-1.,0.));
#7254=DIRECTION('center_axis',(0.,0.,1.));
#7255=DIRECTION('ref_axis',(1.,0.,0.));
#7256=DIRECTION('center_axis',(0.,0.,-1.));
#7257=DIRECTION('ref_axis',(1.,0.,0.));
#7258=DIRECTION('center_axis',(0.,0.,-1.));
#7259=DIRECTION('ref_axis',(-1.,0.,0.));
#7260=DIRECTION('',(0.,0.,1.));
#7261=DIRECTION('center_axis',(0.,0.,1.));
#7262=DIRECTION('ref_axis',(1.,0.,0.));
#7263=DIRECTION('',(0.,0.,-1.));
#7264=DIRECTION('center_axis',(0.,0.,-1.));
#7265=DIRECTION('ref_axis',(-1.,0.,0.));
#7266=DIRECTION('',(0.,0.,1.));
#7267=DIRECTION('center_axis',(0.,0.,-1.));
#7268=DIRECTION('ref_axis',(1.,0.,0.));
#7269=DIRECTION('center_axis',(0.,0.,-1.));
#7270=DIRECTION('ref_axis',(-1.,0.,0.));
#7271=DIRECTION('center_axis',(0.,0.,-1.));
#7272=DIRECTION('ref_axis',(1.,0.,0.));
#7273=DIRECTION('center_axis',(0.,0.,-1.));
#7274=DIRECTION('ref_axis',(-1.,0.,0.));
#7275=DIRECTION('center_axis',(0.,0.,-1.));
#7276=DIRECTION('ref_axis',(1.,0.,0.));
#7277=DIRECTION('',(0.,0.,-1.));
#7278=DIRECTION('center_axis',(0.,0.,-1.));
#7279=DIRECTION('ref_axis',(-1.,0.,0.));
#7280=DIRECTION('',(0.,0.,1.));
#7281=DIRECTION('center_axis',(0.,0.,1.));
#7282=DIRECTION('ref_axis',(1.,0.,0.));
#7283=DIRECTION('center_axis',(0.,0.,-1.));
#7284=DIRECTION('ref_axis',(-1.,0.,0.));
#7285=DIRECTION('center_axis',(0.,0.,-1.));
#7286=DIRECTION('ref_axis',(1.,0.,0.));
#7287=DIRECTION('center_axis',(1.,0.,0.));
#7288=DIRECTION('ref_axis',(0.,0.,-1.));
#7289=DIRECTION('',(0.,-1.,0.));
#7290=DIRECTION('center_axis',(0.,0.,-1.));
#7291=DIRECTION('ref_axis',(-1.,0.,0.));
#7292=DIRECTION('center_axis',(0.,0.,1.));
#7293=DIRECTION('ref_axis',(1.,0.,0.));
#7294=DIRECTION('center_axis',(0.,1.,0.));
#7295=DIRECTION('ref_axis',(0.,0.,1.));
#7296=DIRECTION('',(0.,1.,0.));
#7297=DIRECTION('center_axis',(-0.766044443118978,0.64278760968654,0.));
#7298=DIRECTION('ref_axis',(0.64278760968654,0.766044443118978,0.));
#7299=DIRECTION('center_axis',(0.,-1.,0.));
#7300=DIRECTION('ref_axis',(0.,0.,-1.));
#7301=DIRECTION('',(0.,0.,1.));
#7302=DIRECTION('',(-1.,0.,0.));
#7303=DIRECTION('',(0.,0.,-1.));
#7304=DIRECTION('center_axis',(1.,0.,0.));
#7305=DIRECTION('ref_axis',(0.,0.,-1.));
#7306=DIRECTION('',(0.,1.,0.));
#7307=DIRECTION('',(0.,0.,1.));
#7308=DIRECTION('',(0.,0.,-1.));
#7309=DIRECTION('center_axis',(1.,0.,0.));
#7310=DIRECTION('ref_axis',(0.,0.,-1.));
#7311=DIRECTION('',(0.,0.,1.));
#7312=DIRECTION('',(0.,-1.,0.));
#7313=DIRECTION('',(0.,0.,-1.));
#7314=DIRECTION('center_axis',(0.,-1.,0.));
#7315=DIRECTION('ref_axis',(0.,0.,-1.));
#7316=DIRECTION('',(1.,0.,0.));
#7317=DIRECTION('',(0.,0.,1.));
#7318=DIRECTION('center_axis',(0.,0.,-1.));
#7319=DIRECTION('ref_axis',(-1.,0.,0.));
#7320=DIRECTION('center_axis',(0.,0.,1.));
#7321=DIRECTION('ref_axis',(1.,0.,0.));
#7322=DIRECTION('center_axis',(0.,0.,-1.));
#7323=DIRECTION('ref_axis',(-1.,0.,0.));
#7324=DIRECTION('center_axis',(0.,0.,-1.));
#7325=DIRECTION('ref_axis',(1.,0.,0.));
#7326=DIRECTION('center_axis',(0.,0.,1.));
#7327=DIRECTION('ref_axis',(1.,0.,0.));
#7328=DIRECTION('',(0.,-1.,0.));
#7329=DIRECTION('center_axis',(0.,0.,-1.));
#7330=DIRECTION('ref_axis',(-1.,0.,0.));
#7331=DIRECTION('',(0.,0.,1.));
#7332=DIRECTION('center_axis',(0.,0.,-1.));
#7333=DIRECTION('ref_axis',(-1.,0.,0.));
#7334=DIRECTION('center_axis',(0.,0.,-1.));
#7335=DIRECTION('ref_axis',(1.,0.,0.));
#7336=DIRECTION('',(0.,0.,1.));
#7337=DIRECTION('center_axis',(0.,0.,-1.));
#7338=DIRECTION('ref_axis',(-1.,0.,0.));
#7339=DIRECTION('center_axis',(0.,0.,-1.));
#7340=DIRECTION('ref_axis',(1.,0.,0.));
#7341=DIRECTION('',(0.,0.,1.));
#7342=DIRECTION('center_axis',(0.,0.,1.));
#7343=DIRECTION('ref_axis',(1.,0.,0.));
#7344=DIRECTION('',(0.,0.,-1.));
#7345=DIRECTION('center_axis',(0.,0.,1.));
#7346=DIRECTION('ref_axis',(1.,0.,0.));
#7347=DIRECTION('',(1.,0.,0.));
#7348=DIRECTION('center_axis',(0.,0.,-1.));
#7349=DIRECTION('ref_axis',(1.,0.,0.));
#7350=DIRECTION('center_axis',(0.,0.,-1.));
#7351=DIRECTION('ref_axis',(-1.,0.,0.));
#7352=DIRECTION('',(0.,0.,1.));
#7353=DIRECTION('center_axis',(0.,0.,-1.));
#7354=DIRECTION('ref_axis',(-1.,0.,0.));
#7355=DIRECTION('',(0.,0.,1.));
#7356=DIRECTION('center_axis',(0.,0.,-1.));
#7357=DIRECTION('ref_axis',(1.,0.,0.));
#7358=DIRECTION('',(0.,0.,-1.));
#7359=DIRECTION('center_axis',(0.,0.,-1.));
#7360=DIRECTION('ref_axis',(-1.,0.,0.));
#7361=DIRECTION('center_axis',(0.,0.,1.));
#7362=DIRECTION('ref_axis',(1.,0.,0.));
#7363=DIRECTION('center_axis',(1.,0.,0.));
#7364=DIRECTION('ref_axis',(0.,0.,-1.));
#7365=DIRECTION('',(0.,1.,0.));
#7366=DIRECTION('',(0.,0.,1.));
#7367=DIRECTION('',(0.,-1.,0.));
#7368=DIRECTION('center_axis',(0.,0.,-1.));
#7369=DIRECTION('ref_axis',(-1.,0.,0.));
#7370=DIRECTION('center_axis',(0.,0.,1.));
#7371=DIRECTION('ref_axis',(1.,0.,0.));
#7372=DIRECTION('center_axis',(0.,0.,-1.));
#7373=DIRECTION('ref_axis',(1.,0.,0.));
#7374=DIRECTION('',(0.,-1.,0.));
#7375=DIRECTION('center_axis',(0.,0.,-1.));
#7376=DIRECTION('ref_axis',(-1.,0.,0.));
#7377=DIRECTION('',(0.,-1.,0.));
#7378=DIRECTION('center_axis',(0.,0.,-1.));
#7379=DIRECTION('ref_axis',(-1.,0.,0.));
#7380=DIRECTION('center_axis',(0.,0.,-1.));
#7381=DIRECTION('ref_axis',(1.,0.,0.));
#7382=DIRECTION('center_axis',(0.,0.,1.));
#7383=DIRECTION('ref_axis',(1.,0.,0.));
#7384=DIRECTION('',(0.,1.,0.));
#7385=DIRECTION('center_axis',(0.,0.,-1.));
#7386=DIRECTION('ref_axis',(1.,0.,0.));
#7387=DIRECTION('center_axis',(0.,0.,-1.));
#7388=DIRECTION('ref_axis',(-1.,0.,0.));
#7389=DIRECTION('',(0.,0.,1.));
#7390=DIRECTION('center_axis',(0.,0.,-1.));
#7391=DIRECTION('ref_axis',(-1.,0.,0.));
#7392=DIRECTION('',(0.,0.,-1.));
#7393=DIRECTION('center_axis',(0.,0.,-1.));
#7394=DIRECTION('ref_axis',(-1.,0.,0.));
#7395=DIRECTION('center_axis',(0.,0.,1.));
#7396=DIRECTION('ref_axis',(1.,0.,0.));
#7397=DIRECTION('center_axis',(0.,0.,-1.));
#7398=DIRECTION('ref_axis',(1.,0.,0.));
#7399=DIRECTION('',(0.,1.,0.));
#7400=DIRECTION('center_axis',(0.,0.,1.));
#7401=DIRECTION('ref_axis',(1.,0.,0.));
#7402=DIRECTION('',(0.,-1.,0.));
#7403=DIRECTION('center_axis',(0.,0.,-1.));
#7404=DIRECTION('ref_axis',(-1.,0.,0.));
#7405=DIRECTION('',(0.,0.,1.));
#7406=DIRECTION('center_axis',(1.,0.,0.));
#7407=DIRECTION('ref_axis',(0.,0.,-1.));
#7408=DIRECTION('',(0.,0.,-1.));
#7409=DIRECTION('center_axis',(0.,0.,-1.));
#7410=DIRECTION('ref_axis',(-1.,0.,0.));
#7411=DIRECTION('',(0.,0.,-1.));
#7412=DIRECTION('center_axis',(0.,0.,-1.));
#7413=DIRECTION('ref_axis',(-1.,0.,0.));
#7414=DIRECTION('',(0.,0.,-1.));
#7415=DIRECTION('center_axis',(0.,1.,0.));
#7416=DIRECTION('ref_axis',(0.,0.,1.));
#7417=DIRECTION('',(0.,-1.,0.));
#7418=DIRECTION('',(0.,1.,0.));
#7419=DIRECTION('center_axis',(-0.766044443118978,0.64278760968654,0.));
#7420=DIRECTION('ref_axis',(0.64278760968654,0.766044443118978,0.));
#7421=DIRECTION('center_axis',(0.894427190999911,0.,-0.447213595499967));
#7422=DIRECTION('ref_axis',(-0.447213595499967,0.,-0.894427190999911));
#7423=DIRECTION('',(0.,1.,0.));
#7424=DIRECTION('',(0.394660016502743,0.470337492520322,0.789320033005466));
#7425=DIRECTION('center_axis',(0.,1.,0.));
#7426=DIRECTION('ref_axis',(0.,0.,1.));
#7427=DIRECTION('center_axis',(0.766044443118978,-0.64278760968654,0.));
#7428=DIRECTION('ref_axis',(0.64278760968654,0.766044443118978,0.));
#7429=DIRECTION('',(0.,1.,0.));
#7430=DIRECTION('center_axis',(0.,0.,-1.));
#7431=DIRECTION('ref_axis',(-1.,0.,0.));
#7432=DIRECTION('',(0.642787609686538,0.766044443118979,0.));
#7433=DIRECTION('',(0.,-1.,0.));
#7434=DIRECTION('',(-1.,0.,0.));
#7435=DIRECTION('',(0.,1.,0.));
#7436=DIRECTION('',(1.,0.,0.));
#7437=DIRECTION('',(0.,1.,0.));
#7438=DIRECTION('',(0.642787609685859,0.766044443119549,0.));
#7439=DIRECTION('center_axis',(-0.640184399664483,0.,-0.768221279597373));
#7440=DIRECTION('ref_axis',(-0.768221279597373,0.,0.640184399664483));
#7441=DIRECTION('',(0.,-1.,0.));
#7442=DIRECTION('',(-0.768221279597373,0.,0.640184399664483));
#7443=DIRECTION('',(0.,1.,0.));
#7444=DIRECTION('',(0.566618068910768,0.67526911925324,-0.47218172409231));
#7445=DIRECTION('center_axis',(0.,1.,0.));
#7446=DIRECTION('ref_axis',(0.,0.,1.));
#7447=DIRECTION('center_axis',(0.766044443118978,-0.64278760968654,0.));
#7448=DIRECTION('ref_axis',(0.64278760968654,0.766044443118978,0.));
#7449=DIRECTION('center_axis',(0.,1.,0.));
#7450=DIRECTION('ref_axis',(1.,0.,0.));
#7451=DIRECTION('',(0.,1.,0.));
#7452=DIRECTION('center_axis',(-1.,0.,0.));
#7453=DIRECTION('ref_axis',(0.,0.,1.));
#7454=DIRECTION('',(0.,0.,1.));
#7455=DIRECTION('',(0.,1.,0.));
#7456=DIRECTION('',(0.,0.,-1.));
#7457=DIRECTION('center_axis',(0.,1.,0.));
#7458=DIRECTION('ref_axis',(0.,0.,1.));
#7459=DIRECTION('center_axis',(0.766044443118978,-0.64278760968654,0.));
#7460=DIRECTION('ref_axis',(0.64278760968654,0.766044443118978,0.));
#7461=DIRECTION('center_axis',(0.,1.,0.));
#7462=DIRECTION('ref_axis',(1.,0.,0.));
#7463=DIRECTION('',(0.,1.,0.));
#7464=DIRECTION('center_axis',(-0.640184399664507,0.,0.768221279597353));
#7465=DIRECTION('ref_axis',(0.768221279597353,0.,0.640184399664507));
#7466=DIRECTION('',(0.768221279597353,0.,0.640184399664507));
#7467=DIRECTION('',(0.,1.,0.));
#7468=DIRECTION('',(-0.56661806891076,-0.67526911925323,-0.472181724092333));
#7469=DIRECTION('center_axis',(0.,1.,0.));
#7470=DIRECTION('ref_axis',(0.,0.,1.));
#7471=DIRECTION('',(0.,-1.,0.));
#7472=DIRECTION('center_axis',(0.,-1.,0.));
#7473=DIRECTION('ref_axis',(1.,0.,0.));
#7474=DIRECTION('',(0.,1.,0.));
#7475=DIRECTION('center_axis',(-0.766044443118978,0.64278760968654,0.));
#7476=DIRECTION('ref_axis',(0.64278760968654,0.766044443118978,0.));
#7477=DIRECTION('center_axis',(0.,1.,0.));
#7478=DIRECTION('ref_axis',(0.,0.,1.));
#7479=DIRECTION('center_axis',(0.766044443118978,-0.64278760968654,0.));
#7480=DIRECTION('ref_axis',(0.64278760968654,0.766044443118978,0.));
#7481=DIRECTION('center_axis',(0.,1.,0.));
#7482=DIRECTION('ref_axis',(1.,0.,0.));
#7483=DIRECTION('center_axis',(0.,0.,1.));
#7484=DIRECTION('ref_axis',(1.,0.,0.));
#7485=DIRECTION('',(1.,0.,0.));
#7486=DIRECTION('',(0.,1.,0.));
#7487=DIRECTION('',(-0.642787609686549,-0.76604444311897,0.));
#7488=DIRECTION('center_axis',(0.89442719099986,0.,0.44721359550007));
#7489=DIRECTION('ref_axis',(0.44721359550007,0.,-0.89442719099986));
#7490=DIRECTION('',(0.,-1.,0.));
#7491=DIRECTION('',(0.44721359550007,0.,-0.89442719099986));
#7492=DIRECTION('',(-0.394660016502768,-0.470337492520598,0.78932003300529));
#7493=DIRECTION('center_axis',(0.,1.,0.));
#7494=DIRECTION('ref_axis',(0.,0.,1.));
#7495=DIRECTION('center_axis',(0.,-1.,0.));
#7496=DIRECTION('ref_axis',(1.,0.,0.));
#7497=DIRECTION('',(0.,1.,0.));
#7498=DIRECTION('center_axis',(-0.766044443118978,0.64278760968654,0.));
#7499=DIRECTION('ref_axis',(0.64278760968654,0.766044443118978,0.));
#7500=DIRECTION('center_axis',(0.,1.,0.));
#7501=DIRECTION('ref_axis',(0.,0.,1.));
#7502=DIRECTION('',(0.,-1.,0.));
#7503=DIRECTION('center_axis',(-0.766044443118978,0.64278760968654,0.));
#7504=DIRECTION('ref_axis',(0.64278760968654,0.766044443118978,0.));
#7505=DIRECTION('center_axis',(0.,0.,-1.));
#7506=DIRECTION('ref_axis',(-1.,0.,0.));
#7507=DIRECTION('',(0.642787609686549,0.76604444311897,0.));
#7508=DIRECTION('center_axis',(0.,1.,0.));
#7509=DIRECTION('ref_axis',(0.,0.,1.));
#7510=DIRECTION('center_axis',(0.766044443118978,-0.64278760968654,0.));
#7511=DIRECTION('ref_axis',(0.64278760968654,0.766044443118978,0.));
#7512=DIRECTION('',(0.,-1.,0.));
#7513=DIRECTION('',(0.,1.,0.));
#7514=DIRECTION('center_axis',(0.894427190999858,0.,0.447213595500074));
#7515=DIRECTION('ref_axis',(0.447213595500074,0.,-0.894427190999858));
#7516=DIRECTION('',(0.,1.,0.));
#7517=DIRECTION('',(-0.394660016502771,-0.470337492520602,0.789320033005286));
#7518=DIRECTION('center_axis',(0.,0.,1.));
#7519=DIRECTION('ref_axis',(1.,0.,0.));
#7520=DIRECTION('',(0.,-1.,0.));
#7521=DIRECTION('',(-0.642787609686549,-0.76604444311897,0.));
#7522=DIRECTION('center_axis',(0.,0.,1.));
#7523=DIRECTION('ref_axis',(1.,0.,0.));
#7524=DIRECTION('',(0.,-1.,0.));
#7525=DIRECTION('',(0.,-1.,0.));
#7526=DIRECTION('',(1.,0.,0.));
#7527=DIRECTION('',(0.,1.,0.));
#7528=DIRECTION('',(-0.642787609686538,-0.766044443118979,0.));
#7529=DIRECTION('',(-0.642787609685859,-0.766044443119549,0.));
#7530=DIRECTION('center_axis',(0.,1.,0.));
#7531=DIRECTION('ref_axis',(0.,0.,1.));
#7532=DIRECTION('center_axis',(-0.766044443118978,0.64278760968654,0.));
#7533=DIRECTION('ref_axis',(0.64278760968654,0.766044443118978,0.));
#7534=DIRECTION('center_axis',(-1.,0.,0.));
#7535=DIRECTION('ref_axis',(0.,0.,1.));
#7536=DIRECTION('',(0.,0.,1.));
#7537=DIRECTION('center_axis',(0.,0.,-1.));
#7538=DIRECTION('ref_axis',(-1.,0.,0.));
#7539=DIRECTION('',(0.,0.,-1.));
#7540=DIRECTION('center_axis',(0.,1.,0.));
#7541=DIRECTION('ref_axis',(0.,0.,1.));
#7542=DIRECTION('center_axis',(0.,1.,0.));
#7543=DIRECTION('ref_axis',(1.,0.,0.));
#7544=DIRECTION('',(0.,-1.,0.));
#7545=DIRECTION('center_axis',(0.,-1.,0.));
#7546=DIRECTION('ref_axis',(1.,0.,0.));
#7547=DIRECTION('',(0.,1.,0.));
#7548=DIRECTION('center_axis',(0.,1.,0.));
#7549=DIRECTION('ref_axis',(0.,0.,1.));
#7550=DIRECTION('center_axis',(0.,1.,0.));
#7551=DIRECTION('ref_axis',(1.,0.,0.));
#7552=DIRECTION('center_axis',(0.,-1.,0.));
#7553=DIRECTION('ref_axis',(1.,0.,0.));
#7554=DIRECTION('',(0.,1.,0.));
#7555=DIRECTION('center_axis',(0.,1.,0.));
#7556=DIRECTION('ref_axis',(0.,0.,1.));
#7557=DIRECTION('',(0.,-1.,0.));
#7558=DIRECTION('',(0.,1.,0.));
#7559=DIRECTION('center_axis',(-0.766044443118978,0.64278760968654,0.));
#7560=DIRECTION('ref_axis',(0.64278760968654,0.766044443118978,0.));
#7561=DIRECTION('center_axis',(-0.640184399664507,0.,0.768221279597353));
#7562=DIRECTION('ref_axis',(0.768221279597353,0.,0.640184399664507));
#7563=DIRECTION('',(0.,-1.,0.));
#7564=DIRECTION('',(0.,1.,0.));
#7565=DIRECTION('',(-0.56661806891078,-0.675269119253219,-0.472181724092326));
#7566=DIRECTION('center_axis',(0.,0.,-1.));
#7567=DIRECTION('ref_axis',(-1.,0.,0.));
#7568=DIRECTION('',(0.,-1.,0.));
#7569=DIRECTION('',(0.642787609686549,0.76604444311897,0.));
#7570=DIRECTION('center_axis',(0.,1.,0.));
#7571=DIRECTION('ref_axis',(0.,0.,1.));
#7572=DIRECTION('center_axis',(0.766044443118978,-0.64278760968654,0.));
#7573=DIRECTION('ref_axis',(0.64278760968654,0.766044443118978,0.));
#7574=DIRECTION('',(0.,-1.,0.));
#7575=DIRECTION('center_axis',(0.,1.,0.));
#7576=DIRECTION('ref_axis',(0.,0.,1.));
#7577=DIRECTION('center_axis',(0.766044443118978,-0.64278760968654,0.));
#7578=DIRECTION('ref_axis',(0.64278760968654,0.766044443118978,0.));
#7579=DIRECTION('',(0.,-1.,0.));
#7580=DIRECTION('',(0.,1.,0.));
#7581=DIRECTION('center_axis',(0.,1.,0.));
#7582=DIRECTION('ref_axis',(0.,0.,1.));
#7583=DIRECTION('',(0.,0.,1.));
#7584=DIRECTION('',(1.,0.,0.));
#7585=DIRECTION('',(0.,0.,-1.));
#7586=DIRECTION('',(-1.,0.,0.));
#7587=DIRECTION('center_axis',(0.,0.,-1.));
#7588=DIRECTION('ref_axis',(-1.,0.,0.));
#7589=DIRECTION('',(0.,1.,0.));
#7590=DIRECTION('',(1.,0.,0.));
#7591=DIRECTION('',(0.,-1.,0.));
#7592=DIRECTION('',(-1.,0.,0.));
#7593=DIRECTION('center_axis',(-1.,0.,0.));
#7594=DIRECTION('ref_axis',(0.,0.,1.));
#7595=DIRECTION('center_axis',(-1.,0.,0.));
#7596=DIRECTION('ref_axis',(0.,0.,-1.));
#7597=DIRECTION('',(1.,0.,0.));
#7598=DIRECTION('center_axis',(1.,0.,0.));
#7599=DIRECTION('ref_axis',(0.,0.,-1.));
#7600=DIRECTION('',(-1.,0.,0.));
#7601=DIRECTION('center_axis',(-1.,0.,0.));
#7602=DIRECTION('ref_axis',(0.,0.,1.));
#7603=DIRECTION('',(0.,0.,1.));
#7604=DIRECTION('center_axis',(-1.,0.,0.));
#7605=DIRECTION('ref_axis',(0.,0.,-1.));
#7606=DIRECTION('',(0.,0.,1.));
#7607=DIRECTION('',(0.,0.,-1.));
#7608=DIRECTION('center_axis',(-1.,0.,0.));
#7609=DIRECTION('ref_axis',(0.,0.,1.));
#7610=DIRECTION('center_axis',(-1.,0.,0.));
#7611=DIRECTION('ref_axis',(0.,0.,-1.));
#7612=DIRECTION('',(-1.,0.,0.));
#7613=DIRECTION('center_axis',(1.,0.,0.));
#7614=DIRECTION('ref_axis',(0.,0.,-1.));
#7615=DIRECTION('',(0.,0.,1.));
#7616=DIRECTION('',(0.,-1.,0.));
#7617=DIRECTION('',(0.,0.,-1.));
#7618=DIRECTION('center_axis',(0.,1.,0.));
#7619=DIRECTION('ref_axis',(0.,0.,1.));
#7620=DIRECTION('center_axis',(0.,-1.,0.));
#7621=DIRECTION('ref_axis',(1.,0.,0.));
#7622=DIRECTION('',(0.,-1.,0.));
#7623=DIRECTION('center_axis',(0.,1.,0.));
#7624=DIRECTION('ref_axis',(1.,0.,0.));
#7625=DIRECTION('',(0.,1.,0.));
#7626=DIRECTION('center_axis',(-1.,0.,0.));
#7627=DIRECTION('ref_axis',(0.,0.,1.));
#7628=DIRECTION('',(0.,0.,1.));
#7629=DIRECTION('',(0.,1.,0.));
#7630=DIRECTION('',(0.,1.,0.));
#7631=DIRECTION('',(0.,0.,-1.));
#7632=DIRECTION('center_axis',(0.,0.,-1.));
#7633=DIRECTION('ref_axis',(-1.,0.,0.));
#7634=DIRECTION('',(0.,-1.,0.));
#7635=DIRECTION('',(0.642787609686538,0.766044443118979,0.));
#7636=DIRECTION('',(0.,1.,0.));
#7637=DIRECTION('',(0.,1.,0.));
#7638=DIRECTION('',(0.642787609685859,0.766044443119549,0.));
#7639=DIRECTION('center_axis',(0.,1.,0.));
#7640=DIRECTION('ref_axis',(0.,0.,1.));
#7641=DIRECTION('center_axis',(0.,1.,0.));
#7642=DIRECTION('ref_axis',(1.,0.,0.));
#7643=DIRECTION('',(0.,-1.,0.));
#7644=DIRECTION('center_axis',(0.,-1.,0.));
#7645=DIRECTION('ref_axis',(1.,0.,0.));
#7646=DIRECTION('center_axis',(0.,0.,-1.));
#7647=DIRECTION('ref_axis',(-1.,0.,0.));
#7648=DIRECTION('',(1.,0.,0.));
#7649=DIRECTION('',(-1.,0.,0.));
#7650=DIRECTION('center_axis',(0.,1.,0.));
#7651=DIRECTION('ref_axis',(0.,0.,1.));
#7652=DIRECTION('center_axis',(0.766044443118978,-0.64278760968654,0.));
#7653=DIRECTION('ref_axis',(0.64278760968654,0.766044443118978,0.));
#7654=DIRECTION('',(0.,1.,0.));
#7655=DIRECTION('center_axis',(0.,1.,0.));
#7656=DIRECTION('ref_axis',(0.,0.,1.));
#7657=DIRECTION('center_axis',(0.,1.,0.));
#7658=DIRECTION('ref_axis',(1.,0.,0.));
#7659=DIRECTION('',(0.,-1.,0.));
#7660=DIRECTION('center_axis',(0.,-1.,0.));
#7661=DIRECTION('ref_axis',(1.,0.,0.));
#7662=DIRECTION('',(0.,1.,0.));
#7663=DIRECTION('center_axis',(0.,1.,0.));
#7664=DIRECTION('ref_axis',(0.,0.,1.));
#7665=DIRECTION('',(0.,0.,1.));
#7666=DIRECTION('center_axis',(-0.640184399664506,0.,-0.768221279597354));
#7667=DIRECTION('ref_axis',(-0.768221279597354,0.,0.640184399664506));
#7668=DIRECTION('',(0.566618068910767,0.675269119253239,-0.472181724092311));
#7669=DIRECTION('center_axis',(0.,0.,-1.));
#7670=DIRECTION('ref_axis',(-1.,0.,0.));
#7671=DIRECTION('',(1.,0.,0.));
#7672=DIRECTION('',(0.,-1.,0.));
#7673=DIRECTION('',(-1.,0.,0.));
#7674=DIRECTION('center_axis',(0.,1.,0.));
#7675=DIRECTION('ref_axis',(0.,0.,1.));
#7676=DIRECTION('center_axis',(0.766044443118978,-0.64278760968654,0.));
#7677=DIRECTION('ref_axis',(0.64278760968654,0.766044443118977,0.));
#7678=DIRECTION('center_axis',(0.,0.,-1.));
#7679=DIRECTION('ref_axis',(-1.,0.,0.));
#7680=DIRECTION('',(0.,1.,0.));
#7681=DIRECTION('center_axis',(0.,1.,0.));
#7682=DIRECTION('ref_axis',(0.,0.,1.));
#7683=DIRECTION('center_axis',(0.766044443118978,-0.64278760968654,0.));
#7684=DIRECTION('ref_axis',(0.64278760968654,0.766044443118978,0.));
#7685=DIRECTION('',(0.,-1.,0.));
#7686=DIRECTION('center_axis',(-1.,0.,0.));
#7687=DIRECTION('ref_axis',(0.,0.,1.));
#7688=DIRECTION('',(0.,0.,-1.));
#7689=DIRECTION('',(0.,0.,1.));
#7690=DIRECTION('',(0.,1.,0.));
#7691=DIRECTION('center_axis',(0.894427190999911,0.,-0.447213595499967));
#7692=DIRECTION('ref_axis',(-0.447213595499967,0.,-0.894427190999911));
#7693=DIRECTION('',(0.394660016502743,0.470337492520322,0.789320033005466));
#7694=DIRECTION('center_axis',(0.,1.,0.));
#7695=DIRECTION('ref_axis',(0.,0.,1.));
#7696=DIRECTION('center_axis',(-0.766044443118978,0.64278760968654,0.));
#7697=DIRECTION('ref_axis',(0.64278760968654,0.766044443118978,0.));
#7698=DIRECTION('center_axis',(0.,1.,0.));
#7699=DIRECTION('ref_axis',(0.,0.,1.));
#7700=DIRECTION('',(0.,0.,1.));
#7701=DIRECTION('center_axis',(1.,0.,0.));
#7702=DIRECTION('ref_axis',(0.,0.,-1.));
#7703=DIRECTION('',(0.,0.,1.));
#7704=DIRECTION('',(0.,0.,-1.));
#7705=DIRECTION('center_axis',(1.,0.,0.));
#7706=DIRECTION('ref_axis',(0.,0.,-1.));
#7707=DIRECTION('',(0.,0.,1.));
#7708=DIRECTION('',(0.,-1.,0.));
#7709=DIRECTION('',(0.,0.,-1.));
#7710=DIRECTION('',(0.,1.,0.));
#7711=DIRECTION('center_axis',(-1.,0.,0.));
#7712=DIRECTION('ref_axis',(0.,0.,1.));
#7713=DIRECTION('',(0.,0.,-1.));
#7714=DIRECTION('center_axis',(0.,1.,0.));
#7715=DIRECTION('ref_axis',(0.,0.,1.));
#7716=DIRECTION('',(0.,0.,1.));
#7717=DIRECTION('center_axis',(0.,1.,0.));
#7718=DIRECTION('ref_axis',(0.,0.,1.));
#7719=DIRECTION('center_axis',(0.,1.,0.));
#7720=DIRECTION('ref_axis',(1.,0.,0.));
#7721=DIRECTION('center_axis',(0.,-1.,0.));
#7722=DIRECTION('ref_axis',(1.,0.,0.));
#7723=DIRECTION('center_axis',(1.,0.,0.));
#7724=DIRECTION('ref_axis',(0.,0.,-1.));
#7725=DIRECTION('',(0.,0.,1.));
#7726=DIRECTION('',(0.,-1.,0.));
#7727=DIRECTION('',(0.,0.,-1.));
#7728=DIRECTION('',(0.,1.,0.));
#7729=DIRECTION('center_axis',(0.,0.,-1.));
#7730=DIRECTION('ref_axis',(-1.,0.,0.));
#7731=DIRECTION('',(1.,0.,0.));
#7732=DIRECTION('',(0.,-1.,0.));
#7733=DIRECTION('',(-1.,0.,0.));
#7734=DIRECTION('',(0.,1.,0.));
#7735=DIRECTION('center_axis',(0.,0.,1.));
#7736=DIRECTION('ref_axis',(1.,0.,0.));
#7737=DIRECTION('',(-1.,0.,0.));
#7738=DIRECTION('',(1.,0.,0.));
#7739=DIRECTION('',(0.,1.,0.));
#7740=DIRECTION('center_axis',(0.,1.,0.));
#7741=DIRECTION('ref_axis',(0.,0.,1.));
#7742=DIRECTION('center_axis',(0.,1.,0.));
#7743=DIRECTION('ref_axis',(1.,0.,0.));
#7744=DIRECTION('center_axis',(0.,-1.,0.));
#7745=DIRECTION('ref_axis',(1.,0.,0.));
#7746=DIRECTION('',(0.,1.,0.));
#7747=DIRECTION('center_axis',(0.,1.,0.));
#7748=DIRECTION('ref_axis',(0.,0.,1.));
#7749=DIRECTION('center_axis',(0.,-1.,0.));
#7750=DIRECTION('ref_axis',(1.,0.,0.));
#7751=DIRECTION('',(0.,-1.,0.));
#7752=DIRECTION('center_axis',(0.,1.,0.));
#7753=DIRECTION('ref_axis',(1.,0.,0.));
#7754=DIRECTION('center_axis',(0.,1.,0.));
#7755=DIRECTION('ref_axis',(0.,0.,1.));
#7756=DIRECTION('center_axis',(0.,1.,0.));
#7757=DIRECTION('ref_axis',(1.,0.,0.));
#7758=DIRECTION('',(0.,-1.,0.));
#7759=DIRECTION('center_axis',(0.,-1.,0.));
#7760=DIRECTION('ref_axis',(1.,0.,0.));
#7761=DIRECTION('',(0.,1.,0.));
#7762=DIRECTION('center_axis',(0.,1.,0.));
#7763=DIRECTION('ref_axis',(0.,0.,1.));
#7764=DIRECTION('center_axis',(0.,1.,0.));
#7765=DIRECTION('ref_axis',(1.,0.,0.));
#7766=DIRECTION('center_axis',(0.,-1.,0.));
#7767=DIRECTION('ref_axis',(1.,0.,0.));
#7768=DIRECTION('',(0.,1.,0.));
#7769=DIRECTION('center_axis',(0.,1.,0.));
#7770=DIRECTION('ref_axis',(0.,0.,1.));
#7771=DIRECTION('center_axis',(0.,1.,0.));
#7772=DIRECTION('ref_axis',(1.,0.,0.));
#7773=DIRECTION('center_axis',(0.,-1.,0.));
#7774=DIRECTION('ref_axis',(1.,0.,0.));
#7775=DIRECTION('center_axis',(0.,1.,0.));
#7776=DIRECTION('ref_axis',(0.,0.,1.));
#7777=DIRECTION('center_axis',(0.,-1.,0.));
#7778=DIRECTION('ref_axis',(1.,0.,0.));
#7779=DIRECTION('',(0.,-1.,0.));
#7780=DIRECTION('center_axis',(0.,1.,0.));
#7781=DIRECTION('ref_axis',(1.,0.,0.));
#7782=DIRECTION('center_axis',(1.,0.,0.));
#7783=DIRECTION('ref_axis',(0.,0.,-1.));
#7784=DIRECTION('',(0.,0.,-1.));
#7785=DIRECTION('',(0.,0.,1.));
#7786=DIRECTION('center_axis',(0.,1.,0.));
#7787=DIRECTION('ref_axis',(0.,0.,1.));
#7788=DIRECTION('center_axis',(0.,1.,0.));
#7789=DIRECTION('ref_axis',(1.,0.,0.));
#7790=DIRECTION('',(0.,-1.,0.));
#7791=DIRECTION('center_axis',(0.,-1.,0.));
#7792=DIRECTION('ref_axis',(1.,0.,0.));
#7793=DIRECTION('',(0.,1.,0.));
#7794=DIRECTION('center_axis',(0.92847669088526,0.371390676354103,0.));
#7795=DIRECTION('ref_axis',(0.,0.,-1.));
#7796=DIRECTION('',(0.,0.,-1.));
#7797=DIRECTION('',(-0.371390676354103,0.928476690885259,0.));
#7798=DIRECTION('',(0.,0.,1.));
#7799=DIRECTION('center_axis',(0.,0.,1.));
#7800=DIRECTION('ref_axis',(1.,0.,0.));
#7801=DIRECTION('',(-1.,0.,0.));
#7802=DIRECTION('',(1.,0.,0.));
#7803=DIRECTION('center_axis',(1.,0.,0.));
#7804=DIRECTION('ref_axis',(0.,0.,-1.));
#7805=DIRECTION('',(0.,0.,-1.));
#7806=DIRECTION('',(0.,1.,0.));
#7807=DIRECTION('center_axis',(-1.,0.,0.));
#7808=DIRECTION('ref_axis',(0.,0.,1.));
#7809=DIRECTION('',(0.,0.,-1.));
#7810=DIRECTION('',(0.,0.,1.));
#7811=DIRECTION('center_axis',(-1.,0.,0.));
#7812=DIRECTION('ref_axis',(0.,0.,1.));
#7813=DIRECTION('',(0.,0.,-1.));
#7814=DIRECTION('',(0.,-1.,0.));
#7815=DIRECTION('',(0.,0.,1.));
#7816=DIRECTION('center_axis',(1.,0.,0.));
#7817=DIRECTION('ref_axis',(0.,0.,-1.));
#7818=DIRECTION('',(0.,0.,1.));
#7819=DIRECTION('',(0.,-1.,0.));
#7820=DIRECTION('',(0.,0.,-1.));
#7821=DIRECTION('center_axis',(0.,0.,1.));
#7822=DIRECTION('ref_axis',(1.,0.,0.));
#7823=DIRECTION('',(-1.,0.,0.));
#7824=DIRECTION('',(1.,0.,0.));
#7825=DIRECTION('',(0.371390676354104,0.928476690885259,0.));
#7826=DIRECTION('center_axis',(0.,1.,0.));
#7827=DIRECTION('ref_axis',(0.,0.,1.));
#7828=DIRECTION('center_axis',(0.,1.,0.));
#7829=DIRECTION('ref_axis',(1.,0.,0.));
#7830=DIRECTION('center_axis',(0.,-1.,0.));
#7831=DIRECTION('ref_axis',(1.,0.,0.));
#7832=DIRECTION('center_axis',(0.,1.,0.));
#7833=DIRECTION('ref_axis',(0.,0.,1.));
#7834=DIRECTION('center_axis',(0.,-1.,0.));
#7835=DIRECTION('ref_axis',(1.,0.,0.));
#7836=DIRECTION('center_axis',(1.,0.,0.));
#7837=DIRECTION('ref_axis',(0.,0.,-1.));
#7838=DIRECTION('',(0.,0.,1.));
#7839=DIRECTION('',(0.,0.,-1.));
#7840=DIRECTION('center_axis',(0.,1.,0.));
#7841=DIRECTION('ref_axis',(0.,0.,1.));
#7842=DIRECTION('center_axis',(0.,1.,0.));
#7843=DIRECTION('ref_axis',(1.,0.,0.));
#7844=DIRECTION('',(1.,0.,0.));
#7845=DIRECTION('center_axis',(0.,0.,-1.));
#7846=DIRECTION('ref_axis',(-1.,0.,0.));
#7847=DIRECTION('',(1.,0.,0.));
#7848=DIRECTION('',(0.,1.,0.));
#7849=DIRECTION('center_axis',(0.,1.,0.));
#7850=DIRECTION('ref_axis',(0.,0.,1.));
#7851=DIRECTION('center_axis',(0.,1.,0.));
#7852=DIRECTION('ref_axis',(1.,0.,0.));
#7853=DIRECTION('center_axis',(-0.928476690885259,0.371390676354104,0.));
#7854=DIRECTION('ref_axis',(0.,0.,1.));
#7855=DIRECTION('',(0.,0.,-1.));
#7856=DIRECTION('center_axis',(0.92847669088526,0.371390676354103,0.));
#7857=DIRECTION('ref_axis',(0.,0.,-1.));
#7858=DIRECTION('',(0.,0.,1.));
#7859=DIRECTION('center_axis',(-0.928476690885259,0.371390676354104,0.));
#7860=DIRECTION('ref_axis',(0.,0.,1.));
#7861=DIRECTION('',(0.,0.,-1.));
#7862=DIRECTION('center_axis',(0.,1.,0.));
#7863=DIRECTION('ref_axis',(0.,0.,1.));
#7864=DIRECTION('center_axis',(0.,-1.,0.));
#7865=DIRECTION('ref_axis',(1.,0.,0.));
#7866=DIRECTION('center_axis',(0.,0.,1.));
#7867=DIRECTION('ref_axis',(1.,0.,0.));
#7868=DIRECTION('center_axis',(0.,0.,1.));
#7869=DIRECTION('ref_axis',(1.,0.,0.));
#7870=DIRECTION('',(0.,-1.,0.));
#7871=DIRECTION('',(1.,0.,0.));
#7872=DIRECTION('center_axis',(0.,0.,1.));
#7873=DIRECTION('ref_axis',(1.,0.,0.));
#7874=DIRECTION('',(0.,1.,0.));
#7875=DIRECTION('center_axis',(0.,0.,1.));
#7876=DIRECTION('ref_axis',(1.,0.,0.));
#7877=DIRECTION('',(-0.70710678118656,-0.707106781186535,0.));
#7878=DIRECTION('center_axis',(0.,0.,1.));
#7879=DIRECTION('ref_axis',(1.,0.,0.));
#7880=DIRECTION('center_axis',(0.,0.,1.));
#7881=DIRECTION('ref_axis',(1.,0.,0.));
#7882=DIRECTION('center_axis',(0.,1.,0.));
#7883=DIRECTION('ref_axis',(0.,0.,1.));
#7884=DIRECTION('',(0.,0.,1.));
#7885=DIRECTION('',(1.,0.,0.));
#7886=DIRECTION('',(0.,0.,-1.));
#7887=DIRECTION('center_axis',(-1.,0.,0.));
#7888=DIRECTION('ref_axis',(0.,0.,1.));
#7889=DIRECTION('',(0.,0.,1.));
#7890=DIRECTION('',(0.,1.,0.));
#7891=DIRECTION('',(0.,0.,-1.));
#7892=DIRECTION('center_axis',(-0.766044443118978,0.64278760968654,0.));
#7893=DIRECTION('ref_axis',(0.,0.,1.));
#7894=DIRECTION('center_axis',(-0.766044443118978,0.64278760968654,0.));
#7895=DIRECTION('ref_axis',(0.64278760968654,0.766044443118977,0.));
#7896=DIRECTION('',(0.642787609687204,0.76604444311842,0.));
#7897=DIRECTION('center_axis',(-0.766044443118978,0.64278760968654,0.));
#7898=DIRECTION('ref_axis',(0.64278760968654,0.766044443118978,0.));
#7899=DIRECTION('',(0.,0.,1.));
#7900=DIRECTION('',(0.64278760968654,0.766044443118977,0.));
#7901=DIRECTION('',(0.,0.,-1.));
#7902=DIRECTION('center_axis',(0.,1.,0.));
#7903=DIRECTION('ref_axis',(0.,0.,1.));
#7904=DIRECTION('',(1.,0.,0.));
#7905=DIRECTION('center_axis',(0.,-1.,0.));
#7906=DIRECTION('ref_axis',(1.,0.,0.));
#7907=DIRECTION('center_axis',(0.,0.,-1.));
#7908=DIRECTION('ref_axis',(-1.,0.,0.));
#7909=DIRECTION('',(0.,0.,1.));
#7910=DIRECTION('center_axis',(0.,0.,-1.));
#7911=DIRECTION('ref_axis',(1.,0.,0.));
#7912=DIRECTION('',(0.,0.,-1.));
#7913=DIRECTION('center_axis',(1.,0.,0.));
#7914=DIRECTION('ref_axis',(0.,0.,-1.));
#7915=DIRECTION('',(0.,0.,1.));
#7916=DIRECTION('',(0.,-1.,0.));
#7917=DIRECTION('center_axis',(0.,0.,-1.));
#7918=DIRECTION('ref_axis',(-1.,0.,0.));
#7919=DIRECTION('',(0.,0.,1.));
#7920=DIRECTION('center_axis',(0.,0.,-1.));
#7921=DIRECTION('ref_axis',(1.,0.,0.));
#7922=DIRECTION('center_axis',(0.,-1.,0.));
#7923=DIRECTION('ref_axis',(0.,0.,-1.));
#7924=DIRECTION('',(-1.,0.,0.));
#7925=DIRECTION('center_axis',(0.,0.,-1.));
#7926=DIRECTION('ref_axis',(-1.,0.,0.));
#7927=DIRECTION('center_axis',(0.,0.,-1.));
#7928=DIRECTION('ref_axis',(1.,0.,0.));
#7929=DIRECTION('center_axis',(0.,0.,-1.));
#7930=DIRECTION('ref_axis',(-1.,0.,0.));
#7931=DIRECTION('center_axis',(0.,0.,-1.));
#7932=DIRECTION('ref_axis',(1.,0.,0.));
#7933=DIRECTION('center_axis',(0.,1.,0.));
#7934=DIRECTION('ref_axis',(0.,0.,1.));
#7935=DIRECTION('',(0.,1.,0.));
#7936=DIRECTION('center_axis',(-1.,0.,0.));
#7937=DIRECTION('ref_axis',(0.,0.,1.));
#7938=DIRECTION('',(0.,0.,1.));
#7939=DIRECTION('',(0.,1.,0.));
#7940=DIRECTION('center_axis',(0.,1.,0.));
#7941=DIRECTION('ref_axis',(0.,0.,1.));
#7942=DIRECTION('',(0.,-1.,0.));
#7943=DIRECTION('center_axis',(0.,1.,0.));
#7944=DIRECTION('ref_axis',(1.,0.,0.));
#7945=DIRECTION('center_axis',(0.,1.,0.));
#7946=DIRECTION('ref_axis',(0.,0.,1.));
#7947=DIRECTION('',(1.,0.,0.));
#7948=DIRECTION('center_axis',(-1.,0.,0.));
#7949=DIRECTION('ref_axis',(0.,0.,1.));
#7950=DIRECTION('',(0.,-1.,0.));
#7951=DIRECTION('',(0.,0.,1.));
#7952=DIRECTION('',(0.,0.,-1.));
#7953=DIRECTION('center_axis',(1.,0.,0.));
#7954=DIRECTION('ref_axis',(0.,0.,-1.));
#7955=DIRECTION('',(0.,1.,0.));
#7956=DIRECTION('',(0.,0.,1.));
#7957=DIRECTION('',(0.,-1.,0.));
#7958=DIRECTION('',(0.,0.,-1.));
#7959=DIRECTION('center_axis',(0.,-1.,0.));
#7960=DIRECTION('ref_axis',(0.,0.,-1.));
#7961=DIRECTION('',(1.,0.,0.));
#7962=DIRECTION('',(0.,0.,1.));
#7963=DIRECTION('center_axis',(0.,0.,-1.));
#7964=DIRECTION('ref_axis',(-1.,0.,0.));
#7965=DIRECTION('center_axis',(0.,0.,1.));
#7966=DIRECTION('ref_axis',(1.,0.,0.));
#7967=DIRECTION('',(0.,0.,-1.));
#7968=DIRECTION('center_axis',(-0.707106781186535,0.70710678118656,0.));
#7969=DIRECTION('ref_axis',(0.,0.,1.));
#7970=DIRECTION('',(-0.70710678118656,-0.707106781186535,0.));
#7971=DIRECTION('',(0.,0.,-1.));
#7972=DIRECTION('center_axis',(0.,1.,0.));
#7973=DIRECTION('ref_axis',(0.,0.,1.));
#7974=DIRECTION('',(-1.,0.,0.));
#7975=DIRECTION('',(0.,0.,1.));
#7976=DIRECTION('',(1.,0.,0.));
#7977=DIRECTION('center_axis',(0.,0.,-1.));
#7978=DIRECTION('ref_axis',(-1.,0.,0.));
#7979=DIRECTION('center_axis',(0.,0.,1.));
#7980=DIRECTION('ref_axis',(1.,0.,0.));
#7981=DIRECTION('',(0.,0.,1.));
#7982=DIRECTION('center_axis',(0.,0.,-1.));
#7983=DIRECTION('ref_axis',(-1.,0.,0.));
#7984=DIRECTION('center_axis',(0.,0.,1.));
#7985=DIRECTION('ref_axis',(1.,0.,0.));
#7986=DIRECTION('',(0.,0.,1.));
#7987=DIRECTION('center_axis',(1.,0.,0.));
#7988=DIRECTION('ref_axis',(0.,0.,-1.));
#7989=DIRECTION('',(0.,1.,0.));
#7990=DIRECTION('',(0.,0.,1.));
#7991=DIRECTION('center_axis',(0.,0.,-1.));
#7992=DIRECTION('ref_axis',(-1.,0.,0.));
#7993=DIRECTION('center_axis',(0.,0.,1.));
#7994=DIRECTION('ref_axis',(1.,0.,0.));
#7995=DIRECTION('center_axis',(0.,0.,1.));
#7996=DIRECTION('ref_axis',(1.,0.,0.));
#7997=DIRECTION('',(0.,1.,0.));
#7998=DIRECTION('',(0.887640310405506,-0.460537381048723,0.));
#7999=DIRECTION('',(-1.,0.,0.));
#8000=DIRECTION('center_axis',(0.,-1.,0.));
#8001=DIRECTION('ref_axis',(0.,0.,-1.));
#8002=DIRECTION('',(-1.,0.,0.));
#8003=DIRECTION('',(0.,0.,-1.));
#8004=DIRECTION('center_axis',(0.460537381048723,0.887640310405506,0.));
#8005=DIRECTION('ref_axis',(0.,0.,1.));
#8006=DIRECTION('',(0.,0.,1.));
#8007=DIRECTION('',(0.887640310405506,-0.460537381048723,0.));
#8008=DIRECTION('center_axis',(0.,0.,1.));
#8009=DIRECTION('ref_axis',(1.,0.,0.));
#8010=DIRECTION('',(0.,-1.,0.));
#8011=DIRECTION('center_axis',(-1.,0.,0.));
#8012=DIRECTION('ref_axis',(0.,0.,1.));
#8013=DIRECTION('',(0.,0.,1.));
#8014=DIRECTION('',(1.,0.,0.));
#8015=CARTESIAN_POINT('',(0.,0.,0.));
#8016=CARTESIAN_POINT('',(0.,0.,0.));
#8017=CARTESIAN_POINT('Origin',(-9.42174709155714,16.28,1.35));
#8018=CARTESIAN_POINT('',(-9.42174709155714,16.58,1.35));
#8019=CARTESIAN_POINT('',(-9.15905625566522,16.4248914239643,2.45309108324096));
#8020=CARTESIAN_POINT('Ctrl Pts',(-9.42174709155714,16.58,1.35));
#8021=CARTESIAN_POINT('Ctrl Pts',(-9.35532623263406,16.58,1.59253468480695));
#8022=CARTESIAN_POINT('Ctrl Pts',(-9.28210970039071,16.5566128615664,1.85733670772712));
#8023=CARTESIAN_POINT('Ctrl Pts',(-9.19870933543019,16.4834005132129,2.23128545600921));
#8024=CARTESIAN_POINT('Ctrl Pts',(-9.17641173212598,16.4563572243135,2.34341511200982));
#8025=CARTESIAN_POINT('Ctrl Pts',(-9.15905625566523,16.4248914239643,2.45309108324096));
#8026=CARTESIAN_POINT('',(-9.14349396933636,16.3921391990982,2.53325806487639));
#8027=CARTESIAN_POINT('Ctrl Pts',(-9.14349396933637,16.3921391990982,2.53325806487639));
#8028=CARTESIAN_POINT('Ctrl Pts',(-9.14516083200197,16.396275217054,2.52562041226116));
#8029=CARTESIAN_POINT('Ctrl Pts',(-9.146835720202,16.400165039995,2.51784293808615));
#8030=CARTESIAN_POINT('Ctrl Pts',(-9.15231127936276,16.4122516270918,2.49156783191825));
#8031=CARTESIAN_POINT('Ctrl Pts',(-9.15598136504977,16.4193165903133,2.47252250682897));
#8032=CARTESIAN_POINT('Ctrl Pts',(-9.15905625566523,16.4248914239643,2.45309108324096));
#8033=CARTESIAN_POINT('',(-9.14349396933636,16.3921391990982,0.166741935123616));
#8034=CARTESIAN_POINT('',(-9.14349396933635,16.3921391990982,2.53325806487639));
#8035=CARTESIAN_POINT('',(-9.15905625566522,16.4248914239643,0.24690891675904));
#8036=CARTESIAN_POINT('Ctrl Pts',(-9.15905625566523,16.4248914239643,0.246908916759038));
#8037=CARTESIAN_POINT('Ctrl Pts',(-9.15598136504977,16.4193165903133,0.22747749317103));
#8038=CARTESIAN_POINT('Ctrl Pts',(-9.15231127936276,16.4122516270918,0.208432168081745));
#8039=CARTESIAN_POINT('Ctrl Pts',(-9.146835720202,16.400165039995,0.182157061913855));
#8040=CARTESIAN_POINT('Ctrl Pts',(-9.14516083200197,16.396275217054,0.17437958773884));
#8041=CARTESIAN_POINT('Ctrl Pts',(-9.14349396933637,16.3921391990982,0.166741935123614));
#8042=CARTESIAN_POINT('Ctrl Pts',(-9.15905625566523,16.4248914239643,0.246908916759039));
#8043=CARTESIAN_POINT('Ctrl Pts',(-9.17641173212598,16.4563572243135,0.356584887990184));
#8044=CARTESIAN_POINT('Ctrl Pts',(-9.19870933543019,16.4834005132129,0.468714543990794));
#8045=CARTESIAN_POINT('Ctrl Pts',(-9.28210970039071,16.5566128615664,0.842663292272884));
#8046=CARTESIAN_POINT('Ctrl Pts',(-9.35532623263406,16.58,1.10746531519305));
#8047=CARTESIAN_POINT('Ctrl Pts',(-9.42174709155714,16.58,1.35));
#8048=CARTESIAN_POINT('Origin',(-9.42174709155714,16.28,4.85));
#8049=CARTESIAN_POINT('',(-9.42174709155714,16.58,4.85));
#8050=CARTESIAN_POINT('',(-9.15905625566522,16.4248914239643,5.95309108324096));
#8051=CARTESIAN_POINT('Ctrl Pts',(-9.42174709155714,16.58,4.85));
#8052=CARTESIAN_POINT('Ctrl Pts',(-9.35532623263406,16.58,5.09253468480695));
#8053=CARTESIAN_POINT('Ctrl Pts',(-9.28210970039071,16.5566128615664,5.35733670772712));
#8054=CARTESIAN_POINT('Ctrl Pts',(-9.19870933543019,16.4834005132129,5.73128545600921));
#8055=CARTESIAN_POINT('Ctrl Pts',(-9.17641173212598,16.4563572243135,5.84341511200982));
#8056=CARTESIAN_POINT('Ctrl Pts',(-9.15905625566523,16.4248914239643,5.95309108324096));
#8057=CARTESIAN_POINT('',(-9.14349396933636,16.3921391990982,6.03325806487638));
#8058=CARTESIAN_POINT('Ctrl Pts',(-9.14349396933637,16.3921391990982,6.03325806487639));
#8059=CARTESIAN_POINT('Ctrl Pts',(-9.14516083200197,16.396275217054,6.02562041226116));
#8060=CARTESIAN_POINT('Ctrl Pts',(-9.146835720202,16.400165039995,6.01784293808614));
#8061=CARTESIAN_POINT('Ctrl Pts',(-9.15231127936276,16.4122516270918,5.99156783191825));
#8062=CARTESIAN_POINT('Ctrl Pts',(-9.15598136504977,16.4193165903133,5.97252250682897));
#8063=CARTESIAN_POINT('Ctrl Pts',(-9.15905625566523,16.4248914239643,5.95309108324096));
#8064=CARTESIAN_POINT('',(-9.14349396933636,16.3921391990982,3.66674193512362));
#8065=CARTESIAN_POINT('',(-9.14349396933635,16.3921391990982,6.03325806487639));
#8066=CARTESIAN_POINT('',(-9.15905625566522,16.4248914239643,3.74690891675904));
#8067=CARTESIAN_POINT('Ctrl Pts',(-9.15905625566523,16.4248914239643,3.74690891675904));
#8068=CARTESIAN_POINT('Ctrl Pts',(-9.15598136504977,16.4193165903133,3.72747749317103));
#8069=CARTESIAN_POINT('Ctrl Pts',(-9.15231127936276,16.4122516270918,3.70843216808175));
#8070=CARTESIAN_POINT('Ctrl Pts',(-9.14683572020199,16.400165039995,3.68215706191386));
#8071=CARTESIAN_POINT('Ctrl Pts',(-9.14516083200197,16.396275217054,3.67437958773884));
#8072=CARTESIAN_POINT('Ctrl Pts',(-9.14349396933637,16.3921391990982,3.66674193512362));
#8073=CARTESIAN_POINT('Ctrl Pts',(-9.15905625566523,16.4248914239643,3.74690891675904));
#8074=CARTESIAN_POINT('Ctrl Pts',(-9.17641173212598,16.4563572243135,3.85658488799018));
#8075=CARTESIAN_POINT('Ctrl Pts',(-9.19870933543019,16.4834005132129,3.96871454399079));
#8076=CARTESIAN_POINT('Ctrl Pts',(-9.28210970039071,16.5566128615664,4.34266329227288));
#8077=CARTESIAN_POINT('Ctrl Pts',(-9.35532623263406,16.58,4.60746531519305));
#8078=CARTESIAN_POINT('Ctrl Pts',(-9.42174709155714,16.58,4.85));
#8079=CARTESIAN_POINT('Origin',(-9.78587354577857,12.58,1.35));
#8080=CARTESIAN_POINT('',(-10.4126908358919,16.4248914239643,0.24690891675904));
#8081=CARTESIAN_POINT('',(-9.15905625566522,16.4248914239643,0.24690891675904));
#8082=CARTESIAN_POINT('',(-10.15,16.58,1.34999999999999));
#8083=CARTESIAN_POINT('Ctrl Pts',(-10.4126908358919,16.4248914239643,0.24690891675904));
#8084=CARTESIAN_POINT('Ctrl Pts',(-10.3953353594312,16.4563572243135,0.356584887990185));
#8085=CARTESIAN_POINT('Ctrl Pts',(-10.373037756127,16.4834005132129,0.468714543990795));
#8086=CARTESIAN_POINT('Ctrl Pts',(-10.2896373911665,16.5566128615664,0.842663292272886));
#8087=CARTESIAN_POINT('Ctrl Pts',(-10.2164208589231,16.58,1.10746531519304));
#8088=CARTESIAN_POINT('Ctrl Pts',(-10.15,16.58,1.34999999999999));
#8089=CARTESIAN_POINT('',(-10.4126908358919,16.4248914239643,2.45309108324094));
#8090=CARTESIAN_POINT('Ctrl Pts',(-10.15,16.58,1.35));
#8091=CARTESIAN_POINT('Ctrl Pts',(-10.2164208589231,16.58,1.59253468480695));
#8092=CARTESIAN_POINT('Ctrl Pts',(-10.2896373911664,16.5566128615664,1.85733670772712));
#8093=CARTESIAN_POINT('Ctrl Pts',(-10.373037756127,16.4834005132129,2.2312854560092));
#8094=CARTESIAN_POINT('Ctrl Pts',(-10.3953353594312,16.4563572243135,2.3434151120098));
#8095=CARTESIAN_POINT('Ctrl Pts',(-10.4126908358919,16.4248914239643,2.45309108324094));
#8096=CARTESIAN_POINT('',(-10.4126908358919,16.4248914239643,2.45309108324096));
#8097=CARTESIAN_POINT('Origin',(-9.78587354577857,12.58,4.85));
#8098=CARTESIAN_POINT('',(-10.4126908358919,16.4248914239643,3.74690891675904));
#8099=CARTESIAN_POINT('',(-9.15905625566522,16.4248914239643,3.74690891675904));
#8100=CARTESIAN_POINT('',(-10.15,16.58,4.84999999999999));
#8101=CARTESIAN_POINT('Ctrl Pts',(-10.4126908358919,16.4248914239643,3.74690891675904));
#8102=CARTESIAN_POINT('Ctrl Pts',(-10.3953353594312,16.4563572243135,3.85658488799019));
#8103=CARTESIAN_POINT('Ctrl Pts',(-10.373037756127,16.4834005132129,3.9687145439908));
#8104=CARTESIAN_POINT('Ctrl Pts',(-10.2896373911665,16.5566128615664,4.34266329227289));
#8105=CARTESIAN_POINT('Ctrl Pts',(-10.2164208589231,16.58,4.60746531519304));
#8106=CARTESIAN_POINT('Ctrl Pts',(-10.15,16.58,4.84999999999999));
#8107=CARTESIAN_POINT('',(-10.4126908358919,16.4248914239643,5.95309108324094));
#8108=CARTESIAN_POINT('Ctrl Pts',(-10.15,16.58,4.85));
#8109=CARTESIAN_POINT('Ctrl Pts',(-10.2164208589231,16.58,5.09253468480695));
#8110=CARTESIAN_POINT('Ctrl Pts',(-10.2896373911664,16.5566128615664,5.35733670772712));
#8111=CARTESIAN_POINT('Ctrl Pts',(-10.373037756127,16.4834005132129,5.7312854560092));
#8112=CARTESIAN_POINT('Ctrl Pts',(-10.3953353594312,16.4563572243135,5.8434151120098));
#8113=CARTESIAN_POINT('Ctrl Pts',(-10.4126908358919,16.4248914239643,5.95309108324094));
#8114=CARTESIAN_POINT('',(-10.4126908358919,16.4248914239643,5.95309108324096));
#8115=CARTESIAN_POINT('Origin',(-8.65000000000001,13.83,1.35));
#8116=CARTESIAN_POINT('',(-8.26697777844051,13.5086061951567,2.9));
#8117=CARTESIAN_POINT('',(-8.26697777844051,13.5086061951567,-0.200000000000001));
#8118=CARTESIAN_POINT('',(-8.26697777844051,13.5086061951567,2.9));
#8119=CARTESIAN_POINT('',(-8.18624479629869,14.0168986651637,-0.2));
#8120=CARTESIAN_POINT('Origin',(-8.65000000000001,13.83,-0.2));
#8121=CARTESIAN_POINT('',(-8.18624479629869,14.0168986651637,2.9));
#8122=CARTESIAN_POINT('',(-8.18624479629869,14.0168986651637,-0.2));
#8123=CARTESIAN_POINT('Origin',(-8.65000000000001,13.83,2.9));
#8124=CARTESIAN_POINT('Origin',(-8.66486938281752,15.2045189321309,-0.2));
#8125=CARTESIAN_POINT('',(-9.05694647037972,16.1773872479629,2.71859458644253));
#8126=CARTESIAN_POINT('Origin',(-9.00173995805944,16.0404022815679,2.34278197491685));
#8127=CARTESIAN_POINT('',(-8.64289762797769,15.15,2.9));
#8128=CARTESIAN_POINT('Origin',(-8.64289762797769,15.15,-0.10000000000003));
#8129=CARTESIAN_POINT('',(-8.64289762797769,15.15,2.9));
#8130=CARTESIAN_POINT('',(-8.6428976279777,15.15,-0.2));
#8131=CARTESIAN_POINT('',(-8.18624479629869,14.0168986651637,-0.2));
#8132=CARTESIAN_POINT('',(-9.05694647037972,16.1773872479629,-0.0185945864425281));
#8133=CARTESIAN_POINT('Origin',(-8.64289762797769,15.15,2.8));
#8134=CARTESIAN_POINT('Origin',(-9.00173995805944,16.0404022815679,0.35721802508315));
#8135=CARTESIAN_POINT('Origin',(-10.15,16.28,1.35));
#8136=CARTESIAN_POINT('',(-10.45,16.28,0.0369167086292077));
#8137=CARTESIAN_POINT('',(-10.45,16.28,2.66308329137079));
#8138=CARTESIAN_POINT('',(-10.45,16.28,0.03691670862921));
#8139=CARTESIAN_POINT('Ctrl Pts',(-10.45,16.28,2.66308329137079));
#8140=CARTESIAN_POINT('Ctrl Pts',(-10.45,16.2803941330159,2.66278846469817));
#8141=CARTESIAN_POINT('Ctrl Pts',(-10.449999223287,16.2807871259737,2.66249335626068));
#8142=CARTESIAN_POINT('Ctrl Pts',(-10.4498064722107,16.329834282157,2.6255214727362));
#8143=CARTESIAN_POINT('Ctrl Pts',(-10.4375477324295,16.3706699080368,2.57678110338649));
#8144=CARTESIAN_POINT('Ctrl Pts',(-10.4209998160132,16.4092295423368,2.49951193197639));
#8145=CARTESIAN_POINT('Ctrl Pts',(-10.4164105488771,16.4181475154112,2.47659738888874));
#8146=CARTESIAN_POINT('Ctrl Pts',(-10.4126908358919,16.4248914239643,2.45309108324094));
#8147=CARTESIAN_POINT('Ctrl Pts',(-10.4126908358919,16.4248914239643,0.24690891675904));
#8148=CARTESIAN_POINT('Ctrl Pts',(-10.4164105488771,16.4181475154112,0.22340261111125));
#8149=CARTESIAN_POINT('Ctrl Pts',(-10.4209998160132,16.4092295423368,0.200488068023604));
#8150=CARTESIAN_POINT('Ctrl Pts',(-10.4375477324295,16.3706699080368,0.123218896613502));
#8151=CARTESIAN_POINT('Ctrl Pts',(-10.4498064722107,16.329834282157,0.0744785272637941));
#8152=CARTESIAN_POINT('Ctrl Pts',(-10.449999223287,16.2807871259737,0.0375066437393213));
#8153=CARTESIAN_POINT('Ctrl Pts',(-10.45,16.2803941330159,0.0372115353018309));
#8154=CARTESIAN_POINT('Ctrl Pts',(-10.45,16.28,0.0369167086292111));
#8155=CARTESIAN_POINT('Origin',(-8.66486938281752,15.2045189321309,3.3));
#8156=CARTESIAN_POINT('',(-9.05694647037972,16.1773872479629,6.21859458644253));
#8157=CARTESIAN_POINT('Origin',(-9.00173995805944,16.0404022815679,5.84278197491685));
#8158=CARTESIAN_POINT('',(-8.64289762797769,15.15,6.4));
#8159=CARTESIAN_POINT('Origin',(-8.64289762797769,15.15,3.39999999999997));
#8160=CARTESIAN_POINT('',(-8.18624479629869,14.0168986651637,6.4));
#8161=CARTESIAN_POINT('',(-8.64289762797769,15.15,6.4));
#8162=CARTESIAN_POINT('',(-8.18624479629869,14.0168986651637,3.3));
#8163=CARTESIAN_POINT('',(-8.18624479629869,14.0168986651637,6.4));
#8164=CARTESIAN_POINT('',(-8.6428976279777,15.15,3.3));
#8165=CARTESIAN_POINT('',(-8.18624479629869,14.0168986651637,3.3));
#8166=CARTESIAN_POINT('',(-9.05694647037972,16.1773872479629,3.48140541355747));
#8167=CARTESIAN_POINT('Origin',(-8.64289762797769,15.15,6.3));
#8168=CARTESIAN_POINT('Origin',(-9.00173995805944,16.0404022815679,3.85721802508315));
#8169=CARTESIAN_POINT('Origin',(-9.2931,10.8815235096196,-0.2));
#8170=CARTESIAN_POINT('',(-10.45,10.9069816199002,-0.2));
#8171=CARTESIAN_POINT('',(-10.45,15.15,-0.2));
#8172=CARTESIAN_POINT('',(-10.45,10.9069816199002,-0.2));
#8173=CARTESIAN_POINT('',(-10.45,15.15,-0.2));
#8174=CARTESIAN_POINT('',(-8.26697777844051,13.5086061951567,-0.2));
#8175=CARTESIAN_POINT('Origin',(-9.2931,10.8815235096196,6.4));
#8176=CARTESIAN_POINT('',(-10.45,15.15,6.4));
#8177=CARTESIAN_POINT('',(-10.45,10.9069816199002,6.4));
#8178=CARTESIAN_POINT('',(-10.45,15.15,6.4));
#8179=CARTESIAN_POINT('',(-8.26697777844051,13.5086061951567,6.4));
#8180=CARTESIAN_POINT('',(-10.45,10.9069816199002,6.4));
#8181=CARTESIAN_POINT('Origin',(-8.65000000000001,13.83,6.4));
#8182=CARTESIAN_POINT('',(-8.64289762797769,15.15,6.4));
#8183=CARTESIAN_POINT('Origin',(-9.749294074601,16.0404022815679,0.35721802508315));
#8184=CARTESIAN_POINT('',(-10.45,16.1773872479629,-0.01859458644253));
#8185=CARTESIAN_POINT('',(-9.05694647037972,16.1773872479629,-0.01859458644253));
#8186=CARTESIAN_POINT('Origin',(-10.45,16.0404022815679,0.35721802508315));
#8187=CARTESIAN_POINT('Origin',(-9.54102750687278,15.15,2.8));
#8188=CARTESIAN_POINT('Origin',(-10.45,15.15,2.8));
#8189=CARTESIAN_POINT('Origin',(-9.749294074601,16.0404022815679,3.85721802508315));
#8190=CARTESIAN_POINT('',(-10.45,16.1773872479629,3.48140541355747));
#8191=CARTESIAN_POINT('',(-9.05694647037972,16.1773872479629,3.48140541355747));
#8192=CARTESIAN_POINT('',(-10.45,16.28,3.53691670862921));
#8193=CARTESIAN_POINT('Origin',(-10.45,16.0404022815679,3.85721802508315));
#8194=CARTESIAN_POINT('Ctrl Pts',(-10.45,16.28,3.53691670862921));
#8195=CARTESIAN_POINT('Ctrl Pts',(-10.45,16.2873365138786,3.5424047035148));
#8196=CARTESIAN_POINT('Ctrl Pts',(-10.449729979004,16.2943659805268,3.54805903194182));
#8197=CARTESIAN_POINT('Ctrl Pts',(-10.4462653271304,16.3437016696431,3.59043063031474));
#8198=CARTESIAN_POINT('Ctrl Pts',(-10.4342177100806,16.379622503561,3.63749951537576));
#8199=CARTESIAN_POINT('Ctrl Pts',(-10.4194358121944,16.4122516270918,3.70843216808174));
#8200=CARTESIAN_POINT('Ctrl Pts',(-10.4157657265074,16.4193165903133,3.72747749317103));
#8201=CARTESIAN_POINT('Ctrl Pts',(-10.4126908358919,16.4248914239643,3.74690891675904));
#8202=CARTESIAN_POINT('Origin',(-9.749294074601,16.0404022815679,2.34278197491685));
#8203=CARTESIAN_POINT('',(-10.45,16.1773872479629,2.71859458644253));
#8204=CARTESIAN_POINT('Origin',(-10.45,16.0404022815679,2.34278197491685));
#8205=CARTESIAN_POINT('',(-10.45,16.1773872479629,2.71859458644253));
#8206=CARTESIAN_POINT('Origin',(-9.2931,10.8815235096196,2.9));
#8207=CARTESIAN_POINT('',(-10.45,15.15,2.9));
#8208=CARTESIAN_POINT('',(-10.45,10.9069816199002,2.9));
#8209=CARTESIAN_POINT('',(-10.45,15.15,2.9));
#8210=CARTESIAN_POINT('',(-10.45,10.9069816199002,2.9));
#8211=CARTESIAN_POINT('',(-8.64289762797769,15.15,2.9));
#8212=CARTESIAN_POINT('Origin',(-9.54102750687278,15.15,6.3));
#8213=CARTESIAN_POINT('',(-10.45,15.15,3.3));
#8214=CARTESIAN_POINT('',(-8.6428976279777,15.15,3.3));
#8215=CARTESIAN_POINT('Origin',(-10.45,15.15,6.3));
#8216=CARTESIAN_POINT('Origin',(-9.54102750687278,15.15,-0.10000000000003));
#8217=CARTESIAN_POINT('Origin',(-10.45,15.15,-0.10000000000003));
#8218=CARTESIAN_POINT('Origin',(-9.749294074601,16.0404022815679,5.84278197491685));
#8219=CARTESIAN_POINT('',(-10.45,16.28,6.16308329137079));
#8220=CARTESIAN_POINT('Ctrl Pts',(-10.4126908358919,16.4248914239643,5.95309108324094));
#8221=CARTESIAN_POINT('Ctrl Pts',(-10.4157657265074,16.4193165903134,5.97252250682896));
#8222=CARTESIAN_POINT('Ctrl Pts',(-10.4194358121944,16.4122516270918,5.99156783191825));
#8223=CARTESIAN_POINT('Ctrl Pts',(-10.4342177100806,16.379622503561,6.06250048462424));
#8224=CARTESIAN_POINT('Ctrl Pts',(-10.4462653271304,16.3437016696431,6.10956936968526));
#8225=CARTESIAN_POINT('Ctrl Pts',(-10.449729979004,16.2943659805268,6.15194096805818));
#8226=CARTESIAN_POINT('Ctrl Pts',(-10.45,16.2873365138786,6.1575952964852));
#8227=CARTESIAN_POINT('Ctrl Pts',(-10.45,16.28,6.16308329137079));
#8228=CARTESIAN_POINT('',(-10.45,16.1773872479629,6.21859458644253));
#8229=CARTESIAN_POINT('Origin',(-10.45,16.0404022815679,5.84278197491685));
#8230=CARTESIAN_POINT('',(-10.45,16.1773872479629,6.21859458644253));
#8231=CARTESIAN_POINT('Origin',(-9.54102750687278,15.15,3.39999999999997));
#8232=CARTESIAN_POINT('Origin',(-10.45,15.15,3.39999999999997));
#8233=CARTESIAN_POINT('Origin',(-9.2931,10.8815235096196,3.3));
#8234=CARTESIAN_POINT('',(-10.45,10.9069816199002,3.3));
#8235=CARTESIAN_POINT('',(-10.45,10.9069816199002,3.3));
#8236=CARTESIAN_POINT('',(-8.26697777844051,13.5086061951567,3.3));
#8237=CARTESIAN_POINT('Origin',(-8.65000000000001,13.83,3.3));
#8238=CARTESIAN_POINT('',(-8.26697777844051,13.5086061951567,3.3));
#8239=CARTESIAN_POINT('Origin',(-10.15,16.28,4.85));
#8240=CARTESIAN_POINT('',(-10.45,16.28,3.53691670862921));
#8241=CARTESIAN_POINT('Origin',(0.25,-3.6,1.06));
#8242=CARTESIAN_POINT('',(0.25,1.2,1.56));
#8243=CARTESIAN_POINT('',(0.25,-3.6,1.56));
#8244=CARTESIAN_POINT('',(0.25,1.2,1.56));
#8245=CARTESIAN_POINT('',(0.25,-3.6,0.56));
#8246=CARTESIAN_POINT('',(0.25,-3.6,1.56));
#8247=CARTESIAN_POINT('',(0.25,1.2,0.56));
#8248=CARTESIAN_POINT('',(0.25,-3.6,0.56));
#8249=CARTESIAN_POINT('',(0.25,1.2,0.56));
#8250=CARTESIAN_POINT('Origin',(-0.25,-3.6,1.06));
#8251=CARTESIAN_POINT('',(-0.25,-3.6,1.56));
#8252=CARTESIAN_POINT('',(-0.25,-3.6,0.56));
#8253=CARTESIAN_POINT('',(-0.25,-3.6,1.56));
#8254=CARTESIAN_POINT('',(-0.25,-3.6,0.56));
#8255=CARTESIAN_POINT('',(0.25,-3.6,1.56));
#8256=CARTESIAN_POINT('Origin',(-5.25,-3.6,4.56));
#8257=CARTESIAN_POINT('',(-5.25,-3.6,5.06));
#8258=CARTESIAN_POINT('',(-5.25,-3.6,4.06));
#8259=CARTESIAN_POINT('',(-5.25,-3.6,5.06));
#8260=CARTESIAN_POINT('',(-4.75,-3.6,4.06));
#8261=CARTESIAN_POINT('',(-5.25,-3.6,4.06));
#8262=CARTESIAN_POINT('',(-4.75,-3.6,5.06));
#8263=CARTESIAN_POINT('',(-4.75,-3.6,4.06));
#8264=CARTESIAN_POINT('',(-4.75,-3.6,5.06));
#8265=CARTESIAN_POINT('Origin',(-10.35,8.9,-0.12575));
#8266=CARTESIAN_POINT('',(-10.1,8.9,0.));
#8267=CARTESIAN_POINT('',(-10.2846242057328,8.9,-0.1261503177069));
#8268=CARTESIAN_POINT('',(-10.1,8.9,0.));
#8269=CARTESIAN_POINT('',(-10.35,8.9,-0.25));
#8270=CARTESIAN_POINT('Origin',(-10.2,8.9,-0.25));
#8271=CARTESIAN_POINT('',(-10.35,8.9,0.));
#8272=CARTESIAN_POINT('',(-10.35,8.9,-0.25));
#8273=CARTESIAN_POINT('',(-10.35,8.9,0.));
#8274=CARTESIAN_POINT('Origin',(0.,-3.6,0.56));
#8275=CARTESIAN_POINT('',(-0.25,1.2,0.56));
#8276=CARTESIAN_POINT('',(-0.25,-3.6,0.56));
#8277=CARTESIAN_POINT('',(-0.25,1.2,0.56));
#8278=CARTESIAN_POINT('Origin',(0.,-3.6,1.56));
#8279=CARTESIAN_POINT('',(-0.25,1.2,1.56));
#8280=CARTESIAN_POINT('',(-0.25,1.2,1.56));
#8281=CARTESIAN_POINT('',(0.25,1.2,1.56));
#8282=CARTESIAN_POINT('Origin',(-0.25,-3.6,1.06));
#8283=CARTESIAN_POINT('',(-0.25,1.2,1.56));
#8284=CARTESIAN_POINT('Origin',(-6.,0.3,-0.75));
#8285=CARTESIAN_POINT('',(-4.7,0.3,0.));
#8286=CARTESIAN_POINT('',(-6.,0.3,0.));
#8287=CARTESIAN_POINT('',(-4.7,0.3,0.));
#8288=CARTESIAN_POINT('',(-6.,0.3,-1.5));
#8289=CARTESIAN_POINT('',(-6.,0.3,0.));
#8290=CARTESIAN_POINT('',(-4.7,0.3,-1.5));
#8291=CARTESIAN_POINT('',(-6.,0.3,-1.5));
#8292=CARTESIAN_POINT('',(-4.7,0.3,-1.5));
#8293=CARTESIAN_POINT('Origin',(-9.6,10.4376232829965,-0.0499999999999999));
#8294=CARTESIAN_POINT('',(-9.45,11.9569051351819,-0.05));
#8295=CARTESIAN_POINT('',(-9.6,11.7781420962928,-0.19999999999999));
#8296=CARTESIAN_POINT('Origin',(-9.6,11.7781420962927,-0.0499999999999999));
#8297=CARTESIAN_POINT('',(-9.6,8.9,-0.2));
#8298=CARTESIAN_POINT('',(-9.6,11.7781420962927,-0.2));
#8299=CARTESIAN_POINT('',(-9.45,8.9,-0.05));
#8300=CARTESIAN_POINT('Origin',(-9.6,8.9,-0.05));
#8301=CARTESIAN_POINT('',(-9.45,8.9,-0.05));
#8302=CARTESIAN_POINT('Origin',(-0.25,-3.6,4.56));
#8303=CARTESIAN_POINT('',(-0.25,-3.6,5.06));
#8304=CARTESIAN_POINT('',(-0.25,-3.6,4.06));
#8305=CARTESIAN_POINT('',(-0.25,-3.6,5.06));
#8306=CARTESIAN_POINT('',(0.25,-3.6,4.06));
#8307=CARTESIAN_POINT('',(-0.25,-3.6,4.06));
#8308=CARTESIAN_POINT('',(0.25,-3.6,5.06));
#8309=CARTESIAN_POINT('',(0.25,-3.6,4.06));
#8310=CARTESIAN_POINT('',(0.25,-3.6,5.06));
#8311=CARTESIAN_POINT('Origin',(-5.,-3.6,1.56));
#8312=CARTESIAN_POINT('',(-5.25,1.2,1.56));
#8313=CARTESIAN_POINT('',(-5.25,-3.6,1.56));
#8314=CARTESIAN_POINT('',(-5.25,1.2,1.56));
#8315=CARTESIAN_POINT('',(-4.75,-3.6,1.56));
#8316=CARTESIAN_POINT('',(-5.25,-3.6,1.56));
#8317=CARTESIAN_POINT('',(-4.75,1.2,1.56));
#8318=CARTESIAN_POINT('',(-4.75,-3.6,1.56));
#8319=CARTESIAN_POINT('',(-4.75,1.2,1.56));
#8320=CARTESIAN_POINT('Origin',(-5.25,-3.6,1.06));
#8321=CARTESIAN_POINT('',(-5.25,-3.6,0.56));
#8322=CARTESIAN_POINT('',(-5.25,-3.6,1.56));
#8323=CARTESIAN_POINT('',(-4.75,-3.6,0.56));
#8324=CARTESIAN_POINT('',(-5.25,-3.6,0.56));
#8325=CARTESIAN_POINT('',(-4.75,-3.6,0.56));
#8326=CARTESIAN_POINT('Origin',(-5.,-3.6,0.56));
#8327=CARTESIAN_POINT('',(-5.25,1.2,0.56));
#8328=CARTESIAN_POINT('',(-5.25,-3.6,0.56));
#8329=CARTESIAN_POINT('',(-4.75,1.2,0.56));
#8330=CARTESIAN_POINT('',(-5.25,1.2,0.56));
#8331=CARTESIAN_POINT('',(-4.75,1.2,0.56));
#8332=CARTESIAN_POINT('Origin',(-4.75,-3.6,1.06));
#8333=CARTESIAN_POINT('',(-4.75,1.2,0.56));
#8334=CARTESIAN_POINT('Origin',(-5.25,-3.6,1.06));
#8335=CARTESIAN_POINT('',(-5.25,1.2,1.56));
#8336=CARTESIAN_POINT('Origin',(-10.45,7.25,1.35));
#8337=CARTESIAN_POINT('',(-10.45,10.9069816199002,0.05));
#8338=CARTESIAN_POINT('',(-10.45,10.9069816199002,-0.2));
#8339=CARTESIAN_POINT('',(-10.45,7.25,0.05));
#8340=CARTESIAN_POINT('',(-10.45,10.9069816199002,0.05));
#8341=CARTESIAN_POINT('',(-10.45,7.25,2.65));
#8342=CARTESIAN_POINT('',(-10.45,7.25,0.05));
#8343=CARTESIAN_POINT('',(-10.45,10.9069816199002,2.65));
#8344=CARTESIAN_POINT('',(-10.45,7.25,2.65));
#8345=CARTESIAN_POINT('',(-10.45,10.9069816199002,2.65));
#8346=CARTESIAN_POINT('Origin',(-9.44999999999999,7.25,1.35));
#8347=CARTESIAN_POINT('',(-10.3329475928589,6.7805284372141,0.05));
#8348=CARTESIAN_POINT('Origin',(-9.44999999999999,7.25,0.05));
#8349=CARTESIAN_POINT('',(-10.3329475928589,6.78052843721411,2.65));
#8350=CARTESIAN_POINT('',(-10.3329475928589,6.78052843721411,0.05));
#8351=CARTESIAN_POINT('Origin',(-9.44999999999999,7.25,2.65));
#8352=CARTESIAN_POINT('Origin',(-9.56167496472888,5.3299755934927,0.05));
#8353=CARTESIAN_POINT('',(-8.79040233659882,3.87942274977129,0.05));
#8354=CARTESIAN_POINT('',(-10.3329475928589,6.78052843721411,0.05));
#8355=CARTESIAN_POINT('',(-8.79040233659882,3.87942274977129,2.65));
#8356=CARTESIAN_POINT('',(-8.79040233659882,3.87942274977129,0.05));
#8357=CARTESIAN_POINT('',(-8.79040233659882,3.87942274977129,2.65));
#8358=CARTESIAN_POINT('Origin',(-9.35848888922025,12.2077939075285,-0.2));
#8359=CARTESIAN_POINT('',(-8.7,12.9925504069401,2.65));
#8360=CARTESIAN_POINT('',(-8.7,12.9925504069401,0.05));
#8361=CARTESIAN_POINT('',(-8.7,12.9925504069401,2.65));
#8362=CARTESIAN_POINT('',(-8.7,12.9925504069401,0.05));
#8363=CARTESIAN_POINT('',(-10.45,10.9069816199002,2.65));
#8364=CARTESIAN_POINT('Origin',(-10.45,7.25,4.85));
#8365=CARTESIAN_POINT('',(-10.45,10.9069816199002,3.55));
#8366=CARTESIAN_POINT('',(-10.45,10.9069816199002,3.3));
#8367=CARTESIAN_POINT('',(-10.45,7.25,3.55));
#8368=CARTESIAN_POINT('',(-10.45,10.9069816199002,3.55));
#8369=CARTESIAN_POINT('',(-10.45,7.25,6.15));
#8370=CARTESIAN_POINT('',(-10.45,7.25,3.55));
#8371=CARTESIAN_POINT('',(-10.45,10.9069816199002,6.15));
#8372=CARTESIAN_POINT('',(-10.45,7.25,6.15));
#8373=CARTESIAN_POINT('',(-10.45,10.9069816199002,6.15));
#8374=CARTESIAN_POINT('Origin',(-9.44999999999999,7.25,4.85));
#8375=CARTESIAN_POINT('',(-10.3329475928589,6.7805284372141,3.55));
#8376=CARTESIAN_POINT('Origin',(-9.44999999999999,7.25,3.55));
#8377=CARTESIAN_POINT('',(-10.3329475928589,6.78052843721411,6.15));
#8378=CARTESIAN_POINT('',(-10.3329475928589,6.78052843721411,3.55));
#8379=CARTESIAN_POINT('Origin',(-9.44999999999999,7.25,6.15));
#8380=CARTESIAN_POINT('Origin',(-8.7,7.08,1.35));
#8381=CARTESIAN_POINT('',(-8.7,7.08,0.05));
#8382=CARTESIAN_POINT('',(-8.7,7.08,0.05));
#8383=CARTESIAN_POINT('',(-8.7,7.08,2.65));
#8384=CARTESIAN_POINT('',(-8.7,12.9925504069401,2.65));
#8385=CARTESIAN_POINT('',(-8.7,7.08,2.65));
#8386=CARTESIAN_POINT('Origin',(-9.56167496472888,5.3299755934927,3.55));
#8387=CARTESIAN_POINT('',(-8.79040233659882,3.87942274977129,3.55));
#8388=CARTESIAN_POINT('',(-10.3329475928589,6.78052843721411,3.55));
#8389=CARTESIAN_POINT('',(-8.79040233659882,3.87942274977129,6.15));
#8390=CARTESIAN_POINT('',(-8.79040233659882,3.87942274977129,3.55));
#8391=CARTESIAN_POINT('',(-8.79040233659882,3.87942274977129,6.15));
#8392=CARTESIAN_POINT('Origin',(-8.7,7.08,4.85));
#8393=CARTESIAN_POINT('',(-8.7,7.08,3.55));
#8394=CARTESIAN_POINT('',(-8.7,12.9925504069401,3.55));
#8395=CARTESIAN_POINT('',(-8.7,7.08,3.55));
#8396=CARTESIAN_POINT('',(-8.7,12.9925504069401,6.15));
#8397=CARTESIAN_POINT('',(-8.7,12.9925504069401,3.55));
#8398=CARTESIAN_POINT('',(-8.7,7.08,6.15));
#8399=CARTESIAN_POINT('',(-8.7,12.9925504069401,6.15));
#8400=CARTESIAN_POINT('',(-8.7,7.08,6.15));
#8401=CARTESIAN_POINT('Origin',(-8.65000000000001,13.83,4.85));
#8402=CARTESIAN_POINT('',(-8.26697777844051,13.5086061951567,6.4));
#8403=CARTESIAN_POINT('Origin',(-9.35848888922025,12.2077939075285,3.3));
#8404=CARTESIAN_POINT('',(-8.7,12.9925504069401,3.55));
#8405=CARTESIAN_POINT('',(-10.45,10.9069816199002,6.15));
#8406=CARTESIAN_POINT('Origin',(1.3,1.5,1.425));
#8407=CARTESIAN_POINT('',(0.34606079858305,1.2,0.));
#8408=CARTESIAN_POINT('',(1.34347825594613,0.50094562647477,0.));
#8409=CARTESIAN_POINT('Origin',(1.3,1.5,0.));
#8410=CARTESIAN_POINT('',(1.34347825594613,0.50094562647477,2.85));
#8411=CARTESIAN_POINT('',(1.34347825594613,0.50094562647477,0.));
#8412=CARTESIAN_POINT('',(0.346060798583051,1.2,2.85));
#8413=CARTESIAN_POINT('Origin',(1.3,1.5,2.85));
#8414=CARTESIAN_POINT('',(0.34606079858305,1.2,2.85));
#8415=CARTESIAN_POINT('Origin',(-2.9,1.1,4.925));
#8416=CARTESIAN_POINT('',(-2.15,0.1,3.5));
#8417=CARTESIAN_POINT('',(-1.65,1.1,3.5));
#8418=CARTESIAN_POINT('Origin',(-2.9,1.1,3.5));
#8419=CARTESIAN_POINT('',(-1.65,1.1,6.35));
#8420=CARTESIAN_POINT('',(-1.65,1.1,3.5));
#8421=CARTESIAN_POINT('',(-2.15,0.1,6.35));
#8422=CARTESIAN_POINT('Origin',(-2.9,1.1,6.35));
#8423=CARTESIAN_POINT('',(-2.15,0.1,6.35));
#8424=CARTESIAN_POINT('Origin',(-3.65,0.1,4.925));
#8425=CARTESIAN_POINT('',(-3.65,0.1,3.5));
#8426=CARTESIAN_POINT('',(-3.65,0.1,3.5));
#8427=CARTESIAN_POINT('',(-3.65,0.1,6.35));
#8428=CARTESIAN_POINT('',(-2.15,0.1,6.35));
#8429=CARTESIAN_POINT('',(-3.65,0.1,6.35));
#8430=CARTESIAN_POINT('Origin',(-1.55,1.2,1.425));
#8431=CARTESIAN_POINT('',(-1.55,1.2,0.));
#8432=CARTESIAN_POINT('',(-1.55,1.2,0.));
#8433=CARTESIAN_POINT('',(-1.55,1.2,2.85));
#8434=CARTESIAN_POINT('',(0.34606079858305,1.2,2.85));
#8435=CARTESIAN_POINT('',(-1.55,1.2,2.85));
#8436=CARTESIAN_POINT('Origin',(-6.30089314203668,1.2,1.425));
#8437=CARTESIAN_POINT('',(-6.30089314203668,1.2,0.));
#8438=CARTESIAN_POINT('',(-4.25,1.2,0.));
#8439=CARTESIAN_POINT('',(-6.30089314203668,1.2,0.));
#8440=CARTESIAN_POINT('',(-4.25,1.2,2.85));
#8441=CARTESIAN_POINT('',(-4.25,1.2,0.));
#8442=CARTESIAN_POINT('',(-6.30089314203668,1.2,2.85));
#8443=CARTESIAN_POINT('',(-4.25,1.2,2.85));
#8444=CARTESIAN_POINT('',(-6.30089314203668,1.2,2.85));
#8445=CARTESIAN_POINT('Origin',(1.3,1.5,4.925));
#8446=CARTESIAN_POINT('',(0.34606079858305,1.2,3.5));
#8447=CARTESIAN_POINT('',(1.34347825594613,0.50094562647477,3.5));
#8448=CARTESIAN_POINT('Origin',(1.3,1.5,3.5));
#8449=CARTESIAN_POINT('',(1.34347825594613,0.50094562647477,6.35));
#8450=CARTESIAN_POINT('',(1.34347825594613,0.50094562647477,3.5));
#8451=CARTESIAN_POINT('',(0.346060798583051,1.2,6.35));
#8452=CARTESIAN_POINT('Origin',(1.3,1.5,6.35));
#8453=CARTESIAN_POINT('',(0.34606079858305,1.2,6.35));
#8454=CARTESIAN_POINT('Origin',(1.35,0.35108747069239,1.425));
#8455=CARTESIAN_POINT('',(1.5,0.35108747069239,0.));
#8456=CARTESIAN_POINT('Origin',(1.35,0.35108747069239,0.));
#8457=CARTESIAN_POINT('',(1.5,0.35108747069239,2.85));
#8458=CARTESIAN_POINT('',(1.5,0.35108747069239,0.));
#8459=CARTESIAN_POINT('Origin',(1.35,0.35108747069239,2.85));
#8460=CARTESIAN_POINT('Origin',(-4.25,1.1,1.425));
#8461=CARTESIAN_POINT('',(-4.15,1.1,0.));
#8462=CARTESIAN_POINT('Origin',(-4.25,1.1,0.));
#8463=CARTESIAN_POINT('',(-4.15,1.1,2.85));
#8464=CARTESIAN_POINT('',(-4.15,1.1,0.));
#8465=CARTESIAN_POINT('Origin',(-4.25,1.1,2.85));
#8466=CARTESIAN_POINT('Origin',(-9.09910685796332,1.05,1.425));
#8467=CARTESIAN_POINT('',(-9.09910685796332,1.2,0.));
#8468=CARTESIAN_POINT('',(-8.94920255175297,1.05535714285715,0.));
#8469=CARTESIAN_POINT('Origin',(-9.09910685796332,1.05,0.));
#8470=CARTESIAN_POINT('',(-8.94920255175296,1.05535714285714,2.85));
#8471=CARTESIAN_POINT('',(-8.94920255175296,1.05535714285714,0.));
#8472=CARTESIAN_POINT('',(-9.09910685796332,1.2,2.85));
#8473=CARTESIAN_POINT('Origin',(-9.09910685796332,1.05,2.85));
#8474=CARTESIAN_POINT('',(-9.09910685796332,1.2,2.85));
#8475=CARTESIAN_POINT('Origin',(2.2,0.4,0.675));
#8476=CARTESIAN_POINT('',(2.2,5.63253242135513,2.85));
#8477=CARTESIAN_POINT('',(2.2,5.63253242135513,0.));
#8478=CARTESIAN_POINT('',(2.2,5.63253242135513,2.85));
#8479=CARTESIAN_POINT('',(2.2,1.93588989435407,0.));
#8480=CARTESIAN_POINT('',(2.2,5.63253242135513,0.));
#8481=CARTESIAN_POINT('',(2.2,0.4,0.));
#8482=CARTESIAN_POINT('',(2.2,5.63253242135513,0.));
#8483=CARTESIAN_POINT('',(2.2,0.4,-1.5));
#8484=CARTESIAN_POINT('',(2.2,0.4,0.));
#8485=CARTESIAN_POINT('',(2.2,14.1,-1.5));
#8486=CARTESIAN_POINT('',(2.2,0.4,-1.5));
#8487=CARTESIAN_POINT('',(2.2,14.1,0.));
#8488=CARTESIAN_POINT('',(2.2,14.1,-1.5));
#8489=CARTESIAN_POINT('',(2.2,13.9,0.));
#8490=CARTESIAN_POINT('',(2.2,14.1,0.));
#8491=CARTESIAN_POINT('',(2.2,11.8104686356149,0.));
#8492=CARTESIAN_POINT('',(2.2,14.1,0.));
#8493=CARTESIAN_POINT('',(2.2,9.88953136438507,0.));
#8494=CARTESIAN_POINT('',(2.2,14.1,0.));
#8495=CARTESIAN_POINT('',(2.2,7.36746757864487,0.));
#8496=CARTESIAN_POINT('',(2.2,14.1,0.));
#8497=CARTESIAN_POINT('',(2.2,7.36746757864487,2.85));
#8498=CARTESIAN_POINT('',(2.2,7.36746757864487,0.));
#8499=CARTESIAN_POINT('',(2.2,7.36746757864487,2.85));
#8500=CARTESIAN_POINT('Origin',(1.25,7.89910685796333,1.425));
#8501=CARTESIAN_POINT('',(1.25535714285714,7.74920255175297,0.));
#8502=CARTESIAN_POINT('',(1.1,7.89910685796333,0.));
#8503=CARTESIAN_POINT('Origin',(1.25,7.89910685796333,0.));
#8504=CARTESIAN_POINT('',(1.1,7.89910685796332,2.85));
#8505=CARTESIAN_POINT('',(1.1,7.89910685796332,0.));
#8506=CARTESIAN_POINT('',(1.25535714285714,7.74920255175298,2.85));
#8507=CARTESIAN_POINT('Origin',(1.25,7.89910685796333,2.85));
#8508=CARTESIAN_POINT('',(1.25535714285714,7.74920255175297,2.85));
#8509=CARTESIAN_POINT('Origin',(1.25,2.64891252930761,1.425));
#8510=CARTESIAN_POINT('',(1.25652173913043,2.49905437331096,0.));
#8511=CARTESIAN_POINT('',(1.1,2.64891252930761,0.));
#8512=CARTESIAN_POINT('Origin',(1.25,2.64891252930761,0.));
#8513=CARTESIAN_POINT('',(1.1,2.64891252930761,2.85));
#8514=CARTESIAN_POINT('',(1.1,2.64891252930761,0.));
#8515=CARTESIAN_POINT('',(1.25652173913043,2.49905437331097,2.85));
#8516=CARTESIAN_POINT('Origin',(1.25,2.64891252930761,2.85));
#8517=CARTESIAN_POINT('',(1.25652173913043,2.49905437331096,2.85));
#8518=CARTESIAN_POINT('Origin',(1.1,7.89910685796332,4.925));
#8519=CARTESIAN_POINT('',(1.1,7.89910685796332,3.5));
#8520=CARTESIAN_POINT('',(1.1,9.51489700771813,3.5));
#8521=CARTESIAN_POINT('',(1.1,7.89910685796332,3.5));
#8522=CARTESIAN_POINT('',(1.1,9.51489700771813,6.35));
#8523=CARTESIAN_POINT('',(1.1,9.51489700771813,3.5));
#8524=CARTESIAN_POINT('',(1.1,7.89910685796332,6.35));
#8525=CARTESIAN_POINT('',(1.1,9.51489700771813,6.35));
#8526=CARTESIAN_POINT('',(1.1,7.89910685796332,6.35));
#8527=CARTESIAN_POINT('Origin',(2.2,5.63253242135513,4.925));
#8528=CARTESIAN_POINT('',(2.2,5.63253242135513,3.5));
#8529=CARTESIAN_POINT('',(2.2,7.36746757864487,3.5));
#8530=CARTESIAN_POINT('',(2.2,5.63253242135513,3.5));
#8531=CARTESIAN_POINT('',(2.2,7.36746757864487,6.35));
#8532=CARTESIAN_POINT('',(2.2,7.36746757864487,3.5));
#8533=CARTESIAN_POINT('',(2.2,5.63253242135513,6.35));
#8534=CARTESIAN_POINT('',(2.2,7.36746757864487,6.35));
#8535=CARTESIAN_POINT('',(2.2,5.63253242135513,6.35));
#8536=CARTESIAN_POINT('Origin',(1.3,6.5,4.925));
#8537=CARTESIAN_POINT('',(1.25535714285714,5.25079744824703,3.5));
#8538=CARTESIAN_POINT('Origin',(1.3,6.5,3.5));
#8539=CARTESIAN_POINT('',(1.25535714285714,5.25079744824704,6.35));
#8540=CARTESIAN_POINT('Origin',(1.3,6.5,6.35));
#8541=CARTESIAN_POINT('',(1.25535714285714,5.25079744824703,6.35));
#8542=CARTESIAN_POINT('Origin',(1.25,5.10089314203668,4.925));
#8543=CARTESIAN_POINT('',(1.1,5.10089314203668,3.5));
#8544=CARTESIAN_POINT('Origin',(1.25,5.10089314203668,3.5));
#8545=CARTESIAN_POINT('',(1.1,5.10089314203668,6.35));
#8546=CARTESIAN_POINT('Origin',(1.25,5.10089314203668,6.35));
#8547=CARTESIAN_POINT('',(1.1,5.10089314203668,6.35));
#8548=CARTESIAN_POINT('Origin',(-10.35,0.4,-0.75));
#8549=CARTESIAN_POINT('',(-10.35,10.7751358315672,-0.25));
#8550=CARTESIAN_POINT('',(-10.35,8.9,-0.25));
#8551=CARTESIAN_POINT('',(-10.35,10.7751358315672,-1.5));
#8552=CARTESIAN_POINT('',(-10.35,10.7751358315672,-0.25));
#8553=CARTESIAN_POINT('',(-10.35,0.4,-1.5));
#8554=CARTESIAN_POINT('',(-10.35,10.7751358315672,-1.5));
#8555=CARTESIAN_POINT('',(-10.35,0.4,0.));
#8556=CARTESIAN_POINT('',(-10.35,0.4,-1.5));
#8557=CARTESIAN_POINT('',(-10.35,2.15,0.));
#8558=CARTESIAN_POINT('',(-10.35,0.4,0.));
#8559=CARTESIAN_POINT('',(-10.35,0.4,0.));
#8560=CARTESIAN_POINT('Origin',(-0.1,13.25,0.));
#8561=CARTESIAN_POINT('',(-0.1,12.5,0.2));
#8562=CARTESIAN_POINT('',(-0.1,14.,0.2));
#8563=CARTESIAN_POINT('',(-0.1,12.5,0.2));
#8564=CARTESIAN_POINT('',(-0.1,14.,0.));
#8565=CARTESIAN_POINT('',(-0.1,14.,0.2));
#8566=CARTESIAN_POINT('',(-0.1,12.5,0.));
#8567=CARTESIAN_POINT('',(-0.1,14.,0.));
#8568=CARTESIAN_POINT('',(-0.1,12.5,0.));
#8569=CARTESIAN_POINT('Origin',(-5.3,0.1,0.));
#8570=CARTESIAN_POINT('',(-3.65,0.1,0.));
#8571=CARTESIAN_POINT('Origin',(-2.9,1.1,0.));
#8572=CARTESIAN_POINT('',(-6.45079744824704,1.05535714285714,0.));
#8573=CARTESIAN_POINT('Origin',(-6.30089314203668,1.05,0.));
#8574=CARTESIAN_POINT('',(-6.95,0.0999999999999973,0.));
#8575=CARTESIAN_POINT('Origin',(-7.7,1.1,0.));
#8576=CARTESIAN_POINT('',(-6.2,0.1,0.));
#8577=CARTESIAN_POINT('',(-6.95,0.1,0.));
#8578=CARTESIAN_POINT('Origin',(-6.,0.1,0.));
#8579=CARTESIAN_POINT('',(-4.5,0.1,0.));
#8580=CARTESIAN_POINT('Origin',(-4.7,0.1,0.));
#8581=CARTESIAN_POINT('',(-4.5,0.1,0.));
#8582=CARTESIAN_POINT('Origin',(-0.33595,0.1,0.));
#8583=CARTESIAN_POINT('',(-2.15,0.1,0.));
#8584=CARTESIAN_POINT('',(1.5,0.1,0.));
#8585=CARTESIAN_POINT('',(-2.15,0.1,0.));
#8586=CARTESIAN_POINT('',(1.5,0.1,0.));
#8587=CARTESIAN_POINT('',(-1.65,1.1,0.));
#8588=CARTESIAN_POINT('Origin',(-1.55,1.1,0.));
#8589=CARTESIAN_POINT('Origin',(-2.9,1.1,0.));
#8590=CARTESIAN_POINT('Origin',(1.65,7.35233519593043,0.));
#8591=CARTESIAN_POINT('',(1.21481481481481,9.61379352566494,0.));
#8592=CARTESIAN_POINT('Origin',(1.4,10.85,0.));
#8593=CARTESIAN_POINT('',(1.1,9.51489700771813,0.));
#8594=CARTESIAN_POINT('Origin',(1.2,9.51489700771813,0.));
#8595=CARTESIAN_POINT('',(1.1,9.51489700771813,0.));
#8596=CARTESIAN_POINT('Origin',(1.3,6.5,0.));
#8597=CARTESIAN_POINT('Origin',(1.65,1.91371003919206,0.));
#8598=CARTESIAN_POINT('',(1.25535714285714,5.25079744824704,0.));
#8599=CARTESIAN_POINT('Origin',(1.3,6.5,0.));
#8600=CARTESIAN_POINT('',(1.1,5.10089314203668,0.));
#8601=CARTESIAN_POINT('Origin',(1.25,5.10089314203668,0.));
#8602=CARTESIAN_POINT('',(1.1,5.10089314203668,0.));
#8603=CARTESIAN_POINT('Origin',(1.3,1.5,0.));
#8604=CARTESIAN_POINT('Origin',(-9.1458,0.1,0.));
#8605=CARTESIAN_POINT('',(-9.85,1.2,0.));
#8606=CARTESIAN_POINT('',(-9.09910685796332,1.2,0.));
#8607=CARTESIAN_POINT('',(-9.85,0.1,0.));
#8608=CARTESIAN_POINT('',(-9.85,1.2,0.));
#8609=CARTESIAN_POINT('',(-8.45,0.1,0.));
#8610=CARTESIAN_POINT('',(-9.85,0.1,0.));
#8611=CARTESIAN_POINT('Origin',(-7.69999999999999,1.1,0.));
#8612=CARTESIAN_POINT('Origin',(-10.2,9.93723076013545,-0.25));
#8613=CARTESIAN_POINT('',(-10.2846242057328,10.9620889863527,-0.1261503177069));
#8614=CARTESIAN_POINT('',(-10.2846242057328,8.9,-0.1261503177069));
#8615=CARTESIAN_POINT('Ctrl Pts',(-10.2846242057328,10.9620889863528,-0.12615031770691));
#8616=CARTESIAN_POINT('Ctrl Pts',(-10.2898410834221,10.9555418607604,-0.129714914100629));
#8617=CARTESIAN_POINT('Ctrl Pts',(-10.2946260532973,10.9489702707484,-0.133470344220972));
#8618=CARTESIAN_POINT('Ctrl Pts',(-10.3156276349744,10.9177344489396,-0.151907225790846));
#8619=CARTESIAN_POINT('Ctrl Pts',(-10.3289344891052,10.8895911595974,-0.170428903680032));
#8620=CARTESIAN_POINT('Ctrl Pts',(-10.3461327903172,10.8318460220847,-0.209829371853983));
#8621=CARTESIAN_POINT('Ctrl Pts',(-10.35,10.8022961064801,-0.230794785430182));
#8622=CARTESIAN_POINT('Ctrl Pts',(-10.35,10.7751358315672,-0.25));
#8623=CARTESIAN_POINT('Origin',(-10.1923121028664,8.9,-0.06307515885345));
#8624=CARTESIAN_POINT('',(-10.1,11.1822652999956,0.));
#8625=CARTESIAN_POINT('',(-10.2798133329357,10.9679721144732,-0.12286313697463));
#8626=CARTESIAN_POINT('',(-10.1,11.1822652999956,0.));
#8627=CARTESIAN_POINT('Origin',(-10.05,10.7751358315672,0.0341640786499788));
#8628=CARTESIAN_POINT('',(-10.1,8.9,0.));
#8629=CARTESIAN_POINT('Origin',(-6.,0.1,-0.75));
#8630=CARTESIAN_POINT('',(-6.2,0.1,-1.5));
#8631=CARTESIAN_POINT('',(-6.2,0.1,0.));
#8632=CARTESIAN_POINT('Origin',(-6.,0.1,-1.5));
#8633=CARTESIAN_POINT('Origin',(-10.05,10.1627273699166,-0.14999999999999));
#8634=CARTESIAN_POINT('',(-10.05,11.2418529796253,0.));
#8635=CARTESIAN_POINT('',(-10.05,8.9,0.));
#8636=CARTESIAN_POINT('',(-10.05,11.2418529796253,0.));
#8637=CARTESIAN_POINT('',(-9.90857864667489,8.9,-0.0999999917630707));
#8638=CARTESIAN_POINT('Origin',(-10.05,8.9,-0.14999999999999));
#8639=CARTESIAN_POINT('',(-9.90857864667488,11.4103923855201,-0.09999999176307));
#8640=CARTESIAN_POINT('',(-9.90857864667488,8.9,-0.09999999176307));
#8641=CARTESIAN_POINT('Origin',(-10.05,11.2418529796253,-0.14999999999999));
#8642=CARTESIAN_POINT('Origin',(-9.76715728752538,10.2475026945731,-0.0499999999999999));
#8643=CARTESIAN_POINT('',(-9.76715728752538,11.5789317983561,-0.2));
#8644=CARTESIAN_POINT('Origin',(-9.76715728752538,11.5789317983561,-0.0499999999999999));
#8645=CARTESIAN_POINT('',(-9.76715728752538,8.9,-0.200000000000009));
#8646=CARTESIAN_POINT('Origin',(-9.76715728752538,8.9,-0.05));
#8647=CARTESIAN_POINT('',(-9.76715728752538,8.9,-0.2));
#8648=CARTESIAN_POINT('Origin',(-5.25,-3.6,4.56));
#8649=CARTESIAN_POINT('',(-5.25,1.2,5.06));
#8650=CARTESIAN_POINT('',(-5.25,-3.6,5.06));
#8651=CARTESIAN_POINT('',(-5.25,1.2,4.06));
#8652=CARTESIAN_POINT('',(-5.25,1.2,5.06));
#8653=CARTESIAN_POINT('',(-5.25,1.2,4.06));
#8654=CARTESIAN_POINT('Origin',(-4.7,0.1,-0.75));
#8655=CARTESIAN_POINT('',(-4.5,0.1,-1.5));
#8656=CARTESIAN_POINT('Origin',(-4.7,0.1,-1.5));
#8657=CARTESIAN_POINT('',(-4.5,0.1,-1.5));
#8658=CARTESIAN_POINT('Origin',(-4.075,0.1,-1.5));
#8659=CARTESIAN_POINT('',(-10.2798133329357,10.9679721144732,-1.5));
#8660=CARTESIAN_POINT('Origin',(-10.05,10.7751358315672,-1.5));
#8661=CARTESIAN_POINT('',(-7.48992103548919,14.292836282906,-1.5));
#8662=CARTESIAN_POINT('',(-10.2798133329357,10.9679721144732,-1.5));
#8663=CARTESIAN_POINT('',(-7.26010770255349,14.4,-1.5));
#8664=CARTESIAN_POINT('Origin',(-7.26010770255349,14.1,-1.5));
#8665=CARTESIAN_POINT('',(1.9,14.4,-1.5));
#8666=CARTESIAN_POINT('',(-7.2601077025535,14.4,-1.5));
#8667=CARTESIAN_POINT('Origin',(1.9,14.1,-1.5));
#8668=CARTESIAN_POINT('',(1.9,0.1,-1.5));
#8669=CARTESIAN_POINT('Origin',(1.9,0.4,-1.5));
#8670=CARTESIAN_POINT('',(1.9,0.1,-1.5));
#8671=CARTESIAN_POINT('',(-10.05,0.1,-1.5));
#8672=CARTESIAN_POINT('',(-6.2,0.1,-1.5));
#8673=CARTESIAN_POINT('Origin',(-10.05,0.4,-1.5));
#8674=CARTESIAN_POINT('Origin',(0.25,-3.6,4.56));
#8675=CARTESIAN_POINT('',(0.25,1.2,5.06));
#8676=CARTESIAN_POINT('',(0.25,1.2,5.06));
#8677=CARTESIAN_POINT('',(0.25,1.2,4.06));
#8678=CARTESIAN_POINT('',(0.25,-3.6,4.06));
#8679=CARTESIAN_POINT('',(0.25,1.2,4.06));
#8680=CARTESIAN_POINT('Origin',(-1.1,12.5,0.));
#8681=CARTESIAN_POINT('',(0.06,14.4,0.));
#8682=CARTESIAN_POINT('',(-2.26,14.4,0.));
#8683=CARTESIAN_POINT('',(0.06,14.4,0.));
#8684=CARTESIAN_POINT('',(-2.1,14.,0.));
#8685=CARTESIAN_POINT('',(-2.26,14.4,0.));
#8686=CARTESIAN_POINT('',(-2.1,12.5,0.));
#8687=CARTESIAN_POINT('',(-2.1,14.,0.));
#8688=CARTESIAN_POINT('',(-2.1,12.5,0.));
#8689=CARTESIAN_POINT('',(-0.1,14.,0.));
#8690=CARTESIAN_POINT('Origin',(-9.525,3.58752298485786,2.65));
#8691=CARTESIAN_POINT('',(-8.6,3.64361658777286,2.65));
#8692=CARTESIAN_POINT('Origin',(-8.08404426231168,4.255,2.65));
#8693=CARTESIAN_POINT('',(-8.6,7.08,2.65));
#8694=CARTESIAN_POINT('',(-8.6,3.64361658777286,2.65));
#8695=CARTESIAN_POINT('',(-8.6,7.08,2.65));
#8696=CARTESIAN_POINT('Origin',(1.65,11.7979314474286,0.));
#8697=CARTESIAN_POINT('',(1.25,13.9,0.));
#8698=CARTESIAN_POINT('',(2.2,13.9,0.));
#8699=CARTESIAN_POINT('',(1.1,13.75,0.));
#8700=CARTESIAN_POINT('Origin',(1.25,13.75,0.));
#8701=CARTESIAN_POINT('',(1.1,12.2419410907075,0.));
#8702=CARTESIAN_POINT('',(1.1,13.75,0.));
#8703=CARTESIAN_POINT('',(1.2660714144676,12.0928045437547,0.));
#8704=CARTESIAN_POINT('Origin',(1.25,12.2419410907075,0.));
#8705=CARTESIAN_POINT('Origin',(1.4,10.85,0.));
#8706=CARTESIAN_POINT('Origin',(-9.475,2.15,0.));
#8707=CARTESIAN_POINT('',(-9.45,11.9569051351819,0.));
#8708=CARTESIAN_POINT('',(-9.45,8.9,0.));
#8709=CARTESIAN_POINT('',(-9.45,11.9569051351819,0.));
#8710=CARTESIAN_POINT('',(-9.45,8.9,0.));
#8711=CARTESIAN_POINT('',(-10.05,11.2418529796253,0.));
#8712=CARTESIAN_POINT('',(-8.6,2.15,0.));
#8713=CARTESIAN_POINT('',(-10.35,2.15,0.));
#8714=CARTESIAN_POINT('',(-8.6,12.969895688887,0.));
#8715=CARTESIAN_POINT('',(-8.6,2.15,0.));
#8716=CARTESIAN_POINT('',(-8.6,12.969895688887,0.));
#8717=CARTESIAN_POINT('Origin',(-7.2601077025535,14.4,-0.75));
#8718=CARTESIAN_POINT('',(-7.2601077025535,14.4,0.));
#8719=CARTESIAN_POINT('',(-7.2601077025535,14.4,0.));
#8720=CARTESIAN_POINT('',(1.9,14.4,0.));
#8721=CARTESIAN_POINT('',(-7.2601077025535,14.4,0.));
#8722=CARTESIAN_POINT('',(1.9,14.4,0.));
#8723=CARTESIAN_POINT('',(-7.2601077025535,14.4,-1.5));
#8724=CARTESIAN_POINT('Origin',(-10.05,10.7751358315672,-0.807300157898235));
#8725=CARTESIAN_POINT('',(-10.2798133329357,10.9679721144732,-0.12286313697463));
#8726=CARTESIAN_POINT('Origin',(-10.0536,8.9,-0.1));
#8727=CARTESIAN_POINT('',(-9.45,8.9,0.));
#8728=CARTESIAN_POINT('',(-9.6,8.9,-0.2));
#8729=CARTESIAN_POINT('Origin',(-10.05,0.1,-0.75));
#8730=CARTESIAN_POINT('',(-6.2,0.1,0.));
#8731=CARTESIAN_POINT('',(-10.05,0.1,0.));
#8732=CARTESIAN_POINT('',(-6.2,0.1,0.));
#8733=CARTESIAN_POINT('',(-10.05,0.1,0.));
#8734=CARTESIAN_POINT('Origin',(-9.45,8.9,-0.025));
#8735=CARTESIAN_POINT('',(-9.45,11.9569051351819,0.));
#8736=CARTESIAN_POINT('Origin',(-9.68357864376269,8.9,-0.2));
#8737=CARTESIAN_POINT('',(-9.6,11.7781420962927,-0.2));
#8738=CARTESIAN_POINT('Origin',(0.,-3.6,5.06));
#8739=CARTESIAN_POINT('',(-0.25,1.2,5.06));
#8740=CARTESIAN_POINT('',(-0.25,1.2,5.06));
#8741=CARTESIAN_POINT('',(0.25,1.2,5.06));
#8742=CARTESIAN_POINT('Origin',(-10.05,0.4,-0.75));
#8743=CARTESIAN_POINT('Origin',(-10.05,0.4,0.));
#8744=CARTESIAN_POINT('Origin',(0.,-3.6,4.06));
#8745=CARTESIAN_POINT('',(-0.25,1.2,4.06));
#8746=CARTESIAN_POINT('',(-0.25,-3.6,4.06));
#8747=CARTESIAN_POINT('',(-0.25,1.2,4.06));
#8748=CARTESIAN_POINT('Origin',(1.9,0.4,-0.75));
#8749=CARTESIAN_POINT('',(1.9,0.1,0.));
#8750=CARTESIAN_POINT('Origin',(1.9,0.4,0.));
#8751=CARTESIAN_POINT('',(1.9,0.1,0.));
#8752=CARTESIAN_POINT('Origin',(1.9,14.1,-0.75));
#8753=CARTESIAN_POINT('Origin',(1.9,14.1,0.));
#8754=CARTESIAN_POINT('Origin',(-7.26010770255349,14.1,-0.75));
#8755=CARTESIAN_POINT('',(-7.48992103548919,14.292836282906,0.));
#8756=CARTESIAN_POINT('Origin',(-7.26010770255349,14.1,0.));
#8757=CARTESIAN_POINT('',(-7.48992103548919,14.292836282906,-1.5));
#8758=CARTESIAN_POINT('Origin',(-8.88486718421244,12.6304041986896,-1.5));
#8759=CARTESIAN_POINT('',(-9.45,11.9569051351819,0.));
#8760=CARTESIAN_POINT('Origin',(-0.25,-3.6,4.56));
#8761=CARTESIAN_POINT('',(-0.25,1.2,5.06));
#8762=CARTESIAN_POINT('Origin',(-5.,-3.6,4.06));
#8763=CARTESIAN_POINT('',(-4.75,1.2,4.06));
#8764=CARTESIAN_POINT('',(-5.25,1.2,4.06));
#8765=CARTESIAN_POINT('',(-4.75,1.2,4.06));
#8766=CARTESIAN_POINT('Origin',(-5.,-3.6,5.06));
#8767=CARTESIAN_POINT('',(-4.75,1.2,5.06));
#8768=CARTESIAN_POINT('',(-4.75,-3.6,5.06));
#8769=CARTESIAN_POINT('',(-4.75,1.2,5.06));
#8770=CARTESIAN_POINT('Origin',(-4.75,-3.6,4.56));
#8771=CARTESIAN_POINT('',(-4.75,1.2,4.06));
#8772=CARTESIAN_POINT('Origin',(-8.08404426231168,4.255,1.35));
#8773=CARTESIAN_POINT('',(-8.6,3.64361658777286,0.05));
#8774=CARTESIAN_POINT('Origin',(-8.08404426231168,4.255,0.05));
#8775=CARTESIAN_POINT('',(-8.6,3.64361658777286,0.05));
#8776=CARTESIAN_POINT('Origin',(-8.7,7.08,1.35));
#8777=CARTESIAN_POINT('',(-8.6,7.08,0.05));
#8778=CARTESIAN_POINT('',(-8.6,7.08,2.65));
#8779=CARTESIAN_POINT('',(-8.6,7.08,0.05));
#8780=CARTESIAN_POINT('Origin',(-9.525,3.58752298485786,0.05));
#8781=CARTESIAN_POINT('',(-8.6,7.08,0.05));
#8782=CARTESIAN_POINT('Origin',(-8.08404426231168,4.255,4.85));
#8783=CARTESIAN_POINT('',(-8.6,3.64361658777286,3.55));
#8784=CARTESIAN_POINT('Origin',(-8.08404426231168,4.255,3.55));
#8785=CARTESIAN_POINT('',(-8.6,3.64361658777286,6.15));
#8786=CARTESIAN_POINT('',(-8.6,3.64361658777286,3.55));
#8787=CARTESIAN_POINT('Origin',(-8.08404426231168,4.255,6.15));
#8788=CARTESIAN_POINT('Origin',(-9.525,3.58752298485786,6.15));
#8789=CARTESIAN_POINT('',(-8.6,7.08,6.15));
#8790=CARTESIAN_POINT('',(-8.6,3.64361658777286,6.15));
#8791=CARTESIAN_POINT('',(-8.6,7.08,6.15));
#8792=CARTESIAN_POINT('Origin',(-8.7,7.08,4.85));
#8793=CARTESIAN_POINT('',(-8.6,7.08,3.55));
#8794=CARTESIAN_POINT('',(-8.6,7.08,6.15));
#8795=CARTESIAN_POINT('',(-8.6,7.08,3.55));
#8796=CARTESIAN_POINT('Origin',(-9.525,3.58752298485786,3.55));
#8797=CARTESIAN_POINT('',(-8.6,7.08,3.55));
#8798=CARTESIAN_POINT('Origin',(-9.06718970348901,0.,6.35));
#8799=CARTESIAN_POINT('',(-9.85,0.,6.35));
#8800=CARTESIAN_POINT('',(-9.85,1.2,6.35));
#8801=CARTESIAN_POINT('',(-9.85,0.,6.35));
#8802=CARTESIAN_POINT('',(-9.09910685796332,1.2,6.35));
#8803=CARTESIAN_POINT('',(-9.85,1.2,6.35));
#8804=CARTESIAN_POINT('',(-8.94920255175297,1.05535714285715,6.35));
#8805=CARTESIAN_POINT('Origin',(-9.09910685796332,1.05,6.35));
#8806=CARTESIAN_POINT('',(-8.29371710435189,-1.38777878078145E-15,6.35));
#8807=CARTESIAN_POINT('Origin',(-7.69999999999999,1.1,6.35));
#8808=CARTESIAN_POINT('',(-8.2937171043519,0.,6.35));
#8809=CARTESIAN_POINT('Origin',(-6.30089314203668,1.05,1.425));
#8810=CARTESIAN_POINT('',(-6.45079744824704,1.05535714285714,2.85));
#8811=CARTESIAN_POINT('Origin',(-6.30089314203668,1.05,2.85));
#8812=CARTESIAN_POINT('',(-6.45079744824703,1.05535714285714,2.85));
#8813=CARTESIAN_POINT('Origin',(1.35,0.35108747069239,4.925));
#8814=CARTESIAN_POINT('',(1.5,0.35108747069239,3.5));
#8815=CARTESIAN_POINT('Origin',(1.35,0.35108747069239,3.5));
#8816=CARTESIAN_POINT('',(1.5,0.35108747069239,6.35));
#8817=CARTESIAN_POINT('',(1.5,0.35108747069239,3.5));
#8818=CARTESIAN_POINT('Origin',(1.35,0.35108747069239,6.35));
#8819=CARTESIAN_POINT('Origin',(-1.55,1.2,4.925));
#8820=CARTESIAN_POINT('',(-1.55,1.2,3.5));
#8821=CARTESIAN_POINT('',(-1.55,1.2,3.5));
#8822=CARTESIAN_POINT('',(-1.55,1.2,6.35));
#8823=CARTESIAN_POINT('',(0.34606079858305,1.2,6.35));
#8824=CARTESIAN_POINT('',(-1.55,1.2,6.35));
#8825=CARTESIAN_POINT('Origin',(-1.55,1.1,4.925));
#8826=CARTESIAN_POINT('Origin',(-1.55,1.1,3.5));
#8827=CARTESIAN_POINT('Origin',(-1.55,1.1,6.35));
#8828=CARTESIAN_POINT('Origin',(-2.9,1.1,4.925));
#8829=CARTESIAN_POINT('',(-4.15,1.1,3.5));
#8830=CARTESIAN_POINT('Origin',(-2.9,1.1,3.5));
#8831=CARTESIAN_POINT('',(-4.15,1.1,6.35));
#8832=CARTESIAN_POINT('Origin',(-2.9,1.1,6.35));
#8833=CARTESIAN_POINT('',(-4.15,1.1,6.35));
#8834=CARTESIAN_POINT('Origin',(-4.25,1.1,4.925));
#8835=CARTESIAN_POINT('',(-4.25,1.2,3.5));
#8836=CARTESIAN_POINT('Origin',(-4.25,1.1,3.5));
#8837=CARTESIAN_POINT('',(-4.25,1.2,6.35));
#8838=CARTESIAN_POINT('Origin',(-4.25,1.1,6.35));
#8839=CARTESIAN_POINT('',(-4.25,1.2,6.35));
#8840=CARTESIAN_POINT('Origin',(-7.7,1.1,1.425));
#8841=CARTESIAN_POINT('',(-7.1062828956481,0.,0.));
#8842=CARTESIAN_POINT('Origin',(-7.7,1.1,0.));
#8843=CARTESIAN_POINT('',(-7.1062828956481,-1.2490009027033E-15,2.85));
#8844=CARTESIAN_POINT('Origin',(-7.7,1.1,2.85));
#8845=CARTESIAN_POINT('',(-7.1062828956481,0.,2.85));
#8846=CARTESIAN_POINT('Origin',(-6.30089314203668,1.2,4.925));
#8847=CARTESIAN_POINT('',(-6.30089314203668,1.2,3.5));
#8848=CARTESIAN_POINT('',(-6.30089314203668,1.2,3.5));
#8849=CARTESIAN_POINT('',(-6.30089314203668,1.2,6.35));
#8850=CARTESIAN_POINT('',(-4.25,1.2,6.35));
#8851=CARTESIAN_POINT('',(-6.30089314203668,1.2,6.35));
#8852=CARTESIAN_POINT('Origin',(-6.30089314203668,1.05,4.925));
#8853=CARTESIAN_POINT('',(-6.45079744824703,1.05535714285714,3.5));
#8854=CARTESIAN_POINT('Origin',(-6.30089314203668,1.05,3.5));
#8855=CARTESIAN_POINT('',(-6.45079744824704,1.05535714285714,6.35));
#8856=CARTESIAN_POINT('Origin',(-6.30089314203668,1.05,6.35));
#8857=CARTESIAN_POINT('',(-6.45079744824703,1.05535714285714,6.35));
#8858=CARTESIAN_POINT('Origin',(-2.82896029651099,0.,6.35));
#8859=CARTESIAN_POINT('',(-7.1062828956481,0.,6.35));
#8860=CARTESIAN_POINT('Origin',(-7.7,1.1,6.35));
#8861=CARTESIAN_POINT('',(1.5,0.,6.35));
#8862=CARTESIAN_POINT('',(1.5,0.35108747069239,6.35));
#8863=CARTESIAN_POINT('',(1.5,0.,6.35));
#8864=CARTESIAN_POINT('Origin',(-2.82896029651099,0.,3.5));
#8865=CARTESIAN_POINT('',(-7.1062828956481,-1.2490009027033E-15,3.5));
#8866=CARTESIAN_POINT('',(1.5,0.,3.5));
#8867=CARTESIAN_POINT('',(-7.1062828956481,0.,3.5));
#8868=CARTESIAN_POINT('',(1.5,0.,3.5));
#8869=CARTESIAN_POINT('Origin',(-7.7,1.1,3.5));
#8870=CARTESIAN_POINT('Origin',(-7.69999999999999,1.1,1.425));
#8871=CARTESIAN_POINT('',(-8.29371710435189,-3.60822483003176E-15,0.));
#8872=CARTESIAN_POINT('Origin',(-7.69999999999999,1.1,0.));
#8873=CARTESIAN_POINT('',(-8.2937171043519,0.,2.85));
#8874=CARTESIAN_POINT('',(-8.2937171043519,0.,0.));
#8875=CARTESIAN_POINT('Origin',(-7.69999999999999,1.1,2.85));
#8876=CARTESIAN_POINT('Origin',(-1.55,1.1,1.425));
#8877=CARTESIAN_POINT('',(-1.65,1.1,2.85));
#8878=CARTESIAN_POINT('Origin',(-1.55,1.1,2.85));
#8879=CARTESIAN_POINT('',(-1.65,1.1,2.85));
#8880=CARTESIAN_POINT('Origin',(-2.9,1.1,1.425));
#8881=CARTESIAN_POINT('',(-3.65,0.1,2.85));
#8882=CARTESIAN_POINT('',(-3.65,0.1,0.));
#8883=CARTESIAN_POINT('Origin',(-2.9,1.1,2.85));
#8884=CARTESIAN_POINT('Origin',(-9.06718970348901,0.,2.85));
#8885=CARTESIAN_POINT('',(-9.85,0.,2.85));
#8886=CARTESIAN_POINT('',(-9.85,1.2,2.85));
#8887=CARTESIAN_POINT('',(-9.85,0.,2.85));
#8888=CARTESIAN_POINT('',(-9.85,1.2,2.85));
#8889=CARTESIAN_POINT('',(-8.2937171043519,0.,2.85));
#8890=CARTESIAN_POINT('Origin',(-2.82896029651099,0.,2.85));
#8891=CARTESIAN_POINT('',(-2.15,0.1,2.85));
#8892=CARTESIAN_POINT('',(-3.65,0.1,2.85));
#8893=CARTESIAN_POINT('Origin',(-2.9,1.1,2.85));
#8894=CARTESIAN_POINT('',(1.5,0.,2.85));
#8895=CARTESIAN_POINT('',(1.5,0.35108747069239,2.85));
#8896=CARTESIAN_POINT('',(1.5,0.,2.85));
#8897=CARTESIAN_POINT('Origin',(-2.9,1.1,1.425));
#8898=CARTESIAN_POINT('',(-2.15,0.1,2.85));
#8899=CARTESIAN_POINT('Origin',(-4.5,0.1,0.675));
#8900=CARTESIAN_POINT('',(1.9,0.1,0.));
#8901=CARTESIAN_POINT('Origin',(1.5,0.175543735346195,0.));
#8902=CARTESIAN_POINT('',(1.5,0.,0.));
#8903=CARTESIAN_POINT('',(1.5,0.1,0.));
#8904=CARTESIAN_POINT('',(1.5,0.,0.));
#8905=CARTESIAN_POINT('Origin',(-5.41098,12.9607150630203,0.));
#8906=CARTESIAN_POINT('',(-2.3,14.5,0.));
#8907=CARTESIAN_POINT('',(-2.3,14.5,0.));
#8908=CARTESIAN_POINT('',(-8.6,13.0103080092572,0.));
#8909=CARTESIAN_POINT('',(-8.6,12.969895688887,0.));
#8910=CARTESIAN_POINT('',(-7.43992103548919,14.392836282906,0.));
#8911=CARTESIAN_POINT('',(-8.6,13.0103080092572,0.));
#8912=CARTESIAN_POINT('',(-7.21010770255349,14.5,0.));
#8913=CARTESIAN_POINT('Origin',(-7.21010770255349,14.2,0.));
#8914=CARTESIAN_POINT('',(-7.2101077025535,14.5,0.));
#8915=CARTESIAN_POINT('Origin',(-7.7,0.,0.));
#8916=CARTESIAN_POINT('',(-7.1062828956481,0.,0.));
#8917=CARTESIAN_POINT('Origin',(2.25,9.8780057407577,0.));
#8918=CARTESIAN_POINT('',(2.3,9.98253242135513,0.));
#8919=CARTESIAN_POINT('Origin',(1.4,10.85,0.));
#8920=CARTESIAN_POINT('',(2.3,11.7174675786449,0.));
#8921=CARTESIAN_POINT('Origin',(1.4,10.85,0.));
#8922=CARTESIAN_POINT('',(2.3,11.7174675786449,0.));
#8923=CARTESIAN_POINT('Origin',(1.9,0.,0.));
#8924=CARTESIAN_POINT('',(2.3,1.5,0.));
#8925=CARTESIAN_POINT('Origin',(1.3,1.5,0.));
#8926=CARTESIAN_POINT('',(2.3,0.3,0.));
#8927=CARTESIAN_POINT('',(2.3,1.5,0.));
#8928=CARTESIAN_POINT('',(2.,0.,0.));
#8929=CARTESIAN_POINT('Origin',(2.,0.3,0.));
#8930=CARTESIAN_POINT('',(2.,0.,0.));
#8931=CARTESIAN_POINT('Origin',(-10.15,0.,0.));
#8932=CARTESIAN_POINT('',(-10.45,2.15,0.));
#8933=CARTESIAN_POINT('',(-10.45,2.15,0.));
#8934=CARTESIAN_POINT('',(-9.85,0.,0.));
#8935=CARTESIAN_POINT('',(-9.85,0.1,0.));
#8936=CARTESIAN_POINT('',(-10.15,0.,0.));
#8937=CARTESIAN_POINT('',(-9.85,0.,0.));
#8938=CARTESIAN_POINT('',(-10.45,0.3,0.));
#8939=CARTESIAN_POINT('Origin',(-10.15,0.3,0.));
#8940=CARTESIAN_POINT('',(-10.45,0.3,0.));
#8941=CARTESIAN_POINT('Origin',(1.17328,13.9,0.));
#8942=CARTESIAN_POINT('',(2.3,13.9,0.));
#8943=CARTESIAN_POINT('',(2.3,13.9,0.));
#8944=CARTESIAN_POINT('',(0.1,14.5,0.));
#8945=CARTESIAN_POINT('',(0.06,14.4,0.));
#8946=CARTESIAN_POINT('',(2.,14.5,0.));
#8947=CARTESIAN_POINT('',(0.1,14.5,0.));
#8948=CARTESIAN_POINT('',(2.3,14.2,0.));
#8949=CARTESIAN_POINT('Origin',(2.,14.2,0.));
#8950=CARTESIAN_POINT('',(2.3,14.2,0.));
#8951=CARTESIAN_POINT('Origin',(-2.2,12.5,3.7));
#8952=CARTESIAN_POINT('',(-2.1,14.,3.7));
#8953=CARTESIAN_POINT('',(-2.3,14.5,3.7));
#8954=CARTESIAN_POINT('',(-2.1,14.,3.7));
#8955=CARTESIAN_POINT('',(-2.3,12.5,3.7));
#8956=CARTESIAN_POINT('',(-2.3,14.5,3.7));
#8957=CARTESIAN_POINT('',(-2.1,12.5,3.7));
#8958=CARTESIAN_POINT('',(-2.3,12.5,3.7));
#8959=CARTESIAN_POINT('',(-2.1,12.5,3.7));
#8960=CARTESIAN_POINT('Origin',(-9.45,8.9,2.725));
#8961=CARTESIAN_POINT('',(-9.45,11.9973174555522,2.7));
#8962=CARTESIAN_POINT('',(-9.45,8.9,2.7));
#8963=CARTESIAN_POINT('',(-9.45,11.9973174555522,2.7));
#8964=CARTESIAN_POINT('',(-9.45,8.9,2.75));
#8965=CARTESIAN_POINT('',(-9.45,8.9,2.7));
#8966=CARTESIAN_POINT('',(-9.45,11.9973174555522,2.75));
#8967=CARTESIAN_POINT('',(-9.45,8.9,2.75));
#8968=CARTESIAN_POINT('',(-9.45,11.9973174555522,2.75));
#8969=CARTESIAN_POINT('Origin',(0.,12.5,3.7));
#8970=CARTESIAN_POINT('',(-0.1,14.,3.7));
#8971=CARTESIAN_POINT('',(-0.1,12.5,3.7));
#8972=CARTESIAN_POINT('',(-0.1,14.,3.7));
#8973=CARTESIAN_POINT('',(0.1,12.5,3.7));
#8974=CARTESIAN_POINT('',(-0.1,12.5,3.7));
#8975=CARTESIAN_POINT('',(0.1,14.5,3.7));
#8976=CARTESIAN_POINT('',(0.1,12.5,3.7));
#8977=CARTESIAN_POINT('',(0.1,14.5,3.7));
#8978=CARTESIAN_POINT('Origin',(-2.2,12.5,0.2));
#8979=CARTESIAN_POINT('',(-2.1,14.,0.2));
#8980=CARTESIAN_POINT('',(-2.3,14.5,0.2));
#8981=CARTESIAN_POINT('',(-2.1,14.,0.2));
#8982=CARTESIAN_POINT('',(-2.3,12.5,0.2));
#8983=CARTESIAN_POINT('',(-2.3,14.5,0.2));
#8984=CARTESIAN_POINT('',(-2.1,12.5,0.2));
#8985=CARTESIAN_POINT('',(-2.3,12.5,0.2));
#8986=CARTESIAN_POINT('',(-2.1,12.5,0.2));
#8987=CARTESIAN_POINT('Origin',(0.,12.5,0.2));
#8988=CARTESIAN_POINT('',(0.1,12.5,0.2));
#8989=CARTESIAN_POINT('',(-0.1,12.5,0.2));
#8990=CARTESIAN_POINT('',(0.1,14.5,0.2));
#8991=CARTESIAN_POINT('',(0.1,12.5,0.2));
#8992=CARTESIAN_POINT('',(0.1,14.5,0.2));
#8993=CARTESIAN_POINT('Origin',(-10.45,8.9,3.1));
#8994=CARTESIAN_POINT('',(-10.45,8.9,2.7));
#8995=CARTESIAN_POINT('',(-10.45,8.9,3.5));
#8996=CARTESIAN_POINT('',(-10.45,8.9,2.7));
#8997=CARTESIAN_POINT('',(-10.0456925097228,8.9,3.5));
#8998=CARTESIAN_POINT('',(-10.45,8.9,3.5));
#8999=CARTESIAN_POINT('',(-10.1417201696725,8.9,3.4652331919396));
#9000=CARTESIAN_POINT('Origin',(-10.0456925097228,8.9,3.34999999999998));
#9001=CARTESIAN_POINT('',(-10.3460276599497,8.9,3.29497695004194));
#9002=CARTESIAN_POINT('',(-10.1417201696725,8.9,3.46523319193961));
#9003=CARTESIAN_POINT('',(-10.4,8.9,3.17974375810234));
#9004=CARTESIAN_POINT('Origin',(-10.25,8.9,3.17974375810234));
#9005=CARTESIAN_POINT('',(-10.4,8.9,3.02025624189767));
#9006=CARTESIAN_POINT('',(-10.4,8.9,3.17974375810233));
#9007=CARTESIAN_POINT('',(-10.3460276599497,8.9,2.90502304995806));
#9008=CARTESIAN_POINT('Origin',(-10.25,8.9,3.02025624189766));
#9009=CARTESIAN_POINT('',(-10.1417201696725,8.9,2.73476680806039));
#9010=CARTESIAN_POINT('',(-10.3460276599497,8.9,2.90502304995806));
#9011=CARTESIAN_POINT('',(-10.0456925097228,8.9,2.70000000000001));
#9012=CARTESIAN_POINT('Origin',(-10.0456925097228,8.9,2.85000000000001));
#9013=CARTESIAN_POINT('',(-10.0456925097228,8.9,2.7));
#9014=CARTESIAN_POINT('Origin',(-10.0462613289024,8.9,2.8));
#9015=CARTESIAN_POINT('',(-10.0427050983125,8.9,2.7));
#9016=CARTESIAN_POINT('',(-9.45,8.9,2.7));
#9017=CARTESIAN_POINT('',(-9.9085410196625,8.9,2.782917960675));
#9018=CARTESIAN_POINT('Origin',(-10.0427050983125,8.9,2.85));
#9019=CARTESIAN_POINT('',(-9.8914589803375,8.9,2.817082039325));
#9020=CARTESIAN_POINT('',(-9.9085410196625,8.9,2.78291796067501));
#9021=CARTESIAN_POINT('',(-9.75729490168752,8.9,2.90000000000001));
#9022=CARTESIAN_POINT('Origin',(-9.75729490168752,8.9,2.75));
#9023=CARTESIAN_POINT('',(-9.6,8.9,2.9));
#9024=CARTESIAN_POINT('',(-9.75729490168752,8.9,2.9));
#9025=CARTESIAN_POINT('Origin',(-9.6,8.9,2.75));
#9026=CARTESIAN_POINT('Origin',(-9.45,8.9,3.475));
#9027=CARTESIAN_POINT('',(-9.45,8.9,3.5));
#9028=CARTESIAN_POINT('',(-9.45,11.9973174555522,3.5));
#9029=CARTESIAN_POINT('',(-9.45,8.9,3.5));
#9030=CARTESIAN_POINT('',(-9.45,11.9973174555522,3.45));
#9031=CARTESIAN_POINT('',(-9.45,11.9973174555522,3.5));
#9032=CARTESIAN_POINT('',(-9.45,8.9,3.45));
#9033=CARTESIAN_POINT('',(-9.45,11.9973174555522,3.45));
#9034=CARTESIAN_POINT('',(-9.45,8.9,3.45));
#9035=CARTESIAN_POINT('Origin',(-10.0462613289024,8.9,3.4));
#9036=CARTESIAN_POINT('',(-9.9085410196625,8.9,3.417082039325));
#9037=CARTESIAN_POINT('',(-10.0427050983125,8.9,3.5));
#9038=CARTESIAN_POINT('Origin',(-10.0427050983125,8.9,3.35));
#9039=CARTESIAN_POINT('',(-10.0427050983125,8.9,3.5));
#9040=CARTESIAN_POINT('',(-9.6,8.9,3.3));
#9041=CARTESIAN_POINT('Origin',(-9.6,8.9,3.45));
#9042=CARTESIAN_POINT('',(-9.75729490168752,8.9,3.3));
#9043=CARTESIAN_POINT('',(-9.6,8.9,3.3));
#9044=CARTESIAN_POINT('',(-9.89145898033751,8.9,3.38291796067501));
#9045=CARTESIAN_POINT('Origin',(-9.75729490168751,8.9,3.45000000000001));
#9046=CARTESIAN_POINT('',(-9.8914589803375,8.9,3.38291796067501));
#9047=CARTESIAN_POINT('Origin',(-10.0462613289024,8.9,6.3));
#9048=CARTESIAN_POINT('',(-9.45,8.9,6.25));
#9049=CARTESIAN_POINT('',(-9.45,8.9,6.2));
#9050=CARTESIAN_POINT('',(-9.45,8.9,6.25));
#9051=CARTESIAN_POINT('',(-10.0427050983125,8.9,6.2));
#9052=CARTESIAN_POINT('',(-9.45,8.9,6.2));
#9053=CARTESIAN_POINT('',(-9.9085410196625,8.9,6.282917960675));
#9054=CARTESIAN_POINT('Origin',(-10.0427050983125,8.9,6.35));
#9055=CARTESIAN_POINT('',(-9.8914589803375,8.9,6.317082039325));
#9056=CARTESIAN_POINT('',(-9.9085410196625,8.9,6.28291796067501));
#9057=CARTESIAN_POINT('',(-9.75729490168752,8.9,6.40000000000001));
#9058=CARTESIAN_POINT('Origin',(-9.75729490168752,8.9,6.25));
#9059=CARTESIAN_POINT('',(-9.6,8.9,6.4));
#9060=CARTESIAN_POINT('',(-9.75729490168752,8.9,6.4));
#9061=CARTESIAN_POINT('Origin',(-9.6,8.9,6.25));
#9062=CARTESIAN_POINT('Origin',(-9.45,8.9,6.225));
#9063=CARTESIAN_POINT('',(-9.45,11.9973174555522,6.2));
#9064=CARTESIAN_POINT('',(-9.45,11.9973174555522,6.2));
#9065=CARTESIAN_POINT('',(-9.45,11.9973174555522,6.25));
#9066=CARTESIAN_POINT('',(-9.45,8.9,6.25));
#9067=CARTESIAN_POINT('',(-9.45,11.9973174555522,6.25));
#9068=CARTESIAN_POINT('Origin',(-9.85,1.2,1.425));
#9069=CARTESIAN_POINT('',(-9.85,1.2,2.85));
#9070=CARTESIAN_POINT('Origin',(-9.85,0.,1.425));
#9071=CARTESIAN_POINT('',(-9.85,0.,2.85));
#9072=CARTESIAN_POINT('Origin',(1.25,13.9,4.925));
#9073=CARTESIAN_POINT('',(1.25,13.9,3.5));
#9074=CARTESIAN_POINT('',(2.3,13.9,3.5));
#9075=CARTESIAN_POINT('',(1.25,13.9,3.5));
#9076=CARTESIAN_POINT('',(2.3,13.9,6.35));
#9077=CARTESIAN_POINT('',(2.3,13.9,3.5));
#9078=CARTESIAN_POINT('',(1.25,13.9,6.35));
#9079=CARTESIAN_POINT('',(2.3,13.9,6.35));
#9080=CARTESIAN_POINT('',(1.25,13.9,6.35));
#9081=CARTESIAN_POINT('Origin',(1.1,7.89910685796332,1.425));
#9082=CARTESIAN_POINT('',(1.1,9.51489700771813,2.85));
#9083=CARTESIAN_POINT('',(1.1,9.51489700771813,0.));
#9084=CARTESIAN_POINT('',(1.1,9.51489700771813,2.85));
#9085=CARTESIAN_POINT('Origin',(1.7,1.44910480547187,3.5));
#9086=CARTESIAN_POINT('',(2.3,1.5,3.5));
#9087=CARTESIAN_POINT('',(2.3,9.98253242135513,3.5));
#9088=CARTESIAN_POINT('',(2.3,1.5,3.5));
#9089=CARTESIAN_POINT('',(1.21481481481481,9.61379352566494,3.5));
#9090=CARTESIAN_POINT('Origin',(1.4,10.85,3.5));
#9091=CARTESIAN_POINT('Origin',(1.2,9.51489700771813,3.5));
#9092=CARTESIAN_POINT('',(1.25535714285714,7.74920255175298,3.5));
#9093=CARTESIAN_POINT('Origin',(1.25,7.89910685796333,3.5));
#9094=CARTESIAN_POINT('Origin',(1.3,6.5,3.5));
#9095=CARTESIAN_POINT('',(1.1,2.64891252930761,3.5));
#9096=CARTESIAN_POINT('',(1.1,5.10089314203668,3.5));
#9097=CARTESIAN_POINT('',(1.25652173913043,2.49905437331097,3.5));
#9098=CARTESIAN_POINT('Origin',(1.25,2.64891252930761,3.5));
#9099=CARTESIAN_POINT('Origin',(1.3,1.5,3.5));
#9100=CARTESIAN_POINT('Origin',(1.25,5.10089314203668,1.425));
#9101=CARTESIAN_POINT('',(1.25535714285714,5.25079744824703,2.85));
#9102=CARTESIAN_POINT('',(1.25535714285714,5.25079744824703,0.));
#9103=CARTESIAN_POINT('',(1.1,5.10089314203668,2.85));
#9104=CARTESIAN_POINT('Origin',(1.25,5.10089314203668,2.85));
#9105=CARTESIAN_POINT('',(1.1,5.10089314203668,2.85));
#9106=CARTESIAN_POINT('Origin',(1.3,6.5,4.925));
#9107=CARTESIAN_POINT('',(1.25535714285714,7.74920255175297,6.35));
#9108=CARTESIAN_POINT('',(1.25535714285714,7.74920255175297,3.5));
#9109=CARTESIAN_POINT('Origin',(1.3,6.5,6.35));
#9110=CARTESIAN_POINT('Origin',(1.3,6.5,1.425));
#9111=CARTESIAN_POINT('Origin',(1.3,6.5,2.85));
#9112=CARTESIAN_POINT('Origin',(1.3,1.5,1.425));
#9113=CARTESIAN_POINT('',(2.3,1.5,2.85));
#9114=CARTESIAN_POINT('Origin',(1.3,1.5,2.85));
#9115=CARTESIAN_POINT('',(2.3,1.5,2.85));
#9116=CARTESIAN_POINT('Origin',(1.2,9.51489700771813,4.925));
#9117=CARTESIAN_POINT('',(1.21481481481481,9.61379352566494,6.35));
#9118=CARTESIAN_POINT('',(1.21481481481481,9.61379352566494,3.5));
#9119=CARTESIAN_POINT('Origin',(1.2,9.51489700771813,6.35));
#9120=CARTESIAN_POINT('Origin',(1.3,6.5,1.425));
#9121=CARTESIAN_POINT('Origin',(1.3,6.5,2.85));
#9122=CARTESIAN_POINT('Origin',(1.1,2.64891252930761,1.425));
#9123=CARTESIAN_POINT('',(1.1,5.10089314203668,2.85));
#9124=CARTESIAN_POINT('Origin',(1.25,7.89910685796333,4.925));
#9125=CARTESIAN_POINT('Origin',(1.25,7.89910685796333,6.35));
#9126=CARTESIAN_POINT('Origin',(-9.6,10.4579506801427,6.25));
#9127=CARTESIAN_POINT('',(-9.6,11.818554416663,6.4));
#9128=CARTESIAN_POINT('',(-9.6,8.9,6.4));
#9129=CARTESIAN_POINT('Origin',(-9.6,11.818554416663,6.25));
#9130=CARTESIAN_POINT('Origin',(1.25,13.9,1.425));
#9131=CARTESIAN_POINT('',(2.3,13.9,2.85));
#9132=CARTESIAN_POINT('',(2.3,13.9,0.));
#9133=CARTESIAN_POINT('',(1.25,13.9,2.85));
#9134=CARTESIAN_POINT('',(2.3,13.9,2.85));
#9135=CARTESIAN_POINT('',(1.25,13.9,2.85));
#9136=CARTESIAN_POINT('Origin',(-9.85,0.,4.925));
#9137=CARTESIAN_POINT('',(-9.85,0.,3.5));
#9138=CARTESIAN_POINT('',(-9.85,1.2,3.5));
#9139=CARTESIAN_POINT('',(-9.85,0.,3.5));
#9140=CARTESIAN_POINT('',(-9.85,1.2,3.5));
#9141=CARTESIAN_POINT('',(-9.85,0.,6.35));
#9142=CARTESIAN_POINT('Origin',(1.1,12.2419410907075,1.425));
#9143=CARTESIAN_POINT('',(1.1,13.75,2.85));
#9144=CARTESIAN_POINT('',(1.1,13.75,0.));
#9145=CARTESIAN_POINT('',(1.1,12.2419410907075,2.85));
#9146=CARTESIAN_POINT('',(1.1,13.75,2.85));
#9147=CARTESIAN_POINT('',(1.1,12.2419410907075,2.85));
#9148=CARTESIAN_POINT('Origin',(-9.85,1.2,4.925));
#9149=CARTESIAN_POINT('',(-9.09910685796332,1.2,3.5));
#9150=CARTESIAN_POINT('',(-9.85,1.2,3.5));
#9151=CARTESIAN_POINT('',(-9.09910685796332,1.2,3.5));
#9152=CARTESIAN_POINT('Origin',(1.25,13.75,1.425));
#9153=CARTESIAN_POINT('Origin',(1.25,13.75,2.85));
#9154=CARTESIAN_POINT('Origin',(1.7,1.44910480547187,2.85));
#9155=CARTESIAN_POINT('',(1.21481481481481,9.61379352566494,2.85));
#9156=CARTESIAN_POINT('Origin',(1.2,9.51489700771813,2.85));
#9157=CARTESIAN_POINT('',(2.3,9.98253242135513,2.85));
#9158=CARTESIAN_POINT('Origin',(1.4,10.85,2.85));
#9159=CARTESIAN_POINT('',(2.3,9.98253242135513,2.85));
#9160=CARTESIAN_POINT('Origin',(1.2,9.51489700771813,1.425));
#9161=CARTESIAN_POINT('',(1.21481481481481,9.61379352566494,0.));
#9162=CARTESIAN_POINT('Origin',(-9.09910685796332,1.05,4.925));
#9163=CARTESIAN_POINT('',(-8.94920255175297,1.05535714285715,3.5));
#9164=CARTESIAN_POINT('Origin',(-9.09910685796332,1.05,3.5));
#9165=CARTESIAN_POINT('',(-8.94920255175296,1.05535714285714,3.5));
#9166=CARTESIAN_POINT('Origin',(1.25,12.2419410907075,4.925));
#9167=CARTESIAN_POINT('',(1.2660714144676,12.0928045437547,3.5));
#9168=CARTESIAN_POINT('',(1.1,12.2419410907075,3.5));
#9169=CARTESIAN_POINT('Origin',(1.25,12.2419410907075,3.5));
#9170=CARTESIAN_POINT('',(1.1,12.2419410907075,6.35));
#9171=CARTESIAN_POINT('',(1.1,12.2419410907075,3.5));
#9172=CARTESIAN_POINT('',(1.2660714144676,12.0928045437547,6.35));
#9173=CARTESIAN_POINT('Origin',(1.25,12.2419410907075,6.35));
#9174=CARTESIAN_POINT('',(1.2660714144676,12.0928045437547,6.35));
#9175=CARTESIAN_POINT('Origin',(-9.067189703489,0.,3.5));
#9176=CARTESIAN_POINT('',(-8.2937171043519,0.,3.5));
#9177=CARTESIAN_POINT('',(-9.85,0.,3.5));
#9178=CARTESIAN_POINT('Origin',(-7.69999999999999,1.1,3.5));
#9179=CARTESIAN_POINT('Origin',(-7.69999999999999,1.1,4.925));
#9180=CARTESIAN_POINT('',(-8.2937171043519,0.,3.5));
#9181=CARTESIAN_POINT('Origin',(1.4,10.85,1.425));
#9182=CARTESIAN_POINT('',(1.2660714144676,12.0928045437547,2.85));
#9183=CARTESIAN_POINT('',(1.2660714144676,12.0928045437547,0.));
#9184=CARTESIAN_POINT('',(2.3,11.7174675786449,2.85));
#9185=CARTESIAN_POINT('Origin',(1.4,10.85,2.85));
#9186=CARTESIAN_POINT('',(2.3,11.7174675786449,2.85));
#9187=CARTESIAN_POINT('Origin',(1.25,12.2419410907075,1.425));
#9188=CARTESIAN_POINT('Origin',(1.25,12.2419410907075,2.85));
#9189=CARTESIAN_POINT('Origin',(1.1,12.2419410907075,4.925));
#9190=CARTESIAN_POINT('',(1.1,13.75,3.5));
#9191=CARTESIAN_POINT('',(1.1,12.2419410907075,3.5));
#9192=CARTESIAN_POINT('',(1.1,13.75,6.35));
#9193=CARTESIAN_POINT('',(1.1,13.75,3.5));
#9194=CARTESIAN_POINT('',(1.1,13.75,6.35));
#9195=CARTESIAN_POINT('Origin',(1.7,11.7043723841167,6.35));
#9196=CARTESIAN_POINT('',(2.3,11.7174675786449,6.35));
#9197=CARTESIAN_POINT('Origin',(1.4,10.85,6.35));
#9198=CARTESIAN_POINT('Origin',(1.25,13.75,6.35));
#9199=CARTESIAN_POINT('',(2.3,13.9,6.35));
#9200=CARTESIAN_POINT('Origin',(1.7,11.7043723841167,2.85));
#9201=CARTESIAN_POINT('',(2.3,13.9,2.85));
#9202=CARTESIAN_POINT('Origin',(1.25,13.75,4.925));
#9203=CARTESIAN_POINT('Origin',(1.25,13.75,3.5));
#9204=CARTESIAN_POINT('Origin',(1.7,11.7043723841167,3.5));
#9205=CARTESIAN_POINT('',(2.3,11.7174675786449,3.5));
#9206=CARTESIAN_POINT('',(2.3,11.7174675786449,3.5));
#9207=CARTESIAN_POINT('Origin',(1.4,10.85,3.5));
#9208=CARTESIAN_POINT('Origin',(1.4,10.85,1.425));
#9209=CARTESIAN_POINT('',(2.3,9.98253242135513,0.));
#9210=CARTESIAN_POINT('Origin',(1.4,10.85,4.925));
#9211=CARTESIAN_POINT('',(2.3,11.7174675786449,6.35));
#9212=CARTESIAN_POINT('Origin',(1.7,1.44910480547187,6.35));
#9213=CARTESIAN_POINT('',(2.3,1.5,6.35));
#9214=CARTESIAN_POINT('',(1.25652173913043,2.49905437331096,6.35));
#9215=CARTESIAN_POINT('Origin',(1.3,1.5,6.35));
#9216=CARTESIAN_POINT('',(1.1,2.64891252930761,6.35));
#9217=CARTESIAN_POINT('Origin',(1.25,2.64891252930761,6.35));
#9218=CARTESIAN_POINT('',(1.1,2.64891252930761,6.35));
#9219=CARTESIAN_POINT('',(2.3,9.98253242135513,6.35));
#9220=CARTESIAN_POINT('Origin',(1.4,10.85,6.35));
#9221=CARTESIAN_POINT('',(2.3,9.98253242135513,6.35));
#9222=CARTESIAN_POINT('Origin',(1.4,10.85,4.925));
#9223=CARTESIAN_POINT('',(2.3,9.98253242135513,3.5));
#9224=CARTESIAN_POINT('Origin',(1.1,2.64891252930761,4.925));
#9225=CARTESIAN_POINT('',(1.1,2.64891252930761,6.35));
#9226=CARTESIAN_POINT('Origin',(1.25,2.64891252930761,4.925));
#9227=CARTESIAN_POINT('',(1.25652173913043,2.49905437331096,6.35));
#9228=CARTESIAN_POINT('Origin',(1.3,1.5,4.925));
#9229=CARTESIAN_POINT('',(2.3,1.5,6.35));
#9230=CARTESIAN_POINT('Origin',(-9.75729490168752,10.2737421191975,6.25));
#9231=CARTESIAN_POINT('',(-9.75729490168752,11.6310976524802,6.4));
#9232=CARTESIAN_POINT('',(-9.75729490168752,11.6310976524802,6.4));
#9233=CARTESIAN_POINT('',(-9.8914589803375,11.471207129752,6.317082039325));
#9234=CARTESIAN_POINT('',(-9.8914589803375,8.9,6.317082039325));
#9235=CARTESIAN_POINT('Origin',(-9.75729490168752,11.6310976524802,6.25));
#9236=CARTESIAN_POINT('Origin',(-9.9,8.9,6.3));
#9237=CARTESIAN_POINT('',(-9.9085410196625,11.4508495480176,6.28291796067501));
#9238=CARTESIAN_POINT('',(-9.9085410196625,8.9,6.28291796067501));
#9239=CARTESIAN_POINT('',(-9.9085410196625,11.4508495480176,6.282917960675));
#9240=CARTESIAN_POINT('Origin',(-10.0427050983125,10.1830773226528,6.35));
#9241=CARTESIAN_POINT('',(-10.0427050983125,11.2909590252894,6.2));
#9242=CARTESIAN_POINT('Origin',(-10.0427050983125,11.2909590252893,6.35));
#9243=CARTESIAN_POINT('',(-10.0427050983125,8.9,6.2));
#9244=CARTESIAN_POINT('Origin',(-9.525,3.45,6.2));
#9245=CARTESIAN_POINT('',(-8.6,13.0103080092572,6.2));
#9246=CARTESIAN_POINT('',(-9.45,11.9973174555522,6.2));
#9247=CARTESIAN_POINT('',(-8.6,3.45,6.2));
#9248=CARTESIAN_POINT('',(-8.6,13.0103080092572,6.2));
#9249=CARTESIAN_POINT('',(-10.45,3.45,6.2));
#9250=CARTESIAN_POINT('',(-8.6,3.45,6.2));
#9251=CARTESIAN_POINT('',(-10.45,8.9,6.2));
#9252=CARTESIAN_POINT('',(-10.45,3.45,6.2));
#9253=CARTESIAN_POINT('',(-10.0456925097228,8.9,6.2));
#9254=CARTESIAN_POINT('',(-10.45,8.9,6.2));
#9255=CARTESIAN_POINT('',(-10.0456925097228,11.2873987670086,6.2));
#9256=CARTESIAN_POINT('',(-10.0456925097228,8.9,6.2));
#9257=CARTESIAN_POINT('',(-10.0456925097228,11.2873987670086,6.2));
#9258=CARTESIAN_POINT('Origin',(-10.2438739148111,8.9,6.31989492900923));
#9259=CARTESIAN_POINT('',(-10.1417201696725,11.1729574582751,6.2347668080604));
#9260=CARTESIAN_POINT('',(-10.1417201696725,8.9,6.2347668080604));
#9261=CARTESIAN_POINT('',(-10.1417201696725,11.1729574582751,6.2347668080604));
#9262=CARTESIAN_POINT('',(-10.3460276599497,8.9,6.40502304995806));
#9263=CARTESIAN_POINT('',(-10.1417201696725,8.9,6.2347668080604));
#9264=CARTESIAN_POINT('',(-10.3460276599497,10.9294732727434,6.40502304995806));
#9265=CARTESIAN_POINT('',(-10.3460276599497,8.9,6.40502304995806));
#9266=CARTESIAN_POINT('',(-10.3460276599497,10.9294732727434,6.40502304995806));
#9267=CARTESIAN_POINT('Origin',(-10.25,9.9208250561899,6.52025624189766));
#9268=CARTESIAN_POINT('',(-10.4,10.8651515425877,6.52025624189767));
#9269=CARTESIAN_POINT('Origin',(-10.25,11.0439145814768,6.52025624189766));
#9270=CARTESIAN_POINT('',(-10.4,8.9,6.52025624189766));
#9271=CARTESIAN_POINT('Origin',(-10.25,8.9,6.52025624189766));
#9272=CARTESIAN_POINT('',(-10.4,8.9,6.52025624189767));
#9273=CARTESIAN_POINT('Origin',(-10.4,8.9,6.6));
#9274=CARTESIAN_POINT('',(-10.4,8.9,6.67974375810233));
#9275=CARTESIAN_POINT('',(-10.4,8.9,6.52025624189767));
#9276=CARTESIAN_POINT('',(-10.4,10.8651515425877,6.67974375810233));
#9277=CARTESIAN_POINT('',(-10.4,8.9,6.67974375810233));
#9278=CARTESIAN_POINT('',(-10.4,10.8651515425877,6.67974375810233));
#9279=CARTESIAN_POINT('Origin',(-10.25,9.9208250561899,6.67974375810234));
#9280=CARTESIAN_POINT('',(-10.3460276599497,10.9294732727434,6.79497695004194));
#9281=CARTESIAN_POINT('Origin',(-10.25,11.0439145814768,6.67974375810234));
#9282=CARTESIAN_POINT('',(-10.3460276599497,8.9,6.79497695004194));
#9283=CARTESIAN_POINT('Origin',(-10.25,8.9,6.67974375810234));
#9284=CARTESIAN_POINT('',(-10.3460276599497,8.9,6.79497695004194));
#9285=CARTESIAN_POINT('Origin',(-10.2438739148111,8.9,6.88010507099078));
#9286=CARTESIAN_POINT('',(-10.1417201696725,8.9,6.96523319193961));
#9287=CARTESIAN_POINT('',(-10.3460276599497,8.9,6.79497695004194));
#9288=CARTESIAN_POINT('',(-10.1417201696725,11.1729574582751,6.96523319193961));
#9289=CARTESIAN_POINT('',(-10.1417201696725,8.9,6.96523319193961));
#9290=CARTESIAN_POINT('',(-10.1417201696725,11.1729574582751,6.96523319193961));
#9291=CARTESIAN_POINT('Origin',(-9.75729490168751,10.2737421191975,6.95000000000001));
#9292=CARTESIAN_POINT('',(-9.8914589803375,11.471207129752,6.88291796067501));
#9293=CARTESIAN_POINT('',(-9.8914589803375,8.9,6.88291796067501));
#9294=CARTESIAN_POINT('',(-9.8914589803375,11.471207129752,6.88291796067501));
#9295=CARTESIAN_POINT('',(-9.75729490168751,8.9,6.80000000000001));
#9296=CARTESIAN_POINT('Origin',(-9.75729490168751,8.9,6.95000000000001));
#9297=CARTESIAN_POINT('',(-9.75729490168752,11.6310976524802,6.8));
#9298=CARTESIAN_POINT('',(-9.75729490168752,8.9,6.8));
#9299=CARTESIAN_POINT('Origin',(-9.75729490168751,11.6310976524802,6.95000000000001));
#9300=CARTESIAN_POINT('Origin',(-10.0456925097228,10.1008615798053,6.35000000000001));
#9301=CARTESIAN_POINT('Origin',(-10.0456925097228,11.2873987670086,6.35000000000001));
#9302=CARTESIAN_POINT('Origin',(-10.0456925097228,8.9,6.35000000000001));
#9303=CARTESIAN_POINT('Origin',(-9.67864745084376,8.9,6.8));
#9304=CARTESIAN_POINT('',(-9.6,8.9,6.8));
#9305=CARTESIAN_POINT('',(-9.75729490168752,8.9,6.8));
#9306=CARTESIAN_POINT('',(-9.6,11.818554416663,6.8));
#9307=CARTESIAN_POINT('',(-9.6,8.9,6.8));
#9308=CARTESIAN_POINT('',(-9.6,11.818554416663,6.8));
#9309=CARTESIAN_POINT('Origin',(-9.9,8.9,6.9));
#9310=CARTESIAN_POINT('',(-9.9085410196625,11.4508495480176,6.917082039325));
#9311=CARTESIAN_POINT('',(-9.9085410196625,8.9,6.917082039325));
#9312=CARTESIAN_POINT('',(-9.9085410196625,11.4508495480176,6.917082039325));
#9313=CARTESIAN_POINT('',(-9.9085410196625,8.9,6.917082039325));
#9314=CARTESIAN_POINT('',(-9.8914589803375,11.471207129752,6.88291796067501));
#9315=CARTESIAN_POINT('Origin',(-9.6,10.4579506801427,6.95));
#9316=CARTESIAN_POINT('',(-9.45,8.9,6.95));
#9317=CARTESIAN_POINT('Origin',(-9.6,8.9,6.95));
#9318=CARTESIAN_POINT('',(-9.45,11.9973174555522,6.95));
#9319=CARTESIAN_POINT('',(-9.45,8.9,6.95));
#9320=CARTESIAN_POINT('Origin',(-9.6,11.818554416663,6.95));
#9321=CARTESIAN_POINT('Origin',(-9.6,10.4579506801427,3.45));
#9322=CARTESIAN_POINT('',(-9.6,11.818554416663,3.3));
#9323=CARTESIAN_POINT('',(-9.6,11.818554416663,3.3));
#9324=CARTESIAN_POINT('Origin',(-9.6,11.818554416663,3.45));
#9325=CARTESIAN_POINT('Origin',(-9.67864745084376,8.9,6.4));
#9326=CARTESIAN_POINT('',(-9.75729490168752,11.6310976524802,6.4));
#9327=CARTESIAN_POINT('Origin',(-10.0427050983125,10.1830773226528,3.35));
#9328=CARTESIAN_POINT('',(-9.9085410196625,11.4508495480176,3.417082039325));
#9329=CARTESIAN_POINT('',(-10.0427050983125,11.2909590252893,3.5));
#9330=CARTESIAN_POINT('Origin',(-10.0427050983125,11.2909590252894,3.35));
#9331=CARTESIAN_POINT('',(-10.0427050983125,11.2909590252894,3.5));
#9332=CARTESIAN_POINT('',(-9.9085410196625,8.9,3.417082039325));
#9333=CARTESIAN_POINT('Origin',(-9.9,8.9,3.40000000000001));
#9334=CARTESIAN_POINT('',(-9.8914589803375,11.471207129752,3.38291796067501));
#9335=CARTESIAN_POINT('',(-9.8914589803375,8.9,3.38291796067501));
#9336=CARTESIAN_POINT('',(-9.8914589803375,11.471207129752,3.38291796067501));
#9337=CARTESIAN_POINT('Origin',(-9.67864745084376,8.9,3.3));
#9338=CARTESIAN_POINT('',(-9.75729490168752,11.6310976524802,3.3));
#9339=CARTESIAN_POINT('',(-9.75729490168752,11.6310976524802,3.3));
#9340=CARTESIAN_POINT('',(-9.6,11.818554416663,3.3));
#9341=CARTESIAN_POINT('Origin',(-9.525,2.15,3.5));
#9342=CARTESIAN_POINT('',(-10.0456925097228,11.2873987670086,3.5));
#9343=CARTESIAN_POINT('',(-10.0456925097228,11.2873987670086,3.5));
#9344=CARTESIAN_POINT('',(-10.45,2.15,3.5));
#9345=CARTESIAN_POINT('',(-10.45,8.9,3.5));
#9346=CARTESIAN_POINT('',(-8.6,2.15,3.5));
#9347=CARTESIAN_POINT('',(-10.45,2.15,3.5));
#9348=CARTESIAN_POINT('',(-8.6,13.0103080092572,3.5));
#9349=CARTESIAN_POINT('',(-8.6,2.15,3.5));
#9350=CARTESIAN_POINT('',(-8.6,13.0103080092572,3.5));
#9351=CARTESIAN_POINT('',(-10.0427050983125,11.2909590252894,3.5));
#9352=CARTESIAN_POINT('Origin',(-9.75729490168751,10.2737421191975,3.45000000000001));
#9353=CARTESIAN_POINT('Origin',(-9.75729490168751,11.6310976524802,3.45000000000001));
#9354=CARTESIAN_POINT('Origin',(1.5,0.175543735346195,3.5));
#9355=CARTESIAN_POINT('',(1.5,0.,3.5));
#9356=CARTESIAN_POINT('Origin',(-7.7,1.1,4.925));
#9357=CARTESIAN_POINT('',(-7.1062828956481,0.,6.35));
#9358=CARTESIAN_POINT('Origin',(-4.1,13.5,1.35));
#9359=CARTESIAN_POINT('',(-4.1,14.5,1.05));
#9360=CARTESIAN_POINT('',(-4.4,14.5,1.35));
#9361=CARTESIAN_POINT('Origin',(-4.1,14.5,1.35));
#9362=CARTESIAN_POINT('',(-4.4,12.5,1.35));
#9363=CARTESIAN_POINT('',(-4.4,14.5,1.35));
#9364=CARTESIAN_POINT('',(-4.1,12.5,1.05));
#9365=CARTESIAN_POINT('Origin',(-4.1,12.5,1.35));
#9366=CARTESIAN_POINT('',(-4.1,12.5,1.05));
#9367=CARTESIAN_POINT('Origin',(0.1,13.5,0.8));
#9368=CARTESIAN_POINT('',(0.7,14.5,0.8));
#9369=CARTESIAN_POINT('Origin',(0.1,14.5,0.8));
#9370=CARTESIAN_POINT('',(0.7,12.5,0.8));
#9371=CARTESIAN_POINT('Origin',(0.1,12.5,0.8));
#9372=CARTESIAN_POINT('',(0.7,12.5,0.8));
#9373=CARTESIAN_POINT('Origin',(-9.75729490168752,10.2737421191975,2.75));
#9374=CARTESIAN_POINT('',(-9.75729490168752,11.6310976524802,2.9));
#9375=CARTESIAN_POINT('',(-9.75729490168752,11.6310976524802,2.9));
#9376=CARTESIAN_POINT('',(-9.8914589803375,11.471207129752,2.817082039325));
#9377=CARTESIAN_POINT('',(-9.8914589803375,8.9,2.817082039325));
#9378=CARTESIAN_POINT('Origin',(-9.75729490168752,11.6310976524802,2.75));
#9379=CARTESIAN_POINT('Origin',(-10.2438739148111,8.9,3.38010507099078));
#9380=CARTESIAN_POINT('',(-10.3460276599497,10.9294732727433,3.29497695004194));
#9381=CARTESIAN_POINT('',(-10.3460276599497,10.9294732727434,3.29497695004194));
#9382=CARTESIAN_POINT('',(-10.1417201696725,11.1729574582751,3.46523319193961));
#9383=CARTESIAN_POINT('',(-10.1417201696725,8.9,3.46523319193961));
#9384=CARTESIAN_POINT('',(-10.1417201696725,11.1729574582751,3.46523319193961));
#9385=CARTESIAN_POINT('Origin',(-9.67864745084376,8.9,2.9));
#9386=CARTESIAN_POINT('',(-9.6,11.818554416663,2.9));
#9387=CARTESIAN_POINT('',(-9.6,11.818554416663,2.9));
#9388=CARTESIAN_POINT('',(-9.75729490168752,11.6310976524802,2.9));
#9389=CARTESIAN_POINT('Origin',(-10.25,9.9208250561899,3.17974375810234));
#9390=CARTESIAN_POINT('',(-10.4,10.8651515425877,3.17974375810234));
#9391=CARTESIAN_POINT('Origin',(-10.25,11.0439145814768,3.17974375810234));
#9392=CARTESIAN_POINT('',(-10.4,10.8651515425877,3.17974375810233));
#9393=CARTESIAN_POINT('Origin',(-10.25,9.9208250561899,3.02025624189766));
#9394=CARTESIAN_POINT('',(-10.4,10.8651515425877,3.02025624189767));
#9395=CARTESIAN_POINT('',(-10.3460276599497,10.9294732727433,2.90502304995806));
#9396=CARTESIAN_POINT('Origin',(-10.25,11.0439145814768,3.02025624189766));
#9397=CARTESIAN_POINT('',(-10.3460276599497,10.9294732727434,2.90502304995806));
#9398=CARTESIAN_POINT('',(-10.4,8.9,3.02025624189767));
#9399=CARTESIAN_POINT('Origin',(-10.45,3.45,1.9));
#9400=CARTESIAN_POINT('',(-10.45,3.45,1.1));
#9401=CARTESIAN_POINT('',(-10.45,3.45,2.7));
#9402=CARTESIAN_POINT('',(-10.45,3.45,1.1));
#9403=CARTESIAN_POINT('',(-8.6,3.45,2.7));
#9404=CARTESIAN_POINT('',(-10.45,3.45,2.7));
#9405=CARTESIAN_POINT('',(-8.6,3.45,1.1));
#9406=CARTESIAN_POINT('',(-8.6,3.45,2.7));
#9407=CARTESIAN_POINT('',(-8.6,3.45,1.1));
#9408=CARTESIAN_POINT('Origin',(-9.525,2.45,4.6));
#9409=CARTESIAN_POINT('',(-10.45,2.45,4.6));
#9410=CARTESIAN_POINT('',(-10.45,3.45,4.6));
#9411=CARTESIAN_POINT('',(-10.45,2.45,4.6));
#9412=CARTESIAN_POINT('',(-8.6,3.45,4.6));
#9413=CARTESIAN_POINT('',(-10.45,3.45,4.6));
#9414=CARTESIAN_POINT('',(-8.6,2.45,4.6));
#9415=CARTESIAN_POINT('',(-8.6,3.45,4.6));
#9416=CARTESIAN_POINT('',(-8.6,2.45,4.6));
#9417=CARTESIAN_POINT('Origin',(-9.525,2.45,0.8));
#9418=CARTESIAN_POINT('',(-10.45,2.15,0.8));
#9419=CARTESIAN_POINT('',(-10.45,2.45,1.1));
#9420=CARTESIAN_POINT('Origin',(-10.45,2.45,0.8));
#9421=CARTESIAN_POINT('',(-8.6,2.45,1.1));
#9422=CARTESIAN_POINT('',(-10.45,2.45,1.1));
#9423=CARTESIAN_POINT('',(-8.6,2.15,0.8));
#9424=CARTESIAN_POINT('Origin',(-8.6,2.45,0.8));
#9425=CARTESIAN_POINT('',(-8.6,2.15,0.8));
#9426=CARTESIAN_POINT('Origin',(-8.6,2.15,4.85));
#9427=CARTESIAN_POINT('',(-8.6,2.15,4.3));
#9428=CARTESIAN_POINT('',(-8.6,2.15,3.5));
#9429=CARTESIAN_POINT('Origin',(-8.6,2.45,4.3));
#9430=CARTESIAN_POINT('',(-8.6,3.45,4.6));
#9431=CARTESIAN_POINT('',(-8.6,13.0103080092572,6.2));
#9432=CARTESIAN_POINT('Origin',(-9.525,2.45,4.3));
#9433=CARTESIAN_POINT('',(-10.45,2.15,4.3));
#9434=CARTESIAN_POINT('Origin',(-10.45,2.45,4.3));
#9435=CARTESIAN_POINT('',(-8.6,2.15,4.3));
#9436=CARTESIAN_POINT('Origin',(-4.4,12.5,1.65));
#9437=CARTESIAN_POINT('',(-4.4,14.5,1.95));
#9438=CARTESIAN_POINT('',(-4.4,14.5,1.35));
#9439=CARTESIAN_POINT('',(-4.4,12.5,1.95));
#9440=CARTESIAN_POINT('',(-4.4,14.5,1.95));
#9441=CARTESIAN_POINT('',(-4.4,12.5,1.95));
#9442=CARTESIAN_POINT('Origin',(-3.05,13.5,2.4));
#9443=CARTESIAN_POINT('',(-3.05,14.5,2.25));
#9444=CARTESIAN_POINT('',(-2.9,14.5,2.4));
#9445=CARTESIAN_POINT('Origin',(-3.05,14.5,2.4));
#9446=CARTESIAN_POINT('',(-2.9,12.5,2.4));
#9447=CARTESIAN_POINT('',(-2.9,14.5,2.4));
#9448=CARTESIAN_POINT('',(-3.05,12.5,2.25));
#9449=CARTESIAN_POINT('Origin',(-3.05,12.5,2.4));
#9450=CARTESIAN_POINT('',(-3.05,12.5,2.25));
#9451=CARTESIAN_POINT('Origin',(-8.6,2.15,1.35));
#9452=CARTESIAN_POINT('',(-8.6,2.15,0.));
#9453=CARTESIAN_POINT('',(-8.6,2.45,1.1));
#9454=CARTESIAN_POINT('',(-8.6,13.0103080092572,2.7));
#9455=CARTESIAN_POINT('',(-8.6,3.45,2.7));
#9456=CARTESIAN_POINT('',(-8.6,13.0103080092572,2.7));
#9457=CARTESIAN_POINT('Origin',(-9.525,3.45,2.7));
#9458=CARTESIAN_POINT('',(-10.0427050983125,11.2909590252894,2.7));
#9459=CARTESIAN_POINT('',(-10.0427050983125,11.2909590252894,2.7));
#9460=CARTESIAN_POINT('',(-9.45,11.9973174555522,2.7));
#9461=CARTESIAN_POINT('',(-10.45,3.45,2.7));
#9462=CARTESIAN_POINT('',(-10.0456925097228,11.2873987670086,2.7));
#9463=CARTESIAN_POINT('',(-10.0456925097228,8.9,2.7));
#9464=CARTESIAN_POINT('',(-10.0456925097228,11.2873987670086,2.7));
#9465=CARTESIAN_POINT('Origin',(-4.1,13.5,1.95));
#9466=CARTESIAN_POINT('',(-4.1,14.5,2.25));
#9467=CARTESIAN_POINT('Origin',(-4.1,14.5,1.95));
#9468=CARTESIAN_POINT('',(-4.1,12.5,2.25));
#9469=CARTESIAN_POINT('',(-4.1,14.5,2.25));
#9470=CARTESIAN_POINT('Origin',(-4.1,12.5,1.95));
#9471=CARTESIAN_POINT('Origin',(-3.575,12.5,2.25));
#9472=CARTESIAN_POINT('',(-4.1,14.5,2.25));
#9473=CARTESIAN_POINT('',(-3.05,12.5,2.25));
#9474=CARTESIAN_POINT('Origin',(-10.0456925097228,10.1008615798053,2.85000000000001));
#9475=CARTESIAN_POINT('',(-10.1417201696725,11.1729574582751,2.73476680806039));
#9476=CARTESIAN_POINT('Origin',(-10.0456925097228,11.2873987670086,2.85000000000001));
#9477=CARTESIAN_POINT('',(-10.1417201696725,8.9,2.73476680806039));
#9478=CARTESIAN_POINT('Origin',(-2.3,13.5,2.5));
#9479=CARTESIAN_POINT('',(-2.9,14.5,2.5));
#9480=CARTESIAN_POINT('',(-2.3,14.5,3.1));
#9481=CARTESIAN_POINT('Origin',(-2.3,14.5,2.5));
#9482=CARTESIAN_POINT('',(-2.3,12.5,3.1));
#9483=CARTESIAN_POINT('',(-2.3,14.5,3.1));
#9484=CARTESIAN_POINT('',(-2.9,12.5,2.5));
#9485=CARTESIAN_POINT('Origin',(-2.3,12.5,2.5));
#9486=CARTESIAN_POINT('',(-2.9,12.5,2.5));
#9487=CARTESIAN_POINT('Origin',(-10.45,3.45,5.4));
#9488=CARTESIAN_POINT('',(-10.45,3.45,4.6));
#9489=CARTESIAN_POINT('Origin',(-10.2438739148111,8.9,2.81989492900923));
#9490=CARTESIAN_POINT('',(-10.3460276599497,10.9294732727434,2.90502304995806));
#9491=CARTESIAN_POINT('Origin',(-1.1,12.5,3.1));
#9492=CARTESIAN_POINT('',(0.1,14.5,3.1));
#9493=CARTESIAN_POINT('',(-2.3,14.5,3.1));
#9494=CARTESIAN_POINT('',(0.1,12.5,3.1));
#9495=CARTESIAN_POINT('',(0.1,14.5,3.1));
#9496=CARTESIAN_POINT('',(0.1,12.5,3.1));
#9497=CARTESIAN_POINT('Origin',(-10.0456925097228,10.1008615798053,3.34999999999998));
#9498=CARTESIAN_POINT('Origin',(-10.0456925097228,11.2873987670086,3.34999999999998));
#9499=CARTESIAN_POINT('Origin',(-9.525,2.45,1.1));
#9500=CARTESIAN_POINT('',(-10.45,2.45,1.1));
#9501=CARTESIAN_POINT('Origin',(-10.0427050983125,10.1830773226528,2.85));
#9502=CARTESIAN_POINT('',(-9.9085410196625,11.4508495480176,2.782917960675));
#9503=CARTESIAN_POINT('Origin',(-10.0427050983125,11.2909590252893,2.85));
#9504=CARTESIAN_POINT('',(-9.9085410196625,11.4508495480176,2.78291796067501));
#9505=CARTESIAN_POINT('Origin',(0.7,12.5,1.65));
#9506=CARTESIAN_POINT('',(0.7,14.5,2.5));
#9507=CARTESIAN_POINT('',(0.7,14.5,2.5));
#9508=CARTESIAN_POINT('',(0.7,12.5,2.5));
#9509=CARTESIAN_POINT('',(0.7,12.5,0.8));
#9510=CARTESIAN_POINT('',(0.7,12.5,2.5));
#9511=CARTESIAN_POINT('Origin',(-9.9,8.9,2.8));
#9512=CARTESIAN_POINT('',(-9.9085410196625,11.4508495480176,2.782917960675));
#9513=CARTESIAN_POINT('Origin',(-9.6,10.4579506801427,2.75));
#9514=CARTESIAN_POINT('Origin',(-9.6,11.818554416663,2.75));
#9515=CARTESIAN_POINT('Origin',(-10.45,2.15,3.9));
#9516=CARTESIAN_POINT('',(-10.45,2.15,3.5));
#9517=CARTESIAN_POINT('Origin',(-2.9,12.5,2.45));
#9518=CARTESIAN_POINT('',(-2.9,14.5,2.4));
#9519=CARTESIAN_POINT('',(-2.9,12.5,2.5));
#9520=CARTESIAN_POINT('Origin',(-2.9,12.5,4.35));
#9521=CARTESIAN_POINT('',(-2.9,14.5,4.3));
#9522=CARTESIAN_POINT('',(-2.9,14.5,4.4));
#9523=CARTESIAN_POINT('',(-2.9,14.5,4.3));
#9524=CARTESIAN_POINT('',(-2.9,12.5,4.4));
#9525=CARTESIAN_POINT('',(-2.9,14.5,4.4));
#9526=CARTESIAN_POINT('',(-2.9,12.5,4.3));
#9527=CARTESIAN_POINT('',(-2.9,12.5,4.4));
#9528=CARTESIAN_POINT('',(-2.9,12.5,4.3));
#9529=CARTESIAN_POINT('Origin',(-10.4,8.9,3.1));
#9530=CARTESIAN_POINT('',(-10.4,10.8651515425877,3.17974375810233));
#9531=CARTESIAN_POINT('Origin',(-10.45,2.15,0.4));
#9532=CARTESIAN_POINT('',(-10.45,2.15,0.));
#9533=CARTESIAN_POINT('Origin',(0.1,13.5,2.5));
#9534=CARTESIAN_POINT('Origin',(0.1,14.5,2.5));
#9535=CARTESIAN_POINT('Origin',(0.1,12.5,2.5));
#9536=CARTESIAN_POINT('Origin',(-2.9,12.5,0.85));
#9537=CARTESIAN_POINT('',(-2.9,14.5,0.8));
#9538=CARTESIAN_POINT('',(-2.9,14.5,0.9));
#9539=CARTESIAN_POINT('',(-2.9,14.5,0.8));
#9540=CARTESIAN_POINT('',(-2.9,12.5,0.9));
#9541=CARTESIAN_POINT('',(-2.9,14.5,0.9));
#9542=CARTESIAN_POINT('',(-2.9,12.5,0.8));
#9543=CARTESIAN_POINT('',(-2.9,12.5,0.9));
#9544=CARTESIAN_POINT('',(-2.9,12.5,0.8));
#9545=CARTESIAN_POINT('Origin',(-3.575,12.5,5.75));
#9546=CARTESIAN_POINT('',(-4.1,14.5,5.75));
#9547=CARTESIAN_POINT('',(-3.05,14.5,5.75));
#9548=CARTESIAN_POINT('',(-4.1,14.5,5.75));
#9549=CARTESIAN_POINT('',(-3.05,12.5,5.75));
#9550=CARTESIAN_POINT('',(-3.05,14.5,5.75));
#9551=CARTESIAN_POINT('',(-4.1,12.5,5.75));
#9552=CARTESIAN_POINT('',(-3.05,12.5,5.75));
#9553=CARTESIAN_POINT('',(-4.1,12.5,5.75));
#9554=CARTESIAN_POINT('Origin',(-3.575,12.5,1.05));
#9555=CARTESIAN_POINT('',(-3.05,14.5,1.05));
#9556=CARTESIAN_POINT('',(-3.05,14.5,1.05));
#9557=CARTESIAN_POINT('',(-3.05,12.5,1.05));
#9558=CARTESIAN_POINT('',(-4.1,12.5,1.05));
#9559=CARTESIAN_POINT('',(-3.05,12.5,1.05));
#9560=CARTESIAN_POINT('Origin',(-4.1,13.5,5.45));
#9561=CARTESIAN_POINT('',(-4.4,14.5,5.45));
#9562=CARTESIAN_POINT('Origin',(-4.1,14.5,5.45));
#9563=CARTESIAN_POINT('',(-4.4,12.5,5.45));
#9564=CARTESIAN_POINT('Origin',(-4.1,12.5,5.45));
#9565=CARTESIAN_POINT('',(-4.4,12.5,5.45));
#9566=CARTESIAN_POINT('Origin',(-3.05,13.5,5.9));
#9567=CARTESIAN_POINT('',(-2.9,14.5,5.9));
#9568=CARTESIAN_POINT('Origin',(-3.05,14.5,5.9));
#9569=CARTESIAN_POINT('',(-2.9,12.5,5.9));
#9570=CARTESIAN_POINT('',(-2.9,14.5,5.9));
#9571=CARTESIAN_POINT('Origin',(-3.05,12.5,5.9));
#9572=CARTESIAN_POINT('Origin',(0.1,13.5,6.));
#9573=CARTESIAN_POINT('',(0.1,14.5,6.6));
#9574=CARTESIAN_POINT('',(0.7,14.5,6.));
#9575=CARTESIAN_POINT('Origin',(0.1,14.5,6.));
#9576=CARTESIAN_POINT('',(0.7,12.5,6.));
#9577=CARTESIAN_POINT('',(0.7,14.5,6.));
#9578=CARTESIAN_POINT('',(0.1,12.5,6.6));
#9579=CARTESIAN_POINT('Origin',(0.1,12.5,6.));
#9580=CARTESIAN_POINT('',(0.1,12.5,6.6));
#9581=CARTESIAN_POINT('Origin',(0.1,13.5,4.3));
#9582=CARTESIAN_POINT('',(0.7,14.5,4.3));
#9583=CARTESIAN_POINT('Origin',(0.1,14.5,4.3));
#9584=CARTESIAN_POINT('',(0.7,12.5,4.3));
#9585=CARTESIAN_POINT('Origin',(0.1,12.5,4.3));
#9586=CARTESIAN_POINT('',(0.7,12.5,4.3));
#9587=CARTESIAN_POINT('Origin',(-2.3,13.5,4.3));
#9588=CARTESIAN_POINT('Origin',(-2.3,14.5,4.3));
#9589=CARTESIAN_POINT('Origin',(-2.3,12.5,4.3));
#9590=CARTESIAN_POINT('Origin',(-3.05,13.5,4.4));
#9591=CARTESIAN_POINT('',(-3.05,14.5,4.55));
#9592=CARTESIAN_POINT('Origin',(-3.05,14.5,4.4));
#9593=CARTESIAN_POINT('',(-3.05,12.5,4.55));
#9594=CARTESIAN_POINT('',(-3.05,14.5,4.55));
#9595=CARTESIAN_POINT('Origin',(-3.05,12.5,4.4));
#9596=CARTESIAN_POINT('Origin',(-2.1,12.5,0.1));
#9597=CARTESIAN_POINT('',(-2.1,12.5,0.2));
#9598=CARTESIAN_POINT('',(-2.1,14.,0.));
#9599=CARTESIAN_POINT('Origin',(-4.1,13.5,4.85));
#9600=CARTESIAN_POINT('',(-4.1,14.5,4.55));
#9601=CARTESIAN_POINT('',(-4.4,14.5,4.85));
#9602=CARTESIAN_POINT('Origin',(-4.1,14.5,4.85));
#9603=CARTESIAN_POINT('',(-4.4,12.5,4.85));
#9604=CARTESIAN_POINT('',(-4.4,14.5,4.85));
#9605=CARTESIAN_POINT('',(-4.1,12.5,4.55));
#9606=CARTESIAN_POINT('Origin',(-4.1,12.5,4.85));
#9607=CARTESIAN_POINT('',(-4.1,12.5,4.55));
#9608=CARTESIAN_POINT('Origin',(-2.2,14.25,3.5));
#9609=CARTESIAN_POINT('',(-2.1,14.,3.5));
#9610=CARTESIAN_POINT('',(-2.1,14.,3.7));
#9611=CARTESIAN_POINT('',(-2.3,14.5,3.5));
#9612=CARTESIAN_POINT('',(-2.1,14.,3.5));
#9613=CARTESIAN_POINT('',(-2.3,14.5,3.5));
#9614=CARTESIAN_POINT('Origin',(-3.575,12.5,4.55));
#9615=CARTESIAN_POINT('',(-3.05,14.5,4.55));
#9616=CARTESIAN_POINT('',(-4.1,12.5,4.55));
#9617=CARTESIAN_POINT('Origin',(-2.1,12.5,3.6));
#9618=CARTESIAN_POINT('',(-2.1,12.5,3.5));
#9619=CARTESIAN_POINT('',(-2.1,12.5,3.7));
#9620=CARTESIAN_POINT('',(-2.1,12.5,3.5));
#9621=CARTESIAN_POINT('Origin',(0.7,12.5,5.15));
#9622=CARTESIAN_POINT('',(0.7,14.5,6.));
#9623=CARTESIAN_POINT('',(0.7,12.5,4.3));
#9624=CARTESIAN_POINT('Origin',(-0.1,13.25,3.5));
#9625=CARTESIAN_POINT('',(-0.1,14.,3.5));
#9626=CARTESIAN_POINT('',(-0.1,14.,3.7));
#9627=CARTESIAN_POINT('',(-0.1,12.5,3.5));
#9628=CARTESIAN_POINT('',(-0.1,14.,3.5));
#9629=CARTESIAN_POINT('',(-0.1,12.5,3.5));
#9630=CARTESIAN_POINT('Origin',(-2.9,12.5,5.95));
#9631=CARTESIAN_POINT('',(-2.9,14.5,6.));
#9632=CARTESIAN_POINT('',(-2.9,14.5,5.9));
#9633=CARTESIAN_POINT('',(-2.9,12.5,6.));
#9634=CARTESIAN_POINT('',(-2.9,14.5,6.));
#9635=CARTESIAN_POINT('',(-2.9,12.5,6.));
#9636=CARTESIAN_POINT('Origin',(-1.1,12.5,3.5));
#9637=CARTESIAN_POINT('',(0.1,14.5,3.5));
#9638=CARTESIAN_POINT('',(0.1,14.5,3.5));
#9639=CARTESIAN_POINT('',(-2.1,12.5,3.5));
#9640=CARTESIAN_POINT('',(-0.1,14.,3.5));
#9641=CARTESIAN_POINT('Origin',(-2.3,13.5,0.8));
#9642=CARTESIAN_POINT('Origin',(-2.3,14.5,0.8));
#9643=CARTESIAN_POINT('Origin',(-2.3,12.5,0.8));
#9644=CARTESIAN_POINT('Origin',(-4.4,12.5,1.55));
#9645=CARTESIAN_POINT('Origin',(-3.05,12.5,0.9));
#9646=CARTESIAN_POINT('Origin',(-4.4,12.5,5.15));
#9647=CARTESIAN_POINT('',(-4.4,14.5,4.85));
#9648=CARTESIAN_POINT('',(-4.4,12.5,5.45));
#9649=CARTESIAN_POINT('Origin',(-4.4,12.5,5.05));
#9650=CARTESIAN_POINT('',(-2.3,12.5,6.6));
#9651=CARTESIAN_POINT('Origin',(-2.3,12.5,6.));
#9652=CARTESIAN_POINT('',(-2.3,12.5,6.6));
#9653=CARTESIAN_POINT('Origin',(-1.1,12.5,6.6));
#9654=CARTESIAN_POINT('',(-2.3,14.5,6.6));
#9655=CARTESIAN_POINT('',(-2.3,14.5,6.6));
#9656=CARTESIAN_POINT('',(-2.3,12.5,6.6));
#9657=CARTESIAN_POINT('Origin',(-2.3,13.5,6.));
#9658=CARTESIAN_POINT('Origin',(-2.3,14.5,6.));
#9659=CARTESIAN_POINT('Origin',(0.,14.25,0.));
#9660=CARTESIAN_POINT('',(0.1,14.5,0.2));
#9661=CARTESIAN_POINT('Origin',(-2.2,14.25,0.));
#9662=CARTESIAN_POINT('',(-2.3,14.5,0.));
#9663=CARTESIAN_POINT('Origin',(0.,14.25,3.5));
#9664=CARTESIAN_POINT('',(0.1,14.5,3.7));
#9665=CARTESIAN_POINT('Origin',(-3.05,13.5,0.9));
#9666=CARTESIAN_POINT('Origin',(-3.05,14.5,0.9));
#9667=CARTESIAN_POINT('Origin',(-5.35,3.45,7.55));
#9668=CARTESIAN_POINT('',(-5.38137084989848,5.38076118445749,7.55));
#9669=CARTESIAN_POINT('',(-5.85000000000001,4.24939033455901,7.55));
#9670=CARTESIAN_POINT('Origin',(-4.25,4.24939033455901,7.55));
#9671=CARTESIAN_POINT('',(-5.85,3.45,7.55));
#9672=CARTESIAN_POINT('',(-5.85,4.24939033455901,7.55));
#9673=CARTESIAN_POINT('',(-5.35,3.45,7.55));
#9674=CARTESIAN_POINT('',(-5.85,3.45,7.55));
#9675=CARTESIAN_POINT('',(-4.85,3.95,7.55));
#9676=CARTESIAN_POINT('Origin',(-5.35,3.95,7.55));
#9677=CARTESIAN_POINT('',(-4.85,5.55,7.55));
#9678=CARTESIAN_POINT('',(-4.85,3.95,7.55));
#9679=CARTESIAN_POINT('',(-5.10606601717798,5.65606601717798,7.55));
#9680=CARTESIAN_POINT('Origin',(-5.,5.55,7.55));
#9681=CARTESIAN_POINT('',(-5.10606601717798,5.65606601717798,7.55));
#9682=CARTESIAN_POINT('Origin',(-7.4,4.9446,7.75));
#9683=CARTESIAN_POINT('',(-6.95,5.4,7.75));
#9684=CARTESIAN_POINT('Origin',(-7.4,5.4,7.75));
#9685=CARTESIAN_POINT('Origin',(-7.2101077025535,14.5,3.5));
#9686=CARTESIAN_POINT('',(-7.2101077025535,14.5,7.));
#9687=CARTESIAN_POINT('',(-7.2101077025535,14.5,0.));
#9688=CARTESIAN_POINT('',(2.,14.5,7.));
#9689=CARTESIAN_POINT('',(-7.2101077025535,14.5,7.));
#9690=CARTESIAN_POINT('',(2.,14.5,7.));
#9691=CARTESIAN_POINT('Origin',(-10.45,0.3,3.5));
#9692=CARTESIAN_POINT('',(-10.45,0.3,7.));
#9693=CARTESIAN_POINT('',(-10.45,0.3,0.));
#9694=CARTESIAN_POINT('',(-10.45,8.9,7.));
#9695=CARTESIAN_POINT('',(-10.45,0.3,7.));
#9696=CARTESIAN_POINT('',(-10.45,8.9,7.));
#9697=CARTESIAN_POINT('Origin',(-8.9199605177446,12.6289939127468,0.));
#9698=CARTESIAN_POINT('',(-10.0456925097228,11.2873987670086,7.));
#9699=CARTESIAN_POINT('Origin',(-10.0456925097228,11.2873987670086,6.84999999999998));
#9700=CARTESIAN_POINT('',(-10.0427050983125,11.2909590252894,7.));
#9701=CARTESIAN_POINT('',(-10.0456925097228,11.2873987670086,7.));
#9702=CARTESIAN_POINT('Origin',(-10.0427050983125,11.2909590252894,6.85));
#9703=CARTESIAN_POINT('',(-9.45,11.9973174555522,7.));
#9704=CARTESIAN_POINT('',(-9.45,11.9973174555522,6.95));
#9705=CARTESIAN_POINT('',(-7.43992103548919,14.392836282906,7.));
#9706=CARTESIAN_POINT('',(-9.45,11.9973174555522,7.));
#9707=CARTESIAN_POINT('',(-7.4399210354892,14.392836282906,7.));
#9708=CARTESIAN_POINT('Origin',(-10.45,8.9,6.6));
#9709=CARTESIAN_POINT('',(-10.0456925097228,8.9,7.));
#9710=CARTESIAN_POINT('',(-10.45,8.9,7.));
#9711=CARTESIAN_POINT('Origin',(-10.0456925097228,8.9,6.84999999999998));
#9712=CARTESIAN_POINT('Origin',(2.,0.3,3.5));
#9713=CARTESIAN_POINT('',(2.3,0.3,7.));
#9714=CARTESIAN_POINT('',(2.3,0.3,0.));
#9715=CARTESIAN_POINT('',(2.,0.,7.));
#9716=CARTESIAN_POINT('Origin',(2.,0.3,7.));
#9717=CARTESIAN_POINT('',(2.,0.,7.));
#9718=CARTESIAN_POINT('Origin',(2.3,0.3,3.5));
#9719=CARTESIAN_POINT('',(2.3,14.2,7.));
#9720=CARTESIAN_POINT('',(2.3,14.2,0.));
#9721=CARTESIAN_POINT('',(2.3,14.2,7.));
#9722=CARTESIAN_POINT('Origin',(-10.15,0.3,3.5));
#9723=CARTESIAN_POINT('',(-10.15,0.,7.));
#9724=CARTESIAN_POINT('',(-10.15,0.,0.));
#9725=CARTESIAN_POINT('Origin',(-10.15,0.3,7.));
#9726=CARTESIAN_POINT('Origin',(-10.15,0.,3.5));
#9727=CARTESIAN_POINT('',(2.,0.,7.));
#9728=CARTESIAN_POINT('Origin',(2.,14.2,3.5));
#9729=CARTESIAN_POINT('Origin',(2.,14.2,7.));
#9730=CARTESIAN_POINT('Origin',(-7.21010770255349,14.2,3.5));
#9731=CARTESIAN_POINT('Origin',(-7.21010770255349,14.2,7.));
#9732=CARTESIAN_POINT('Origin',(-10.0456925097228,10.1008615798053,6.84999999999998));
#9733=CARTESIAN_POINT('',(-10.0456925097228,8.9,7.));
#9734=CARTESIAN_POINT('Origin',(-9.45,8.9,6.975));
#9735=CARTESIAN_POINT('',(-9.45,8.9,7.));
#9736=CARTESIAN_POINT('',(-9.45,8.9,6.95));
#9737=CARTESIAN_POINT('',(-9.45,8.9,7.));
#9738=CARTESIAN_POINT('Origin',(-10.0427050983125,10.1830773226528,6.85));
#9739=CARTESIAN_POINT('',(-10.0427050983125,8.9,7.));
#9740=CARTESIAN_POINT('',(-10.0427050983125,11.2909590252894,7.));
#9741=CARTESIAN_POINT('Origin',(-10.0427050983125,8.9,6.85));
#9742=CARTESIAN_POINT('Origin',(-10.0462613289024,8.9,6.9));
#9743=CARTESIAN_POINT('',(-10.0427050983125,8.9,7.));
#9744=CARTESIAN_POINT('Origin',(-5.85,3.45,7.275));
#9745=CARTESIAN_POINT('',(-5.85,4.24939033455901,7.));
#9746=CARTESIAN_POINT('',(-5.85,3.45,7.));
#9747=CARTESIAN_POINT('',(-5.85,4.24939033455901,7.));
#9748=CARTESIAN_POINT('',(-5.85,3.45,7.));
#9749=CARTESIAN_POINT('',(-5.85,4.24939033455901,7.55));
#9750=CARTESIAN_POINT('Origin',(0.2,7.85,7.));
#9751=CARTESIAN_POINT('',(0.2,7.45,7.));
#9752=CARTESIAN_POINT('',(0.2,8.25,7.));
#9753=CARTESIAN_POINT('',(0.2,7.45,7.));
#9754=CARTESIAN_POINT('',(0.2,8.25,7.5));
#9755=CARTESIAN_POINT('',(0.2,8.25,7.));
#9756=CARTESIAN_POINT('',(0.2,7.45,7.5));
#9757=CARTESIAN_POINT('',(0.2,8.25,7.5));
#9758=CARTESIAN_POINT('',(0.2,7.45,7.5));
#9759=CARTESIAN_POINT('Origin',(-5.85,3.45,7.275));
#9760=CARTESIAN_POINT('',(-5.35,3.45,7.));
#9761=CARTESIAN_POINT('',(-5.85,3.45,7.));
#9762=CARTESIAN_POINT('',(-5.35,3.45,7.));
#9763=CARTESIAN_POINT('Origin',(-4.25,4.24939033455901,7.275));
#9764=CARTESIAN_POINT('',(-5.38137084989848,5.38076118445749,7.));
#9765=CARTESIAN_POINT('Origin',(-4.25,4.24939033455901,7.));
#9766=CARTESIAN_POINT('',(-5.38137084989848,5.38076118445749,7.55));
#9767=CARTESIAN_POINT('Origin',(-5.24371843353823,5.51841360081773,7.));
#9768=CARTESIAN_POINT('',(-5.10606601717798,5.65606601717798,7.));
#9769=CARTESIAN_POINT('',(-5.10606601717798,5.65606601717798,7.));
#9770=CARTESIAN_POINT('',(-5.10606601717798,5.65606601717798,7.55));
#9771=CARTESIAN_POINT('Origin',(-0.55,8.25,7.25));
#9772=CARTESIAN_POINT('',(-0.55,8.25,7.));
#9773=CARTESIAN_POINT('',(0.2,8.25,7.));
#9774=CARTESIAN_POINT('',(-0.55,8.25,7.5));
#9775=CARTESIAN_POINT('',(-0.55,8.25,7.));
#9776=CARTESIAN_POINT('',(-0.55,8.25,7.5));
#9777=CARTESIAN_POINT('Origin',(-7.4,5.4,7.375));
#9778=CARTESIAN_POINT('',(-6.95,5.4,7.));
#9779=CARTESIAN_POINT('Origin',(-7.4,5.4,7.));
#9780=CARTESIAN_POINT('',(-6.95,5.4,7.375));
#9781=CARTESIAN_POINT('Origin',(-5.35,3.95,7.275));
#9782=CARTESIAN_POINT('',(-4.85,3.95,7.));
#9783=CARTESIAN_POINT('Origin',(-5.35,3.95,7.));
#9784=CARTESIAN_POINT('',(-4.85,3.95,7.));
#9785=CARTESIAN_POINT('Origin',(-4.85,3.95,7.275));
#9786=CARTESIAN_POINT('',(-4.85,5.55,7.));
#9787=CARTESIAN_POINT('',(-4.85,3.95,7.));
#9788=CARTESIAN_POINT('',(-4.85,5.55,7.));
#9789=CARTESIAN_POINT('Origin',(-5.,5.55,7.275));
#9790=CARTESIAN_POINT('Origin',(-5.,5.55,7.));
#9791=CARTESIAN_POINT('Origin',(-4.075,0.,7.));
#9792=CARTESIAN_POINT('',(-2.35,7.45,7.));
#9793=CARTESIAN_POINT('',(-2.35,9.1839,7.));
#9794=CARTESIAN_POINT('',(-2.35,7.45,7.));
#9795=CARTESIAN_POINT('',(-2.35,9.1839,7.));
#9796=CARTESIAN_POINT('',(0.2,7.45,7.));
#9797=CARTESIAN_POINT('Origin',(-2.35,7.45,7.25));
#9798=CARTESIAN_POINT('',(-2.35,7.45,7.5));
#9799=CARTESIAN_POINT('',(0.2,7.45,7.5));
#9800=CARTESIAN_POINT('',(-2.35,7.45,7.5));
#9801=CARTESIAN_POINT('Origin',(-1.45,8.71695,7.));
#9802=CARTESIAN_POINT('',(-2.35,9.1839,7.5));
#9803=CARTESIAN_POINT('',(-2.35,9.1839,7.));
#9804=CARTESIAN_POINT('',(-2.35,9.1839,7.5));
#9805=CARTESIAN_POINT('Origin',(-1.075,7.45,7.5));
#9806=CARTESIAN_POINT('',(-2.35,9.1839,7.5));
#9807=CARTESIAN_POINT('Origin',(-2.35,7.45,7.25));
#9808=CARTESIAN_POINT('',(0.,0.,0.));
#9809=UNCERTAINTY_MEASURE_WITH_UNIT(LENGTH_MEASURE(0.01),#9815,
'DISTANCE_ACCURACY_VALUE',
'Maximum model space distance between geometric entities at asserted c
onnectivities');
#9810=UNCERTAINTY_MEASURE_WITH_UNIT(LENGTH_MEASURE(0.01),#9815,
'DISTANCE_ACCURACY_VALUE',
'Maximum model space distance between geometric entities at asserted c
onnectivities');
#9811=UNCERTAINTY_MEASURE_WITH_UNIT(LENGTH_MEASURE(0.01),#9815,
'DISTANCE_ACCURACY_VALUE',
'Maximum model space distance between geometric entities at asserted c
onnectivities');
#9812=(
GEOMETRIC_REPRESENTATION_CONTEXT(3)
GLOBAL_UNCERTAINTY_ASSIGNED_CONTEXT((#9809))
GLOBAL_UNIT_ASSIGNED_CONTEXT((#9815,#9817,#9818))
REPRESENTATION_CONTEXT('','3D')
);
#9813=(
GEOMETRIC_REPRESENTATION_CONTEXT(3)
GLOBAL_UNCERTAINTY_ASSIGNED_CONTEXT((#9810))
GLOBAL_UNIT_ASSIGNED_CONTEXT((#9815,#9817,#9818))
REPRESENTATION_CONTEXT('','3D')
);
#9814=(
GEOMETRIC_REPRESENTATION_CONTEXT(3)
GLOBAL_UNCERTAINTY_ASSIGNED_CONTEXT((#9811))
GLOBAL_UNIT_ASSIGNED_CONTEXT((#9815,#9817,#9818))
REPRESENTATION_CONTEXT('','3D')
);
#9815=(
LENGTH_UNIT()
NAMED_UNIT(*)
SI_UNIT(.MILLI.,.METRE.)
);
#9816=(
LENGTH_UNIT()
NAMED_UNIT(*)
SI_UNIT($,.METRE.)
);
#9817=(
NAMED_UNIT(*)
PLANE_ANGLE_UNIT()
SI_UNIT($,.RADIAN.)
);
#9818=(
NAMED_UNIT(*)
SI_UNIT($,.STERADIAN.)
SOLID_ANGLE_UNIT()
);
#9819=SHAPE_DEFINITION_REPRESENTATION(#9821,#9824);
#9820=SHAPE_DEFINITION_REPRESENTATION(#9822,#9825);
#9821=PRODUCT_DEFINITION_SHAPE('',$,#9827);
#9822=PRODUCT_DEFINITION_SHAPE('',$,#9828);
#9823=PRODUCT_DEFINITION_SHAPE($,$,#14);
#9824=SHAPE_REPRESENTATION('',(#5823,#6355),#9812);
#9825=SHAPE_REPRESENTATION('',(#5824),#9813);
#9826=PRODUCT_DEFINITION_CONTEXT('part definition',#9834,'design');
#9827=PRODUCT_DEFINITION('2601-3102','2601-3102 v2',#9829,#9826);
#9828=PRODUCT_DEFINITION('2601-3102_1','2601-3102',#9830,#9826);
#9829=PRODUCT_DEFINITION_FORMATION('',$,#9836);
#9830=PRODUCT_DEFINITION_FORMATION('',$,#9837);
#9831=PRODUCT_RELATED_PRODUCT_CATEGORY('2601-3102 v2','2601-3102 v2',(#9836));
#9832=PRODUCT_RELATED_PRODUCT_CATEGORY('2601-3102','2601-3102',(#9837));
#9833=APPLICATION_PROTOCOL_DEFINITION('international standard',
'automotive_design',2009,#9834);
#9834=APPLICATION_CONTEXT(
'Core Data for Automotive Mechanical Design Process');
#9835=PRODUCT_CONTEXT('part definition',#9834,'mechanical');
#9836=PRODUCT('2601-3102','2601-3102 v2',
'Data from Parasolid IGES Translator 28.1.247, Copyright(c) 2006 Sieme
ns PLM Software. All Rights Reserved.                                 
     ',(#9835));
#9837=PRODUCT('2601-3102_1','2601-3102',$,(#9835));
#9838=PRESENTATION_STYLE_ASSIGNMENT((#9841));
#9839=PRESENTATION_STYLE_ASSIGNMENT((#9842));
#9840=PRESENTATION_STYLE_ASSIGNMENT((#9843));
#9841=SURFACE_STYLE_USAGE(.BOTH.,#9844);
#9842=SURFACE_STYLE_USAGE(.BOTH.,#9845);
#9843=SURFACE_STYLE_USAGE(.BOTH.,#9846);
#9844=SURFACE_SIDE_STYLE('',(#9847));
#9845=SURFACE_SIDE_STYLE('',(#9848));
#9846=SURFACE_SIDE_STYLE('',(#9849));
#9847=SURFACE_STYLE_FILL_AREA(#9850);
#9848=SURFACE_STYLE_FILL_AREA(#9851);
#9849=SURFACE_STYLE_FILL_AREA(#9852);
#9850=FILL_AREA_STYLE('Steel - Satin',(#9853));
#9851=FILL_AREA_STYLE('Polymide (Kapton)',(#9854));
#9852=FILL_AREA_STYLE('Aluminum - Polished',(#9855));
#9853=FILL_AREA_STYLE_COLOUR('Steel - Satin',#9856);
#9854=FILL_AREA_STYLE_COLOUR('Polymide (Kapton)',#9857);
#9855=FILL_AREA_STYLE_COLOUR('Aluminum - Polished',#9858);
#9856=COLOUR_RGB('Steel - Satin',0.627450980392157,0.627450980392157,0.627450980392157);
#9857=COLOUR_RGB('Polymide (Kapton)',0.784313725490196,0.556862745098039,
0.0274509803921569);
#9858=COLOUR_RGB('Aluminum - Polished',0.96078431372549,0.96078431372549,
0.964705882352941);
ENDSEC;
END-ISO-10303-21;
