ISO-10303-21;
HEADER;
/* Generated by software containing ST-Developer
 * from STEP Tools, Inc. (www.steptools.com) 
 */

FILE_DESCRIPTION(
/* description */ (
'Data from Parasolid IGES Translator 28.1.247, Copyright(c) 2006 Sieme
ns PLM Software. All Rights Reserved.                                 
     '),
/* implementation_level */ '2;1');

FILE_NAME(
/* name */ '2601-3103.step',
/* time_stamp */ '2026-03-24T13:52:19+01:00',
/* author */ (''),
/* organization */ (''),
/* preprocessor_version */ 'ST-DEVELOPER v20.1',
/* originating_system */ 'Autodesk Translation Framework v14.24.0.0',
/* authorisation */ '');

FILE_SCHEMA (('AUTOMOTIVE_DESIGN { 1 0 10303 214 3 1 1 }'));
ENDSEC;

DATA;
#10=MECHANICAL_DESIGN_GEOMETRIC_PRESENTATION_REPRESENTATION('',(#7673,#7674,
#7675,#7676,#7677,#7678,#7679,#7680,#7681,#7682,#7683,#7684,#7685,#7686,
#7687,#7688,#7689,#7690,#7691,#7692,#7693,#7694,#7695,#7696,#7697,#7698,
#7699,#7700,#7701,#7702,#7703,#7704,#7705,#7706,#7707,#7708,#7709,#7710,
#7711,#7712,#7713,#7714,#7715,#7716,#7717,#7718,#7719,#7720,#7721,#7722,
#7723,#7724,#7725,#7726,#7727,#7728,#7729,#7730,#7731,#7732,#7733,#7734,
#7735,#7736,#7737,#7738,#7739,#7740,#7741,#7742,#7743,#7744,#7745,#7746,
#7747,#7748,#7749,#7750,#7751,#7752,#7753),#13804);
#11=ITEM_DEFINED_TRANSFORMATION($,$,#8190,#8937);
#12=(
REPRESENTATION_RELATIONSHIP($,$,#13815,#13814)
REPRESENTATION_RELATIONSHIP_WITH_TRANSFORMATION(#11)
SHAPE_REPRESENTATION_RELATIONSHIP()
);
#13=CONTEXT_DEPENDENT_SHAPE_REPRESENTATION(#12,#13813);
#14=NEXT_ASSEMBLY_USAGE_OCCURRENCE('2601-3103:1','2601-3103:1',
'2601-3103:1',#13817,#13818,'2601-3103:1');
#15=SHAPE_REPRESENTATION_RELATIONSHIP('SRR','None',#13815,#16);
#16=ADVANCED_BREP_SHAPE_REPRESENTATION('',(#17),#13803);
#17=MANIFOLD_SOLID_BREP('Body423',#8176);
#18=FACE_BOUND('',#1087,.T.);
#19=FACE_BOUND('',#1112,.T.);
#20=FACE_BOUND('',#1120,.T.);
#21=FACE_BOUND('',#1129,.T.);
#22=FACE_BOUND('',#1236,.T.);
#23=FACE_BOUND('',#1302,.T.);
#24=FACE_BOUND('',#1304,.T.);
#25=FACE_BOUND('',#1343,.T.);
#26=FACE_BOUND('',#1354,.T.);
#27=FACE_BOUND('',#1355,.T.);
#28=FACE_BOUND('',#1356,.T.);
#29=FACE_BOUND('',#1357,.T.);
#30=FACE_BOUND('',#1377,.T.);
#31=FACE_BOUND('',#1379,.T.);
#32=FACE_BOUND('',#1380,.T.);
#33=FACE_BOUND('',#1381,.T.);
#34=FACE_BOUND('',#1382,.T.);
#35=FACE_BOUND('',#1454,.T.);
#36=FACE_BOUND('',#1455,.T.);
#37=FACE_BOUND('',#1456,.T.);
#38=FACE_BOUND('',#1476,.T.);
#39=FACE_BOUND('',#1477,.T.);
#40=CIRCLE('',#8199,0.500000000000009);
#41=CIRCLE('',#8201,0.500000000000009);
#42=CIRCLE('',#8203,0.400000000000012);
#43=CIRCLE('',#8205,3.00000000000003);
#44=CIRCLE('',#8208,3.);
#45=CIRCLE('',#8213,0.400000000000009);
#46=CIRCLE('',#8222,1.00000000000001);
#47=CIRCLE('',#8223,0.799999999999997);
#48=CIRCLE('',#8227,1.00000000000001);
#49=CIRCLE('',#8229,0.799999999999997);
#50=CIRCLE('',#8231,0.500000000000009);
#51=CIRCLE('',#8236,1.00000000000001);
#52=CIRCLE('',#8237,0.799999999999997);
#53=CIRCLE('',#8239,3.);
#54=CIRCLE('',#8242,0.400000000000009);
#55=CIRCLE('',#8245,0.400000000000012);
#56=CIRCLE('',#8248,3.00000000000003);
#57=CIRCLE('',#8257,0.500000000000011);
#58=CIRCLE('',#8266,0.1);
#59=CIRCLE('',#8267,0.1);
#60=CIRCLE('',#8271,0.400000000000009);
#61=CIRCLE('',#8274,0.400000000000012);
#62=CIRCLE('',#8278,3.00000000000003);
#63=CIRCLE('',#8283,0.500000000000011);
#64=CIRCLE('',#8285,3.);
#65=CIRCLE('',#8288,0.15);
#66=CIRCLE('',#8289,0.15);
#67=CIRCLE('',#8294,1.);
#68=CIRCLE('',#8295,1.);
#69=CIRCLE('',#8299,0.799999999999997);
#70=CIRCLE('',#8302,1.00000000000001);
#71=CIRCLE('',#8306,0.3);
#72=CIRCLE('',#8308,1.00000000000001);
#73=CIRCLE('',#8309,1.00000000000002);
#74=CIRCLE('',#8312,0.149999999999988);
#75=CIRCLE('',#8314,0.15);
#76=CIRCLE('',#8318,0.15);
#77=CIRCLE('',#8322,0.3);
#78=CIRCLE('',#8326,0.150000000000002);
#79=CIRCLE('',#8329,0.15);
#80=CIRCLE('',#8334,0.3);
#81=CIRCLE('',#8336,1.);
#82=CIRCLE('',#8337,0.149999999999996);
#83=CIRCLE('',#8338,0.15);
#84=CIRCLE('',#8339,1.24999999999999);
#85=CIRCLE('',#8340,1.25);
#86=CIRCLE('',#8341,0.150000000000004);
#87=CIRCLE('',#8342,0.1);
#88=CIRCLE('',#8343,1.25);
#89=CIRCLE('',#8347,0.150000000000002);
#90=CIRCLE('',#8349,1.25);
#91=CIRCLE('',#8350,1.25);
#92=CIRCLE('',#8354,0.15);
#93=CIRCLE('',#8358,0.150000000000004);
#94=CIRCLE('',#8359,0.15);
#95=CIRCLE('',#8362,0.1);
#96=CIRCLE('',#8363,0.100000000000004);
#97=CIRCLE('',#8365,0.15);
#98=CIRCLE('',#8368,0.15);
#99=CIRCLE('',#8372,0.149999999999996);
#100=CIRCLE('',#8373,0.15);
#101=CIRCLE('',#8375,0.1);
#102=CIRCLE('',#8376,0.1);
#103=CIRCLE('',#8379,0.15);
#104=CIRCLE('',#8380,0.15);
#105=CIRCLE('',#8387,0.149999999999996);
#106=CIRCLE('',#8391,0.15000000000001);
#107=CIRCLE('',#8393,1.);
#108=CIRCLE('',#8394,1.);
#109=CIRCLE('',#8397,0.149999999999994);
#110=CIRCLE('',#8398,0.15);
#111=CIRCLE('',#8400,0.14999999999999);
#112=CIRCLE('',#8404,1.25);
#113=CIRCLE('',#8406,0.15);
#114=CIRCLE('',#8409,1.25);
#115=CIRCLE('',#8413,0.149999999999994);
#116=CIRCLE('',#8414,0.14999999999999);
#117=CIRCLE('',#8415,0.150000000000002);
#118=CIRCLE('',#8416,0.15);
#119=CIRCLE('',#8418,0.149999999999992);
#120=CIRCLE('',#8419,0.15);
#121=CIRCLE('',#8420,0.15000000000001);
#122=CIRCLE('',#8425,1.25);
#123=CIRCLE('',#8426,0.100000000000004);
#124=CIRCLE('',#8427,1.25);
#125=CIRCLE('',#8428,1.25);
#126=CIRCLE('',#8429,0.150000000000004);
#127=CIRCLE('',#8430,0.999999999999999);
#128=CIRCLE('',#8433,0.15);
#129=CIRCLE('',#8434,0.149999999999987);
#130=CIRCLE('',#8439,1.25);
#131=CIRCLE('',#8440,0.15);
#132=CIRCLE('',#8441,0.15);
#133=CIRCLE('',#8449,0.15);
#134=CIRCLE('',#8451,0.1);
#135=CIRCLE('',#8452,0.1);
#136=CIRCLE('',#8454,1.25);
#137=CIRCLE('',#8455,1.25);
#138=CIRCLE('',#8459,1.60000000000001);
#139=CIRCLE('',#8460,0.5);
#140=CIRCLE('',#8461,0.15);
#141=CIRCLE('',#8465,0.150000000000004);
#142=CIRCLE('',#8466,0.15);
#143=CIRCLE('',#8468,1.25);
#144=CIRCLE('',#8469,1.25);
#145=CIRCLE('',#8474,1.25);
#146=CIRCLE('',#8478,1.25);
#147=CIRCLE('',#8479,0.15);
#148=CIRCLE('',#8480,1.25);
#149=CIRCLE('',#8481,0.2);
#150=CIRCLE('',#8482,0.2);
#151=CIRCLE('',#8489,0.149999999999994);
#152=CIRCLE('',#8497,0.150000000000004);
#153=CIRCLE('',#8499,1.25);
#154=CIRCLE('',#8500,0.149999999999994);
#155=CIRCLE('',#8501,1.25);
#156=CIRCLE('',#8502,1.25);
#157=CIRCLE('',#8503,0.1);
#158=CIRCLE('',#8504,0.150000000000001);
#159=CIRCLE('',#8509,1.25);
#160=CIRCLE('',#8511,0.15);
#161=CIRCLE('',#8514,1.);
#162=CIRCLE('',#8515,0.999999999999999);
#163=CIRCLE('',#8522,0.15);
#164=CIRCLE('',#8526,0.45);
#165=CIRCLE('',#8528,0.150000000000004);
#166=CIRCLE('',#8533,0.15);
#167=CIRCLE('',#8535,1.24999999999999);
#168=CIRCLE('',#8536,1.25);
#169=CIRCLE('',#8538,0.3);
#170=CIRCLE('',#8539,0.3);
#171=CIRCLE('',#8541,1.25000000000001);
#172=CIRCLE('',#8542,0.150000000000004);
#173=CIRCLE('',#8544,0.15);
#174=CIRCLE('',#8545,1.25);
#175=CIRCLE('',#8550,0.2);
#176=CIRCLE('',#8553,0.15);
#177=CIRCLE('',#8554,1.25);
#178=CIRCLE('',#8557,0.149999999999996);
#179=CIRCLE('',#8558,0.15);
#180=CIRCLE('',#8560,1.25);
#181=CIRCLE('',#8564,1.25);
#182=CIRCLE('',#8567,0.15);
#183=CIRCLE('',#8570,0.150000000000001);
#184=CIRCLE('',#8571,0.15);
#185=CIRCLE('',#8573,1.25);
#186=CIRCLE('',#8574,0.150000000000004);
#187=CIRCLE('',#8583,0.150000000000001);
#188=CIRCLE('',#8586,1.25);
#189=CIRCLE('',#8589,1.25);
#190=CIRCLE('',#8591,1.25);
#191=CIRCLE('',#8593,0.500000000000009);
#192=CIRCLE('',#8597,0.999999999999999);
#193=CIRCLE('',#8599,0.149999999999994);
#194=CIRCLE('',#8600,0.15);
#195=CIRCLE('',#8602,0.3);
#196=CIRCLE('',#8603,0.3);
#197=CIRCLE('',#8605,0.100000000000004);
#198=CIRCLE('',#8607,0.15);
#199=CIRCLE('',#8612,0.14999999999999);
#200=CIRCLE('',#8616,0.3);
#201=CIRCLE('',#8619,0.1);
#202=CIRCLE('',#8628,0.2);
#203=CIRCLE('',#8630,1.25);
#204=CIRCLE('',#8631,1.25);
#205=CIRCLE('',#8633,0.150000000000001);
#206=CIRCLE('',#8634,0.15);
#207=CIRCLE('',#8637,0.299999999999989);
#208=CIRCLE('',#8639,0.14999999999999);
#209=CIRCLE('',#8644,0.1);
#210=CIRCLE('',#8645,0.1);
#211=CIRCLE('',#8651,1.);
#212=CIRCLE('',#8652,1.);
#213=CIRCLE('',#8654,1.25);
#214=CIRCLE('',#8655,1.25);
#215=CIRCLE('',#8657,0.150000000000001);
#216=CIRCLE('',#8660,0.1);
#217=CIRCLE('',#8662,1.);
#218=CIRCLE('',#8663,1.);
#219=CIRCLE('',#8667,0.3);
#220=CIRCLE('',#8669,1.25);
#221=CIRCLE('',#8670,1.25);
#222=CIRCLE('',#8676,0.150000000000004);
#223=CIRCLE('',#8678,1.25);
#224=CIRCLE('',#8681,0.15);
#225=CIRCLE('',#8683,0.1);
#226=CIRCLE('',#8684,0.1);
#227=CIRCLE('',#8688,0.45);
#228=CIRCLE('',#8690,0.15);
#229=CIRCLE('',#8697,0.3);
#230=CIRCLE('',#8699,1.25);
#231=CIRCLE('',#8700,1.25);
#232=CIRCLE('',#8702,0.3);
#233=CIRCLE('',#8705,0.150000000000005);
#234=CIRCLE('',#8709,1.25);
#235=CIRCLE('',#8710,1.25);
#236=CIRCLE('',#8712,1.25);
#237=CIRCLE('',#8715,1.25);
#238=CIRCLE('',#8720,0.799999999999997);
#239=CIRCLE('',#8722,0.8);
#240=CIRCLE('',#8724,0.150000000000004);
#241=CIRCLE('',#8728,1.25);
#242=CIRCLE('',#8731,1.25);
#243=CIRCLE('',#8732,1.25);
#244=CIRCLE('',#8734,0.14999999999999);
#245=CIRCLE('',#8736,0.150000000000004);
#246=CIRCLE('',#8739,0.3);
#247=CIRCLE('',#8745,0.15);
#248=CIRCLE('',#8746,0.15);
#249=CIRCLE('',#8748,0.3);
#250=CIRCLE('',#8754,0.3);
#251=CIRCLE('',#8756,0.15);
#252=CIRCLE('',#8758,0.15);
#253=CIRCLE('',#8763,0.300000000000017);
#254=CIRCLE('',#8764,0.3);
#255=CIRCLE('',#8771,1.60000000000001);
#256=CIRCLE('',#8781,0.5);
#257=CIRCLE('',#8787,1.24999999999999);
#258=CIRCLE('',#8792,0.15);
#259=CIRCLE('',#8793,0.15);
#260=CIRCLE('',#8796,0.300000000000017);
#261=CIRCLE('',#8799,1.25);
#262=CIRCLE('',#8800,1.25);
#263=CIRCLE('',#8804,0.15);
#264=CIRCLE('',#8805,0.15);
#265=CIRCLE('',#8808,0.3);
#266=CIRCLE('',#8812,0.6);
#267=CIRCLE('',#8813,0.15);
#268=CIRCLE('',#8814,0.3);
#269=CIRCLE('',#8815,0.3);
#270=CIRCLE('',#8816,0.15);
#271=CIRCLE('',#8817,0.6);
#272=CIRCLE('',#8818,0.6);
#273=CIRCLE('',#8819,0.6);
#274=CIRCLE('',#8821,0.3);
#275=CIRCLE('',#8822,0.3);
#276=CIRCLE('',#8827,0.30000000000002);
#277=CIRCLE('',#8828,0.300000000000017);
#278=CIRCLE('',#8830,0.3);
#279=CIRCLE('',#8831,0.3);
#280=CIRCLE('',#8833,0.3);
#281=CIRCLE('',#8834,0.3);
#282=CIRCLE('',#8836,0.15);
#283=CIRCLE('',#8837,0.15);
#284=CIRCLE('',#8840,0.15);
#285=CIRCLE('',#8841,0.15);
#286=CIRCLE('',#8847,0.3);
#287=CIRCLE('',#8848,0.3);
#288=CIRCLE('',#8850,0.6);
#289=CIRCLE('',#8851,0.15);
#290=CIRCLE('',#8852,0.15);
#291=CIRCLE('',#8853,0.6);
#292=CIRCLE('',#8854,0.6);
#293=CIRCLE('',#8855,0.6);
#294=CIRCLE('',#8858,0.3);
#295=CIRCLE('',#8862,0.3);
#296=CIRCLE('',#8864,0.15);
#297=CIRCLE('',#8866,0.6);
#298=CIRCLE('',#8868,0.6);
#299=CIRCLE('',#8877,0.3);
#300=CIRCLE('',#8878,0.3);
#301=CIRCLE('',#8880,0.15);
#302=CIRCLE('',#8882,0.15);
#303=CIRCLE('',#8887,0.6);
#304=CIRCLE('',#8890,0.6);
#305=CIRCLE('',#8891,0.6);
#306=CIRCLE('',#8893,0.6);
#307=CIRCLE('',#8894,0.6);
#308=CIRCLE('',#8895,0.6);
#309=CIRCLE('',#8898,0.15);
#310=CIRCLE('',#8906,0.6);
#311=CIRCLE('',#8909,0.6);
#312=CIRCLE('',#8916,0.6);
#313=CIRCLE('',#8919,0.6);
#314=CIRCLE('',#8924,0.6);
#315=CIRCLE('',#8927,0.6);
#316=CIRCLE('',#8929,0.6);
#317=CIRCLE('',#8931,0.6);
#318=ELLIPSE('',#8194,0.431262007205033,0.40000000000001);
#319=ELLIPSE('',#8195,3.2344650540377,3.00000000000003);
#320=ELLIPSE('',#8196,3.23446505403766,2.99999999999999);
#321=ELLIPSE('',#8197,0.431262007205033,0.40000000000001);
#322=ELLIPSE('',#8240,3.23446505403766,2.99999999999999);
#323=ELLIPSE('',#8243,0.431262007205033,0.40000000000001);
#324=ELLIPSE('',#8246,0.431262007205032,0.400000000000009);
#325=ELLIPSE('',#8249,3.2344650540377,3.00000000000003);
#326=ELLIPSE('',#8272,0.431262007205033,0.40000000000001);
#327=ELLIPSE('',#8275,0.431262007205034,0.400000000000011);
#328=ELLIPSE('',#8279,3.2344650540377,3.00000000000003);
#329=ELLIPSE('',#8286,3.23446505403766,2.99999999999999);
#330=ELLIPSE('',#8315,0.233358574029064,0.150000000000001);
#331=ELLIPSE('',#8319,0.23335857402906,0.149999999999999);
#332=ELLIPSE('',#8325,0.233358574029064,0.150000000000001);
#333=ELLIPSE('',#8328,0.233358574029062,0.15);
#334=ELLIPSE('',#8346,0.233358574029062,0.15);
#335=ELLIPSE('',#8353,0.233358574029062,0.15);
#336=ELLIPSE('',#8369,0.233358574029062,0.15);
#337=ELLIPSE('',#8401,0.233358574029046,0.14999999999999);
#338=ELLIPSE('',#8407,0.233358574029064,0.150000000000001);
#339=ELLIPSE('',#8446,0.233358574029046,0.14999999999999);
#340=ELLIPSE('',#8457,0.233358574029046,0.14999999999999);
#341=ELLIPSE('',#8463,0.233358574029077,0.15000000000001);
#342=ELLIPSE('',#8472,0.233358574029062,0.15);
#343=ELLIPSE('',#8484,0.233358574029048,0.149999999999991);
#344=ELLIPSE('',#8488,0.233358574029046,0.14999999999999);
#345=ELLIPSE('',#8491,0.233358574029062,0.15);
#346=ELLIPSE('',#8493,0.233358574029062,0.15);
#347=ELLIPSE('',#8495,0.23335857402906,0.149999999999999);
#348=ELLIPSE('',#8507,0.233358574029062,0.15);
#349=ELLIPSE('',#8521,0.233358574029077,0.15000000000001);
#350=ELLIPSE('',#8530,0.233358574029046,0.14999999999999);
#351=ELLIPSE('',#8532,0.233358574029046,0.14999999999999);
#352=ELLIPSE('',#8566,0.233358574029045,0.14999999999999);
#353=ELLIPSE('',#8582,0.233358574029045,0.14999999999999);
#354=ELLIPSE('',#8608,0.23335857402906,0.149999999999999);
#355=ELLIPSE('',#8613,0.233358574029046,0.14999999999999);
#356=ELLIPSE('',#8622,0.363343685400036,0.29999999999999);
#357=ELLIPSE('',#8640,0.233358574029045,0.14999999999999);
#358=ELLIPSE('',#8665,0.233358574029062,0.15);
#359=ELLIPSE('',#8680,0.233358574029064,0.150000000000001);
#360=ELLIPSE('',#8692,0.233358574029046,0.14999999999999);
#361=ELLIPSE('',#8693,0.233358574029064,0.150000000000001);
#362=ELLIPSE('',#8785,0.233358574029046,0.14999999999999);
#363=ELLIPSE('',#8789,0.233358574029077,0.15000000000001);
#364=PLANE('',#8193);
#365=PLANE('',#8198);
#366=PLANE('',#8211);
#367=PLANE('',#8214);
#368=PLANE('',#8215);
#369=PLANE('',#8217);
#370=PLANE('',#8218);
#371=PLANE('',#8220);
#372=PLANE('',#8221);
#373=PLANE('',#8224);
#374=PLANE('',#8225);
#375=PLANE('',#8230);
#376=PLANE('',#8232);
#377=PLANE('',#8233);
#378=PLANE('',#8234);
#379=PLANE('',#8235);
#380=PLANE('',#8250);
#381=PLANE('',#8251);
#382=PLANE('',#8252);
#383=PLANE('',#8253);
#384=PLANE('',#8254);
#385=PLANE('',#8255);
#386=PLANE('',#8256);
#387=PLANE('',#8258);
#388=PLANE('',#8260);
#389=PLANE('',#8261);
#390=PLANE('',#8262);
#391=PLANE('',#8264);
#392=PLANE('',#8268);
#393=PLANE('',#8276);
#394=PLANE('',#8280);
#395=PLANE('',#8281);
#396=PLANE('',#8282);
#397=PLANE('',#8290);
#398=PLANE('',#8291);
#399=PLANE('',#8292);
#400=PLANE('',#8296);
#401=PLANE('',#8297);
#402=PLANE('',#8300);
#403=PLANE('',#8303);
#404=PLANE('',#8304);
#405=PLANE('',#8305);
#406=PLANE('',#8310);
#407=PLANE('',#8311);
#408=PLANE('',#8316);
#409=PLANE('',#8320);
#410=PLANE('',#8323);
#411=PLANE('',#8330);
#412=PLANE('',#8331);
#413=PLANE('',#8332);
#414=PLANE('',#8333);
#415=PLANE('',#8335);
#416=PLANE('',#8344);
#417=PLANE('',#8351);
#418=PLANE('',#8355);
#419=PLANE('',#8356);
#420=PLANE('',#8360);
#421=PLANE('',#8366);
#422=PLANE('',#8370);
#423=PLANE('',#8377);
#424=PLANE('',#8381);
#425=PLANE('',#8382);
#426=PLANE('',#8383);
#427=PLANE('',#8384);
#428=PLANE('',#8385);
#429=PLANE('',#8388);
#430=PLANE('',#8389);
#431=PLANE('',#8390);
#432=PLANE('',#8395);
#433=PLANE('',#8402);
#434=PLANE('',#8403);
#435=PLANE('',#8408);
#436=PLANE('',#8410);
#437=PLANE('',#8411);
#438=PLANE('',#8412);
#439=PLANE('',#8417);
#440=PLANE('',#8421);
#441=PLANE('',#8422);
#442=PLANE('',#8423);
#443=PLANE('',#8424);
#444=PLANE('',#8431);
#445=PLANE('',#8432);
#446=PLANE('',#8435);
#447=PLANE('',#8436);
#448=PLANE('',#8437);
#449=PLANE('',#8438);
#450=PLANE('',#8442);
#451=PLANE('',#8443);
#452=PLANE('',#8444);
#453=PLANE('',#8447);
#454=PLANE('',#8448);
#455=PLANE('',#8458);
#456=PLANE('',#8470);
#457=PLANE('',#8475);
#458=PLANE('',#8476);
#459=PLANE('',#8477);
#460=PLANE('',#8485);
#461=PLANE('',#8486);
#462=PLANE('',#8498);
#463=PLANE('',#8505);
#464=PLANE('',#8512);
#465=PLANE('',#8516);
#466=PLANE('',#8517);
#467=PLANE('',#8518);
#468=PLANE('',#8519);
#469=PLANE('',#8523);
#470=PLANE('',#8524);
#471=PLANE('',#8525);
#472=PLANE('',#8537);
#473=PLANE('',#8540);
#474=PLANE('',#8543);
#475=PLANE('',#8548);
#476=PLANE('',#8551);
#477=PLANE('',#8552);
#478=PLANE('',#8555);
#479=PLANE('',#8562);
#480=PLANE('',#8568);
#481=PLANE('',#8572);
#482=PLANE('',#8575);
#483=PLANE('',#8576);
#484=PLANE('',#8577);
#485=PLANE('',#8584);
#486=PLANE('',#8587);
#487=PLANE('',#8588);
#488=PLANE('',#8592);
#489=PLANE('',#8594);
#490=PLANE('',#8595);
#491=PLANE('',#8601);
#492=PLANE('',#8610);
#493=PLANE('',#8614);
#494=PLANE('',#8617);
#495=PLANE('',#8621);
#496=PLANE('',#8624);
#497=PLANE('',#8625);
#498=PLANE('',#8626);
#499=PLANE('',#8635);
#500=PLANE('',#8641);
#501=PLANE('',#8642);
#502=PLANE('',#8646);
#503=PLANE('',#8647);
#504=PLANE('',#8648);
#505=PLANE('',#8649);
#506=PLANE('',#8658);
#507=PLANE('',#8671);
#508=PLANE('',#8672);
#509=PLANE('',#8673);
#510=PLANE('',#8674);
#511=PLANE('',#8685);
#512=PLANE('',#8686);
#513=PLANE('',#8691);
#514=PLANE('',#8694);
#515=PLANE('',#8695);
#516=PLANE('',#8701);
#517=PLANE('',#8703);
#518=PLANE('',#8706);
#519=PLANE('',#8707);
#520=PLANE('',#8708);
#521=PLANE('',#8713);
#522=PLANE('',#8714);
#523=PLANE('',#8716);
#524=PLANE('',#8717);
#525=PLANE('',#8718);
#526=PLANE('',#8719);
#527=PLANE('',#8721);
#528=PLANE('',#8723);
#529=PLANE('',#8725);
#530=PLANE('',#8726);
#531=PLANE('',#8727);
#532=PLANE('',#8729);
#533=PLANE('',#8733);
#534=PLANE('',#8737);
#535=PLANE('',#8740);
#536=PLANE('',#8741);
#537=PLANE('',#8743);
#538=PLANE('',#8744);
#539=PLANE('',#8749);
#540=PLANE('',#8750);
#541=PLANE('',#8751);
#542=PLANE('',#8755);
#543=PLANE('',#8759);
#544=PLANE('',#8760);
#545=PLANE('',#8761);
#546=PLANE('',#8762);
#547=PLANE('',#8765);
#548=PLANE('',#8766);
#549=PLANE('',#8767);
#550=PLANE('',#8768);
#551=PLANE('',#8769);
#552=PLANE('',#8772);
#553=PLANE('',#8773);
#554=PLANE('',#8775);
#555=PLANE('',#8776);
#556=PLANE('',#8777);
#557=PLANE('',#8779);
#558=PLANE('',#8782);
#559=PLANE('',#8783);
#560=PLANE('',#8786);
#561=PLANE('',#8790);
#562=PLANE('',#8794);
#563=PLANE('',#8797);
#564=PLANE('',#8801);
#565=PLANE('',#8802);
#566=PLANE('',#8806);
#567=PLANE('',#8809);
#568=PLANE('',#8810);
#569=PLANE('',#8811);
#570=PLANE('',#8823);
#571=PLANE('',#8824);
#572=PLANE('',#8825);
#573=PLANE('',#8838);
#574=PLANE('',#8842);
#575=PLANE('',#8843);
#576=PLANE('',#8844);
#577=PLANE('',#8845);
#578=PLANE('',#8849);
#579=PLANE('',#8856);
#580=PLANE('',#8859);
#581=PLANE('',#8860);
#582=PLANE('',#8869);
#583=PLANE('',#8870);
#584=PLANE('',#8871);
#585=PLANE('',#8872);
#586=PLANE('',#8873);
#587=PLANE('',#8874);
#588=PLANE('',#8875);
#589=PLANE('',#8883);
#590=PLANE('',#8884);
#591=PLANE('',#8885);
#592=PLANE('',#8888);
#593=PLANE('',#8892);
#594=PLANE('',#8896);
#595=PLANE('',#8899);
#596=PLANE('',#8900);
#597=PLANE('',#8901);
#598=PLANE('',#8902);
#599=PLANE('',#8903);
#600=PLANE('',#8904);
#601=PLANE('',#8907);
#602=PLANE('',#8910);
#603=PLANE('',#8911);
#604=PLANE('',#8912);
#605=PLANE('',#8913);
#606=PLANE('',#8914);
#607=PLANE('',#8917);
#608=PLANE('',#8920);
#609=PLANE('',#8921);
#610=PLANE('',#8922);
#611=PLANE('',#8925);
#612=PLANE('',#8930);
#613=PLANE('',#8932);
#614=PLANE('',#8934);
#615=PLANE('',#8935);
#616=PLANE('',#8936);
#617=FACE_OUTER_BOUND('',#1039,.T.);
#618=FACE_OUTER_BOUND('',#1040,.T.);
#619=FACE_OUTER_BOUND('',#1041,.T.);
#620=FACE_OUTER_BOUND('',#1042,.T.);
#621=FACE_OUTER_BOUND('',#1043,.T.);
#622=FACE_OUTER_BOUND('',#1044,.T.);
#623=FACE_OUTER_BOUND('',#1045,.T.);
#624=FACE_OUTER_BOUND('',#1046,.T.);
#625=FACE_OUTER_BOUND('',#1047,.T.);
#626=FACE_OUTER_BOUND('',#1048,.T.);
#627=FACE_OUTER_BOUND('',#1049,.T.);
#628=FACE_OUTER_BOUND('',#1050,.T.);
#629=FACE_OUTER_BOUND('',#1051,.T.);
#630=FACE_OUTER_BOUND('',#1052,.T.);
#631=FACE_OUTER_BOUND('',#1053,.T.);
#632=FACE_OUTER_BOUND('',#1054,.T.);
#633=FACE_OUTER_BOUND('',#1055,.T.);
#634=FACE_OUTER_BOUND('',#1056,.T.);
#635=FACE_OUTER_BOUND('',#1057,.T.);
#636=FACE_OUTER_BOUND('',#1058,.T.);
#637=FACE_OUTER_BOUND('',#1059,.T.);
#638=FACE_OUTER_BOUND('',#1060,.T.);
#639=FACE_OUTER_BOUND('',#1061,.T.);
#640=FACE_OUTER_BOUND('',#1062,.T.);
#641=FACE_OUTER_BOUND('',#1063,.T.);
#642=FACE_OUTER_BOUND('',#1064,.T.);
#643=FACE_OUTER_BOUND('',#1065,.T.);
#644=FACE_OUTER_BOUND('',#1066,.T.);
#645=FACE_OUTER_BOUND('',#1067,.T.);
#646=FACE_OUTER_BOUND('',#1068,.T.);
#647=FACE_OUTER_BOUND('',#1069,.T.);
#648=FACE_OUTER_BOUND('',#1070,.T.);
#649=FACE_OUTER_BOUND('',#1071,.T.);
#650=FACE_OUTER_BOUND('',#1072,.T.);
#651=FACE_OUTER_BOUND('',#1073,.T.);
#652=FACE_OUTER_BOUND('',#1074,.T.);
#653=FACE_OUTER_BOUND('',#1075,.T.);
#654=FACE_OUTER_BOUND('',#1076,.T.);
#655=FACE_OUTER_BOUND('',#1077,.T.);
#656=FACE_OUTER_BOUND('',#1078,.T.);
#657=FACE_OUTER_BOUND('',#1079,.T.);
#658=FACE_OUTER_BOUND('',#1080,.T.);
#659=FACE_OUTER_BOUND('',#1081,.T.);
#660=FACE_OUTER_BOUND('',#1082,.T.);
#661=FACE_OUTER_BOUND('',#1083,.T.);
#662=FACE_OUTER_BOUND('',#1084,.T.);
#663=FACE_OUTER_BOUND('',#1085,.T.);
#664=FACE_OUTER_BOUND('',#1086,.T.);
#665=FACE_OUTER_BOUND('',#1088,.T.);
#666=FACE_OUTER_BOUND('',#1089,.T.);
#667=FACE_OUTER_BOUND('',#1090,.T.);
#668=FACE_OUTER_BOUND('',#1091,.T.);
#669=FACE_OUTER_BOUND('',#1092,.T.);
#670=FACE_OUTER_BOUND('',#1093,.T.);
#671=FACE_OUTER_BOUND('',#1094,.T.);
#672=FACE_OUTER_BOUND('',#1095,.T.);
#673=FACE_OUTER_BOUND('',#1096,.T.);
#674=FACE_OUTER_BOUND('',#1097,.T.);
#675=FACE_OUTER_BOUND('',#1098,.T.);
#676=FACE_OUTER_BOUND('',#1099,.T.);
#677=FACE_OUTER_BOUND('',#1100,.T.);
#678=FACE_OUTER_BOUND('',#1101,.T.);
#679=FACE_OUTER_BOUND('',#1102,.T.);
#680=FACE_OUTER_BOUND('',#1103,.T.);
#681=FACE_OUTER_BOUND('',#1104,.T.);
#682=FACE_OUTER_BOUND('',#1105,.T.);
#683=FACE_OUTER_BOUND('',#1106,.T.);
#684=FACE_OUTER_BOUND('',#1107,.T.);
#685=FACE_OUTER_BOUND('',#1108,.T.);
#686=FACE_OUTER_BOUND('',#1109,.T.);
#687=FACE_OUTER_BOUND('',#1110,.T.);
#688=FACE_OUTER_BOUND('',#1111,.T.);
#689=FACE_OUTER_BOUND('',#1113,.T.);
#690=FACE_OUTER_BOUND('',#1114,.T.);
#691=FACE_OUTER_BOUND('',#1115,.T.);
#692=FACE_OUTER_BOUND('',#1116,.T.);
#693=FACE_OUTER_BOUND('',#1117,.T.);
#694=FACE_OUTER_BOUND('',#1118,.T.);
#695=FACE_OUTER_BOUND('',#1119,.T.);
#696=FACE_OUTER_BOUND('',#1121,.T.);
#697=FACE_OUTER_BOUND('',#1122,.T.);
#698=FACE_OUTER_BOUND('',#1123,.T.);
#699=FACE_OUTER_BOUND('',#1124,.T.);
#700=FACE_OUTER_BOUND('',#1125,.T.);
#701=FACE_OUTER_BOUND('',#1126,.T.);
#702=FACE_OUTER_BOUND('',#1127,.T.);
#703=FACE_OUTER_BOUND('',#1128,.T.);
#704=FACE_OUTER_BOUND('',#1130,.T.);
#705=FACE_OUTER_BOUND('',#1131,.T.);
#706=FACE_OUTER_BOUND('',#1132,.T.);
#707=FACE_OUTER_BOUND('',#1133,.T.);
#708=FACE_OUTER_BOUND('',#1134,.T.);
#709=FACE_OUTER_BOUND('',#1135,.T.);
#710=FACE_OUTER_BOUND('',#1136,.T.);
#711=FACE_OUTER_BOUND('',#1137,.T.);
#712=FACE_OUTER_BOUND('',#1138,.T.);
#713=FACE_OUTER_BOUND('',#1139,.T.);
#714=FACE_OUTER_BOUND('',#1140,.T.);
#715=FACE_OUTER_BOUND('',#1141,.T.);
#716=FACE_OUTER_BOUND('',#1142,.T.);
#717=FACE_OUTER_BOUND('',#1143,.T.);
#718=FACE_OUTER_BOUND('',#1144,.T.);
#719=FACE_OUTER_BOUND('',#1145,.T.);
#720=FACE_OUTER_BOUND('',#1146,.T.);
#721=FACE_OUTER_BOUND('',#1147,.T.);
#722=FACE_OUTER_BOUND('',#1148,.T.);
#723=FACE_OUTER_BOUND('',#1149,.T.);
#724=FACE_OUTER_BOUND('',#1150,.T.);
#725=FACE_OUTER_BOUND('',#1151,.T.);
#726=FACE_OUTER_BOUND('',#1152,.T.);
#727=FACE_OUTER_BOUND('',#1153,.T.);
#728=FACE_OUTER_BOUND('',#1154,.T.);
#729=FACE_OUTER_BOUND('',#1155,.T.);
#730=FACE_OUTER_BOUND('',#1156,.T.);
#731=FACE_OUTER_BOUND('',#1157,.T.);
#732=FACE_OUTER_BOUND('',#1158,.T.);
#733=FACE_OUTER_BOUND('',#1159,.T.);
#734=FACE_OUTER_BOUND('',#1160,.T.);
#735=FACE_OUTER_BOUND('',#1161,.T.);
#736=FACE_OUTER_BOUND('',#1162,.T.);
#737=FACE_OUTER_BOUND('',#1163,.T.);
#738=FACE_OUTER_BOUND('',#1164,.T.);
#739=FACE_OUTER_BOUND('',#1165,.T.);
#740=FACE_OUTER_BOUND('',#1166,.T.);
#741=FACE_OUTER_BOUND('',#1167,.T.);
#742=FACE_OUTER_BOUND('',#1168,.T.);
#743=FACE_OUTER_BOUND('',#1169,.T.);
#744=FACE_OUTER_BOUND('',#1170,.T.);
#745=FACE_OUTER_BOUND('',#1171,.T.);
#746=FACE_OUTER_BOUND('',#1172,.T.);
#747=FACE_OUTER_BOUND('',#1173,.T.);
#748=FACE_OUTER_BOUND('',#1174,.T.);
#749=FACE_OUTER_BOUND('',#1175,.T.);
#750=FACE_OUTER_BOUND('',#1176,.T.);
#751=FACE_OUTER_BOUND('',#1177,.T.);
#752=FACE_OUTER_BOUND('',#1178,.T.);
#753=FACE_OUTER_BOUND('',#1179,.T.);
#754=FACE_OUTER_BOUND('',#1180,.T.);
#755=FACE_OUTER_BOUND('',#1181,.T.);
#756=FACE_OUTER_BOUND('',#1182,.T.);
#757=FACE_OUTER_BOUND('',#1183,.T.);
#758=FACE_OUTER_BOUND('',#1184,.T.);
#759=FACE_OUTER_BOUND('',#1185,.T.);
#760=FACE_OUTER_BOUND('',#1186,.T.);
#761=FACE_OUTER_BOUND('',#1187,.T.);
#762=FACE_OUTER_BOUND('',#1188,.T.);
#763=FACE_OUTER_BOUND('',#1189,.T.);
#764=FACE_OUTER_BOUND('',#1190,.T.);
#765=FACE_OUTER_BOUND('',#1191,.T.);
#766=FACE_OUTER_BOUND('',#1192,.T.);
#767=FACE_OUTER_BOUND('',#1193,.T.);
#768=FACE_OUTER_BOUND('',#1194,.T.);
#769=FACE_OUTER_BOUND('',#1195,.T.);
#770=FACE_OUTER_BOUND('',#1196,.T.);
#771=FACE_OUTER_BOUND('',#1197,.T.);
#772=FACE_OUTER_BOUND('',#1198,.T.);
#773=FACE_OUTER_BOUND('',#1199,.T.);
#774=FACE_OUTER_BOUND('',#1200,.T.);
#775=FACE_OUTER_BOUND('',#1201,.T.);
#776=FACE_OUTER_BOUND('',#1202,.T.);
#777=FACE_OUTER_BOUND('',#1203,.T.);
#778=FACE_OUTER_BOUND('',#1204,.T.);
#779=FACE_OUTER_BOUND('',#1205,.T.);
#780=FACE_OUTER_BOUND('',#1206,.T.);
#781=FACE_OUTER_BOUND('',#1207,.T.);
#782=FACE_OUTER_BOUND('',#1208,.T.);
#783=FACE_OUTER_BOUND('',#1209,.T.);
#784=FACE_OUTER_BOUND('',#1210,.T.);
#785=FACE_OUTER_BOUND('',#1211,.T.);
#786=FACE_OUTER_BOUND('',#1212,.T.);
#787=FACE_OUTER_BOUND('',#1213,.T.);
#788=FACE_OUTER_BOUND('',#1214,.T.);
#789=FACE_OUTER_BOUND('',#1215,.T.);
#790=FACE_OUTER_BOUND('',#1216,.T.);
#791=FACE_OUTER_BOUND('',#1217,.T.);
#792=FACE_OUTER_BOUND('',#1218,.T.);
#793=FACE_OUTER_BOUND('',#1219,.T.);
#794=FACE_OUTER_BOUND('',#1220,.T.);
#795=FACE_OUTER_BOUND('',#1221,.T.);
#796=FACE_OUTER_BOUND('',#1222,.T.);
#797=FACE_OUTER_BOUND('',#1223,.T.);
#798=FACE_OUTER_BOUND('',#1224,.T.);
#799=FACE_OUTER_BOUND('',#1225,.T.);
#800=FACE_OUTER_BOUND('',#1226,.T.);
#801=FACE_OUTER_BOUND('',#1227,.T.);
#802=FACE_OUTER_BOUND('',#1228,.T.);
#803=FACE_OUTER_BOUND('',#1229,.T.);
#804=FACE_OUTER_BOUND('',#1230,.T.);
#805=FACE_OUTER_BOUND('',#1231,.T.);
#806=FACE_OUTER_BOUND('',#1232,.T.);
#807=FACE_OUTER_BOUND('',#1233,.T.);
#808=FACE_OUTER_BOUND('',#1234,.T.);
#809=FACE_OUTER_BOUND('',#1235,.T.);
#810=FACE_OUTER_BOUND('',#1237,.T.);
#811=FACE_OUTER_BOUND('',#1238,.T.);
#812=FACE_OUTER_BOUND('',#1239,.T.);
#813=FACE_OUTER_BOUND('',#1240,.T.);
#814=FACE_OUTER_BOUND('',#1241,.T.);
#815=FACE_OUTER_BOUND('',#1242,.T.);
#816=FACE_OUTER_BOUND('',#1243,.T.);
#817=FACE_OUTER_BOUND('',#1244,.T.);
#818=FACE_OUTER_BOUND('',#1245,.T.);
#819=FACE_OUTER_BOUND('',#1246,.T.);
#820=FACE_OUTER_BOUND('',#1247,.T.);
#821=FACE_OUTER_BOUND('',#1248,.T.);
#822=FACE_OUTER_BOUND('',#1249,.T.);
#823=FACE_OUTER_BOUND('',#1250,.T.);
#824=FACE_OUTER_BOUND('',#1251,.T.);
#825=FACE_OUTER_BOUND('',#1252,.T.);
#826=FACE_OUTER_BOUND('',#1253,.T.);
#827=FACE_OUTER_BOUND('',#1254,.T.);
#828=FACE_OUTER_BOUND('',#1255,.T.);
#829=FACE_OUTER_BOUND('',#1256,.T.);
#830=FACE_OUTER_BOUND('',#1257,.T.);
#831=FACE_OUTER_BOUND('',#1258,.T.);
#832=FACE_OUTER_BOUND('',#1259,.T.);
#833=FACE_OUTER_BOUND('',#1260,.T.);
#834=FACE_OUTER_BOUND('',#1261,.T.);
#835=FACE_OUTER_BOUND('',#1262,.T.);
#836=FACE_OUTER_BOUND('',#1263,.T.);
#837=FACE_OUTER_BOUND('',#1264,.T.);
#838=FACE_OUTER_BOUND('',#1265,.T.);
#839=FACE_OUTER_BOUND('',#1266,.T.);
#840=FACE_OUTER_BOUND('',#1267,.T.);
#841=FACE_OUTER_BOUND('',#1268,.T.);
#842=FACE_OUTER_BOUND('',#1269,.T.);
#843=FACE_OUTER_BOUND('',#1270,.T.);
#844=FACE_OUTER_BOUND('',#1271,.T.);
#845=FACE_OUTER_BOUND('',#1272,.T.);
#846=FACE_OUTER_BOUND('',#1273,.T.);
#847=FACE_OUTER_BOUND('',#1274,.T.);
#848=FACE_OUTER_BOUND('',#1275,.T.);
#849=FACE_OUTER_BOUND('',#1276,.T.);
#850=FACE_OUTER_BOUND('',#1277,.T.);
#851=FACE_OUTER_BOUND('',#1278,.T.);
#852=FACE_OUTER_BOUND('',#1279,.T.);
#853=FACE_OUTER_BOUND('',#1280,.T.);
#854=FACE_OUTER_BOUND('',#1281,.T.);
#855=FACE_OUTER_BOUND('',#1282,.T.);
#856=FACE_OUTER_BOUND('',#1283,.T.);
#857=FACE_OUTER_BOUND('',#1284,.T.);
#858=FACE_OUTER_BOUND('',#1285,.T.);
#859=FACE_OUTER_BOUND('',#1286,.T.);
#860=FACE_OUTER_BOUND('',#1287,.T.);
#861=FACE_OUTER_BOUND('',#1288,.T.);
#862=FACE_OUTER_BOUND('',#1289,.T.);
#863=FACE_OUTER_BOUND('',#1290,.T.);
#864=FACE_OUTER_BOUND('',#1291,.T.);
#865=FACE_OUTER_BOUND('',#1292,.T.);
#866=FACE_OUTER_BOUND('',#1293,.T.);
#867=FACE_OUTER_BOUND('',#1294,.T.);
#868=FACE_OUTER_BOUND('',#1295,.T.);
#869=FACE_OUTER_BOUND('',#1296,.T.);
#870=FACE_OUTER_BOUND('',#1297,.T.);
#871=FACE_OUTER_BOUND('',#1298,.T.);
#872=FACE_OUTER_BOUND('',#1299,.T.);
#873=FACE_OUTER_BOUND('',#1300,.T.);
#874=FACE_OUTER_BOUND('',#1301,.T.);
#875=FACE_OUTER_BOUND('',#1303,.T.);
#876=FACE_OUTER_BOUND('',#1305,.T.);
#877=FACE_OUTER_BOUND('',#1306,.T.);
#878=FACE_OUTER_BOUND('',#1307,.T.);
#879=FACE_OUTER_BOUND('',#1308,.T.);
#880=FACE_OUTER_BOUND('',#1309,.T.);
#881=FACE_OUTER_BOUND('',#1310,.T.);
#882=FACE_OUTER_BOUND('',#1311,.T.);
#883=FACE_OUTER_BOUND('',#1312,.T.);
#884=FACE_OUTER_BOUND('',#1313,.T.);
#885=FACE_OUTER_BOUND('',#1314,.T.);
#886=FACE_OUTER_BOUND('',#1315,.T.);
#887=FACE_OUTER_BOUND('',#1316,.T.);
#888=FACE_OUTER_BOUND('',#1317,.T.);
#889=FACE_OUTER_BOUND('',#1318,.T.);
#890=FACE_OUTER_BOUND('',#1319,.T.);
#891=FACE_OUTER_BOUND('',#1320,.T.);
#892=FACE_OUTER_BOUND('',#1321,.T.);
#893=FACE_OUTER_BOUND('',#1322,.T.);
#894=FACE_OUTER_BOUND('',#1323,.T.);
#895=FACE_OUTER_BOUND('',#1324,.T.);
#896=FACE_OUTER_BOUND('',#1325,.T.);
#897=FACE_OUTER_BOUND('',#1326,.T.);
#898=FACE_OUTER_BOUND('',#1327,.T.);
#899=FACE_OUTER_BOUND('',#1328,.T.);
#900=FACE_OUTER_BOUND('',#1329,.T.);
#901=FACE_OUTER_BOUND('',#1330,.T.);
#902=FACE_OUTER_BOUND('',#1331,.T.);
#903=FACE_OUTER_BOUND('',#1332,.T.);
#904=FACE_OUTER_BOUND('',#1333,.T.);
#905=FACE_OUTER_BOUND('',#1334,.T.);
#906=FACE_OUTER_BOUND('',#1335,.T.);
#907=FACE_OUTER_BOUND('',#1336,.T.);
#908=FACE_OUTER_BOUND('',#1337,.T.);
#909=FACE_OUTER_BOUND('',#1338,.T.);
#910=FACE_OUTER_BOUND('',#1339,.T.);
#911=FACE_OUTER_BOUND('',#1340,.T.);
#912=FACE_OUTER_BOUND('',#1341,.T.);
#913=FACE_OUTER_BOUND('',#1342,.T.);
#914=FACE_OUTER_BOUND('',#1344,.T.);
#915=FACE_OUTER_BOUND('',#1345,.T.);
#916=FACE_OUTER_BOUND('',#1346,.T.);
#917=FACE_OUTER_BOUND('',#1347,.T.);
#918=FACE_OUTER_BOUND('',#1348,.T.);
#919=FACE_OUTER_BOUND('',#1349,.T.);
#920=FACE_OUTER_BOUND('',#1350,.T.);
#921=FACE_OUTER_BOUND('',#1351,.T.);
#922=FACE_OUTER_BOUND('',#1352,.T.);
#923=FACE_OUTER_BOUND('',#1353,.T.);
#924=FACE_OUTER_BOUND('',#1358,.T.);
#925=FACE_OUTER_BOUND('',#1359,.T.);
#926=FACE_OUTER_BOUND('',#1360,.T.);
#927=FACE_OUTER_BOUND('',#1361,.T.);
#928=FACE_OUTER_BOUND('',#1362,.T.);
#929=FACE_OUTER_BOUND('',#1363,.T.);
#930=FACE_OUTER_BOUND('',#1364,.T.);
#931=FACE_OUTER_BOUND('',#1365,.T.);
#932=FACE_OUTER_BOUND('',#1366,.T.);
#933=FACE_OUTER_BOUND('',#1367,.T.);
#934=FACE_OUTER_BOUND('',#1368,.T.);
#935=FACE_OUTER_BOUND('',#1369,.T.);
#936=FACE_OUTER_BOUND('',#1370,.T.);
#937=FACE_OUTER_BOUND('',#1371,.T.);
#938=FACE_OUTER_BOUND('',#1372,.T.);
#939=FACE_OUTER_BOUND('',#1373,.T.);
#940=FACE_OUTER_BOUND('',#1374,.T.);
#941=FACE_OUTER_BOUND('',#1375,.T.);
#942=FACE_OUTER_BOUND('',#1376,.T.);
#943=FACE_OUTER_BOUND('',#1378,.T.);
#944=FACE_OUTER_BOUND('',#1383,.T.);
#945=FACE_OUTER_BOUND('',#1384,.T.);
#946=FACE_OUTER_BOUND('',#1385,.T.);
#947=FACE_OUTER_BOUND('',#1386,.T.);
#948=FACE_OUTER_BOUND('',#1387,.T.);
#949=FACE_OUTER_BOUND('',#1388,.T.);
#950=FACE_OUTER_BOUND('',#1389,.T.);
#951=FACE_OUTER_BOUND('',#1390,.T.);
#952=FACE_OUTER_BOUND('',#1391,.T.);
#953=FACE_OUTER_BOUND('',#1392,.T.);
#954=FACE_OUTER_BOUND('',#1393,.T.);
#955=FACE_OUTER_BOUND('',#1394,.T.);
#956=FACE_OUTER_BOUND('',#1395,.T.);
#957=FACE_OUTER_BOUND('',#1396,.T.);
#958=FACE_OUTER_BOUND('',#1397,.T.);
#959=FACE_OUTER_BOUND('',#1398,.T.);
#960=FACE_OUTER_BOUND('',#1399,.T.);
#961=FACE_OUTER_BOUND('',#1400,.T.);
#962=FACE_OUTER_BOUND('',#1401,.T.);
#963=FACE_OUTER_BOUND('',#1402,.T.);
#964=FACE_OUTER_BOUND('',#1403,.T.);
#965=FACE_OUTER_BOUND('',#1404,.T.);
#966=FACE_OUTER_BOUND('',#1405,.T.);
#967=FACE_OUTER_BOUND('',#1406,.T.);
#968=FACE_OUTER_BOUND('',#1407,.T.);
#969=FACE_OUTER_BOUND('',#1408,.T.);
#970=FACE_OUTER_BOUND('',#1409,.T.);
#971=FACE_OUTER_BOUND('',#1410,.T.);
#972=FACE_OUTER_BOUND('',#1411,.T.);
#973=FACE_OUTER_BOUND('',#1412,.T.);
#974=FACE_OUTER_BOUND('',#1413,.T.);
#975=FACE_OUTER_BOUND('',#1414,.T.);
#976=FACE_OUTER_BOUND('',#1415,.T.);
#977=FACE_OUTER_BOUND('',#1416,.T.);
#978=FACE_OUTER_BOUND('',#1417,.T.);
#979=FACE_OUTER_BOUND('',#1418,.T.);
#980=FACE_OUTER_BOUND('',#1419,.T.);
#981=FACE_OUTER_BOUND('',#1420,.T.);
#982=FACE_OUTER_BOUND('',#1421,.T.);
#983=FACE_OUTER_BOUND('',#1422,.T.);
#984=FACE_OUTER_BOUND('',#1423,.T.);
#985=FACE_OUTER_BOUND('',#1424,.T.);
#986=FACE_OUTER_BOUND('',#1425,.T.);
#987=FACE_OUTER_BOUND('',#1426,.T.);
#988=FACE_OUTER_BOUND('',#1427,.T.);
#989=FACE_OUTER_BOUND('',#1428,.T.);
#990=FACE_OUTER_BOUND('',#1429,.T.);
#991=FACE_OUTER_BOUND('',#1430,.T.);
#992=FACE_OUTER_BOUND('',#1431,.T.);
#993=FACE_OUTER_BOUND('',#1432,.T.);
#994=FACE_OUTER_BOUND('',#1433,.T.);
#995=FACE_OUTER_BOUND('',#1434,.T.);
#996=FACE_OUTER_BOUND('',#1435,.T.);
#997=FACE_OUTER_BOUND('',#1436,.T.);
#998=FACE_OUTER_BOUND('',#1437,.T.);
#999=FACE_OUTER_BOUND('',#1438,.T.);
#1000=FACE_OUTER_BOUND('',#1439,.T.);
#1001=FACE_OUTER_BOUND('',#1440,.T.);
#1002=FACE_OUTER_BOUND('',#1441,.T.);
#1003=FACE_OUTER_BOUND('',#1442,.T.);
#1004=FACE_OUTER_BOUND('',#1443,.T.);
#1005=FACE_OUTER_BOUND('',#1444,.T.);
#1006=FACE_OUTER_BOUND('',#1445,.T.);
#1007=FACE_OUTER_BOUND('',#1446,.T.);
#1008=FACE_OUTER_BOUND('',#1447,.T.);
#1009=FACE_OUTER_BOUND('',#1448,.T.);
#1010=FACE_OUTER_BOUND('',#1449,.T.);
#1011=FACE_OUTER_BOUND('',#1450,.T.);
#1012=FACE_OUTER_BOUND('',#1451,.T.);
#1013=FACE_OUTER_BOUND('',#1452,.T.);
#1014=FACE_OUTER_BOUND('',#1453,.T.);
#1015=FACE_OUTER_BOUND('',#1457,.T.);
#1016=FACE_OUTER_BOUND('',#1458,.T.);
#1017=FACE_OUTER_BOUND('',#1459,.T.);
#1018=FACE_OUTER_BOUND('',#1460,.T.);
#1019=FACE_OUTER_BOUND('',#1461,.T.);
#1020=FACE_OUTER_BOUND('',#1462,.T.);
#1021=FACE_OUTER_BOUND('',#1463,.T.);
#1022=FACE_OUTER_BOUND('',#1464,.T.);
#1023=FACE_OUTER_BOUND('',#1465,.T.);
#1024=FACE_OUTER_BOUND('',#1466,.T.);
#1025=FACE_OUTER_BOUND('',#1467,.T.);
#1026=FACE_OUTER_BOUND('',#1468,.T.);
#1027=FACE_OUTER_BOUND('',#1469,.T.);
#1028=FACE_OUTER_BOUND('',#1470,.T.);
#1029=FACE_OUTER_BOUND('',#1471,.T.);
#1030=FACE_OUTER_BOUND('',#1472,.T.);
#1031=FACE_OUTER_BOUND('',#1473,.T.);
#1032=FACE_OUTER_BOUND('',#1474,.T.);
#1033=FACE_OUTER_BOUND('',#1475,.T.);
#1034=FACE_OUTER_BOUND('',#1478,.T.);
#1035=FACE_OUTER_BOUND('',#1479,.T.);
#1036=FACE_OUTER_BOUND('',#1480,.T.);
#1037=FACE_OUTER_BOUND('',#1481,.T.);
#1038=FACE_OUTER_BOUND('',#1482,.T.);
#1039=EDGE_LOOP('',(#5140,#5141,#5142,#5143,#5144));
#1040=EDGE_LOOP('',(#5145,#5146,#5147,#5148,#5149,#5150));
#1041=EDGE_LOOP('',(#5151,#5152,#5153,#5154,#5155,#5156,#5157,#5158));
#1042=EDGE_LOOP('',(#5159,#5160,#5161,#5162,#5163));
#1043=EDGE_LOOP('',(#5164,#5165,#5166,#5167));
#1044=EDGE_LOOP('',(#5168,#5169,#5170,#5171,#5172,#5173));
#1045=EDGE_LOOP('',(#5174,#5175,#5176,#5177));
#1046=EDGE_LOOP('',(#5178,#5179,#5180,#5181,#5182));
#1047=EDGE_LOOP('',(#5183,#5184,#5185,#5186));
#1048=EDGE_LOOP('',(#5187,#5188,#5189,#5190,#5191));
#1049=EDGE_LOOP('',(#5192,#5193,#5194,#5195,#5196,#5197));
#1050=EDGE_LOOP('',(#5198,#5199,#5200,#5201,#5202));
#1051=EDGE_LOOP('',(#5203,#5204,#5205,#5206,#5207,#5208));
#1052=EDGE_LOOP('',(#5209,#5210,#5211,#5212));
#1053=EDGE_LOOP('',(#5213,#5214,#5215,#5216));
#1054=EDGE_LOOP('',(#5217,#5218,#5219,#5220,#5221,#5222));
#1055=EDGE_LOOP('',(#5223,#5224,#5225,#5226));
#1056=EDGE_LOOP('',(#5227,#5228,#5229,#5230,#5231,#5232,#5233,#5234));
#1057=EDGE_LOOP('',(#5235,#5236,#5237,#5238,#5239));
#1058=EDGE_LOOP('',(#5240,#5241,#5242,#5243,#5244,#5245,#5246,#5247,#5248,
#5249,#5250,#5251));
#1059=EDGE_LOOP('',(#5252,#5253,#5254,#5255,#5256,#5257,#5258,#5259));
#1060=EDGE_LOOP('',(#5260,#5261,#5262,#5263));
#1061=EDGE_LOOP('',(#5264,#5265,#5266,#5267));
#1062=EDGE_LOOP('',(#5268,#5269,#5270,#5271));
#1063=EDGE_LOOP('',(#5272,#5273,#5274,#5275));
#1064=EDGE_LOOP('',(#5276,#5277,#5278,#5279,#5280));
#1065=EDGE_LOOP('',(#5281,#5282,#5283,#5284));
#1066=EDGE_LOOP('',(#5285,#5286,#5287,#5288));
#1067=EDGE_LOOP('',(#5289,#5290,#5291,#5292));
#1068=EDGE_LOOP('',(#5293,#5294,#5295,#5296,#5297,#5298,#5299,#5300));
#1069=EDGE_LOOP('',(#5301,#5302,#5303,#5304));
#1070=EDGE_LOOP('',(#5305,#5306,#5307,#5308,#5309,#5310));
#1071=EDGE_LOOP('',(#5311,#5312,#5313,#5314,#5315,#5316));
#1072=EDGE_LOOP('',(#5317,#5318,#5319,#5320));
#1073=EDGE_LOOP('',(#5321,#5322,#5323,#5324));
#1074=EDGE_LOOP('',(#5325,#5326,#5327,#5328,#5329,#5330,#5331,#5332));
#1075=EDGE_LOOP('',(#5333,#5334,#5335,#5336));
#1076=EDGE_LOOP('',(#5337,#5338,#5339,#5340));
#1077=EDGE_LOOP('',(#5341,#5342,#5343,#5344,#5345,#5346,#5347,#5348,#5349,
#5350,#5351,#5352));
#1078=EDGE_LOOP('',(#5353,#5354,#5355,#5356));
#1079=EDGE_LOOP('',(#5357,#5358,#5359,#5360,#5361));
#1080=EDGE_LOOP('',(#5362,#5363,#5364,#5365));
#1081=EDGE_LOOP('',(#5366,#5367,#5368,#5369));
#1082=EDGE_LOOP('',(#5370,#5371,#5372,#5373,#5374,#5375,#5376,#5377));
#1083=EDGE_LOOP('',(#5378,#5379,#5380,#5381));
#1084=EDGE_LOOP('',(#5382,#5383,#5384,#5385));
#1085=EDGE_LOOP('',(#5386,#5387,#5388,#5389,#5390));
#1086=EDGE_LOOP('',(#5391,#5392,#5393,#5394));
#1087=EDGE_LOOP('',(#5395,#5396,#5397,#5398));
#1088=EDGE_LOOP('',(#5399,#5400,#5401,#5402));
#1089=EDGE_LOOP('',(#5403,#5404,#5405,#5406));
#1090=EDGE_LOOP('',(#5407,#5408,#5409,#5410,#5411));
#1091=EDGE_LOOP('',(#5412,#5413,#5414,#5415,#5416,#5417));
#1092=EDGE_LOOP('',(#5418,#5419,#5420,#5421,#5422,#5423));
#1093=EDGE_LOOP('',(#5424,#5425,#5426,#5427));
#1094=EDGE_LOOP('',(#5428,#5429,#5430,#5431));
#1095=EDGE_LOOP('',(#5432,#5433,#5434,#5435));
#1096=EDGE_LOOP('',(#5436,#5437,#5438,#5439));
#1097=EDGE_LOOP('',(#5440,#5441,#5442,#5443,#5444));
#1098=EDGE_LOOP('',(#5445,#5446,#5447,#5448));
#1099=EDGE_LOOP('',(#5449,#5450,#5451,#5452));
#1100=EDGE_LOOP('',(#5453,#5454,#5455,#5456));
#1101=EDGE_LOOP('',(#5457,#5458,#5459,#5460));
#1102=EDGE_LOOP('',(#5461,#5462,#5463,#5464));
#1103=EDGE_LOOP('',(#5465,#5466,#5467,#5468));
#1104=EDGE_LOOP('',(#5469,#5470,#5471,#5472));
#1105=EDGE_LOOP('',(#5473,#5474,#5475,#5476));
#1106=EDGE_LOOP('',(#5477,#5478,#5479,#5480));
#1107=EDGE_LOOP('',(#5481,#5482,#5483,#5484));
#1108=EDGE_LOOP('',(#5485,#5486,#5487,#5488));
#1109=EDGE_LOOP('',(#5489,#5490,#5491,#5492));
#1110=EDGE_LOOP('',(#5493,#5494,#5495,#5496));
#1111=EDGE_LOOP('',(#5497,#5498,#5499,#5500,#5501,#5502,#5503));
#1112=EDGE_LOOP('',(#5504,#5505,#5506,#5507));
#1113=EDGE_LOOP('',(#5508,#5509,#5510,#5511));
#1114=EDGE_LOOP('',(#5512,#5513,#5514,#5515));
#1115=EDGE_LOOP('',(#5516,#5517,#5518,#5519));
#1116=EDGE_LOOP('',(#5520,#5521,#5522,#5523));
#1117=EDGE_LOOP('',(#5524,#5525,#5526,#5527));
#1118=EDGE_LOOP('',(#5528,#5529,#5530,#5531));
#1119=EDGE_LOOP('',(#5532,#5533,#5534,#5535));
#1120=EDGE_LOOP('',(#5536,#5537,#5538,#5539));
#1121=EDGE_LOOP('',(#5540,#5541,#5542,#5543));
#1122=EDGE_LOOP('',(#5544,#5545,#5546,#5547));
#1123=EDGE_LOOP('',(#5548,#5549,#5550,#5551));
#1124=EDGE_LOOP('',(#5552,#5553,#5554,#5555));
#1125=EDGE_LOOP('',(#5556,#5557,#5558,#5559,#5560,#5561,#5562,#5563));
#1126=EDGE_LOOP('',(#5564,#5565,#5566,#5567,#5568,#5569,#5570,#5571));
#1127=EDGE_LOOP('',(#5572,#5573,#5574,#5575,#5576,#5577,#5578,#5579,#5580,
#5581));
#1128=EDGE_LOOP('',(#5582,#5583,#5584,#5585,#5586,#5587,#5588));
#1129=EDGE_LOOP('',(#5589,#5590,#5591,#5592));
#1130=EDGE_LOOP('',(#5593,#5594,#5595,#5596,#5597,#5598,#5599,#5600,#5601,
#5602,#5603,#5604));
#1131=EDGE_LOOP('',(#5605,#5606,#5607,#5608));
#1132=EDGE_LOOP('',(#5609,#5610,#5611,#5612));
#1133=EDGE_LOOP('',(#5613,#5614,#5615,#5616));
#1134=EDGE_LOOP('',(#5617,#5618,#5619,#5620));
#1135=EDGE_LOOP('',(#5621,#5622,#5623,#5624));
#1136=EDGE_LOOP('',(#5625,#5626,#5627,#5628));
#1137=EDGE_LOOP('',(#5629,#5630,#5631,#5632));
#1138=EDGE_LOOP('',(#5633,#5634,#5635,#5636));
#1139=EDGE_LOOP('',(#5637,#5638,#5639,#5640));
#1140=EDGE_LOOP('',(#5641,#5642,#5643,#5644));
#1141=EDGE_LOOP('',(#5645,#5646,#5647,#5648));
#1142=EDGE_LOOP('',(#5649,#5650,#5651,#5652));
#1143=EDGE_LOOP('',(#5653,#5654,#5655,#5656));
#1144=EDGE_LOOP('',(#5657,#5658,#5659,#5660));
#1145=EDGE_LOOP('',(#5661,#5662,#5663,#5664));
#1146=EDGE_LOOP('',(#5665,#5666,#5667,#5668));
#1147=EDGE_LOOP('',(#5669,#5670,#5671,#5672));
#1148=EDGE_LOOP('',(#5673,#5674,#5675,#5676));
#1149=EDGE_LOOP('',(#5677,#5678,#5679,#5680));
#1150=EDGE_LOOP('',(#5681,#5682,#5683,#5684));
#1151=EDGE_LOOP('',(#5685,#5686,#5687,#5688,#5689,#5690,#5691,#5692,#5693,
#5694));
#1152=EDGE_LOOP('',(#5695,#5696,#5697,#5698,#5699,#5700,#5701,#5702,#5703,
#5704));
#1153=EDGE_LOOP('',(#5705,#5706,#5707,#5708));
#1154=EDGE_LOOP('',(#5709,#5710,#5711,#5712));
#1155=EDGE_LOOP('',(#5713,#5714,#5715,#5716));
#1156=EDGE_LOOP('',(#5717,#5718,#5719,#5720));
#1157=EDGE_LOOP('',(#5721,#5722,#5723,#5724,#5725,#5726,#5727));
#1158=EDGE_LOOP('',(#5728,#5729,#5730,#5731,#5732));
#1159=EDGE_LOOP('',(#5733,#5734,#5735,#5736));
#1160=EDGE_LOOP('',(#5737,#5738,#5739,#5740));
#1161=EDGE_LOOP('',(#5741,#5742,#5743,#5744));
#1162=EDGE_LOOP('',(#5745,#5746,#5747,#5748));
#1163=EDGE_LOOP('',(#5749,#5750,#5751,#5752,#5753,#5754));
#1164=EDGE_LOOP('',(#5755,#5756,#5757,#5758));
#1165=EDGE_LOOP('',(#5759,#5760,#5761,#5762,#5763,#5764));
#1166=EDGE_LOOP('',(#5765,#5766,#5767,#5768));
#1167=EDGE_LOOP('',(#5769,#5770,#5771,#5772));
#1168=EDGE_LOOP('',(#5773,#5774,#5775,#5776,#5777,#5778,#5779,#5780,#5781,
#5782));
#1169=EDGE_LOOP('',(#5783,#5784,#5785,#5786,#5787,#5788,#5789));
#1170=EDGE_LOOP('',(#5790,#5791,#5792,#5793));
#1171=EDGE_LOOP('',(#5794,#5795,#5796,#5797));
#1172=EDGE_LOOP('',(#5798,#5799,#5800,#5801,#5802,#5803,#5804,#5805,#5806,
#5807,#5808,#5809));
#1173=EDGE_LOOP('',(#5810,#5811,#5812,#5813,#5814,#5815,#5816,#5817,#5818,
#5819,#5820,#5821));
#1174=EDGE_LOOP('',(#5822,#5823,#5824,#5825,#5826));
#1175=EDGE_LOOP('',(#5827,#5828,#5829,#5830,#5831,#5832,#5833));
#1176=EDGE_LOOP('',(#5834,#5835,#5836,#5837,#5838,#5839,#5840,#5841,#5842,
#5843));
#1177=EDGE_LOOP('',(#5844,#5845,#5846,#5847));
#1178=EDGE_LOOP('',(#5848,#5849,#5850,#5851));
#1179=EDGE_LOOP('',(#5852,#5853,#5854,#5855,#5856,#5857));
#1180=EDGE_LOOP('',(#5858,#5859,#5860,#5861));
#1181=EDGE_LOOP('',(#5862,#5863,#5864,#5865));
#1182=EDGE_LOOP('',(#5866,#5867,#5868,#5869));
#1183=EDGE_LOOP('',(#5870,#5871,#5872,#5873));
#1184=EDGE_LOOP('',(#5874,#5875,#5876,#5877));
#1185=EDGE_LOOP('',(#5878,#5879,#5880,#5881,#5882,#5883,#5884));
#1186=EDGE_LOOP('',(#5885,#5886,#5887,#5888));
#1187=EDGE_LOOP('',(#5889,#5890,#5891,#5892));
#1188=EDGE_LOOP('',(#5893,#5894,#5895,#5896));
#1189=EDGE_LOOP('',(#5897,#5898,#5899,#5900,#5901,#5902,#5903));
#1190=EDGE_LOOP('',(#5904,#5905,#5906,#5907));
#1191=EDGE_LOOP('',(#5908,#5909,#5910,#5911));
#1192=EDGE_LOOP('',(#5912,#5913,#5914,#5915));
#1193=EDGE_LOOP('',(#5916,#5917,#5918,#5919));
#1194=EDGE_LOOP('',(#5920,#5921,#5922,#5923));
#1195=EDGE_LOOP('',(#5924,#5925,#5926,#5927));
#1196=EDGE_LOOP('',(#5928,#5929,#5930,#5931));
#1197=EDGE_LOOP('',(#5932,#5933,#5934,#5935));
#1198=EDGE_LOOP('',(#5936,#5937,#5938,#5939,#5940,#5941,#5942,#5943,#5944,
#5945));
#1199=EDGE_LOOP('',(#5946,#5947,#5948,#5949));
#1200=EDGE_LOOP('',(#5950,#5951,#5952,#5953));
#1201=EDGE_LOOP('',(#5954,#5955,#5956,#5957));
#1202=EDGE_LOOP('',(#5958,#5959,#5960,#5961));
#1203=EDGE_LOOP('',(#5962,#5963,#5964,#5965));
#1204=EDGE_LOOP('',(#5966,#5967,#5968,#5969));
#1205=EDGE_LOOP('',(#5970,#5971,#5972,#5973));
#1206=EDGE_LOOP('',(#5974,#5975,#5976,#5977));
#1207=EDGE_LOOP('',(#5978,#5979,#5980,#5981,#5982,#5983,#5984,#5985,#5986,
#5987,#5988,#5989,#5990));
#1208=EDGE_LOOP('',(#5991,#5992,#5993,#5994));
#1209=EDGE_LOOP('',(#5995,#5996,#5997,#5998));
#1210=EDGE_LOOP('',(#5999,#6000,#6001,#6002));
#1211=EDGE_LOOP('',(#6003,#6004,#6005,#6006));
#1212=EDGE_LOOP('',(#6007,#6008,#6009,#6010));
#1213=EDGE_LOOP('',(#6011,#6012,#6013,#6014));
#1214=EDGE_LOOP('',(#6015,#6016,#6017,#6018));
#1215=EDGE_LOOP('',(#6019,#6020,#6021,#6022));
#1216=EDGE_LOOP('',(#6023,#6024,#6025,#6026));
#1217=EDGE_LOOP('',(#6027,#6028,#6029,#6030));
#1218=EDGE_LOOP('',(#6031,#6032,#6033,#6034));
#1219=EDGE_LOOP('',(#6035,#6036,#6037,#6038));
#1220=EDGE_LOOP('',(#6039,#6040,#6041,#6042));
#1221=EDGE_LOOP('',(#6043));
#1222=EDGE_LOOP('',(#6044,#6045,#6046,#6047));
#1223=EDGE_LOOP('',(#6048,#6049,#6050,#6051));
#1224=EDGE_LOOP('',(#6052,#6053,#6054,#6055));
#1225=EDGE_LOOP('',(#6056,#6057,#6058,#6059));
#1226=EDGE_LOOP('',(#6060,#6061,#6062,#6063,#6064,#6065,#6066,#6067));
#1227=EDGE_LOOP('',(#6068,#6069,#6070,#6071,#6072));
#1228=EDGE_LOOP('',(#6073,#6074,#6075,#6076,#6077,#6078));
#1229=EDGE_LOOP('',(#6079,#6080,#6081,#6082));
#1230=EDGE_LOOP('',(#6083,#6084,#6085,#6086));
#1231=EDGE_LOOP('',(#6087,#6088,#6089,#6090));
#1232=EDGE_LOOP('',(#6091,#6092,#6093,#6094));
#1233=EDGE_LOOP('',(#6095,#6096,#6097,#6098));
#1234=EDGE_LOOP('',(#6099,#6100,#6101,#6102,#6103));
#1235=EDGE_LOOP('',(#6104,#6105,#6106,#6107));
#1236=EDGE_LOOP('',(#6108,#6109,#6110,#6111));
#1237=EDGE_LOOP('',(#6112,#6113,#6114,#6115));
#1238=EDGE_LOOP('',(#6116,#6117,#6118,#6119));
#1239=EDGE_LOOP('',(#6120,#6121,#6122,#6123));
#1240=EDGE_LOOP('',(#6124,#6125,#6126,#6127));
#1241=EDGE_LOOP('',(#6128,#6129,#6130,#6131,#6132));
#1242=EDGE_LOOP('',(#6133,#6134,#6135,#6136));
#1243=EDGE_LOOP('',(#6137,#6138,#6139,#6140,#6141,#6142,#6143));
#1244=EDGE_LOOP('',(#6144,#6145,#6146,#6147));
#1245=EDGE_LOOP('',(#6148,#6149,#6150,#6151,#6152));
#1246=EDGE_LOOP('',(#6153,#6154,#6155,#6156));
#1247=EDGE_LOOP('',(#6157,#6158,#6159,#6160));
#1248=EDGE_LOOP('',(#6161,#6162,#6163,#6164));
#1249=EDGE_LOOP('',(#6165,#6166,#6167,#6168));
#1250=EDGE_LOOP('',(#6169,#6170,#6171,#6172));
#1251=EDGE_LOOP('',(#6173,#6174,#6175,#6176));
#1252=EDGE_LOOP('',(#6177,#6178,#6179,#6180));
#1253=EDGE_LOOP('',(#6181,#6182,#6183,#6184));
#1254=EDGE_LOOP('',(#6185,#6186,#6187,#6188,#6189));
#1255=EDGE_LOOP('',(#6190,#6191,#6192,#6193));
#1256=EDGE_LOOP('',(#6194,#6195,#6196,#6197,#6198,#6199));
#1257=EDGE_LOOP('',(#6200,#6201,#6202,#6203));
#1258=EDGE_LOOP('',(#6204,#6205,#6206,#6207,#6208));
#1259=EDGE_LOOP('',(#6209,#6210,#6211,#6212,#6213));
#1260=EDGE_LOOP('',(#6214,#6215,#6216,#6217));
#1261=EDGE_LOOP('',(#6218,#6219,#6220,#6221));
#1262=EDGE_LOOP('',(#6222,#6223,#6224,#6225));
#1263=EDGE_LOOP('',(#6226,#6227,#6228,#6229,#6230,#6231,#6232,#6233));
#1264=EDGE_LOOP('',(#6234,#6235,#6236,#6237));
#1265=EDGE_LOOP('',(#6238,#6239,#6240,#6241));
#1266=EDGE_LOOP('',(#6242,#6243,#6244,#6245));
#1267=EDGE_LOOP('',(#6246,#6247,#6248,#6249,#6250));
#1268=EDGE_LOOP('',(#6251,#6252,#6253,#6254));
#1269=EDGE_LOOP('',(#6255,#6256,#6257,#6258,#6259,#6260,#6261,#6262));
#1270=EDGE_LOOP('',(#6263,#6264,#6265,#6266));
#1271=EDGE_LOOP('',(#6267,#6268,#6269,#6270));
#1272=EDGE_LOOP('',(#6271,#6272,#6273,#6274));
#1273=EDGE_LOOP('',(#6275,#6276,#6277,#6278));
#1274=EDGE_LOOP('',(#6279,#6280,#6281,#6282,#6283));
#1275=EDGE_LOOP('',(#6284,#6285,#6286,#6287));
#1276=EDGE_LOOP('',(#6288,#6289,#6290,#6291));
#1277=EDGE_LOOP('',(#6292,#6293,#6294,#6295,#6296,#6297,#6298,#6299));
#1278=EDGE_LOOP('',(#6300,#6301,#6302,#6303));
#1279=EDGE_LOOP('',(#6304,#6305,#6306,#6307));
#1280=EDGE_LOOP('',(#6308,#6309,#6310,#6311));
#1281=EDGE_LOOP('',(#6312,#6313,#6314,#6315));
#1282=EDGE_LOOP('',(#6316,#6317,#6318,#6319));
#1283=EDGE_LOOP('',(#6320,#6321,#6322,#6323,#6324));
#1284=EDGE_LOOP('',(#6325,#6326,#6327,#6328));
#1285=EDGE_LOOP('',(#6329,#6330,#6331,#6332));
#1286=EDGE_LOOP('',(#6333,#6334,#6335,#6336));
#1287=EDGE_LOOP('',(#6337,#6338,#6339,#6340));
#1288=EDGE_LOOP('',(#6341,#6342,#6343,#6344));
#1289=EDGE_LOOP('',(#6345,#6346,#6347,#6348));
#1290=EDGE_LOOP('',(#6349,#6350,#6351,#6352));
#1291=EDGE_LOOP('',(#6353,#6354,#6355,#6356));
#1292=EDGE_LOOP('',(#6357,#6358,#6359,#6360));
#1293=EDGE_LOOP('',(#6361,#6362,#6363,#6364,#6365));
#1294=EDGE_LOOP('',(#6366,#6367,#6368,#6369));
#1295=EDGE_LOOP('',(#6370,#6371,#6372,#6373));
#1296=EDGE_LOOP('',(#6374,#6375,#6376,#6377));
#1297=EDGE_LOOP('',(#6378,#6379,#6380,#6381));
#1298=EDGE_LOOP('',(#6382,#6383,#6384,#6385));
#1299=EDGE_LOOP('',(#6386,#6387,#6388,#6389));
#1300=EDGE_LOOP('',(#6390,#6391,#6392,#6393));
#1301=EDGE_LOOP('',(#6394,#6395,#6396,#6397));
#1302=EDGE_LOOP('',(#6398,#6399,#6400,#6401));
#1303=EDGE_LOOP('',(#6402,#6403,#6404,#6405));
#1304=EDGE_LOOP('',(#6406,#6407,#6408,#6409));
#1305=EDGE_LOOP('',(#6410,#6411,#6412,#6413,#6414,#6415,#6416));
#1306=EDGE_LOOP('',(#6417,#6418,#6419,#6420));
#1307=EDGE_LOOP('',(#6421,#6422,#6423,#6424));
#1308=EDGE_LOOP('',(#6425,#6426,#6427,#6428));
#1309=EDGE_LOOP('',(#6429,#6430,#6431,#6432));
#1310=EDGE_LOOP('',(#6433,#6434,#6435,#6436));
#1311=EDGE_LOOP('',(#6437,#6438,#6439,#6440));
#1312=EDGE_LOOP('',(#6441,#6442,#6443,#6444));
#1313=EDGE_LOOP('',(#6445,#6446,#6447,#6448));
#1314=EDGE_LOOP('',(#6449,#6450,#6451,#6452));
#1315=EDGE_LOOP('',(#6453,#6454,#6455,#6456,#6457,#6458,#6459,#6460,#6461,
#6462,#6463,#6464,#6465,#6466,#6467,#6468,#6469,#6470,#6471,#6472,#6473,
#6474,#6475,#6476,#6477,#6478,#6479,#6480,#6481,#6482,#6483,#6484,#6485,
#6486,#6487,#6488,#6489,#6490,#6491,#6492,#6493,#6494,#6495,#6496,#6497,
#6498,#6499,#6500,#6501,#6502,#6503,#6504,#6505,#6506,#6507,#6508,#6509,
#6510,#6511,#6512,#6513,#6514,#6515,#6516,#6517,#6518,#6519,#6520,#6521,
#6522,#6523,#6524,#6525,#6526));
#1316=EDGE_LOOP('',(#6527,#6528,#6529,#6530));
#1317=EDGE_LOOP('',(#6531,#6532,#6533,#6534));
#1318=EDGE_LOOP('',(#6535,#6536,#6537,#6538));
#1319=EDGE_LOOP('',(#6539,#6540,#6541,#6542));
#1320=EDGE_LOOP('',(#6543,#6544,#6545,#6546,#6547,#6548,#6549,#6550,#6551,
#6552,#6553,#6554,#6555,#6556,#6557,#6558,#6559,#6560,#6561,#6562,#6563,
#6564,#6565));
#1321=EDGE_LOOP('',(#6566,#6567,#6568,#6569,#6570,#6571));
#1322=EDGE_LOOP('',(#6572,#6573,#6574,#6575));
#1323=EDGE_LOOP('',(#6576,#6577,#6578,#6579,#6580,#6581,#6582,#6583,#6584));
#1324=EDGE_LOOP('',(#6585,#6586,#6587,#6588));
#1325=EDGE_LOOP('',(#6589,#6590,#6591,#6592,#6593,#6594,#6595,#6596,#6597,
#6598,#6599,#6600,#6601));
#1326=EDGE_LOOP('',(#6602,#6603,#6604,#6605));
#1327=EDGE_LOOP('',(#6606,#6607,#6608,#6609));
#1328=EDGE_LOOP('',(#6610,#6611,#6612,#6613,#6614,#6615,#6616,#6617,#6618,
#6619,#6620,#6621,#6622));
#1329=EDGE_LOOP('',(#6623,#6624,#6625,#6626));
#1330=EDGE_LOOP('',(#6627,#6628,#6629,#6630,#6631,#6632,#6633,#6634,#6635,
#6636,#6637,#6638));
#1331=EDGE_LOOP('',(#6639,#6640,#6641,#6642,#6643,#6644,#6645));
#1332=EDGE_LOOP('',(#6646,#6647,#6648,#6649,#6650,#6651,#6652,#6653));
#1333=EDGE_LOOP('',(#6654,#6655,#6656,#6657,#6658,#6659,#6660,#6661));
#1334=EDGE_LOOP('',(#6662,#6663,#6664,#6665,#6666,#6667,#6668,#6669,#6670,
#6671,#6672,#6673));
#1335=EDGE_LOOP('',(#6674,#6675,#6676,#6677,#6678,#6679,#6680,#6681,#6682,
#6683));
#1336=EDGE_LOOP('',(#6684,#6685,#6686,#6687,#6688,#6689,#6690,#6691,#6692,
#6693,#6694,#6695));
#1337=EDGE_LOOP('',(#6696,#6697,#6698,#6699,#6700));
#1338=EDGE_LOOP('',(#6701,#6702,#6703,#6704));
#1339=EDGE_LOOP('',(#6705,#6706,#6707,#6708));
#1340=EDGE_LOOP('',(#6709,#6710,#6711,#6712,#6713,#6714,#6715,#6716,#6717,
#6718));
#1341=EDGE_LOOP('',(#6719,#6720,#6721,#6722));
#1342=EDGE_LOOP('',(#6723,#6724,#6725,#6726));
#1343=EDGE_LOOP('',(#6727,#6728,#6729,#6730));
#1344=EDGE_LOOP('',(#6731,#6732,#6733,#6734));
#1345=EDGE_LOOP('',(#6735,#6736,#6737,#6738,#6739,#6740,#6741,#6742,#6743,
#6744,#6745,#6746,#6747));
#1346=EDGE_LOOP('',(#6748,#6749,#6750,#6751));
#1347=EDGE_LOOP('',(#6752,#6753,#6754,#6755));
#1348=EDGE_LOOP('',(#6756,#6757,#6758,#6759));
#1349=EDGE_LOOP('',(#6760,#6761,#6762,#6763,#6764,#6765));
#1350=EDGE_LOOP('',(#6766,#6767,#6768,#6769));
#1351=EDGE_LOOP('',(#6770,#6771,#6772,#6773,#6774,#6775,#6776,#6777,#6778,
#6779));
#1352=EDGE_LOOP('',(#6780,#6781,#6782,#6783,#6784,#6785,#6786,#6787,#6788,
#6789,#6790,#6791));
#1353=EDGE_LOOP('',(#6792,#6793,#6794,#6795,#6796,#6797,#6798,#6799,#6800,
#6801,#6802,#6803));
#1354=EDGE_LOOP('',(#6804,#6805,#6806,#6807));
#1355=EDGE_LOOP('',(#6808,#6809,#6810,#6811));
#1356=EDGE_LOOP('',(#6812,#6813,#6814,#6815));
#1357=EDGE_LOOP('',(#6816,#6817,#6818,#6819));
#1358=EDGE_LOOP('',(#6820,#6821,#6822,#6823));
#1359=EDGE_LOOP('',(#6824,#6825,#6826,#6827));
#1360=EDGE_LOOP('',(#6828,#6829,#6830,#6831,#6832));
#1361=EDGE_LOOP('',(#6833,#6834,#6835,#6836));
#1362=EDGE_LOOP('',(#6837,#6838,#6839,#6840));
#1363=EDGE_LOOP('',(#6841,#6842,#6843,#6844,#6845));
#1364=EDGE_LOOP('',(#6846,#6847,#6848,#6849));
#1365=EDGE_LOOP('',(#6850,#6851,#6852,#6853,#6854,#6855,#6856,#6857,#6858,
#6859,#6860,#6861,#6862,#6863));
#1366=EDGE_LOOP('',(#6864,#6865,#6866,#6867,#6868,#6869,#6870,#6871,#6872,
#6873,#6874,#6875,#6876));
#1367=EDGE_LOOP('',(#6877,#6878,#6879,#6880));
#1368=EDGE_LOOP('',(#6881,#6882,#6883,#6884,#6885,#6886,#6887));
#1369=EDGE_LOOP('',(#6888,#6889,#6890,#6891,#6892,#6893,#6894));
#1370=EDGE_LOOP('',(#6895,#6896,#6897,#6898));
#1371=EDGE_LOOP('',(#6899,#6900,#6901,#6902));
#1372=EDGE_LOOP('',(#6903,#6904,#6905,#6906,#6907));
#1373=EDGE_LOOP('',(#6908,#6909,#6910,#6911));
#1374=EDGE_LOOP('',(#6912,#6913,#6914,#6915));
#1375=EDGE_LOOP('',(#6916,#6917,#6918,#6919,#6920,#6921,#6922,#6923,#6924,
#6925));
#1376=EDGE_LOOP('',(#6926,#6927,#6928,#6929,#6930,#6931,#6932,#6933));
#1377=EDGE_LOOP('',(#6934,#6935,#6936,#6937));
#1378=EDGE_LOOP('',(#6938,#6939,#6940,#6941,#6942,#6943,#6944,#6945,#6946,
#6947,#6948,#6949));
#1379=EDGE_LOOP('',(#6950,#6951,#6952,#6953));
#1380=EDGE_LOOP('',(#6954,#6955,#6956,#6957));
#1381=EDGE_LOOP('',(#6958,#6959,#6960,#6961));
#1382=EDGE_LOOP('',(#6962,#6963,#6964,#6965));
#1383=EDGE_LOOP('',(#6966,#6967,#6968,#6969));
#1384=EDGE_LOOP('',(#6970,#6971,#6972,#6973));
#1385=EDGE_LOOP('',(#6974,#6975,#6976,#6977));
#1386=EDGE_LOOP('',(#6978,#6979,#6980,#6981));
#1387=EDGE_LOOP('',(#6982,#6983,#6984,#6985));
#1388=EDGE_LOOP('',(#6986,#6987,#6988,#6989));
#1389=EDGE_LOOP('',(#6990,#6991,#6992,#6993));
#1390=EDGE_LOOP('',(#6994,#6995,#6996,#6997));
#1391=EDGE_LOOP('',(#6998,#6999,#7000,#7001,#7002,#7003,#7004,#7005,#7006,
#7007,#7008,#7009));
#1392=EDGE_LOOP('',(#7010,#7011,#7012,#7013));
#1393=EDGE_LOOP('',(#7014,#7015,#7016,#7017));
#1394=EDGE_LOOP('',(#7018,#7019,#7020,#7021));
#1395=EDGE_LOOP('',(#7022,#7023,#7024,#7025));
#1396=EDGE_LOOP('',(#7026,#7027,#7028,#7029,#7030));
#1397=EDGE_LOOP('',(#7031,#7032,#7033,#7034));
#1398=EDGE_LOOP('',(#7035,#7036,#7037,#7038));
#1399=EDGE_LOOP('',(#7039,#7040,#7041,#7042));
#1400=EDGE_LOOP('',(#7043,#7044,#7045,#7046));
#1401=EDGE_LOOP('',(#7047,#7048,#7049,#7050));
#1402=EDGE_LOOP('',(#7051,#7052,#7053,#7054));
#1403=EDGE_LOOP('',(#7055,#7056,#7057,#7058));
#1404=EDGE_LOOP('',(#7059,#7060,#7061,#7062,#7063,#7064,#7065,#7066,#7067,
#7068,#7069,#7070,#7071,#7072,#7073,#7074,#7075,#7076,#7077,#7078));
#1405=EDGE_LOOP('',(#7079,#7080,#7081,#7082));
#1406=EDGE_LOOP('',(#7083,#7084,#7085,#7086));
#1407=EDGE_LOOP('',(#7087,#7088,#7089,#7090));
#1408=EDGE_LOOP('',(#7091,#7092,#7093,#7094));
#1409=EDGE_LOOP('',(#7095,#7096,#7097,#7098));
#1410=EDGE_LOOP('',(#7099,#7100,#7101,#7102));
#1411=EDGE_LOOP('',(#7103,#7104,#7105,#7106));
#1412=EDGE_LOOP('',(#7107,#7108,#7109,#7110));
#1413=EDGE_LOOP('',(#7111,#7112,#7113,#7114));
#1414=EDGE_LOOP('',(#7115,#7116,#7117,#7118));
#1415=EDGE_LOOP('',(#7119,#7120,#7121,#7122));
#1416=EDGE_LOOP('',(#7123,#7124,#7125,#7126,#7127,#7128));
#1417=EDGE_LOOP('',(#7129,#7130,#7131,#7132,#7133,#7134));
#1418=EDGE_LOOP('',(#7135,#7136,#7137,#7138,#7139,#7140));
#1419=EDGE_LOOP('',(#7141,#7142,#7143,#7144));
#1420=EDGE_LOOP('',(#7145,#7146,#7147,#7148,#7149,#7150,#7151,#7152,#7153,
#7154,#7155,#7156,#7157,#7158,#7159,#7160,#7161,#7162,#7163,#7164));
#1421=EDGE_LOOP('',(#7165,#7166,#7167,#7168));
#1422=EDGE_LOOP('',(#7169,#7170,#7171,#7172));
#1423=EDGE_LOOP('',(#7173,#7174,#7175,#7176));
#1424=EDGE_LOOP('',(#7177,#7178,#7179,#7180));
#1425=EDGE_LOOP('',(#7181,#7182,#7183,#7184));
#1426=EDGE_LOOP('',(#7185,#7186,#7187,#7188));
#1427=EDGE_LOOP('',(#7189,#7190,#7191,#7192));
#1428=EDGE_LOOP('',(#7193,#7194,#7195,#7196));
#1429=EDGE_LOOP('',(#7197,#7198,#7199,#7200));
#1430=EDGE_LOOP('',(#7201,#7202,#7203,#7204));
#1431=EDGE_LOOP('',(#7205,#7206,#7207,#7208));
#1432=EDGE_LOOP('',(#7209,#7210,#7211,#7212));
#1433=EDGE_LOOP('',(#7213,#7214,#7215,#7216,#7217,#7218,#7219,#7220));
#1434=EDGE_LOOP('',(#7221,#7222,#7223,#7224));
#1435=EDGE_LOOP('',(#7225,#7226,#7227,#7228));
#1436=EDGE_LOOP('',(#7229,#7230,#7231,#7232));
#1437=EDGE_LOOP('',(#7233,#7234,#7235,#7236));
#1438=EDGE_LOOP('',(#7237,#7238,#7239,#7240));
#1439=EDGE_LOOP('',(#7241,#7242,#7243,#7244));
#1440=EDGE_LOOP('',(#7245,#7246,#7247,#7248));
#1441=EDGE_LOOP('',(#7249,#7250,#7251,#7252,#7253));
#1442=EDGE_LOOP('',(#7254,#7255,#7256,#7257));
#1443=EDGE_LOOP('',(#7258,#7259,#7260,#7261));
#1444=EDGE_LOOP('',(#7262,#7263,#7264,#7265));
#1445=EDGE_LOOP('',(#7266,#7267,#7268,#7269,#7270,#7271,#7272,#7273,#7274,
#7275,#7276,#7277,#7278,#7279,#7280,#7281,#7282,#7283,#7284,#7285));
#1446=EDGE_LOOP('',(#7286,#7287,#7288,#7289));
#1447=EDGE_LOOP('',(#7290,#7291,#7292,#7293));
#1448=EDGE_LOOP('',(#7294,#7295,#7296,#7297,#7298));
#1449=EDGE_LOOP('',(#7299,#7300,#7301,#7302));
#1450=EDGE_LOOP('',(#7303,#7304,#7305,#7306));
#1451=EDGE_LOOP('',(#7307,#7308,#7309,#7310));
#1452=EDGE_LOOP('',(#7311,#7312,#7313,#7314));
#1453=EDGE_LOOP('',(#7315,#7316,#7317,#7318,#7319,#7320,#7321,#7322,#7323,
#7324,#7325,#7326,#7327,#7328,#7329));
#1454=EDGE_LOOP('',(#7330));
#1455=EDGE_LOOP('',(#7331,#7332,#7333,#7334,#7335));
#1456=EDGE_LOOP('',(#7336,#7337,#7338,#7339,#7340,#7341,#7342));
#1457=EDGE_LOOP('',(#7343,#7344,#7345,#7346));
#1458=EDGE_LOOP('',(#7347,#7348,#7349,#7350,#7351,#7352));
#1459=EDGE_LOOP('',(#7353,#7354,#7355,#7356));
#1460=EDGE_LOOP('',(#7357,#7358,#7359,#7360));
#1461=EDGE_LOOP('',(#7361,#7362,#7363,#7364));
#1462=EDGE_LOOP('',(#7365,#7366,#7367,#7368));
#1463=EDGE_LOOP('',(#7369,#7370,#7371,#7372));
#1464=EDGE_LOOP('',(#7373,#7374,#7375,#7376));
#1465=EDGE_LOOP('',(#7377,#7378,#7379,#7380));
#1466=EDGE_LOOP('',(#7381,#7382,#7383,#7384,#7385,#7386));
#1467=EDGE_LOOP('',(#7387,#7388,#7389,#7390));
#1468=EDGE_LOOP('',(#7391,#7392,#7393,#7394,#7395));
#1469=EDGE_LOOP('',(#7396,#7397,#7398,#7399));
#1470=EDGE_LOOP('',(#7400,#7401,#7402,#7403,#7404,#7405,#7406,#7407));
#1471=EDGE_LOOP('',(#7408,#7409,#7410,#7411));
#1472=EDGE_LOOP('',(#7412,#7413,#7414,#7415));
#1473=EDGE_LOOP('',(#7416,#7417,#7418,#7419));
#1474=EDGE_LOOP('',(#7420,#7421,#7422,#7423));
#1475=EDGE_LOOP('',(#7424,#7425,#7426,#7427,#7428,#7429,#7430,#7431,#7432,
#7433,#7434,#7435,#7436,#7437,#7438,#7439,#7440,#7441,#7442,#7443,#7444,
#7445));
#1476=EDGE_LOOP('',(#7446,#7447,#7448,#7449,#7450,#7451,#7452,#7453,#7454,
#7455,#7456,#7457,#7458,#7459,#7460,#7461,#7462,#7463));
#1477=EDGE_LOOP('',(#7464,#7465,#7466,#7467,#7468,#7469,#7470,#7471,#7472,
#7473,#7474,#7475,#7476,#7477,#7478,#7479,#7480,#7481));
#1478=EDGE_LOOP('',(#7482,#7483,#7484,#7485));
#1479=EDGE_LOOP('',(#7486,#7487,#7488,#7489));
#1480=EDGE_LOOP('',(#7490,#7491,#7492,#7493));
#1481=EDGE_LOOP('',(#7494,#7495,#7496,#7497,#7498,#7499));
#1482=EDGE_LOOP('',(#7500,#7501,#7502,#7503));
#1483=LINE('',#11288,#2316);
#1484=LINE('',#11304,#2317);
#1485=LINE('',#11319,#2318);
#1486=LINE('',#11326,#2319);
#1487=LINE('',#11328,#2320);
#1488=LINE('',#11330,#2321);
#1489=LINE('',#11337,#2322);
#1490=LINE('',#11339,#2323);
#1491=LINE('',#11341,#2324);
#1492=LINE('',#11344,#2325);
#1493=LINE('',#11358,#2326);
#1494=LINE('',#11363,#2327);
#1495=LINE('',#11374,#2328);
#1496=LINE('',#11377,#2329);
#1497=LINE('',#11395,#2330);
#1498=LINE('',#11411,#2331);
#1499=LINE('',#11426,#2332);
#1500=LINE('',#11429,#2333);
#1501=LINE('',#11430,#2334);
#1502=LINE('',#11436,#2335);
#1503=LINE('',#11438,#2336);
#1504=LINE('',#11440,#2337);
#1505=LINE('',#11441,#2338);
#1506=LINE('',#11445,#2339);
#1507=LINE('',#11447,#2340);
#1508=LINE('',#11449,#2341);
#1509=LINE('',#11450,#2342);
#1510=LINE('',#11454,#2343);
#1511=LINE('',#11470,#2344);
#1512=LINE('',#11487,#2345);
#1513=LINE('',#11489,#2346);
#1514=LINE('',#11491,#2347);
#1515=LINE('',#11492,#2348);
#1516=LINE('',#11496,#2349);
#1517=LINE('',#11498,#2350);
#1518=LINE('',#11499,#2351);
#1519=LINE('',#11501,#2352);
#1520=LINE('',#11502,#2353);
#1521=LINE('',#11506,#2354);
#1522=LINE('',#11525,#2355);
#1523=LINE('',#11527,#2356);
#1524=LINE('',#11528,#2357);
#1525=LINE('',#11531,#2358);
#1526=LINE('',#11536,#2359);
#1527=LINE('',#11537,#2360);
#1528=LINE('',#11541,#2361);
#1529=LINE('',#11543,#2362);
#1530=LINE('',#11545,#2363);
#1531=LINE('',#11546,#2364);
#1532=LINE('',#11550,#2365);
#1533=LINE('',#11552,#2366);
#1534=LINE('',#11554,#2367);
#1535=LINE('',#11555,#2368);
#1536=LINE('',#11561,#2369);
#1537=LINE('',#11565,#2370);
#1538=LINE('',#11567,#2371);
#1539=LINE('',#11571,#2372);
#1540=LINE('',#11572,#2373);
#1541=LINE('',#11576,#2374);
#1542=LINE('',#11578,#2375);
#1543=LINE('',#11580,#2376);
#1544=LINE('',#11581,#2377);
#1545=LINE('',#11584,#2378);
#1546=LINE('',#11586,#2379);
#1547=LINE('',#11587,#2380);
#1548=LINE('',#11590,#2381);
#1549=LINE('',#11592,#2382);
#1550=LINE('',#11593,#2383);
#1551=LINE('',#11596,#2384);
#1552=LINE('',#11598,#2385);
#1553=LINE('',#11602,#2386);
#1554=LINE('',#11606,#2387);
#1555=LINE('',#11607,#2388);
#1556=LINE('',#11611,#2389);
#1557=LINE('',#11615,#2390);
#1558=LINE('',#11624,#2391);
#1559=LINE('',#11630,#2392);
#1560=LINE('',#11633,#2393);
#1561=LINE('',#11634,#2394);
#1562=LINE('',#11637,#2395);
#1563=LINE('',#11638,#2396);
#1564=LINE('',#11641,#2397);
#1565=LINE('',#11642,#2398);
#1566=LINE('',#11645,#2399);
#1567=LINE('',#11647,#2400);
#1568=LINE('',#11649,#2401);
#1569=LINE('',#11650,#2402);
#1570=LINE('',#11651,#2403);
#1571=LINE('',#11654,#2404);
#1572=LINE('',#11655,#2405);
#1573=LINE('',#11659,#2406);
#1574=LINE('',#11661,#2407);
#1575=LINE('',#11662,#2408);
#1576=LINE('',#11664,#2409);
#1577=LINE('',#11666,#2410);
#1578=LINE('',#11668,#2411);
#1579=LINE('',#11670,#2412);
#1580=LINE('',#11680,#2413);
#1581=LINE('',#11690,#2414);
#1582=LINE('',#11692,#2415);
#1583=LINE('',#11694,#2416);
#1584=LINE('',#11695,#2417);
#1585=LINE('',#11700,#2418);
#1586=LINE('',#11703,#2419);
#1587=LINE('',#11707,#2420);
#1588=LINE('',#11727,#2421);
#1589=LINE('',#11734,#2422);
#1590=LINE('',#11739,#2423);
#1591=LINE('',#11741,#2424);
#1592=LINE('',#11743,#2425);
#1593=LINE('',#11744,#2426);
#1594=LINE('',#11749,#2427);
#1595=LINE('',#11754,#2428);
#1596=LINE('',#11756,#2429);
#1597=LINE('',#11758,#2430);
#1598=LINE('',#11759,#2431);
#1599=LINE('',#11762,#2432);
#1600=LINE('',#11764,#2433);
#1601=LINE('',#11765,#2434);
#1602=LINE('',#11769,#2435);
#1603=LINE('',#11771,#2436);
#1604=LINE('',#11773,#2437);
#1605=LINE('',#11776,#2438);
#1606=LINE('',#11785,#2439);
#1607=LINE('',#11788,#2440);
#1608=LINE('',#11791,#2441);
#1609=LINE('',#11792,#2442);
#1610=LINE('',#11796,#2443);
#1611=LINE('',#11798,#2444);
#1612=LINE('',#11800,#2445);
#1613=LINE('',#11801,#2446);
#1614=LINE('',#11804,#2447);
#1615=LINE('',#11806,#2448);
#1616=LINE('',#11807,#2449);
#1617=LINE('',#11813,#2450);
#1618=LINE('',#11816,#2451);
#1619=LINE('',#11819,#2452);
#1620=LINE('',#11820,#2453);
#1621=LINE('',#11822,#2454);
#1622=LINE('',#11827,#2455);
#1623=LINE('',#11828,#2456);
#1624=LINE('',#11832,#2457);
#1625=LINE('',#11834,#2458);
#1626=LINE('',#11836,#2459);
#1627=LINE('',#11837,#2460);
#1628=LINE('',#11841,#2461);
#1629=LINE('',#11845,#2462);
#1630=LINE('',#11847,#2463);
#1631=LINE('',#11849,#2464);
#1632=LINE('',#11850,#2465);
#1633=LINE('',#11852,#2466);
#1634=LINE('',#11855,#2467);
#1635=LINE('',#11859,#2468);
#1636=LINE('',#11861,#2469);
#1637=LINE('',#11863,#2470);
#1638=LINE('',#11864,#2471);
#1639=LINE('',#11870,#2472);
#1640=LINE('',#11873,#2473);
#1641=LINE('',#11877,#2474);
#1642=LINE('',#11879,#2475);
#1643=LINE('',#11881,#2476);
#1644=LINE('',#11882,#2477);
#1645=LINE('',#11886,#2478);
#1646=LINE('',#11890,#2479);
#1647=LINE('',#11891,#2480);
#1648=LINE('',#11895,#2481);
#1649=LINE('',#11899,#2482);
#1650=LINE('',#11903,#2483);
#1651=LINE('',#11905,#2484);
#1652=LINE('',#11906,#2485);
#1653=LINE('',#11910,#2486);
#1654=LINE('',#11914,#2487);
#1655=LINE('',#11919,#2488);
#1656=LINE('',#11921,#2489);
#1657=LINE('',#11923,#2490);
#1658=LINE('',#11924,#2491);
#1659=LINE('',#11928,#2492);
#1660=LINE('',#11932,#2493);
#1661=LINE('',#11934,#2494);
#1662=LINE('',#11936,#2495);
#1663=LINE('',#11937,#2496);
#1664=LINE('',#11943,#2497);
#1665=LINE('',#11946,#2498);
#1666=LINE('',#11952,#2499);
#1667=LINE('',#11955,#2500);
#1668=LINE('',#11957,#2501);
#1669=LINE('',#11959,#2502);
#1670=LINE('',#11963,#2503);
#1671=LINE('',#11965,#2504);
#1672=LINE('',#11967,#2505);
#1673=LINE('',#11969,#2506);
#1674=LINE('',#11971,#2507);
#1675=LINE('',#11973,#2508);
#1676=LINE('',#11975,#2509);
#1677=LINE('',#11976,#2510);
#1678=LINE('',#11977,#2511);
#1679=LINE('',#11980,#2512);
#1680=LINE('',#11984,#2513);
#1681=LINE('',#11986,#2514);
#1682=LINE('',#11988,#2515);
#1683=LINE('',#11989,#2516);
#1684=LINE('',#11997,#2517);
#1685=LINE('',#12003,#2518);
#1686=LINE('',#12011,#2519);
#1687=LINE('',#12015,#2520);
#1688=LINE('',#12017,#2521);
#1689=LINE('',#12019,#2522);
#1690=LINE('',#12020,#2523);
#1691=LINE('',#12026,#2524);
#1692=LINE('',#12029,#2525);
#1693=LINE('',#12035,#2526);
#1694=LINE('',#12038,#2527);
#1695=LINE('',#12041,#2528);
#1696=LINE('',#12043,#2529);
#1697=LINE('',#12044,#2530);
#1698=LINE('',#12050,#2531);
#1699=LINE('',#12053,#2532);
#1700=LINE('',#12057,#2533);
#1701=LINE('',#12059,#2534);
#1702=LINE('',#12061,#2535);
#1703=LINE('',#12062,#2536);
#1704=LINE('',#12066,#2537);
#1705=LINE('',#12068,#2538);
#1706=LINE('',#12070,#2539);
#1707=LINE('',#12071,#2540);
#1708=LINE('',#12077,#2541);
#1709=LINE('',#12080,#2542);
#1710=LINE('',#12084,#2543);
#1711=LINE('',#12086,#2544);
#1712=LINE('',#12088,#2545);
#1713=LINE('',#12089,#2546);
#1714=LINE('',#12095,#2547);
#1715=LINE('',#12098,#2548);
#1716=LINE('',#12103,#2549);
#1717=LINE('',#12104,#2550);
#1718=LINE('',#12108,#2551);
#1719=LINE('',#12109,#2552);
#1720=LINE('',#12110,#2553);
#1721=LINE('',#12114,#2554);
#1722=LINE('',#12119,#2555);
#1723=LINE('',#12121,#2556);
#1724=LINE('',#12122,#2557);
#1725=LINE('',#12128,#2558);
#1726=LINE('',#12131,#2559);
#1727=LINE('',#12137,#2560);
#1728=LINE('',#12140,#2561);
#1729=LINE('',#12142,#2562);
#1730=LINE('',#12143,#2563);
#1731=LINE('',#12149,#2564);
#1732=LINE('',#12152,#2565);
#1733=LINE('',#12154,#2566);
#1734=LINE('',#12155,#2567);
#1735=LINE('',#12158,#2568);
#1736=LINE('',#12159,#2569);
#1737=LINE('',#12163,#2570);
#1738=LINE('',#12165,#2571);
#1739=LINE('',#12166,#2572);
#1740=LINE('',#12168,#2573);
#1741=LINE('',#12170,#2574);
#1742=LINE('',#12172,#2575);
#1743=LINE('',#12174,#2576);
#1744=LINE('',#12175,#2577);
#1745=LINE('',#12179,#2578);
#1746=LINE('',#12181,#2579);
#1747=LINE('',#12183,#2580);
#1748=LINE('',#12184,#2581);
#1749=LINE('',#12186,#2582);
#1750=LINE('',#12188,#2583);
#1751=LINE('',#12190,#2584);
#1752=LINE('',#12192,#2585);
#1753=LINE('',#12193,#2586);
#1754=LINE('',#12197,#2587);
#1755=LINE('',#12199,#2588);
#1756=LINE('',#12201,#2589);
#1757=LINE('',#12202,#2590);
#1758=LINE('',#12206,#2591);
#1759=LINE('',#12209,#2592);
#1760=LINE('',#12210,#2593);
#1761=LINE('',#12213,#2594);
#1762=LINE('',#12215,#2595);
#1763=LINE('',#12216,#2596);
#1764=LINE('',#12218,#2597);
#1765=LINE('',#12221,#2598);
#1766=LINE('',#12227,#2599);
#1767=LINE('',#12231,#2600);
#1768=LINE('',#12233,#2601);
#1769=LINE('',#12235,#2602);
#1770=LINE('',#12236,#2603);
#1771=LINE('',#12242,#2604);
#1772=LINE('',#12245,#2605);
#1773=LINE('',#12250,#2606);
#1774=LINE('',#12255,#2607);
#1775=LINE('',#12257,#2608);
#1776=LINE('',#12259,#2609);
#1777=LINE('',#12260,#2610);
#1778=LINE('',#12264,#2611);
#1779=LINE('',#12268,#2612);
#1780=LINE('',#12272,#2613);
#1781=LINE('',#12277,#2614);
#1782=LINE('',#12278,#2615);
#1783=LINE('',#12283,#2616);
#1784=LINE('',#12284,#2617);
#1785=LINE('',#12285,#2618);
#1786=LINE('',#12288,#2619);
#1787=LINE('',#12290,#2620);
#1788=LINE('',#12291,#2621);
#1789=LINE('',#12297,#2622);
#1790=LINE('',#12298,#2623);
#1791=LINE('',#12302,#2624);
#1792=LINE('',#12306,#2625);
#1793=LINE('',#12310,#2626);
#1794=LINE('',#12314,#2627);
#1795=LINE('',#12315,#2628);
#1796=LINE('',#12319,#2629);
#1797=LINE('',#12320,#2630);
#1798=LINE('',#12321,#2631);
#1799=LINE('',#12324,#2632);
#1800=LINE('',#12326,#2633);
#1801=LINE('',#12327,#2634);
#1802=LINE('',#12329,#2635);
#1803=LINE('',#12330,#2636);
#1804=LINE('',#12334,#2637);
#1805=LINE('',#12339,#2638);
#1806=LINE('',#12343,#2639);
#1807=LINE('',#12351,#2640);
#1808=LINE('',#12353,#2641);
#1809=LINE('',#12355,#2642);
#1810=LINE('',#12357,#2643);
#1811=LINE('',#12358,#2644);
#1812=LINE('',#12361,#2645);
#1813=LINE('',#12366,#2646);
#1814=LINE('',#12367,#2647);
#1815=LINE('',#12369,#2648);
#1816=LINE('',#12370,#2649);
#1817=LINE('',#12372,#2650);
#1818=LINE('',#12373,#2651);
#1819=LINE('',#12376,#2652);
#1820=LINE('',#12377,#2653);
#1821=LINE('',#12380,#2654);
#1822=LINE('',#12382,#2655);
#1823=LINE('',#12383,#2656);
#1824=LINE('',#12390,#2657);
#1825=LINE('',#12393,#2658);
#1826=LINE('',#12394,#2659);
#1827=LINE('',#12398,#2660);
#1828=LINE('',#12400,#2661);
#1829=LINE('',#12402,#2662);
#1830=LINE('',#12403,#2663);
#1831=LINE('',#12406,#2664);
#1832=LINE('',#12408,#2665);
#1833=LINE('',#12409,#2666);
#1834=LINE('',#12414,#2667);
#1835=LINE('',#12416,#2668);
#1836=LINE('',#12417,#2669);
#1837=LINE('',#12425,#2670);
#1838=LINE('',#12428,#2671);
#1839=LINE('',#12433,#2672);
#1840=LINE('',#12438,#2673);
#1841=LINE('',#12444,#2674);
#1842=LINE('',#12446,#2675);
#1843=LINE('',#12450,#2676);
#1844=LINE('',#12453,#2677);
#1845=LINE('',#12460,#2678);
#1846=LINE('',#12467,#2679);
#1847=LINE('',#12470,#2680);
#1848=LINE('',#12473,#2681);
#1849=LINE('',#12474,#2682);
#1850=LINE('',#12478,#2683);
#1851=LINE('',#12481,#2684);
#1852=LINE('',#12484,#2685);
#1853=LINE('',#12486,#2686);
#1854=LINE('',#12488,#2687);
#1855=LINE('',#12489,#2688);
#1856=LINE('',#12498,#2689);
#1857=LINE('',#12502,#2690);
#1858=LINE('',#12505,#2691);
#1859=LINE('',#12510,#2692);
#1860=LINE('',#12512,#2693);
#1861=LINE('',#12513,#2694);
#1862=LINE('',#12516,#2695);
#1863=LINE('',#12518,#2696);
#1864=LINE('',#12519,#2697);
#1865=LINE('',#12524,#2698);
#1866=LINE('',#12534,#2699);
#1867=LINE('',#12544,#2700);
#1868=LINE('',#12549,#2701);
#1869=LINE('',#12553,#2702);
#1870=LINE('',#12554,#2703);
#1871=LINE('',#12556,#2704);
#1872=LINE('',#12559,#2705);
#1873=LINE('',#12568,#2706);
#1874=LINE('',#12570,#2707);
#1875=LINE('',#12572,#2708);
#1876=LINE('',#12573,#2709);
#1877=LINE('',#12579,#2710);
#1878=LINE('',#12582,#2711);
#1879=LINE('',#12584,#2712);
#1880=LINE('',#12588,#2713);
#1881=LINE('',#12589,#2714);
#1882=LINE('',#12590,#2715);
#1883=LINE('',#12592,#2716);
#1884=LINE('',#12594,#2717);
#1885=LINE('',#12600,#2718);
#1886=LINE('',#12603,#2719);
#1887=LINE('',#12607,#2720);
#1888=LINE('',#12608,#2721);
#1889=LINE('',#12609,#2722);
#1890=LINE('',#12613,#2723);
#1891=LINE('',#12615,#2724);
#1892=LINE('',#12617,#2725);
#1893=LINE('',#12618,#2726);
#1894=LINE('',#12625,#2727);
#1895=LINE('',#12636,#2728);
#1896=LINE('',#12639,#2729);
#1897=LINE('',#12643,#2730);
#1898=LINE('',#12645,#2731);
#1899=LINE('',#12649,#2732);
#1900=LINE('',#12651,#2733);
#1901=LINE('',#12653,#2734);
#1902=LINE('',#12656,#2735);
#1903=LINE('',#12658,#2736);
#1904=LINE('',#12660,#2737);
#1905=LINE('',#12666,#2738);
#1906=LINE('',#12671,#2739);
#1907=LINE('',#12673,#2740);
#1908=LINE('',#12675,#2741);
#1909=LINE('',#12676,#2742);
#1910=LINE('',#12679,#2743);
#1911=LINE('',#12683,#2744);
#1912=LINE('',#12684,#2745);
#1913=LINE('',#12687,#2746);
#1914=LINE('',#12692,#2747);
#1915=LINE('',#12696,#2748);
#1916=LINE('',#12698,#2749);
#1917=LINE('',#12700,#2750);
#1918=LINE('',#12701,#2751);
#1919=LINE('',#12709,#2752);
#1920=LINE('',#12710,#2753);
#1921=LINE('',#12712,#2754);
#1922=LINE('',#12716,#2755);
#1923=LINE('',#12718,#2756);
#1924=LINE('',#12720,#2757);
#1925=LINE('',#12721,#2758);
#1926=LINE('',#12725,#2759);
#1927=LINE('',#12731,#2760);
#1928=LINE('',#12734,#2761);
#1929=LINE('',#12736,#2762);
#1930=LINE('',#12738,#2763);
#1931=LINE('',#12739,#2764);
#1932=LINE('',#12745,#2765);
#1933=LINE('',#12748,#2766);
#1934=LINE('',#12751,#2767);
#1935=LINE('',#12758,#2768);
#1936=LINE('',#12760,#2769);
#1937=LINE('',#12762,#2770);
#1938=LINE('',#12763,#2771);
#1939=LINE('',#12767,#2772);
#1940=LINE('',#12769,#2773);
#1941=LINE('',#12771,#2774);
#1942=LINE('',#12772,#2775);
#1943=LINE('',#12774,#2776);
#1944=LINE('',#12776,#2777);
#1945=LINE('',#12779,#2778);
#1946=LINE('',#12781,#2779);
#1947=LINE('',#12791,#2780);
#1948=LINE('',#12797,#2781);
#1949=LINE('',#12799,#2782);
#1950=LINE('',#12800,#2783);
#1951=LINE('',#12804,#2784);
#1952=LINE('',#12808,#2785);
#1953=LINE('',#12810,#2786);
#1954=LINE('',#12812,#2787);
#1955=LINE('',#12813,#2788);
#1956=LINE('',#12817,#2789);
#1957=LINE('',#12822,#2790);
#1958=LINE('',#12825,#2791);
#1959=LINE('',#12829,#2792);
#1960=LINE('',#12831,#2793);
#1961=LINE('',#12832,#2794);
#1962=LINE('',#12833,#2795);
#1963=LINE('',#12837,#2796);
#1964=LINE('',#12839,#2797);
#1965=LINE('',#12841,#2798);
#1966=LINE('',#12842,#2799);
#1967=LINE('',#12846,#2800);
#1968=LINE('',#12852,#2801);
#1969=LINE('',#12855,#2802);
#1970=LINE('',#12858,#2803);
#1971=LINE('',#12860,#2804);
#1972=LINE('',#12863,#2805);
#1973=LINE('',#12870,#2806);
#1974=LINE('',#12872,#2807);
#1975=LINE('',#12876,#2808);
#1976=LINE('',#12880,#2809);
#1977=LINE('',#12883,#2810);
#1978=LINE('',#12886,#2811);
#1979=LINE('',#12891,#2812);
#1980=LINE('',#12893,#2813);
#1981=LINE('',#12895,#2814);
#1982=LINE('',#12896,#2815);
#1983=LINE('',#12900,#2816);
#1984=LINE('',#12902,#2817);
#1985=LINE('',#12906,#2818);
#1986=LINE('',#12908,#2819);
#1987=LINE('',#12910,#2820);
#1988=LINE('',#12913,#2821);
#1989=LINE('',#12914,#2822);
#1990=LINE('',#12918,#2823);
#1991=LINE('',#12919,#2824);
#1992=LINE('',#12920,#2825);
#1993=LINE('',#12922,#2826);
#1994=LINE('',#12923,#2827);
#1995=LINE('',#12927,#2828);
#1996=LINE('',#12936,#2829);
#1997=LINE('',#12939,#2830);
#1998=LINE('',#12941,#2831);
#1999=LINE('',#12944,#2832);
#2000=LINE('',#12947,#2833);
#2001=LINE('',#12952,#2834);
#2002=LINE('',#12955,#2835);
#2003=LINE('',#12956,#2836);
#2004=LINE('',#12962,#2837);
#2005=LINE('',#12965,#2838);
#2006=LINE('',#12967,#2839);
#2007=LINE('',#12968,#2840);
#2008=LINE('',#12971,#2841);
#2009=LINE('',#12972,#2842);
#2010=LINE('',#12975,#2843);
#2011=LINE('',#12977,#2844);
#2012=LINE('',#12978,#2845);
#2013=LINE('',#12980,#2846);
#2014=LINE('',#12989,#2847);
#2015=LINE('',#12993,#2848);
#2016=LINE('',#12994,#2849);
#2017=LINE('',#12998,#2850);
#2018=LINE('',#13004,#2851);
#2019=LINE('',#13009,#2852);
#2020=LINE('',#13012,#2853);
#2021=LINE('',#13018,#2854);
#2022=LINE('',#13020,#2855);
#2023=LINE('',#13022,#2856);
#2024=LINE('',#13023,#2857);
#2025=LINE('',#13025,#2858);
#2026=LINE('',#13027,#2859);
#2027=LINE('',#13028,#2860);
#2028=LINE('',#13031,#2861);
#2029=LINE('',#13036,#2862);
#2030=LINE('',#13041,#2863);
#2031=LINE('',#13047,#2864);
#2032=LINE('',#13050,#2865);
#2033=LINE('',#13053,#2866);
#2034=LINE('',#13054,#2867);
#2035=LINE('',#13058,#2868);
#2036=LINE('',#13063,#2869);
#2037=LINE('',#13064,#2870);
#2038=LINE('',#13067,#2871);
#2039=LINE('',#13070,#2872);
#2040=LINE('',#13073,#2873);
#2041=LINE('',#13075,#2874);
#2042=LINE('',#13077,#2875);
#2043=LINE('',#13079,#2876);
#2044=LINE('',#13081,#2877);
#2045=LINE('',#13082,#2878);
#2046=LINE('',#13083,#2879);
#2047=LINE('',#13086,#2880);
#2048=LINE('',#13087,#2881);
#2049=LINE('',#13090,#2882);
#2050=LINE('',#13091,#2883);
#2051=LINE('',#13098,#2884);
#2052=LINE('',#13102,#2885);
#2053=LINE('',#13104,#2886);
#2054=LINE('',#13106,#2887);
#2055=LINE('',#13108,#2888);
#2056=LINE('',#13111,#2889);
#2057=LINE('',#13113,#2890);
#2058=LINE('',#13115,#2891);
#2059=LINE('',#13116,#2892);
#2060=LINE('',#13118,#2893);
#2061=LINE('',#13122,#2894);
#2062=LINE('',#13125,#2895);
#2063=LINE('',#13127,#2896);
#2064=LINE('',#13128,#2897);
#2065=LINE('',#13133,#2898);
#2066=LINE('',#13138,#2899);
#2067=LINE('',#13140,#2900);
#2068=LINE('',#13141,#2901);
#2069=LINE('',#13144,#2902);
#2070=LINE('',#13149,#2903);
#2071=LINE('',#13150,#2904);
#2072=LINE('',#13151,#2905);
#2073=LINE('',#13154,#2906);
#2074=LINE('',#13156,#2907);
#2075=LINE('',#13158,#2908);
#2076=LINE('',#13160,#2909);
#2077=LINE('',#13161,#2910);
#2078=LINE('',#13163,#2911);
#2079=LINE('',#13164,#2912);
#2080=LINE('',#13168,#2913);
#2081=LINE('',#13171,#2914);
#2082=LINE('',#13174,#2915);
#2083=LINE('',#13177,#2916);
#2084=LINE('',#13178,#2917);
#2085=LINE('',#13180,#2918);
#2086=LINE('',#13182,#2919);
#2087=LINE('',#13183,#2920);
#2088=LINE('',#13185,#2921);
#2089=LINE('',#13189,#2922);
#2090=LINE('',#13192,#2923);
#2091=LINE('',#13193,#2924);
#2092=LINE('',#13199,#2925);
#2093=LINE('',#13202,#2926);
#2094=LINE('',#13207,#2927);
#2095=LINE('',#13208,#2928);
#2096=LINE('',#13211,#2929);
#2097=LINE('',#13214,#2930);
#2098=LINE('',#13215,#2931);
#2099=LINE('',#13219,#2932);
#2100=LINE('',#13220,#2933);
#2101=LINE('',#13221,#2934);
#2102=LINE('',#13223,#2935);
#2103=LINE('',#13227,#2936);
#2104=LINE('',#13229,#2937);
#2105=LINE('',#13231,#2938);
#2106=LINE('',#13232,#2939);
#2107=LINE('',#13239,#2940);
#2108=LINE('',#13241,#2941);
#2109=LINE('',#13243,#2942);
#2110=LINE('',#13246,#2943);
#2111=LINE('',#13248,#2944);
#2112=LINE('',#13250,#2945);
#2113=LINE('',#13252,#2946);
#2114=LINE('',#13254,#2947);
#2115=LINE('',#13256,#2948);
#2116=LINE('',#13258,#2949);
#2117=LINE('',#13259,#2950);
#2118=LINE('',#13261,#2951);
#2119=LINE('',#13265,#2952);
#2120=LINE('',#13268,#2953);
#2121=LINE('',#13270,#2954);
#2122=LINE('',#13274,#2955);
#2123=LINE('',#13276,#2956);
#2124=LINE('',#13278,#2957);
#2125=LINE('',#13281,#2958);
#2126=LINE('',#13282,#2959);
#2127=LINE('',#13285,#2960);
#2128=LINE('',#13289,#2961);
#2129=LINE('',#13292,#2962);
#2130=LINE('',#13295,#2963);
#2131=LINE('',#13296,#2964);
#2132=LINE('',#13298,#2965);
#2133=LINE('',#13300,#2966);
#2134=LINE('',#13302,#2967);
#2135=LINE('',#13306,#2968);
#2136=LINE('',#13308,#2969);
#2137=LINE('',#13311,#2970);
#2138=LINE('',#13312,#2971);
#2139=LINE('',#13314,#2972);
#2140=LINE('',#13316,#2973);
#2141=LINE('',#13318,#2974);
#2142=LINE('',#13320,#2975);
#2143=LINE('',#13322,#2976);
#2144=LINE('',#13325,#2977);
#2145=LINE('',#13326,#2978);
#2146=LINE('',#13331,#2979);
#2147=LINE('',#13332,#2980);
#2148=LINE('',#13334,#2981);
#2149=LINE('',#13343,#2982);
#2150=LINE('',#13344,#2983);
#2151=LINE('',#13350,#2984);
#2152=LINE('',#13353,#2985);
#2153=LINE('',#13355,#2986);
#2154=LINE('',#13359,#2987);
#2155=LINE('',#13363,#2988);
#2156=LINE('',#13365,#2989);
#2157=LINE('',#13367,#2990);
#2158=LINE('',#13368,#2991);
#2159=LINE('',#13375,#2992);
#2160=LINE('',#13377,#2993);
#2161=LINE('',#13379,#2994);
#2162=LINE('',#13380,#2995);
#2163=LINE('',#13384,#2996);
#2164=LINE('',#13386,#2997);
#2165=LINE('',#13388,#2998);
#2166=LINE('',#13389,#2999);
#2167=LINE('',#13395,#3000);
#2168=LINE('',#13398,#3001);
#2169=LINE('',#13401,#3002);
#2170=LINE('',#13403,#3003);
#2171=LINE('',#13404,#3004);
#2172=LINE('',#13408,#3005);
#2173=LINE('',#13411,#3006);
#2174=LINE('',#13413,#3007);
#2175=LINE('',#13414,#3008);
#2176=LINE('',#13418,#3009);
#2177=LINE('',#13420,#3010);
#2178=LINE('',#13422,#3011);
#2179=LINE('',#13423,#3012);
#2180=LINE('',#13426,#3013);
#2181=LINE('',#13427,#3014);
#2182=LINE('',#13431,#3015);
#2183=LINE('',#13435,#3016);
#2184=LINE('',#13439,#3017);
#2185=LINE('',#13443,#3018);
#2186=LINE('',#13447,#3019);
#2187=LINE('',#13451,#3020);
#2188=LINE('',#13455,#3021);
#2189=LINE('',#13461,#3022);
#2190=LINE('',#13466,#3023);
#2191=LINE('',#13467,#3024);
#2192=LINE('',#13468,#3025);
#2193=LINE('',#13471,#3026);
#2194=LINE('',#13473,#3027);
#2195=LINE('',#13474,#3028);
#2196=LINE('',#13478,#3029);
#2197=LINE('',#13480,#3030);
#2198=LINE('',#13482,#3031);
#2199=LINE('',#13483,#3032);
#2200=LINE('',#13489,#3033);
#2201=LINE('',#13495,#3034);
#2202=LINE('',#13498,#3035);
#2203=LINE('',#13504,#3036);
#2204=LINE('',#13507,#3037);
#2205=LINE('',#13513,#3038);
#2206=LINE('',#13517,#3039);
#2207=LINE('',#13518,#3040);
#2208=LINE('',#13519,#3041);
#2209=LINE('',#13525,#3042);
#2210=LINE('',#13528,#3043);
#2211=LINE('',#13530,#3044);
#2212=LINE('',#13533,#3045);
#2213=LINE('',#13534,#3046);
#2214=LINE('',#13537,#3047);
#2215=LINE('',#13539,#3048);
#2216=LINE('',#13540,#3049);
#2217=LINE('',#13543,#3050);
#2218=LINE('',#13545,#3051);
#2219=LINE('',#13546,#3052);
#2220=LINE('',#13547,#3053);
#2221=LINE('',#13553,#3054);
#2222=LINE('',#13556,#3055);
#2223=LINE('',#13559,#3056);
#2224=LINE('',#13561,#3057);
#2225=LINE('',#13565,#3058);
#2226=LINE('',#13568,#3059);
#2227=LINE('',#13569,#3060);
#2228=LINE('',#13571,#3061);
#2229=LINE('',#13575,#3062);
#2230=LINE('',#13579,#3063);
#2231=LINE('',#13583,#3064);
#2232=LINE('',#13587,#3065);
#2233=LINE('',#13589,#3066);
#2234=LINE('',#13590,#3067);
#2235=LINE('',#13594,#3068);
#2236=LINE('',#13596,#3069);
#2237=LINE('',#13599,#3070);
#2238=LINE('',#13601,#3071);
#2239=LINE('',#13602,#3072);
#2240=LINE('',#13606,#3073);
#2241=LINE('',#13611,#3074);
#2242=LINE('',#13612,#3075);
#2243=LINE('',#13616,#3076);
#2244=LINE('',#13621,#3077);
#2245=LINE('',#13622,#3078);
#2246=LINE('',#13625,#3079);
#2247=LINE('',#13626,#3080);
#2248=LINE('',#13628,#3081);
#2249=LINE('',#13629,#3082);
#2250=LINE('',#13632,#3083);
#2251=LINE('',#13633,#3084);
#2252=LINE('',#13636,#3085);
#2253=LINE('',#13637,#3086);
#2254=LINE('',#13640,#3087);
#2255=LINE('',#13641,#3088);
#2256=LINE('',#13643,#3089);
#2257=LINE('',#13646,#3090);
#2258=LINE('',#13648,#3091);
#2259=LINE('',#13649,#3092);
#2260=LINE('',#13656,#3093);
#2261=LINE('',#13661,#3094);
#2262=LINE('',#13662,#3095);
#2263=LINE('',#13666,#3096);
#2264=LINE('',#13668,#3097);
#2265=LINE('',#13670,#3098);
#2266=LINE('',#13671,#3099);
#2267=LINE('',#13673,#3100);
#2268=LINE('',#13676,#3101);
#2269=LINE('',#13677,#3102);
#2270=LINE('',#13681,#3103);
#2271=LINE('',#13683,#3104);
#2272=LINE('',#13689,#3105);
#2273=LINE('',#13691,#3106);
#2274=LINE('',#13693,#3107);
#2275=LINE('',#13695,#3108);
#2276=LINE('',#13700,#3109);
#2277=LINE('',#13705,#3110);
#2278=LINE('',#13706,#3111);
#2279=LINE('',#13707,#3112);
#2280=LINE('',#13712,#3113);
#2281=LINE('',#13713,#3114);
#2282=LINE('',#13715,#3115);
#2283=LINE('',#13717,#3116);
#2284=LINE('',#13720,#3117);
#2285=LINE('',#13721,#3118);
#2286=LINE('',#13724,#3119);
#2287=LINE('',#13725,#3120);
#2288=LINE('',#13727,#3121);
#2289=LINE('',#13729,#3122);
#2290=LINE('',#13733,#3123);
#2291=LINE('',#13735,#3124);
#2292=LINE('',#13736,#3125);
#2293=LINE('',#13741,#3126);
#2294=LINE('',#13743,#3127);
#2295=LINE('',#13744,#3128);
#2296=LINE('',#13746,#3129);
#2297=LINE('',#13748,#3130);
#2298=LINE('',#13751,#3131);
#2299=LINE('',#13752,#3132);
#2300=LINE('',#13754,#3133);
#2301=LINE('',#13758,#3134);
#2302=LINE('',#13760,#3135);
#2303=LINE('',#13764,#3136);
#2304=LINE('',#13767,#3137);
#2305=LINE('',#13768,#3138);
#2306=LINE('',#13770,#3139);
#2307=LINE('',#13774,#3140);
#2308=LINE('',#13782,#3141);
#2309=LINE('',#13783,#3142);
#2310=LINE('',#13787,#3143);
#2311=LINE('',#13789,#3144);
#2312=LINE('',#13790,#3145);
#2313=LINE('',#13792,#3146);
#2314=LINE('',#13794,#3147);
#2315=LINE('',#13796,#3148);
#2316=VECTOR('',#8944,2.36651612975277);
#2317=VECTOR('',#8947,1.2536345802267);
#2318=VECTOR('',#8948,1.2536345802267);
#2319=VECTOR('',#8955,1.22165889007052);
#2320=VECTOR('',#8956,3.1);
#2321=VECTOR('',#8957,1.22165889007053);
#2322=VECTOR('',#8964,4.24301838009978);
#2323=VECTOR('',#8965,3.39617968464585);
#2324=VECTOR('',#8968,1.80710237202231);
#2325=VECTOR('',#8971,3.1);
#2326=VECTOR('',#8978,1.39305352962028);
#2327=VECTOR('',#8985,2.62616658274158);
#2328=VECTOR('',#8988,1.8071023720223);
#2329=VECTOR('',#8991,1.39305352962028);
#2330=VECTOR('',#8994,2.36651612975277);
#2331=VECTOR('',#8997,1.2536345802267);
#2332=VECTOR('',#8998,1.2536345802267);
#2333=VECTOR('',#9001,4.24301838009979);
#2334=VECTOR('',#9002,3.39617968464585);
#2335=VECTOR('',#9009,4.8);
#2336=VECTOR('',#9010,0.5);
#2337=VECTOR('',#9011,4.8);
#2338=VECTOR('',#9012,0.5);
#2339=VECTOR('',#9015,4.8);
#2340=VECTOR('',#9016,0.5);
#2341=VECTOR('',#9017,4.8);
#2342=VECTOR('',#9018,0.5);
#2343=VECTOR('',#9021,1.2536345802267);
#2344=VECTOR('',#9022,1.2536345802267);
#2345=VECTOR('',#9025,3.28570541548138);
#2346=VECTOR('',#9026,2.6);
#2347=VECTOR('',#9027,3.28570541548138);
#2348=VECTOR('',#9028,2.6);
#2349=VECTOR('',#9031,2.6);
#2350=VECTOR('',#9032,2.72251669700572);
#2351=VECTOR('',#9033,0.25);
#2352=VECTOR('',#9034,0.25);
#2353=VECTOR('',#9035,2.72251669700572);
#2354=VECTOR('',#9038,2.62616658274158);
#2355=VECTOR('',#9041,3.65698161990021);
#2356=VECTOR('',#9042,2.6);
#2357=VECTOR('',#9043,3.65698161990021);
#2358=VECTOR('',#9046,5.91255040694008);
#2359=VECTOR('',#9051,3.43638341222714);
#2360=VECTOR('',#9052,0.0999999999999997);
#2361=VECTOR('',#9055,1.);
#2362=VECTOR('',#9056,0.5);
#2363=VECTOR('',#9057,1.);
#2364=VECTOR('',#9058,0.5);
#2365=VECTOR('',#9061,4.8);
#2366=VECTOR('',#9062,0.5);
#2367=VECTOR('',#9063,4.8);
#2368=VECTOR('',#9064,0.5);
#2369=VECTOR('',#9073,2.6);
#2370=VECTOR('',#9076,4.24301838009978);
#2371=VECTOR('',#9077,3.39617968464585);
#2372=VECTOR('',#9080,1.22165889007052);
#2373=VECTOR('',#9081,1.80710237202231);
#2374=VECTOR('',#9084,5.91255040694008);
#2375=VECTOR('',#9085,2.6);
#2376=VECTOR('',#9086,5.91255040694008);
#2377=VECTOR('',#9087,2.6);
#2378=VECTOR('',#9090,1.);
#2379=VECTOR('',#9091,4.8);
#2380=VECTOR('',#9092,1.);
#2381=VECTOR('',#9095,1.);
#2382=VECTOR('',#9096,4.8);
#2383=VECTOR('',#9097,1.);
#2384=VECTOR('',#9100,2.72251669700572);
#2385=VECTOR('',#9101,3.65698161990021);
#2386=VECTOR('',#9104,3.28570541548138);
#2387=VECTOR('',#9107,3.43638341222714);
#2388=VECTOR('',#9108,0.0999999999999997);
#2389=VECTOR('',#9111,1.8071023720223);
#2390=VECTOR('',#9114,1.39305352962028);
#2391=VECTOR('',#9127,1.39305352962028);
#2392=VECTOR('',#9138,0.5);
#2393=VECTOR('',#9141,3.1);
#2394=VECTOR('',#9142,1.22165889007053);
#2395=VECTOR('',#9145,5.91255040694008);
#2396=VECTOR('',#9146,2.6);
#2397=VECTOR('',#9149,2.6);
#2398=VECTOR('',#9150,0.0999999999999997);
#2399=VECTOR('',#9153,4.24301838009979);
#2400=VECTOR('',#9154,0.25);
#2401=VECTOR('',#9155,3.65698161990021);
#2402=VECTOR('',#9156,2.6);
#2403=VECTOR('',#9157,0.25);
#2404=VECTOR('',#9160,2.6);
#2405=VECTOR('',#9161,0.0999999999999997);
#2406=VECTOR('',#9166,3.39617968464585);
#2407=VECTOR('',#9169,1.);
#2408=VECTOR('',#9170,1.);
#2409=VECTOR('',#9173,3.1);
#2410=VECTOR('',#9176,3.43638341222714);
#2411=VECTOR('',#9179,1.);
#2412=VECTOR('',#9182,1.);
#2413=VECTOR('',#9185,2.36651612975277);
#2414=VECTOR('',#9188,2.05089314203668);
#2415=VECTOR('',#9189,2.85);
#2416=VECTOR('',#9190,2.05089314203668);
#2417=VECTOR('',#9191,2.85);
#2418=VECTOR('',#9196,2.85);
#2419=VECTOR('',#9201,0.5);
#2420=VECTOR('',#9204,2.62616658274158);
#2421=VECTOR('',#9207,1.39305352962028);
#2422=VECTOR('',#9216,1.39305352962028);
#2423=VECTOR('',#9221,4.8);
#2424=VECTOR('',#9222,0.5);
#2425=VECTOR('',#9223,4.8);
#2426=VECTOR('',#9224,0.5);
#2427=VECTOR('',#9229,1.80710237202231);
#2428=VECTOR('',#9234,1.);
#2429=VECTOR('',#9235,0.5);
#2430=VECTOR('',#9236,1.);
#2431=VECTOR('',#9237,0.5);
#2432=VECTOR('',#9240,1.);
#2433=VECTOR('',#9241,4.8);
#2434=VECTOR('',#9242,1.);
#2435=VECTOR('',#9245,4.24301838009979);
#2436=VECTOR('',#9246,1.8071023720223);
#2437=VECTOR('',#9247,1.22165889007053);
#2438=VECTOR('',#9250,3.39617968464585);
#2439=VECTOR('',#9261,2.85);
#2440=VECTOR('',#9264,2.85);
#2441=VECTOR('',#9267,1.);
#2442=VECTOR('',#9268,0.5);
#2443=VECTOR('',#9271,1.);
#2444=VECTOR('',#9272,0.5);
#2445=VECTOR('',#9273,1.);
#2446=VECTOR('',#9274,0.5);
#2447=VECTOR('',#9277,4.8);
#2448=VECTOR('',#9278,4.8);
#2449=VECTOR('',#9279,0.5);
#2450=VECTOR('',#9284,2.85);
#2451=VECTOR('',#9287,2.85);
#2452=VECTOR('',#9290,4.8);
#2453=VECTOR('',#9291,0.5);
#2454=VECTOR('',#9294,1.);
#2455=VECTOR('',#9299,2.6);
#2456=VECTOR('',#9300,2.6);
#2457=VECTOR('',#9303,2.91855441666302);
#2458=VECTOR('',#9304,0.15729490168752);
#2459=VECTOR('',#9305,2.73109765248017);
#2460=VECTOR('',#9306,0.244707426398936);
#2461=VECTOR('',#9311,2.6);
#2462=VECTOR('',#9314,0.8);
#2463=VECTOR('',#9315,1.85);
#2464=VECTOR('',#9316,0.8);
#2465=VECTOR('',#9317,1.85);
#2466=VECTOR('',#9320,3.28570541548138);
#2467=VECTOR('',#9323,10.8603080092572);
#2468=VECTOR('',#9326,1.);
#2469=VECTOR('',#9327,1.6);
#2470=VECTOR('',#9328,9.56030800925724);
#2471=VECTOR('',#9329,2.7);
#2472=VECTOR('',#9334,2.6);
#2473=VECTOR('',#9337,2.6);
#2474=VECTOR('',#9340,0.750893142036679);
#2475=VECTOR('',#9341,2.85);
#2476=VECTOR('',#9342,0.750893142036679);
#2477=VECTOR('',#9343,2.85);
#2478=VECTOR('',#9346,0.223606797749981);
#2479=VECTOR('',#9349,0.25);
#2480=VECTOR('',#9350,0.25);
#2481=VECTOR('',#9353,3.09731745555216);
#2482=VECTOR('',#9356,2.91855441666302);
#2483=VECTOR('',#9361,1.5080589092925);
#2484=VECTOR('',#9362,1.5080589092925);
#2485=VECTOR('',#9363,2.85);
#2486=VECTOR('',#9366,2.91855441666302);
#2487=VECTOR('',#9369,3.09731745555215);
#2488=VECTOR('',#9374,2.05089314203668);
#2489=VECTOR('',#9375,2.85);
#2490=VECTOR('',#9376,2.05089314203668);
#2491=VECTOR('',#9377,2.85);
#2492=VECTOR('',#9382,1.85);
#2493=VECTOR('',#9385,1.61579014975481);
#2494=VECTOR('',#9386,2.85);
#2495=VECTOR('',#9387,1.61579014975481);
#2496=VECTOR('',#9388,2.85);
#2497=VECTOR('',#9393,2.02947327274335);
#2498=VECTOR('',#9396,1.96515154258766);
#2499=VECTOR('',#9401,2.39095902528934);
#2500=VECTOR('',#9404,2.55084954801756);
#2501=VECTOR('',#9407,2.72251669700572);
#2502=VECTOR('',#9410,3.43638341222714);
#2503=VECTOR('',#9413,2.38739876700855);
#2504=VECTOR('',#9414,0.4043074902772);
#2505=VECTOR('',#9415,6.75);
#2506=VECTOR('',#9416,1.85);
#2507=VECTOR('',#9417,10.8603080092572);
#2508=VECTOR('',#9418,1.32236525283136);
#2509=VECTOR('',#9419,3.09731745555216);
#2510=VECTOR('',#9420,0.592705098312491);
#2511=VECTOR('',#9421,0.00464758711164983);
#2512=VECTOR('',#9424,0.8);
#2513=VECTOR('',#9427,1.);
#2514=VECTOR('',#9428,1.6);
#2515=VECTOR('',#9429,9.56030800925724);
#2516=VECTOR('',#9430,2.7);
#2517=VECTOR('',#9437,2.45198061272907);
#2518=VECTOR('',#9442,1.73493515728974);
#2519=VECTOR('',#9451,8.48253242135513);
#2520=VECTOR('',#9454,2.55084954801756);
#2521=VECTOR('',#9455,0.0381966011250247);
#2522=VECTOR('',#9456,2.57120712975196);
#2523=VECTOR('',#9457,0.0432829235562596);
#2524=VECTOR('',#9462,2.02947327274335);
#2525=VECTOR('',#9465,1.96515154258766);
#2526=VECTOR('',#9470,2.85);
#2527=VECTOR('',#9473,2.85);
#2528=VECTOR('',#9476,4.8);
#2529=VECTOR('',#9477,0.5);
#2530=VECTOR('',#9478,4.8);
#2531=VECTOR('',#9483,1.96515154258766);
#2532=VECTOR('',#9486,2.02947327274335);
#2533=VECTOR('',#9489,2.45198061272907);
#2534=VECTOR('',#9490,2.85);
#2535=VECTOR('',#9491,2.45198061272907);
#2536=VECTOR('',#9492,2.85);
#2537=VECTOR('',#9495,1.5080589092925);
#2538=VECTOR('',#9496,2.85);
#2539=VECTOR('',#9497,1.5080589092925);
#2540=VECTOR('',#9498,2.85);
#2541=VECTOR('',#9503,2.85);
#2542=VECTOR('',#9506,2.85);
#2543=VECTOR('',#9509,2.73109765248018);
#2544=VECTOR('',#9510,0.15729490168752);
#2545=VECTOR('',#9511,2.91855441666302);
#2546=VECTOR('',#9512,0.244707426398928);
#2547=VECTOR('',#9517,2.85);
#2548=VECTOR('',#9520,2.85);
#2549=VECTOR('',#9525,2.85);
#2550=VECTOR('',#9526,2.85);
#2551=VECTOR('',#9529,2.73109765248018);
#2552=VECTOR('',#9530,0.15729490168752);
#2553=VECTOR('',#9531,0.244707426398928);
#2554=VECTOR('',#9534,3.09731745555216);
#2555=VECTOR('',#9541,4.8);
#2556=VECTOR('',#9542,0.5);
#2557=VECTOR('',#9543,4.8);
#2558=VECTOR('',#9548,2.85);
#2559=VECTOR('',#9551,2.85);
#2560=VECTOR('',#9556,2.85);
#2561=VECTOR('',#9559,2.85);
#2562=VECTOR('',#9562,0.15948751620468);
#2563=VECTOR('',#9563,0.15948751620468);
#2564=VECTOR('',#9570,2.85);
#2565=VECTOR('',#9573,0.15729490168752);
#2566=VECTOR('',#9574,2.73109765248017);
#2567=VECTOR('',#9575,0.244707426398936);
#2568=VECTOR('',#9578,2.45198061272907);
#2569=VECTOR('',#9579,2.85);
#2570=VECTOR('',#9582,2.38739876700855);
#2571=VECTOR('',#9583,0.4043074902772);
#2572=VECTOR('',#9584,6.75);
#2573=VECTOR('',#9585,1.32236525283136);
#2574=VECTOR('',#9586,3.09731745555216);
#2575=VECTOR('',#9587,0.592705098312491);
#2576=VECTOR('',#9588,2.39095902528934);
#2577=VECTOR('',#9589,0.00464758711164983);
#2578=VECTOR('',#9592,2.39095902528935);
#2579=VECTOR('',#9593,0.592705098312491);
#2580=VECTOR('',#9594,3.09731745555216);
#2581=VECTOR('',#9595,1.32236525283136);
#2582=VECTOR('',#9596,1.85);
#2583=VECTOR('',#9597,5.45);
#2584=VECTOR('',#9598,0.4043074902772);
#2585=VECTOR('',#9599,2.38739876700854);
#2586=VECTOR('',#9600,0.00464758711166616);
#2587=VECTOR('',#9603,1.05);
#2588=VECTOR('',#9604,2.85);
#2589=VECTOR('',#9605,1.05);
#2590=VECTOR('',#9606,2.85);
#2591=VECTOR('',#9611,2.85);
#2592=VECTOR('',#9614,1.);
#2593=VECTOR('',#9615,1.85);
#2594=VECTOR('',#9618,2.45198061272907);
#2595=VECTOR('',#9619,2.85);
#2596=VECTOR('',#9620,2.45198061272907);
#2597=VECTOR('',#9623,0.0499999999999998);
#2598=VECTOR('',#9626,0.0381966011250247);
#2599=VECTOR('',#9633,2.85);
#2600=VECTOR('',#9636,1.96515154258766);
#2601=VECTOR('',#9637,0.15948751620467);
#2602=VECTOR('',#9638,1.96515154258766);
#2603=VECTOR('',#9639,0.15948751620467);
#2604=VECTOR('',#9644,2.85);
#2605=VECTOR('',#9647,2.85);
#2606=VECTOR('',#9652,2.57120712975196);
#2607=VECTOR('',#9657,2.57120712975196);
#2608=VECTOR('',#9658,0.0381966011250104);
#2609=VECTOR('',#9659,2.55084954801756);
#2610=VECTOR('',#9660,0.043282923556247);
#2611=VECTOR('',#9665,3.69664252700106);
#2612=VECTOR('',#9668,2.91855441666302);
#2613=VECTOR('',#9671,3.09731745555215);
#2614=VECTOR('',#9676,2.18253242135513);
#2615=VECTOR('',#9677,1.05);
#2616=VECTOR('',#9682,2.27295745827511);
#2617=VECTOR('',#9683,0.265948751620456);
#2618=VECTOR('',#9684,0.360573552957706);
#2619=VECTOR('',#9687,0.0381966011250033);
#2620=VECTOR('',#9688,2.55084954801756);
#2621=VECTOR('',#9689,0.0432829235562477);
#2622=VECTOR('',#9694,0.4043074902772);
#2623=VECTOR('',#9695,0.8);
#2624=VECTOR('',#9698,0.265948751620461);
#2625=VECTOR('',#9703,0.265948751620455);
#2626=VECTOR('',#9708,0.0499999999999998);
#2627=VECTOR('',#9715,0.0500000000000007);
#2628=VECTOR('',#9716,0.0500000000000007);
#2629=VECTOR('',#9719,3.09731745555216);
#2630=VECTOR('',#9720,0.0499999999999998);
#2631=VECTOR('',#9721,0.0499999999999998);
#2632=VECTOR('',#9724,4.24301838009978);
#2633=VECTOR('',#9725,0.25);
#2634=VECTOR('',#9726,3.65698161990021);
#2635=VECTOR('',#9727,3.65698161990021);
#2636=VECTOR('',#9728,0.25);
#2637=VECTOR('',#9731,8.48253242135513);
#2638=VECTOR('',#9736,1.61579014975481);
#2639=VECTOR('',#9739,1.73493515728974);
#2640=VECTOR('',#9748,2.02784841889131);
#2641=VECTOR('',#9749,1.7339);
#2642=VECTOR('',#9750,2.55);
#2643=VECTOR('',#9751,0.8);
#2644=VECTOR('',#9752,0.75);
#2645=VECTOR('',#9755,0.592705098312491);
#2646=VECTOR('',#9762,2.39095902528935);
#2647=VECTOR('',#9763,1.32236525283136);
#2648=VECTOR('',#9764,1.85);
#2649=VECTOR('',#9765,5.45);
#2650=VECTOR('',#9766,2.38739876700854);
#2651=VECTOR('',#9767,0.00464758711166616);
#2652=VECTOR('',#9770,4.8);
#2653=VECTOR('',#9771,1.);
#2654=VECTOR('',#9774,2.85);
#2655=VECTOR('',#9775,1.73493515728974);
#2656=VECTOR('',#9776,2.85);
#2657=VECTOR('',#9785,2.18253242135513);
#2658=VECTOR('',#9788,2.85);
#2659=VECTOR('',#9789,1.61579014975481);
#2660=VECTOR('',#9792,0.0999999999999997);
#2661=VECTOR('',#9793,2.6);
#2662=VECTOR('',#9794,0.0999999999999997);
#2663=VECTOR('',#9795,2.6);
#2664=VECTOR('',#9798,2.02947327274335);
#2665=VECTOR('',#9799,2.27295745827511);
#2666=VECTOR('',#9800,0.360573552957706);
#2667=VECTOR('',#9807,1.2);
#2668=VECTOR('',#9808,1.2);
#2669=VECTOR('',#9809,2.85);
#2670=VECTOR('',#9818,2.85);
#2671=VECTOR('',#9821,2.85);
#2672=VECTOR('',#9826,2.85);
#2673=VECTOR('',#9833,2.27295745827511);
#2674=VECTOR('',#9838,0.79939033455901);
#2675=VECTOR('',#9839,0.5);
#2676=VECTOR('',#9842,1.6);
#2677=VECTOR('',#9845,0.38933982822018);
#2678=VECTOR('',#9854,2.85);
#2679=VECTOR('',#9861,2.85);
#2680=VECTOR('',#9864,2.85);
#2681=VECTOR('',#9867,4.8);
#2682=VECTOR('',#9868,0.5);
#2683=VECTOR('',#9873,2.02947327274335);
#2684=VECTOR('',#9876,2.85);
#2685=VECTOR('',#9879,2.85);
#2686=VECTOR('',#9882,1.6);
#2687=VECTOR('',#9885,1.61579014975481);
#2688=VECTOR('',#9886,1.61579014975481);
#2689=VECTOR('',#9895,0.75);
#2690=VECTOR('',#9898,1.3);
#2691=VECTOR('',#9901,0.85);
#2692=VECTOR('',#9908,1.5);
#2693=VECTOR('',#9909,1.3);
#2694=VECTOR('',#9910,1.5);
#2695=VECTOR('',#9913,4.8);
#2696=VECTOR('',#9914,4.8);
#2697=VECTOR('',#9915,0.5);
#2698=VECTOR('',#9920,2.27295745827511);
#2699=VECTOR('',#9937,2.85);
#2700=VECTOR('',#9948,1.5);
#2701=VECTOR('',#9953,1.89606079858305);
#2702=VECTOR('',#9956,0.35108747069239);
#2703=VECTOR('',#9957,8.6062828956481);
#2704=VECTOR('',#9960,1.);
#2705=VECTOR('',#9963,3.09731745555215);
#2706=VECTOR('',#9976,0.750893142036679);
#2707=VECTOR('',#9977,2.85);
#2708=VECTOR('',#9978,0.750893142036679);
#2709=VECTOR('',#9979,2.85);
#2710=VECTOR('',#9984,2.85);
#2711=VECTOR('',#9987,2.85);
#2712=VECTOR('',#9990,0.0499999999999998);
#2713=VECTOR('',#9993,1.);
#2714=VECTOR('',#9994,1.85);
#2715=VECTOR('',#9995,1.85);
#2716=VECTOR('',#9998,0.360573552957711);
#2717=VECTOR('',#10001,1.);
#2718=VECTOR('',#10006,1.96515154258766);
#2719=VECTOR('',#10009,2.02947327274335);
#2720=VECTOR('',#10012,2.73109765248018);
#2721=VECTOR('',#10013,0.15729490168752);
#2722=VECTOR('',#10014,0.244707426398928);
#2723=VECTOR('',#10017,2.55084954801756);
#2724=VECTOR('',#10018,0.0381966011250255);
#2725=VECTOR('',#10019,2.57120712975196);
#2726=VECTOR('',#10020,0.0432829235562603);
#2727=VECTOR('',#10029,2.85);
#2728=VECTOR('',#10044,2.85);
#2729=VECTOR('',#10047,2.85);
#2730=VECTOR('',#10050,0.0999999999999997);
#2731=VECTOR('',#10051,1.75);
#2732=VECTOR('',#10054,0.200000000000001);
#2733=VECTOR('',#10055,0.1);
#2734=VECTOR('',#10056,0.300000000000001);
#2735=VECTOR('',#10059,1.85);
#2736=VECTOR('',#10062,1.1);
#2737=VECTOR('',#10063,1.4);
#2738=VECTOR('',#10070,2.18253242135513);
#2739=VECTOR('',#10077,2.85);
#2740=VECTOR('',#10080,2.85);
#2741=VECTOR('',#10083,1.73493515728974);
#2742=VECTOR('',#10084,1.73493515728974);
#2743=VECTOR('',#10087,1.5);
#2744=VECTOR('',#10092,2.85);
#2745=VECTOR('',#10093,1.05);
#2746=VECTOR('',#10096,1.2);
#2747=VECTOR('',#10101,1.5562828956481);
#2748=VECTOR('',#10104,1.89606079858305);
#2749=VECTOR('',#10105,2.85);
#2750=VECTOR('',#10106,1.89606079858305);
#2751=VECTOR('',#10107,2.85);
#2752=VECTOR('',#10118,2.85);
#2753=VECTOR('',#10119,2.85);
#2754=VECTOR('',#10122,2.85);
#2755=VECTOR('',#10125,2.57120712975196);
#2756=VECTOR('',#10126,0.0381966011250112);
#2757=VECTOR('',#10127,2.55084954801756);
#2758=VECTOR('',#10128,0.0432829235562397);
#2759=VECTOR('',#10133,2.85);
#2760=VECTOR('',#10138,2.38739876700854);
#2761=VECTOR('',#10141,2.27295745827511);
#2762=VECTOR('',#10144,0.75);
#2763=VECTOR('',#10145,1.5);
#2764=VECTOR('',#10146,3.85);
#2765=VECTOR('',#10151,2.85);
#2766=VECTOR('',#10154,2.85);
#2767=VECTOR('',#10157,1.5562828956481);
#2768=VECTOR('',#10164,3.09731745555216);
#2769=VECTOR('',#10165,0.0499999999999998);
#2770=VECTOR('',#10166,3.09731745555216);
#2771=VECTOR('',#10167,0.0499999999999998);
#2772=VECTOR('',#10170,2.91855441666302);
#2773=VECTOR('',#10171,0.15729490168752);
#2774=VECTOR('',#10172,2.73109765248017);
#2775=VECTOR('',#10173,0.244707426398936);
#2776=VECTOR('',#10176,1.);
#2777=VECTOR('',#10179,2.85);
#2778=VECTOR('',#10182,1.87513583156722);
#2779=VECTOR('',#10183,2.06208898635273);
#2780=VECTOR('',#10186,2.85);
#2781=VECTOR('',#10193,2.39095902528935);
#2782=VECTOR('',#10196,0.265948751620455);
#2783=VECTOR('',#10197,0.36057355295771);
#2784=VECTOR('',#10202,2.85);
#2785=VECTOR('',#10205,1.5);
#2786=VECTOR('',#10206,2.85);
#2787=VECTOR('',#10207,1.5);
#2788=VECTOR('',#10208,2.85);
#2789=VECTOR('',#10213,2.18253242135513);
#2790=VECTOR('',#10220,3.39617968464585);
#2791=VECTOR('',#10223,1.22165889007052);
#2792=VECTOR('',#10226,0.1);
#2793=VECTOR('',#10227,0.1);
#2794=VECTOR('',#10228,2.85);
#2795=VECTOR('',#10229,2.85);
#2796=VECTOR('',#10232,0.260050575036595);
#2797=VECTOR('',#10233,2.67893179835606);
#2798=VECTOR('',#10234,0.167157287525381);
#2799=VECTOR('',#10235,2.87814209629274);
#2800=VECTOR('',#10240,2.85);
#2801=VECTOR('',#10247,2.85);
#2802=VECTOR('',#10250,0.4);
#2803=VECTOR('',#10253,1.53588989435407);
#2804=VECTOR('',#10254,1.2);
#2805=VECTOR('',#10257,0.5);
#2806=VECTOR('',#10270,2.85);
#2807=VECTOR('',#10273,2.85);
#2808=VECTOR('',#10276,2.34185297962534);
#2809=VECTOR('',#10279,2.51039238552009);
#2810=VECTOR('',#10284,3.1);
#2811=VECTOR('',#10287,1.5);
#2812=VECTOR('',#10292,3.05690513518187);
#2813=VECTOR('',#10293,0.05);
#2814=VECTOR('',#10294,3.05690513518187);
#2815=VECTOR('',#10295,0.05);
#2816=VECTOR('',#10300,2.85);
#2817=VECTOR('',#10303,3.1);
#2818=VECTOR('',#10306,0.305531920574671);
#2819=VECTOR('',#10309,2.28226529999563);
#2820=VECTOR('',#10312,2.85);
#2821=VECTOR('',#10315,4.8);
#2822=VECTOR('',#10316,1.);
#2823=VECTOR('',#10319,2.6);
#2824=VECTOR('',#10320,2.72251669700572);
#2825=VECTOR('',#10321,2.72251669700572);
#2826=VECTOR('',#10324,0.265948751620461);
#2827=VECTOR('',#10325,0.360573552957711);
#2828=VECTOR('',#10330,1.5);
#2829=VECTOR('',#10341,2.85);
#2830=VECTOR('',#10344,2.85);
#2831=VECTOR('',#10347,1.1874342087038);
#2832=VECTOR('',#10350,1.37713686302537);
#2833=VECTOR('',#10353,1.25);
#2834=VECTOR('',#10362,0.0499999999999998);
#2835=VECTOR('',#10365,2.57120712975196);
#2836=VECTOR('',#10366,0.0432829235562596);
#2837=VECTOR('',#10373,2.85);
#2838=VECTOR('',#10376,0.35108747069239);
#2839=VECTOR('',#10377,2.85);
#2840=VECTOR('',#10378,0.35108747069239);
#2841=VECTOR('',#10381,4.8);
#2842=VECTOR('',#10382,0.5);
#2843=VECTOR('',#10385,0.35108747069239);
#2844=VECTOR('',#10386,2.85);
#2845=VECTOR('',#10387,0.35108747069239);
#2846=VECTOR('',#10390,1.);
#2847=VECTOR('',#10403,2.85);
#2848=VECTOR('',#10410,0.159487516204679);
#2849=VECTOR('',#10411,0.159487516204679);
#2850=VECTOR('',#10416,2.85);
#2851=VECTOR('',#10423,2.85);
#2852=VECTOR('',#10430,1.5);
#2853=VECTOR('',#10433,1.5);
#2854=VECTOR('',#10440,2.85);
#2855=VECTOR('',#10443,1.89606079858305);
#2856=VECTOR('',#10446,1.89606079858305);
#2857=VECTOR('',#10447,1.89606079858305);
#2858=VECTOR('',#10450,3.65);
#2859=VECTOR('',#10453,5.91255040694008);
#2860=VECTOR('',#10454,5.91255040694008);
#2861=VECTOR('',#10457,2.85);
#2862=VECTOR('',#10464,2.85);
#2863=VECTOR('',#10469,2.39095902528935);
#2864=VECTOR('',#10476,2.85);
#2865=VECTOR('',#10481,1.6);
#2866=VECTOR('',#10484,0.8);
#2867=VECTOR('',#10485,1.85);
#2868=VECTOR('',#10490,0.449999999999999);
#2869=VECTOR('',#10495,0.550000000000001);
#2870=VECTOR('',#10496,0.550000000000001);
#2871=VECTOR('',#10499,0.360573552957711);
#2872=VECTOR('',#10502,0.004647587111658);
#2873=VECTOR('',#10505,0.0500000000000007);
#2874=VECTOR('',#10506,3.12712773896037);
#2875=VECTOR('',#10507,10.5);
#2876=VECTOR('',#10508,1.80476248612902);
#2877=VECTOR('',#10509,2.7);
#2878=VECTOR('',#10510,1.32236525283136);
#2879=VECTOR('',#10511,0.00464758711166616);
#2880=VECTOR('',#10514,0.265948751620461);
#2881=VECTOR('',#10515,2.27295745827511);
#2882=VECTOR('',#10518,0.0500000000000007);
#2883=VECTOR('',#10519,3.09731745555216);
#2884=VECTOR('',#10528,2.85);
#2885=VECTOR('',#10533,0.8);
#2886=VECTOR('',#10534,5.45);
#2887=VECTOR('',#10535,1.6);
#2888=VECTOR('',#10536,1.);
#2889=VECTOR('',#10539,0.8);
#2890=VECTOR('',#10540,10.5);
#2891=VECTOR('',#10541,8.6);
#2892=VECTOR('',#10542,0.800000000000001);
#2893=VECTOR('',#10545,2.5220637857402);
#2894=VECTOR('',#10552,6.4);
#2895=VECTOR('',#10555,1.85);
#2896=VECTOR('',#10556,1.);
#2897=VECTOR('',#10557,1.85);
#2898=VECTOR('',#10564,8.6062828956481);
#2899=VECTOR('',#10571,3.28570541548138);
#2900=VECTOR('',#10572,2.6);
#2901=VECTOR('',#10573,3.28570541548138);
#2902=VECTOR('',#10576,8.6062828956481);
#2903=VECTOR('',#10581,1.7339);
#2904=VECTOR('',#10582,0.5);
#2905=VECTOR('',#10583,0.5);
#2906=VECTOR('',#10586,13.7);
#2907=VECTOR('',#10587,1.5);
#2908=VECTOR('',#10588,0.199999999999999);
#2909=VECTOR('',#10589,0.199999999999999);
#2910=VECTOR('',#10590,0.199999999999999);
#2911=VECTOR('',#10593,10.3751358315672);
#2912=VECTOR('',#10594,1.75);
#2913=VECTOR('',#10599,3.43638341222714);
#2914=VECTOR('',#10602,3.43638341222714);
#2915=VECTOR('',#10607,8.48253242135513);
#2916=VECTOR('',#10612,0.600000000000001);
#2917=VECTOR('',#10613,0.0777861913430205);
#2918=VECTOR('',#10614,1.75);
#2919=VECTOR('',#10615,10.819895688887);
#2920=VECTOR('',#10616,1.32236525283135);
#2921=VECTOR('',#10619,8.48253242135513);
#2922=VECTOR('',#10624,1.5562828956481);
#2923=VECTOR('',#10627,1.85);
#2924=VECTOR('',#10628,1.6);
#2925=VECTOR('',#10635,2.85);
#2926=VECTOR('',#10638,0.4043074902772);
#2927=VECTOR('',#10647,2.05089314203668);
#2928=VECTOR('',#10648,2.05089314203668);
#2929=VECTOR('',#10651,10.5);
#2930=VECTOR('',#10656,1.5);
#2931=VECTOR('',#10657,8.6062828956481);
#2932=VECTOR('',#10660,0.79939033455901);
#2933=VECTOR('',#10661,0.550000000000001);
#2934=VECTOR('',#10662,0.550000000000001);
#2935=VECTOR('',#10665,2.85);
#2936=VECTOR('',#10668,1.2);
#2937=VECTOR('',#10669,2.85);
#2938=VECTOR('',#10670,1.2);
#2939=VECTOR('',#10671,2.85);
#2940=VECTOR('',#10682,1.85);
#2941=VECTOR('',#10685,0.4043074902772);
#2942=VECTOR('',#10688,8.48253242135513);
#2943=VECTOR('',#10691,10.5);
#2944=VECTOR('',#10692,1.73493515728974);
#2945=VECTOR('',#10693,2.85);
#2946=VECTOR('',#10694,2.18253242135513);
#2947=VECTOR('',#10695,2.85);
#2948=VECTOR('',#10696,0.299999999999999);
#2949=VECTOR('',#10697,10.5);
#2950=VECTOR('',#10698,13.9);
#2951=VECTOR('',#10701,2.85);
#2952=VECTOR('',#10706,10.5);
#2953=VECTOR('',#10709,0.750893142036679);
#2954=VECTOR('',#10712,1.5562828956481);
#2955=VECTOR('',#10717,2.85);
#2956=VECTOR('',#10720,1.5);
#2957=VECTOR('',#10723,0.8);
#2958=VECTOR('',#10726,2.55);
#2959=VECTOR('',#10727,0.5);
#2960=VECTOR('',#10730,4.34030192151186);
#2961=VECTOR('',#10733,9.1601077025535);
#2962=VECTOR('',#10738,8.6062828956481);
#2963=VECTOR('',#10741,1.6);
#2964=VECTOR('',#10742,0.550000000000001);
#2965=VECTOR('',#10745,0.592705098312491);
#2966=VECTOR('',#10748,0.592705098312491);
#2967=VECTOR('',#10751,0.750893142036679);
#2968=VECTOR('',#10756,0.550000000000001);
#2969=VECTOR('',#10759,1.5562828956481);
#2970=VECTOR('',#10762,0.5);
#2971=VECTOR('',#10763,0.550000000000001);
#2972=VECTOR('',#10766,2.6);
#2973=VECTOR('',#10769,9.56030800925724);
#2974=VECTOR('',#10772,10.819895688887);
#2975=VECTOR('',#10775,12.15);
#2976=VECTOR('',#10778,2.38739876700855);
#2977=VECTOR('',#10781,2.02784841889131);
#2978=VECTOR('',#10782,0.5);
#2979=VECTOR('',#10789,0.8);
#2980=VECTOR('',#10790,0.5);
#2981=VECTOR('',#10793,0.38933982822018);
#2982=VECTOR('',#10808,1.32236525283135);
#2983=VECTOR('',#10809,1.5);
#2984=VECTOR('',#10814,2.85);
#2985=VECTOR('',#10817,2.85);
#2986=VECTOR('',#10820,0.75);
#2987=VECTOR('',#10825,1.5);
#2988=VECTOR('',#10828,0.53851648071345);
#2989=VECTOR('',#10829,2.);
#2990=VECTOR('',#10830,0.2);
#2991=VECTOR('',#10831,1.5);
#2992=VECTOR('',#10840,1.5);
#2993=VECTOR('',#10841,0.2);
#2994=VECTOR('',#10842,1.5);
#2995=VECTOR('',#10843,0.2);
#2996=VECTOR('',#10846,1.5);
#2997=VECTOR('',#10847,0.2);
#2998=VECTOR('',#10848,2.);
#2999=VECTOR('',#10849,0.53851648071345);
#3000=VECTOR('',#10854,2.85);
#3001=VECTOR('',#10857,2.85);
#3002=VECTOR('',#10860,0.2);
#3003=VECTOR('',#10861,2.);
#3004=VECTOR('',#10862,0.53851648071345);
#3005=VECTOR('',#10867,1.5);
#3006=VECTOR('',#10870,0.2);
#3007=VECTOR('',#10871,1.5);
#3008=VECTOR('',#10872,0.2);
#3009=VECTOR('',#10875,2.4);
#3010=VECTOR('',#10876,2.);
#3011=VECTOR('',#10877,2.4);
#3012=VECTOR('',#10878,2.);
#3013=VECTOR('',#10881,2.);
#3014=VECTOR('',#10882,0.2);
#3015=VECTOR('',#10885,0.100000000000001);
#3016=VECTOR('',#10888,1.05);
#3017=VECTOR('',#10891,0.600000000000001);
#3018=VECTOR('',#10894,1.05);
#3019=VECTOR('',#10897,0.0999999999999997);
#3020=VECTOR('',#10900,2.4);
#3021=VECTOR('',#10903,1.7);
#3022=VECTOR('',#10910,10.5);
#3023=VECTOR('',#10915,0.600000000000001);
#3024=VECTOR('',#10916,2.);
#3025=VECTOR('',#10917,2.);
#3026=VECTOR('',#10920,0.2);
#3027=VECTOR('',#10921,0.53851648071345);
#3028=VECTOR('',#10922,0.2);
#3029=VECTOR('',#10925,0.0999999999999997);
#3030=VECTOR('',#10926,2.);
#3031=VECTOR('',#10927,0.0999999999999997);
#3032=VECTOR('',#10928,2.);
#3033=VECTOR('',#10935,10.5);
#3034=VECTOR('',#10940,2.);
#3035=VECTOR('',#10943,2.);
#3036=VECTOR('',#10948,2.);
#3037=VECTOR('',#10951,2.);
#3038=VECTOR('',#10958,2.);
#3039=VECTOR('',#10961,1.7);
#3040=VECTOR('',#10962,2.);
#3041=VECTOR('',#10963,2.);
#3042=VECTOR('',#10968,2.);
#3043=VECTOR('',#10971,2.);
#3044=VECTOR('',#10974,1.5);
#3045=VECTOR('',#10977,2.4);
#3046=VECTOR('',#10978,0.53851648071345);
#3047=VECTOR('',#10981,5.0001077025535);
#3048=VECTOR('',#10982,5.0001077025535);
#3049=VECTOR('',#10983,5.0001077025535);
#3050=VECTOR('',#10986,0.430813184570761);
#3051=VECTOR('',#10987,1.5);
#3052=VECTOR('',#10988,2.);
#3053=VECTOR('',#10989,0.430813184570761);
#3054=VECTOR('',#10994,2.);
#3055=VECTOR('',#10997,2.);
#3056=VECTOR('',#11000,0.2);
#3057=VECTOR('',#11001,0.2);
#3058=VECTOR('',#11004,0.1);
#3059=VECTOR('',#11007,1.05);
#3060=VECTOR('',#11008,0.6);
#3061=VECTOR('',#11009,1.05);
#3062=VECTOR('',#11012,0.1);
#3063=VECTOR('',#11015,2.4);
#3064=VECTOR('',#11018,1.7);
#3065=VECTOR('',#11023,0.6);
#3066=VECTOR('',#11024,2.);
#3067=VECTOR('',#11025,0.6);
#3068=VECTOR('',#11030,2.);
#3069=VECTOR('',#11033,0.6);
#3070=VECTOR('',#11036,1.05);
#3071=VECTOR('',#11037,1.05);
#3072=VECTOR('',#11038,2.);
#3073=VECTOR('',#11043,2.);
#3074=VECTOR('',#11048,2.);
#3075=VECTOR('',#11049,2.);
#3076=VECTOR('',#11054,2.);
#3077=VECTOR('',#11059,2.);
#3078=VECTOR('',#11060,2.);
#3079=VECTOR('',#11063,1.5);
#3080=VECTOR('',#11064,0.2);
#3081=VECTOR('',#11067,1.05);
#3082=VECTOR('',#11068,1.05);
#3083=VECTOR('',#11071,1.05);
#3084=VECTOR('',#11072,2.);
#3085=VECTOR('',#11075,0.0999999999999997);
#3086=VECTOR('',#11076,2.);
#3087=VECTOR('',#11079,0.10770329614269);
#3088=VECTOR('',#11080,4.9101077025535);
#3089=VECTOR('',#11083,0.53851648071345);
#3090=VECTOR('',#11086,0.100000000000001);
#3091=VECTOR('',#11087,0.100000000000001);
#3092=VECTOR('',#11088,2.);
#3093=VECTOR('',#11099,2.);
#3094=VECTOR('',#11104,2.);
#3095=VECTOR('',#11105,2.);
#3096=VECTOR('',#11108,1.5);
#3097=VECTOR('',#11109,0.2);
#3098=VECTOR('',#11110,2.);
#3099=VECTOR('',#11111,0.53851648071345);
#3100=VECTOR('',#11114,1.05);
#3101=VECTOR('',#11117,0.2);
#3102=VECTOR('',#11118,0.10770329614269);
#3103=VECTOR('',#11123,2.);
#3104=VECTOR('',#11126,0.1);
#3105=VECTOR('',#11135,0.2);
#3106=VECTOR('',#11136,2.);
#3107=VECTOR('',#11137,0.2);
#3108=VECTOR('',#11138,0.2);
#3109=VECTOR('',#11143,1.7);
#3110=VECTOR('',#11148,2.4);
#3111=VECTOR('',#11149,2.);
#3112=VECTOR('',#11150,2.);
#3113=VECTOR('',#11155,2.);
#3114=VECTOR('',#11156,2.);
#3115=VECTOR('',#11159,0.2);
#3116=VECTOR('',#11162,1.05);
#3117=VECTOR('',#11165,2.4);
#3118=VECTOR('',#11166,2.);
#3119=VECTOR('',#11169,0.1);
#3120=VECTOR('',#11170,2.);
#3121=VECTOR('',#11173,0.100000000000001);
#3122=VECTOR('',#11176,9.2101077025535);
#3123=VECTOR('',#11181,2.);
#3124=VECTOR('',#11184,1.5080589092925);
#3125=VECTOR('',#11185,1.05);
#3126=VECTOR('',#11192,0.2);
#3127=VECTOR('',#11193,0.53851648071345);
#3128=VECTOR('',#11194,0.2);
#3129=VECTOR('',#11197,1.5080589092925);
#3130=VECTOR('',#11200,1.5);
#3131=VECTOR('',#11203,1.7);
#3132=VECTOR('',#11204,2.);
#3133=VECTOR('',#11207,0.2);
#3134=VECTOR('',#11212,2.);
#3135=VECTOR('',#11215,0.95);
#3136=VECTOR('',#11222,0.0999999999999997);
#3137=VECTOR('',#11225,1.7);
#3138=VECTOR('',#11226,2.);
#3139=VECTOR('',#11229,1.9);
#3140=VECTOR('',#11236,1.05);
#3141=VECTOR('',#11247,0.2);
#3142=VECTOR('',#11248,2.4);
#3143=VECTOR('',#11253,1.5);
#3144=VECTOR('',#11254,1.5);
#3145=VECTOR('',#11255,0.2);
#3146=VECTOR('',#11258,2.);
#3147=VECTOR('',#11261,0.53851648071345);
#3148=VECTOR('',#11264,0.53851648071345);
#3149=B_SPLINE_CURVE_WITH_KNOTS('',3,(#11274,#11275,#11276,#11277,#11278,
#11279),.UNSPECIFIED.,.F.,.F.,(4,2,4),(0.,0.0754395940147061,0.108000391150121),
 .UNSPECIFIED.);
#3150=B_SPLINE_CURVE_WITH_KNOTS('',3,(#11281,#11282,#11283,#11284,#11285,
#11286),.UNSPECIFIED.,.F.,.F.,(4,2,4),(0.0634974160425737,0.0660376919810701,
0.0719486953500693),.UNSPECIFIED.);
#3151=B_SPLINE_CURVE_WITH_KNOTS('',3,(#11290,#11291,#11292,#11293,#11294,
#11295),.UNSPECIFIED.,.F.,.F.,(4,2,4),(0.0939350710500011,0.0998460744190003,
0.102386350357496),.UNSPECIFIED.);
#3152=B_SPLINE_CURVE_WITH_KNOTS('',3,(#11296,#11297,#11298,#11299,#11300,
#11301),.UNSPECIFIED.,.F.,.F.,(4,2,4),(0.345262390150885,0.3778231872863,
0.453262781301006),.UNSPECIFIED.);
#3153=B_SPLINE_CURVE_WITH_KNOTS('',3,(#11306,#11307,#11308,#11309,#11310,
#11311),.UNSPECIFIED.,.F.,.F.,(4,2,4),(0.345262390150889,0.377823187286304,
0.453262781301009),.UNSPECIFIED.);
#3154=B_SPLINE_CURVE_WITH_KNOTS('',3,(#11313,#11314,#11315,#11316,#11317,
#11318),.UNSPECIFIED.,.F.,.F.,(4,2,4),(0.,0.0754395940147063,0.10800039115012),
 .UNSPECIFIED.);
#3155=B_SPLINE_CURVE_WITH_KNOTS('',3,(#11348,#11349,#11350,#11351,#11352,
#11353,#11354,#11355),.UNSPECIFIED.,.F.,.F.,(4,2,2,4),(0.259818837450073,
0.265729840819075,0.28263403203804,0.285267572887236),.UNSPECIFIED.);
#3156=B_SPLINE_CURVE_WITH_KNOTS('',3,(#11364,#11365,#11366,#11367,#11368,
#11369,#11370,#11371),.UNSPECIFIED.,.F.,.F.,(4,2,2,4),(0.177148083443604,
0.184367957507904,0.202647150155508,0.202794359133277),.UNSPECIFIED.);
#3157=B_SPLINE_CURVE_WITH_KNOTS('',3,(#11381,#11382,#11383,#11384,#11385,
#11386),.UNSPECIFIED.,.F.,.F.,(4,2,4),(0.,0.0754395940147062,0.108000391150121),
 .UNSPECIFIED.);
#3158=B_SPLINE_CURVE_WITH_KNOTS('',3,(#11388,#11389,#11390,#11391,#11392,
#11393),.UNSPECIFIED.,.F.,.F.,(4,2,4),(0.0634974160425738,0.0660376919810699,
0.0719486953500694),.UNSPECIFIED.);
#3159=B_SPLINE_CURVE_WITH_KNOTS('',3,(#11397,#11398,#11399,#11400,#11401,
#11402),.UNSPECIFIED.,.F.,.F.,(4,2,4),(0.0939350710500012,0.0998460744190003,
0.102386350357496),.UNSPECIFIED.);
#3160=B_SPLINE_CURVE_WITH_KNOTS('',3,(#11403,#11404,#11405,#11406,#11407,
#11408),.UNSPECIFIED.,.F.,.F.,(4,2,4),(0.345262390150885,0.3778231872863,
0.453262781301006),.UNSPECIFIED.);
#3161=B_SPLINE_CURVE_WITH_KNOTS('',3,(#11413,#11414,#11415,#11416,#11417,
#11418),.UNSPECIFIED.,.F.,.F.,(4,2,4),(0.345262390150889,0.377823187286304,
0.453262781301009),.UNSPECIFIED.);
#3162=B_SPLINE_CURVE_WITH_KNOTS('',3,(#11420,#11421,#11422,#11423,#11424,
#11425),.UNSPECIFIED.,.F.,.F.,(4,2,4),(0.,0.0754395940147063,0.10800039115012),
 .UNSPECIFIED.);
#3163=B_SPLINE_CURVE_WITH_KNOTS('',3,(#11456,#11457,#11458,#11459,#11460,
#11461),.UNSPECIFIED.,.F.,.F.,(4,2,4),(0.345262390150889,0.377823187286304,
0.453262781301009),.UNSPECIFIED.);
#3164=B_SPLINE_CURVE_WITH_KNOTS('',3,(#11463,#11464,#11465,#11466,#11467,
#11468),.UNSPECIFIED.,.F.,.F.,(4,2,4),(0.,0.0754395940147063,0.10800039115012),
 .UNSPECIFIED.);
#3165=B_SPLINE_CURVE_WITH_KNOTS('',3,(#11472,#11473,#11474,#11475,#11476,
#11477),.UNSPECIFIED.,.F.,.F.,(4,2,4),(0.345262390150885,0.3778231872863,
0.453262781301006),.UNSPECIFIED.);
#3166=B_SPLINE_CURVE_WITH_KNOTS('',3,(#11478,#11479,#11480,#11481,#11482,
#11483),.UNSPECIFIED.,.F.,.F.,(4,2,4),(1.5973067623814E-15,0.0754395940147066,
0.108000391150122),.UNSPECIFIED.);
#3167=B_SPLINE_CURVE_WITH_KNOTS('',3,(#11507,#11508,#11509,#11510,#11511,
#11512,#11513,#11514),.UNSPECIFIED.,.F.,.F.,(4,2,2,4),(0.129383170587324,
0.129530379565092,0.147809572212696,0.155029446276998),.UNSPECIFIED.);
#3168=B_SPLINE_CURVE_WITH_KNOTS('',3,(#11515,#11516,#11517,#11518,#11519,
#11520,#11521,#11522),.UNSPECIFIED.,.F.,.F.,(4,2,2,4),(0.177148083443605,
0.184367957507904,0.202647150155509,0.202794359133277),.UNSPECIFIED.);
#3169=B_SPLINE_CURVE_WITH_KNOTS('',3,(#11673,#11674,#11675,#11676,#11677,
#11678),.UNSPECIFIED.,.F.,.F.,(4,2,4),(0.0634974160425734,0.0660376919810702,
0.0719486953500692),.UNSPECIFIED.);
#3170=B_SPLINE_CURVE_WITH_KNOTS('',3,(#11681,#11682,#11683,#11684,#11685,
#11686),.UNSPECIFIED.,.F.,.F.,(4,2,4),(0.0939350710500019,0.0998460744190003,
0.102386350357496),.UNSPECIFIED.);
#3171=B_SPLINE_CURVE_WITH_KNOTS('',3,(#11708,#11709,#11710,#11711,#11712,
#11713,#11714,#11715),.UNSPECIFIED.,.F.,.F.,(4,2,2,4),(0.129383170587324,
0.129530379565093,0.147809572212697,0.155029446276998),.UNSPECIFIED.);
#3172=B_SPLINE_CURVE_WITH_KNOTS('',3,(#11716,#11717,#11718,#11719,#11720,
#11721,#11722,#11723),.UNSPECIFIED.,.F.,.F.,(4,2,2,4),(0.177148083443604,
0.184367957507904,0.202647150155508,0.202794359133277),.UNSPECIFIED.);
#3173=B_SPLINE_CURVE_WITH_KNOTS('',3,(#12782,#12783,#12784,#12785,#12786,
#12787,#12788,#12789),.UNSPECIFIED.,.F.,.F.,(4,2,2,4),(0.0911745767140989,
0.0937690186033073,0.103748340824863,0.113727663046419),.UNSPECIFIED.);
#3174=VERTEX_POINT('',#11272);
#3175=VERTEX_POINT('',#11273);
#3176=VERTEX_POINT('',#11280);
#3177=VERTEX_POINT('',#11287);
#3178=VERTEX_POINT('',#11289);
#3179=VERTEX_POINT('',#11303);
#3180=VERTEX_POINT('',#11305);
#3181=VERTEX_POINT('',#11312);
#3182=VERTEX_POINT('',#11321);
#3183=VERTEX_POINT('',#11323);
#3184=VERTEX_POINT('',#11325);
#3185=VERTEX_POINT('',#11327);
#3186=VERTEX_POINT('',#11329);
#3187=VERTEX_POINT('',#11331);
#3188=VERTEX_POINT('',#11335);
#3189=VERTEX_POINT('',#11336);
#3190=VERTEX_POINT('',#11338);
#3191=VERTEX_POINT('',#11343);
#3192=VERTEX_POINT('',#11347);
#3193=VERTEX_POINT('',#11356);
#3194=VERTEX_POINT('',#11362);
#3195=VERTEX_POINT('',#11373);
#3196=VERTEX_POINT('',#11375);
#3197=VERTEX_POINT('',#11379);
#3198=VERTEX_POINT('',#11380);
#3199=VERTEX_POINT('',#11387);
#3200=VERTEX_POINT('',#11394);
#3201=VERTEX_POINT('',#11396);
#3202=VERTEX_POINT('',#11410);
#3203=VERTEX_POINT('',#11412);
#3204=VERTEX_POINT('',#11419);
#3205=VERTEX_POINT('',#11428);
#3206=VERTEX_POINT('',#11434);
#3207=VERTEX_POINT('',#11435);
#3208=VERTEX_POINT('',#11437);
#3209=VERTEX_POINT('',#11439);
#3210=VERTEX_POINT('',#11443);
#3211=VERTEX_POINT('',#11444);
#3212=VERTEX_POINT('',#11446);
#3213=VERTEX_POINT('',#11448);
#3214=VERTEX_POINT('',#11452);
#3215=VERTEX_POINT('',#11453);
#3216=VERTEX_POINT('',#11455);
#3217=VERTEX_POINT('',#11462);
#3218=VERTEX_POINT('',#11469);
#3219=VERTEX_POINT('',#11471);
#3220=VERTEX_POINT('',#11485);
#3221=VERTEX_POINT('',#11486);
#3222=VERTEX_POINT('',#11488);
#3223=VERTEX_POINT('',#11490);
#3224=VERTEX_POINT('',#11494);
#3225=VERTEX_POINT('',#11495);
#3226=VERTEX_POINT('',#11497);
#3227=VERTEX_POINT('',#11500);
#3228=VERTEX_POINT('',#11504);
#3229=VERTEX_POINT('',#11505);
#3230=VERTEX_POINT('',#11524);
#3231=VERTEX_POINT('',#11526);
#3232=VERTEX_POINT('',#11530);
#3233=VERTEX_POINT('',#11533);
#3234=VERTEX_POINT('',#11535);
#3235=VERTEX_POINT('',#11539);
#3236=VERTEX_POINT('',#11540);
#3237=VERTEX_POINT('',#11542);
#3238=VERTEX_POINT('',#11544);
#3239=VERTEX_POINT('',#11548);
#3240=VERTEX_POINT('',#11549);
#3241=VERTEX_POINT('',#11551);
#3242=VERTEX_POINT('',#11553);
#3243=VERTEX_POINT('',#11559);
#3244=VERTEX_POINT('',#11563);
#3245=VERTEX_POINT('',#11564);
#3246=VERTEX_POINT('',#11566);
#3247=VERTEX_POINT('',#11568);
#3248=VERTEX_POINT('',#11570);
#3249=VERTEX_POINT('',#11574);
#3250=VERTEX_POINT('',#11575);
#3251=VERTEX_POINT('',#11577);
#3252=VERTEX_POINT('',#11579);
#3253=VERTEX_POINT('',#11583);
#3254=VERTEX_POINT('',#11585);
#3255=VERTEX_POINT('',#11589);
#3256=VERTEX_POINT('',#11591);
#3257=VERTEX_POINT('',#11595);
#3258=VERTEX_POINT('',#11597);
#3259=VERTEX_POINT('',#11599);
#3260=VERTEX_POINT('',#11601);
#3261=VERTEX_POINT('',#11603);
#3262=VERTEX_POINT('',#11605);
#3263=VERTEX_POINT('',#11609);
#3264=VERTEX_POINT('',#11610);
#3265=VERTEX_POINT('',#11612);
#3266=VERTEX_POINT('',#11614);
#3267=VERTEX_POINT('',#11621);
#3268=VERTEX_POINT('',#11623);
#3269=VERTEX_POINT('',#11632);
#3270=VERTEX_POINT('',#11636);
#3271=VERTEX_POINT('',#11640);
#3272=VERTEX_POINT('',#11644);
#3273=VERTEX_POINT('',#11646);
#3274=VERTEX_POINT('',#11648);
#3275=VERTEX_POINT('',#11653);
#3276=VERTEX_POINT('',#11657);
#3277=VERTEX_POINT('',#11672);
#3278=VERTEX_POINT('',#11679);
#3279=VERTEX_POINT('',#11688);
#3280=VERTEX_POINT('',#11689);
#3281=VERTEX_POINT('',#11691);
#3282=VERTEX_POINT('',#11693);
#3283=VERTEX_POINT('',#11697);
#3284=VERTEX_POINT('',#11699);
#3285=VERTEX_POINT('',#11705);
#3286=VERTEX_POINT('',#11706);
#3287=VERTEX_POINT('',#11725);
#3288=VERTEX_POINT('',#11726);
#3289=VERTEX_POINT('',#11731);
#3290=VERTEX_POINT('',#11733);
#3291=VERTEX_POINT('',#11737);
#3292=VERTEX_POINT('',#11738);
#3293=VERTEX_POINT('',#11740);
#3294=VERTEX_POINT('',#11742);
#3295=VERTEX_POINT('',#11746);
#3296=VERTEX_POINT('',#11748);
#3297=VERTEX_POINT('',#11752);
#3298=VERTEX_POINT('',#11753);
#3299=VERTEX_POINT('',#11755);
#3300=VERTEX_POINT('',#11757);
#3301=VERTEX_POINT('',#11761);
#3302=VERTEX_POINT('',#11763);
#3303=VERTEX_POINT('',#11767);
#3304=VERTEX_POINT('',#11768);
#3305=VERTEX_POINT('',#11770);
#3306=VERTEX_POINT('',#11772);
#3307=VERTEX_POINT('',#11774);
#3308=VERTEX_POINT('',#11781);
#3309=VERTEX_POINT('',#11782);
#3310=VERTEX_POINT('',#11784);
#3311=VERTEX_POINT('',#11786);
#3312=VERTEX_POINT('',#11790);
#3313=VERTEX_POINT('',#11794);
#3314=VERTEX_POINT('',#11795);
#3315=VERTEX_POINT('',#11797);
#3316=VERTEX_POINT('',#11799);
#3317=VERTEX_POINT('',#11803);
#3318=VERTEX_POINT('',#11805);
#3319=VERTEX_POINT('',#11809);
#3320=VERTEX_POINT('',#11810);
#3321=VERTEX_POINT('',#11812);
#3322=VERTEX_POINT('',#11814);
#3323=VERTEX_POINT('',#11818);
#3324=VERTEX_POINT('',#11824);
#3325=VERTEX_POINT('',#11825);
#3326=VERTEX_POINT('',#11830);
#3327=VERTEX_POINT('',#11831);
#3328=VERTEX_POINT('',#11833);
#3329=VERTEX_POINT('',#11835);
#3330=VERTEX_POINT('',#11839);
#3331=VERTEX_POINT('',#11843);
#3332=VERTEX_POINT('',#11844);
#3333=VERTEX_POINT('',#11846);
#3334=VERTEX_POINT('',#11848);
#3335=VERTEX_POINT('',#11854);
#3336=VERTEX_POINT('',#11856);
#3337=VERTEX_POINT('',#11858);
#3338=VERTEX_POINT('',#11860);
#3339=VERTEX_POINT('',#11862);
#3340=VERTEX_POINT('',#11866);
#3341=VERTEX_POINT('',#11867);
#3342=VERTEX_POINT('',#11869);
#3343=VERTEX_POINT('',#11871);
#3344=VERTEX_POINT('',#11875);
#3345=VERTEX_POINT('',#11876);
#3346=VERTEX_POINT('',#11878);
#3347=VERTEX_POINT('',#11880);
#3348=VERTEX_POINT('',#11884);
#3349=VERTEX_POINT('',#11885);
#3350=VERTEX_POINT('',#11887);
#3351=VERTEX_POINT('',#11889);
#3352=VERTEX_POINT('',#11893);
#3353=VERTEX_POINT('',#11894);
#3354=VERTEX_POINT('',#11896);
#3355=VERTEX_POINT('',#11898);
#3356=VERTEX_POINT('',#11902);
#3357=VERTEX_POINT('',#11904);
#3358=VERTEX_POINT('',#11908);
#3359=VERTEX_POINT('',#11909);
#3360=VERTEX_POINT('',#11911);
#3361=VERTEX_POINT('',#11913);
#3362=VERTEX_POINT('',#11917);
#3363=VERTEX_POINT('',#11918);
#3364=VERTEX_POINT('',#11920);
#3365=VERTEX_POINT('',#11922);
#3366=VERTEX_POINT('',#11926);
#3367=VERTEX_POINT('',#11930);
#3368=VERTEX_POINT('',#11931);
#3369=VERTEX_POINT('',#11933);
#3370=VERTEX_POINT('',#11935);
#3371=VERTEX_POINT('',#11939);
#3372=VERTEX_POINT('',#11940);
#3373=VERTEX_POINT('',#11942);
#3374=VERTEX_POINT('',#11944);
#3375=VERTEX_POINT('',#11948);
#3376=VERTEX_POINT('',#11949);
#3377=VERTEX_POINT('',#11951);
#3378=VERTEX_POINT('',#11953);
#3379=VERTEX_POINT('',#11961);
#3380=VERTEX_POINT('',#11962);
#3381=VERTEX_POINT('',#11964);
#3382=VERTEX_POINT('',#11966);
#3383=VERTEX_POINT('',#11968);
#3384=VERTEX_POINT('',#11970);
#3385=VERTEX_POINT('',#11972);
#3386=VERTEX_POINT('',#11974);
#3387=VERTEX_POINT('',#11979);
#3388=VERTEX_POINT('',#11981);
#3389=VERTEX_POINT('',#11983);
#3390=VERTEX_POINT('',#11985);
#3391=VERTEX_POINT('',#11987);
#3392=VERTEX_POINT('',#11991);
#3393=VERTEX_POINT('',#11992);
#3394=VERTEX_POINT('',#11994);
#3395=VERTEX_POINT('',#11996);
#3396=VERTEX_POINT('',#11998);
#3397=VERTEX_POINT('',#12000);
#3398=VERTEX_POINT('',#12002);
#3399=VERTEX_POINT('',#12004);
#3400=VERTEX_POINT('',#12007);
#3401=VERTEX_POINT('',#12009);
#3402=VERTEX_POINT('',#12013);
#3403=VERTEX_POINT('',#12014);
#3404=VERTEX_POINT('',#12016);
#3405=VERTEX_POINT('',#12018);
#3406=VERTEX_POINT('',#12022);
#3407=VERTEX_POINT('',#12023);
#3408=VERTEX_POINT('',#12025);
#3409=VERTEX_POINT('',#12027);
#3410=VERTEX_POINT('',#12031);
#3411=VERTEX_POINT('',#12032);
#3412=VERTEX_POINT('',#12034);
#3413=VERTEX_POINT('',#12036);
#3414=VERTEX_POINT('',#12040);
#3415=VERTEX_POINT('',#12042);
#3416=VERTEX_POINT('',#12046);
#3417=VERTEX_POINT('',#12047);
#3418=VERTEX_POINT('',#12049);
#3419=VERTEX_POINT('',#12051);
#3420=VERTEX_POINT('',#12055);
#3421=VERTEX_POINT('',#12056);
#3422=VERTEX_POINT('',#12058);
#3423=VERTEX_POINT('',#12060);
#3424=VERTEX_POINT('',#12064);
#3425=VERTEX_POINT('',#12065);
#3426=VERTEX_POINT('',#12067);
#3427=VERTEX_POINT('',#12069);
#3428=VERTEX_POINT('',#12073);
#3429=VERTEX_POINT('',#12074);
#3430=VERTEX_POINT('',#12076);
#3431=VERTEX_POINT('',#12078);
#3432=VERTEX_POINT('',#12082);
#3433=VERTEX_POINT('',#12083);
#3434=VERTEX_POINT('',#12085);
#3435=VERTEX_POINT('',#12087);
#3436=VERTEX_POINT('',#12091);
#3437=VERTEX_POINT('',#12092);
#3438=VERTEX_POINT('',#12094);
#3439=VERTEX_POINT('',#12096);
#3440=VERTEX_POINT('',#12100);
#3441=VERTEX_POINT('',#12101);
#3442=VERTEX_POINT('',#12106);
#3443=VERTEX_POINT('',#12107);
#3444=VERTEX_POINT('',#12112);
#3445=VERTEX_POINT('',#12113);
#3446=VERTEX_POINT('',#12118);
#3447=VERTEX_POINT('',#12120);
#3448=VERTEX_POINT('',#12124);
#3449=VERTEX_POINT('',#12125);
#3450=VERTEX_POINT('',#12127);
#3451=VERTEX_POINT('',#12129);
#3452=VERTEX_POINT('',#12133);
#3453=VERTEX_POINT('',#12134);
#3454=VERTEX_POINT('',#12136);
#3455=VERTEX_POINT('',#12138);
#3456=VERTEX_POINT('',#12145);
#3457=VERTEX_POINT('',#12147);
#3458=VERTEX_POINT('',#12151);
#3459=VERTEX_POINT('',#12153);
#3460=VERTEX_POINT('',#12157);
#3461=VERTEX_POINT('',#12161);
#3462=VERTEX_POINT('',#12162);
#3463=VERTEX_POINT('',#12164);
#3464=VERTEX_POINT('',#12167);
#3465=VERTEX_POINT('',#12169);
#3466=VERTEX_POINT('',#12171);
#3467=VERTEX_POINT('',#12173);
#3468=VERTEX_POINT('',#12177);
#3469=VERTEX_POINT('',#12178);
#3470=VERTEX_POINT('',#12180);
#3471=VERTEX_POINT('',#12182);
#3472=VERTEX_POINT('',#12185);
#3473=VERTEX_POINT('',#12187);
#3474=VERTEX_POINT('',#12189);
#3475=VERTEX_POINT('',#12191);
#3476=VERTEX_POINT('',#12195);
#3477=VERTEX_POINT('',#12196);
#3478=VERTEX_POINT('',#12198);
#3479=VERTEX_POINT('',#12200);
#3480=VERTEX_POINT('',#12204);
#3481=VERTEX_POINT('',#12208);
#3482=VERTEX_POINT('',#12212);
#3483=VERTEX_POINT('',#12214);
#3484=VERTEX_POINT('',#12219);
#3485=VERTEX_POINT('',#12223);
#3486=VERTEX_POINT('',#12224);
#3487=VERTEX_POINT('',#12229);
#3488=VERTEX_POINT('',#12230);
#3489=VERTEX_POINT('',#12232);
#3490=VERTEX_POINT('',#12234);
#3491=VERTEX_POINT('',#12238);
#3492=VERTEX_POINT('',#12239);
#3493=VERTEX_POINT('',#12241);
#3494=VERTEX_POINT('',#12243);
#3495=VERTEX_POINT('',#12247);
#3496=VERTEX_POINT('',#12249);
#3497=VERTEX_POINT('',#12253);
#3498=VERTEX_POINT('',#12254);
#3499=VERTEX_POINT('',#12256);
#3500=VERTEX_POINT('',#12258);
#3501=VERTEX_POINT('',#12262);
#3502=VERTEX_POINT('',#12266);
#3503=VERTEX_POINT('',#12267);
#3504=VERTEX_POINT('',#12269);
#3505=VERTEX_POINT('',#12271);
#3506=VERTEX_POINT('',#12275);
#3507=VERTEX_POINT('',#12276);
#3508=VERTEX_POINT('',#12281);
#3509=VERTEX_POINT('',#12282);
#3510=VERTEX_POINT('',#12287);
#3511=VERTEX_POINT('',#12289);
#3512=VERTEX_POINT('',#12293);
#3513=VERTEX_POINT('',#12294);
#3514=VERTEX_POINT('',#12296);
#3515=VERTEX_POINT('',#12299);
#3516=VERTEX_POINT('',#12301);
#3517=VERTEX_POINT('',#12304);
#3518=VERTEX_POINT('',#12309);
#3519=VERTEX_POINT('',#12317);
#3520=VERTEX_POINT('',#12318);
#3521=VERTEX_POINT('',#12323);
#3522=VERTEX_POINT('',#12325);
#3523=VERTEX_POINT('',#12328);
#3524=VERTEX_POINT('',#12332);
#3525=VERTEX_POINT('',#12333);
#3526=VERTEX_POINT('',#12335);
#3527=VERTEX_POINT('',#12337);
#3528=VERTEX_POINT('',#12340);
#3529=VERTEX_POINT('',#12342);
#3530=VERTEX_POINT('',#12344);
#3531=VERTEX_POINT('',#12349);
#3532=VERTEX_POINT('',#12350);
#3533=VERTEX_POINT('',#12352);
#3534=VERTEX_POINT('',#12354);
#3535=VERTEX_POINT('',#12356);
#3536=VERTEX_POINT('',#12360);
#3537=VERTEX_POINT('',#12365);
#3538=VERTEX_POINT('',#12368);
#3539=VERTEX_POINT('',#12371);
#3540=VERTEX_POINT('',#12375);
#3541=VERTEX_POINT('',#12379);
#3542=VERTEX_POINT('',#12381);
#3543=VERTEX_POINT('',#12385);
#3544=VERTEX_POINT('',#12386);
#3545=VERTEX_POINT('',#12392);
#3546=VERTEX_POINT('',#12396);
#3547=VERTEX_POINT('',#12397);
#3548=VERTEX_POINT('',#12399);
#3549=VERTEX_POINT('',#12401);
#3550=VERTEX_POINT('',#12405);
#3551=VERTEX_POINT('',#12407);
#3552=VERTEX_POINT('',#12413);
#3553=VERTEX_POINT('',#12415);
#3554=VERTEX_POINT('',#12421);
#3555=VERTEX_POINT('',#12422);
#3556=VERTEX_POINT('',#12424);
#3557=VERTEX_POINT('',#12426);
#3558=VERTEX_POINT('',#12430);
#3559=VERTEX_POINT('',#12432);
#3560=VERTEX_POINT('',#12436);
#3561=VERTEX_POINT('',#12440);
#3562=VERTEX_POINT('',#12441);
#3563=VERTEX_POINT('',#12443);
#3564=VERTEX_POINT('',#12445);
#3565=VERTEX_POINT('',#12447);
#3566=VERTEX_POINT('',#12449);
#3567=VERTEX_POINT('',#12451);
#3568=VERTEX_POINT('',#12457);
#3569=VERTEX_POINT('',#12459);
#3570=VERTEX_POINT('',#12463);
#3571=VERTEX_POINT('',#12464);
#3572=VERTEX_POINT('',#12466);
#3573=VERTEX_POINT('',#12468);
#3574=VERTEX_POINT('',#12472);
#3575=VERTEX_POINT('',#12476);
#3576=VERTEX_POINT('',#12480);
#3577=VERTEX_POINT('',#12482);
#3578=VERTEX_POINT('',#12491);
#3579=VERTEX_POINT('',#12493);
#3580=VERTEX_POINT('',#12495);
#3581=VERTEX_POINT('',#12497);
#3582=VERTEX_POINT('',#12499);
#3583=VERTEX_POINT('',#12501);
#3584=VERTEX_POINT('',#12503);
#3585=VERTEX_POINT('',#12509);
#3586=VERTEX_POINT('',#12511);
#3587=VERTEX_POINT('',#12515);
#3588=VERTEX_POINT('',#12517);
#3589=VERTEX_POINT('',#12521);
#3590=VERTEX_POINT('',#12523);
#3591=VERTEX_POINT('',#12533);
#3592=VERTEX_POINT('',#12537);
#3593=VERTEX_POINT('',#12538);
#3594=VERTEX_POINT('',#12541);
#3595=VERTEX_POINT('',#12543);
#3596=VERTEX_POINT('',#12545);
#3597=VERTEX_POINT('',#12547);
#3598=VERTEX_POINT('',#12550);
#3599=VERTEX_POINT('',#12552);
#3600=VERTEX_POINT('',#12558);
#3601=VERTEX_POINT('',#12566);
#3602=VERTEX_POINT('',#12567);
#3603=VERTEX_POINT('',#12569);
#3604=VERTEX_POINT('',#12571);
#3605=VERTEX_POINT('',#12575);
#3606=VERTEX_POINT('',#12576);
#3607=VERTEX_POINT('',#12578);
#3608=VERTEX_POINT('',#12580);
#3609=VERTEX_POINT('',#12586);
#3610=VERTEX_POINT('',#12587);
#3611=VERTEX_POINT('',#12596);
#3612=VERTEX_POINT('',#12597);
#3613=VERTEX_POINT('',#12599);
#3614=VERTEX_POINT('',#12601);
#3615=VERTEX_POINT('',#12605);
#3616=VERTEX_POINT('',#12606);
#3617=VERTEX_POINT('',#12611);
#3618=VERTEX_POINT('',#12612);
#3619=VERTEX_POINT('',#12614);
#3620=VERTEX_POINT('',#12616);
#3621=VERTEX_POINT('',#12620);
#3622=VERTEX_POINT('',#12623);
#3623=VERTEX_POINT('',#12632);
#3624=VERTEX_POINT('',#12633);
#3625=VERTEX_POINT('',#12635);
#3626=VERTEX_POINT('',#12637);
#3627=VERTEX_POINT('',#12641);
#3628=VERTEX_POINT('',#12642);
#3629=VERTEX_POINT('',#12644);
#3630=VERTEX_POINT('',#12646);
#3631=VERTEX_POINT('',#12648);
#3632=VERTEX_POINT('',#12650);
#3633=VERTEX_POINT('',#12652);
#3634=VERTEX_POINT('',#12654);
#3635=VERTEX_POINT('',#12659);
#3636=VERTEX_POINT('',#12661);
#3637=VERTEX_POINT('',#12665);
#3638=VERTEX_POINT('',#12667);
#3639=VERTEX_POINT('',#12678);
#3640=VERTEX_POINT('',#12682);
#3641=VERTEX_POINT('',#12686);
#3642=VERTEX_POINT('',#12688);
#3643=VERTEX_POINT('',#12690);
#3644=VERTEX_POINT('',#12694);
#3645=VERTEX_POINT('',#12695);
#3646=VERTEX_POINT('',#12697);
#3647=VERTEX_POINT('',#12699);
#3648=VERTEX_POINT('',#12706);
#3649=VERTEX_POINT('',#12707);
#3650=VERTEX_POINT('',#12714);
#3651=VERTEX_POINT('',#12715);
#3652=VERTEX_POINT('',#12717);
#3653=VERTEX_POINT('',#12719);
#3654=VERTEX_POINT('',#12723);
#3655=VERTEX_POINT('',#12727);
#3656=VERTEX_POINT('',#12728);
#3657=VERTEX_POINT('',#12730);
#3658=VERTEX_POINT('',#12732);
#3659=VERTEX_POINT('',#12737);
#3660=VERTEX_POINT('',#12741);
#3661=VERTEX_POINT('',#12742);
#3662=VERTEX_POINT('',#12744);
#3663=VERTEX_POINT('',#12746);
#3664=VERTEX_POINT('',#12750);
#3665=VERTEX_POINT('',#12752);
#3666=VERTEX_POINT('',#12756);
#3667=VERTEX_POINT('',#12757);
#3668=VERTEX_POINT('',#12759);
#3669=VERTEX_POINT('',#12761);
#3670=VERTEX_POINT('',#12765);
#3671=VERTEX_POINT('',#12766);
#3672=VERTEX_POINT('',#12768);
#3673=VERTEX_POINT('',#12770);
#3674=VERTEX_POINT('',#12778);
#3675=VERTEX_POINT('',#12780);
#3676=VERTEX_POINT('',#12793);
#3677=VERTEX_POINT('',#12795);
#3678=VERTEX_POINT('',#12802);
#3679=VERTEX_POINT('',#12806);
#3680=VERTEX_POINT('',#12807);
#3681=VERTEX_POINT('',#12809);
#3682=VERTEX_POINT('',#12811);
#3683=VERTEX_POINT('',#12815);
#3684=VERTEX_POINT('',#12821);
#3685=VERTEX_POINT('',#12823);
#3686=VERTEX_POINT('',#12827);
#3687=VERTEX_POINT('',#12828);
#3688=VERTEX_POINT('',#12830);
#3689=VERTEX_POINT('',#12835);
#3690=VERTEX_POINT('',#12836);
#3691=VERTEX_POINT('',#12838);
#3692=VERTEX_POINT('',#12840);
#3693=VERTEX_POINT('',#12844);
#3694=VERTEX_POINT('',#12848);
#3695=VERTEX_POINT('',#12850);
#3696=VERTEX_POINT('',#12854);
#3697=VERTEX_POINT('',#12856);
#3698=VERTEX_POINT('',#12859);
#3699=VERTEX_POINT('',#12861);
#3700=VERTEX_POINT('',#12874);
#3701=VERTEX_POINT('',#12875);
#3702=VERTEX_POINT('',#12877);
#3703=VERTEX_POINT('',#12879);
#3704=VERTEX_POINT('',#12885);
#3705=VERTEX_POINT('',#12889);
#3706=VERTEX_POINT('',#12890);
#3707=VERTEX_POINT('',#12892);
#3708=VERTEX_POINT('',#12894);
#3709=VERTEX_POINT('',#12898);
#3710=VERTEX_POINT('',#12904);
#3711=VERTEX_POINT('',#12905);
#3712=VERTEX_POINT('',#12912);
#3713=VERTEX_POINT('',#12916);
#3714=VERTEX_POINT('',#12917);
#3715=VERTEX_POINT('',#12925);
#3716=VERTEX_POINT('',#12932);
#3717=VERTEX_POINT('',#12933);
#3718=VERTEX_POINT('',#12935);
#3719=VERTEX_POINT('',#12937);
#3720=VERTEX_POINT('',#12943);
#3721=VERTEX_POINT('',#12945);
#3722=VERTEX_POINT('',#12954);
#3723=VERTEX_POINT('',#12958);
#3724=VERTEX_POINT('',#12960);
#3725=VERTEX_POINT('',#12964);
#3726=VERTEX_POINT('',#12966);
#3727=VERTEX_POINT('',#12970);
#3728=VERTEX_POINT('',#12974);
#3729=VERTEX_POINT('',#12976);
#3730=VERTEX_POINT('',#12985);
#3731=VERTEX_POINT('',#12987);
#3732=VERTEX_POINT('',#12996);
#3733=VERTEX_POINT('',#13000);
#3734=VERTEX_POINT('',#13002);
#3735=VERTEX_POINT('',#13008);
#3736=VERTEX_POINT('',#13010);
#3737=VERTEX_POINT('',#13014);
#3738=VERTEX_POINT('',#13016);
#3739=VERTEX_POINT('',#13030);
#3740=VERTEX_POINT('',#13034);
#3741=VERTEX_POINT('',#13038);
#3742=VERTEX_POINT('',#13040);
#3743=VERTEX_POINT('',#13044);
#3744=VERTEX_POINT('',#13046);
#3745=VERTEX_POINT('',#13052);
#3746=VERTEX_POINT('',#13056);
#3747=VERTEX_POINT('',#13060);
#3748=VERTEX_POINT('',#13061);
#3749=VERTEX_POINT('',#13066);
#3750=VERTEX_POINT('',#13068);
#3751=VERTEX_POINT('',#13072);
#3752=VERTEX_POINT('',#13074);
#3753=VERTEX_POINT('',#13076);
#3754=VERTEX_POINT('',#13078);
#3755=VERTEX_POINT('',#13080);
#3756=VERTEX_POINT('',#13085);
#3757=VERTEX_POINT('',#13089);
#3758=VERTEX_POINT('',#13095);
#3759=VERTEX_POINT('',#13097);
#3760=VERTEX_POINT('',#13101);
#3761=VERTEX_POINT('',#13103);
#3762=VERTEX_POINT('',#13105);
#3763=VERTEX_POINT('',#13107);
#3764=VERTEX_POINT('',#13109);
#3765=VERTEX_POINT('',#13112);
#3766=VERTEX_POINT('',#13114);
#3767=VERTEX_POINT('',#13124);
#3768=VERTEX_POINT('',#13126);
#3769=VERTEX_POINT('',#13130);
#3770=VERTEX_POINT('',#13137);
#3771=VERTEX_POINT('',#13139);
#3772=VERTEX_POINT('',#13143);
#3773=VERTEX_POINT('',#13147);
#3774=VERTEX_POINT('',#13148);
#3775=VERTEX_POINT('',#13153);
#3776=VERTEX_POINT('',#13155);
#3777=VERTEX_POINT('',#13157);
#3778=VERTEX_POINT('',#13159);
#3779=VERTEX_POINT('',#13166);
#3780=VERTEX_POINT('',#13170);
#3781=VERTEX_POINT('',#13179);
#3782=VERTEX_POINT('',#13181);
#3783=VERTEX_POINT('',#13187);
#3784=VERTEX_POINT('',#13191);
#3785=VERTEX_POINT('',#13195);
#3786=VERTEX_POINT('',#13197);
#3787=VERTEX_POINT('',#13201);
#3788=VERTEX_POINT('',#13210);
#3789=VERTEX_POINT('',#13217);
#3790=VERTEX_POINT('',#13218);
#3791=VERTEX_POINT('',#13225);
#3792=VERTEX_POINT('',#13226);
#3793=VERTEX_POINT('',#13228);
#3794=VERTEX_POINT('',#13230);
#3795=VERTEX_POINT('',#13237);
#3796=VERTEX_POINT('',#13245);
#3797=VERTEX_POINT('',#13247);
#3798=VERTEX_POINT('',#13249);
#3799=VERTEX_POINT('',#13251);
#3800=VERTEX_POINT('',#13253);
#3801=VERTEX_POINT('',#13255);
#3802=VERTEX_POINT('',#13257);
#3803=VERTEX_POINT('',#13263);
#3804=VERTEX_POINT('',#13267);
#3805=VERTEX_POINT('',#13272);
#3806=VERTEX_POINT('',#13280);
#3807=VERTEX_POINT('',#13284);
#3808=VERTEX_POINT('',#13286);
#3809=VERTEX_POINT('',#13288);
#3810=VERTEX_POINT('',#13294);
#3811=VERTEX_POINT('',#13304);
#3812=VERTEX_POINT('',#13310);
#3813=VERTEX_POINT('',#13324);
#3814=VERTEX_POINT('',#13330);
#3815=VERTEX_POINT('',#13342);
#3816=VERTEX_POINT('',#13346);
#3817=VERTEX_POINT('',#13347);
#3818=VERTEX_POINT('',#13349);
#3819=VERTEX_POINT('',#13351);
#3820=VERTEX_POINT('',#13357);
#3821=VERTEX_POINT('',#13361);
#3822=VERTEX_POINT('',#13362);
#3823=VERTEX_POINT('',#13364);
#3824=VERTEX_POINT('',#13366);
#3825=VERTEX_POINT('',#13373);
#3826=VERTEX_POINT('',#13374);
#3827=VERTEX_POINT('',#13376);
#3828=VERTEX_POINT('',#13378);
#3829=VERTEX_POINT('',#13382);
#3830=VERTEX_POINT('',#13383);
#3831=VERTEX_POINT('',#13385);
#3832=VERTEX_POINT('',#13387);
#3833=VERTEX_POINT('',#13391);
#3834=VERTEX_POINT('',#13392);
#3835=VERTEX_POINT('',#13394);
#3836=VERTEX_POINT('',#13396);
#3837=VERTEX_POINT('',#13400);
#3838=VERTEX_POINT('',#13402);
#3839=VERTEX_POINT('',#13406);
#3840=VERTEX_POINT('',#13410);
#3841=VERTEX_POINT('',#13412);
#3842=VERTEX_POINT('',#13416);
#3843=VERTEX_POINT('',#13417);
#3844=VERTEX_POINT('',#13419);
#3845=VERTEX_POINT('',#13421);
#3846=VERTEX_POINT('',#13425);
#3847=VERTEX_POINT('',#13428);
#3848=VERTEX_POINT('',#13430);
#3849=VERTEX_POINT('',#13432);
#3850=VERTEX_POINT('',#13434);
#3851=VERTEX_POINT('',#13436);
#3852=VERTEX_POINT('',#13438);
#3853=VERTEX_POINT('',#13440);
#3854=VERTEX_POINT('',#13442);
#3855=VERTEX_POINT('',#13444);
#3856=VERTEX_POINT('',#13446);
#3857=VERTEX_POINT('',#13448);
#3858=VERTEX_POINT('',#13450);
#3859=VERTEX_POINT('',#13452);
#3860=VERTEX_POINT('',#13454);
#3861=VERTEX_POINT('',#13458);
#3862=VERTEX_POINT('',#13460);
#3863=VERTEX_POINT('',#13464);
#3864=VERTEX_POINT('',#13465);
#3865=VERTEX_POINT('',#13470);
#3866=VERTEX_POINT('',#13472);
#3867=VERTEX_POINT('',#13476);
#3868=VERTEX_POINT('',#13477);
#3869=VERTEX_POINT('',#13479);
#3870=VERTEX_POINT('',#13481);
#3871=VERTEX_POINT('',#13485);
#3872=VERTEX_POINT('',#13487);
#3873=VERTEX_POINT('',#13491);
#3874=VERTEX_POINT('',#13492);
#3875=VERTEX_POINT('',#13494);
#3876=VERTEX_POINT('',#13496);
#3877=VERTEX_POINT('',#13500);
#3878=VERTEX_POINT('',#13501);
#3879=VERTEX_POINT('',#13503);
#3880=VERTEX_POINT('',#13505);
#3881=VERTEX_POINT('',#13509);
#3882=VERTEX_POINT('',#13511);
#3883=VERTEX_POINT('',#13515);
#3884=VERTEX_POINT('',#13516);
#3885=VERTEX_POINT('',#13521);
#3886=VERTEX_POINT('',#13522);
#3887=VERTEX_POINT('',#13524);
#3888=VERTEX_POINT('',#13526);
#3889=VERTEX_POINT('',#13532);
#3890=VERTEX_POINT('',#13536);
#3891=VERTEX_POINT('',#13538);
#3892=VERTEX_POINT('',#13542);
#3893=VERTEX_POINT('',#13544);
#3894=VERTEX_POINT('',#13549);
#3895=VERTEX_POINT('',#13550);
#3896=VERTEX_POINT('',#13552);
#3897=VERTEX_POINT('',#13554);
#3898=VERTEX_POINT('',#13558);
#3899=VERTEX_POINT('',#13560);
#3900=VERTEX_POINT('',#13562);
#3901=VERTEX_POINT('',#13564);
#3902=VERTEX_POINT('',#13566);
#3903=VERTEX_POINT('',#13570);
#3904=VERTEX_POINT('',#13572);
#3905=VERTEX_POINT('',#13574);
#3906=VERTEX_POINT('',#13576);
#3907=VERTEX_POINT('',#13578);
#3908=VERTEX_POINT('',#13580);
#3909=VERTEX_POINT('',#13582);
#3910=VERTEX_POINT('',#13586);
#3911=VERTEX_POINT('',#13588);
#3912=VERTEX_POINT('',#13592);
#3913=VERTEX_POINT('',#13598);
#3914=VERTEX_POINT('',#13600);
#3915=VERTEX_POINT('',#13604);
#3916=VERTEX_POINT('',#13608);
#3917=VERTEX_POINT('',#13609);
#3918=VERTEX_POINT('',#13614);
#3919=VERTEX_POINT('',#13618);
#3920=VERTEX_POINT('',#13619);
#3921=VERTEX_POINT('',#13624);
#3922=VERTEX_POINT('',#13631);
#3923=VERTEX_POINT('',#13635);
#3924=VERTEX_POINT('',#13639);
#3925=VERTEX_POINT('',#13645);
#3926=VERTEX_POINT('',#13647);
#3927=VERTEX_POINT('',#13654);
#3928=VERTEX_POINT('',#13658);
#3929=VERTEX_POINT('',#13659);
#3930=VERTEX_POINT('',#13664);
#3931=VERTEX_POINT('',#13665);
#3932=VERTEX_POINT('',#13667);
#3933=VERTEX_POINT('',#13669);
#3934=VERTEX_POINT('',#13675);
#3935=VERTEX_POINT('',#13679);
#3936=VERTEX_POINT('',#13688);
#3937=VERTEX_POINT('',#13690);
#3938=VERTEX_POINT('',#13692);
#3939=VERTEX_POINT('',#13694);
#3940=VERTEX_POINT('',#13697);
#3941=VERTEX_POINT('',#13699);
#3942=VERTEX_POINT('',#13703);
#3943=VERTEX_POINT('',#13704);
#3944=VERTEX_POINT('',#13709);
#3945=VERTEX_POINT('',#13710);
#3946=VERTEX_POINT('',#13719);
#3947=VERTEX_POINT('',#13723);
#3948=VERTEX_POINT('',#13731);
#3949=VERTEX_POINT('',#13740);
#3950=VERTEX_POINT('',#13742);
#3951=VERTEX_POINT('',#13750);
#3952=VERTEX_POINT('',#13756);
#3953=VERTEX_POINT('',#13766);
#3954=VERTEX_POINT('',#13780);
#3955=VERTEX_POINT('',#13781);
#3956=VERTEX_POINT('',#13786);
#3957=VERTEX_POINT('',#13788);
#3958=EDGE_CURVE('',#3174,#3175,#3149,.T.);
#3959=EDGE_CURVE('',#3176,#3175,#3150,.T.);
#3960=EDGE_CURVE('',#3176,#3177,#1483,.T.);
#3961=EDGE_CURVE('',#3178,#3177,#3151,.T.);
#3962=EDGE_CURVE('',#3178,#3174,#3152,.T.);
#3963=EDGE_CURVE('',#3178,#3179,#1484,.T.);
#3964=EDGE_CURVE('',#3179,#3180,#3153,.T.);
#3965=EDGE_CURVE('',#3180,#3181,#3154,.T.);
#3966=EDGE_CURVE('',#3181,#3175,#1485,.T.);
#3967=EDGE_CURVE('',#3176,#3182,#318,.T.);
#3968=EDGE_CURVE('',#3182,#3183,#319,.T.);
#3969=EDGE_CURVE('',#3183,#3184,#1486,.T.);
#3970=EDGE_CURVE('',#3184,#3185,#1487,.T.);
#3971=EDGE_CURVE('',#3185,#3186,#1488,.T.);
#3972=EDGE_CURVE('',#3186,#3187,#320,.T.);
#3973=EDGE_CURVE('',#3187,#3177,#321,.T.);
#3974=EDGE_CURVE('',#3188,#3189,#1489,.T.);
#3975=EDGE_CURVE('',#3189,#3190,#1490,.T.);
#3976=EDGE_CURVE('',#3190,#3184,#40,.T.);
#3977=EDGE_CURVE('',#3183,#3188,#1491,.T.);
#3978=EDGE_CURVE('',#3190,#3191,#1492,.T.);
#3979=EDGE_CURVE('',#3191,#3185,#41,.T.);
#3980=EDGE_CURVE('',#3181,#3192,#3155,.T.);
#3981=EDGE_CURVE('',#3192,#3193,#42,.T.);
#3982=EDGE_CURVE('',#3193,#3182,#1493,.T.);
#3983=EDGE_CURVE('',#3193,#3188,#43,.T.);
#3984=EDGE_CURVE('',#3194,#3192,#1494,.T.);
#3985=EDGE_CURVE('',#3179,#3194,#3156,.T.);
#3986=EDGE_CURVE('',#3186,#3195,#1495,.T.);
#3987=EDGE_CURVE('',#3195,#3196,#44,.T.);
#3988=EDGE_CURVE('',#3196,#3187,#1496,.T.);
#3989=EDGE_CURVE('',#3197,#3198,#3157,.T.);
#3990=EDGE_CURVE('',#3199,#3198,#3158,.T.);
#3991=EDGE_CURVE('',#3199,#3200,#1497,.T.);
#3992=EDGE_CURVE('',#3201,#3200,#3159,.T.);
#3993=EDGE_CURVE('',#3201,#3197,#3160,.T.);
#3994=EDGE_CURVE('',#3201,#3202,#1498,.T.);
#3995=EDGE_CURVE('',#3202,#3203,#3161,.T.);
#3996=EDGE_CURVE('',#3203,#3204,#3162,.T.);
#3997=EDGE_CURVE('',#3204,#3198,#1499,.T.);
#3998=EDGE_CURVE('',#3205,#3195,#1500,.T.);
#3999=EDGE_CURVE('',#3191,#3205,#1501,.T.);
#4000=EDGE_CURVE('',#3196,#3194,#45,.T.);
#4001=EDGE_CURVE('',#3206,#3207,#1502,.T.);
#4002=EDGE_CURVE('',#3207,#3208,#1503,.T.);
#4003=EDGE_CURVE('',#3208,#3209,#1504,.T.);
#4004=EDGE_CURVE('',#3209,#3206,#1505,.T.);
#4005=EDGE_CURVE('',#3210,#3211,#1506,.T.);
#4006=EDGE_CURVE('',#3211,#3212,#1507,.T.);
#4007=EDGE_CURVE('',#3212,#3213,#1508,.T.);
#4008=EDGE_CURVE('',#3213,#3210,#1509,.T.);
#4009=EDGE_CURVE('',#3214,#3215,#1510,.T.);
#4010=EDGE_CURVE('',#3215,#3216,#3163,.T.);
#4011=EDGE_CURVE('',#3216,#3217,#3164,.T.);
#4012=EDGE_CURVE('',#3217,#3218,#1511,.T.);
#4013=EDGE_CURVE('',#3218,#3219,#3165,.T.);
#4014=EDGE_CURVE('',#3219,#3214,#3166,.T.);
#4015=EDGE_CURVE('',#3220,#3221,#1512,.T.);
#4016=EDGE_CURVE('',#3221,#3222,#1513,.T.);
#4017=EDGE_CURVE('',#3222,#3223,#1514,.T.);
#4018=EDGE_CURVE('',#3223,#3220,#1515,.T.);
#4019=EDGE_CURVE('',#3224,#3225,#1516,.T.);
#4020=EDGE_CURVE('',#3225,#3226,#1517,.T.);
#4021=EDGE_CURVE('',#3226,#3205,#1518,.T.);
#4022=EDGE_CURVE('',#3189,#3227,#1519,.T.);
#4023=EDGE_CURVE('',#3227,#3224,#1520,.T.);
#4024=EDGE_CURVE('',#3228,#3229,#1521,.T.);
#4025=EDGE_CURVE('',#3229,#3204,#3167,.T.);
#4026=EDGE_CURVE('',#3202,#3228,#3168,.T.);
#4027=EDGE_CURVE('',#3226,#3230,#1522,.T.);
#4028=EDGE_CURVE('',#3230,#3231,#1523,.T.);
#4029=EDGE_CURVE('',#3231,#3227,#1524,.T.);
#4030=EDGE_CURVE('',#3232,#3224,#1525,.T.);
#4031=EDGE_CURVE('',#3231,#3223,#46,.T.);
#4032=EDGE_CURVE('',#3222,#3233,#47,.T.);
#4033=EDGE_CURVE('',#3233,#3234,#1526,.T.);
#4034=EDGE_CURVE('',#3234,#3232,#1527,.T.);
#4035=EDGE_CURVE('',#3235,#3236,#1528,.T.);
#4036=EDGE_CURVE('',#3236,#3237,#1529,.T.);
#4037=EDGE_CURVE('',#3237,#3238,#1530,.T.);
#4038=EDGE_CURVE('',#3238,#3235,#1531,.T.);
#4039=EDGE_CURVE('',#3239,#3240,#1532,.T.);
#4040=EDGE_CURVE('',#3240,#3241,#1533,.T.);
#4041=EDGE_CURVE('',#3241,#3242,#1534,.T.);
#4042=EDGE_CURVE('',#3242,#3239,#1535,.T.);
#4043=EDGE_CURVE('',#3230,#3220,#48,.T.);
#4044=EDGE_CURVE('',#3221,#3243,#49,.T.);
#4045=EDGE_CURVE('',#3243,#3233,#1536,.T.);
#4046=EDGE_CURVE('',#3244,#3245,#1537,.T.);
#4047=EDGE_CURVE('',#3245,#3246,#1538,.T.);
#4048=EDGE_CURVE('',#3246,#3247,#50,.T.);
#4049=EDGE_CURVE('',#3247,#3248,#1539,.T.);
#4050=EDGE_CURVE('',#3248,#3244,#1540,.T.);
#4051=EDGE_CURVE('',#3249,#3250,#1541,.T.);
#4052=EDGE_CURVE('',#3250,#3251,#1542,.T.);
#4053=EDGE_CURVE('',#3251,#3252,#1543,.T.);
#4054=EDGE_CURVE('',#3252,#3249,#1544,.T.);
#4055=EDGE_CURVE('',#3239,#3253,#1545,.T.);
#4056=EDGE_CURVE('',#3253,#3254,#1546,.T.);
#4057=EDGE_CURVE('',#3254,#3240,#1547,.T.);
#4058=EDGE_CURVE('',#3241,#3255,#1548,.T.);
#4059=EDGE_CURVE('',#3255,#3256,#1549,.T.);
#4060=EDGE_CURVE('',#3256,#3242,#1550,.T.);
#4061=EDGE_CURVE('',#3251,#3257,#1551,.T.);
#4062=EDGE_CURVE('',#3257,#3258,#1552,.T.);
#4063=EDGE_CURVE('',#3258,#3259,#51,.T.);
#4064=EDGE_CURVE('',#3259,#3260,#1553,.T.);
#4065=EDGE_CURVE('',#3260,#3261,#52,.T.);
#4066=EDGE_CURVE('',#3261,#3262,#1554,.T.);
#4067=EDGE_CURVE('',#3262,#3252,#1555,.T.);
#4068=EDGE_CURVE('',#3263,#3264,#1556,.T.);
#4069=EDGE_CURVE('',#3264,#3265,#53,.T.);
#4070=EDGE_CURVE('',#3265,#3266,#1557,.T.);
#4071=EDGE_CURVE('',#3266,#3263,#322,.T.);
#4072=EDGE_CURVE('',#3265,#3228,#54,.T.);
#4073=EDGE_CURVE('',#3200,#3266,#323,.T.);
#4074=EDGE_CURVE('',#3229,#3267,#55,.T.);
#4075=EDGE_CURVE('',#3267,#3268,#1558,.T.);
#4076=EDGE_CURVE('',#3268,#3199,#324,.T.);
#4077=EDGE_CURVE('',#3267,#3244,#56,.T.);
#4078=EDGE_CURVE('',#3248,#3268,#325,.T.);
#4079=EDGE_CURVE('',#3254,#3255,#1559,.T.);
#4080=EDGE_CURVE('',#3247,#3269,#1560,.T.);
#4081=EDGE_CURVE('',#3269,#3263,#1561,.T.);
#4082=EDGE_CURVE('',#3270,#3225,#1562,.T.);
#4083=EDGE_CURVE('',#3232,#3270,#1563,.T.);
#4084=EDGE_CURVE('',#3262,#3271,#1564,.T.);
#4085=EDGE_CURVE('',#3271,#3249,#1565,.T.);
#4086=EDGE_CURVE('',#3264,#3272,#1566,.T.);
#4087=EDGE_CURVE('',#3272,#3273,#1567,.T.);
#4088=EDGE_CURVE('',#3273,#3274,#1568,.T.);
#4089=EDGE_CURVE('',#3274,#3258,#1569,.T.);
#4090=EDGE_CURVE('',#3257,#3245,#1570,.T.);
#4091=EDGE_CURVE('',#3234,#3275,#1571,.T.);
#4092=EDGE_CURVE('',#3275,#3270,#1572,.T.);
#4093=EDGE_CURVE('',#3269,#3276,#57,.T.);
#4094=EDGE_CURVE('',#3276,#3272,#1573,.T.);
#4095=EDGE_CURVE('',#3210,#3207,#1574,.T.);
#4096=EDGE_CURVE('',#3206,#3211,#1575,.T.);
#4097=EDGE_CURVE('',#3246,#3276,#1576,.T.);
#4098=EDGE_CURVE('',#3275,#3243,#1577,.T.);
#4099=EDGE_CURVE('',#3209,#3212,#1578,.T.);
#4100=EDGE_CURVE('',#3208,#3213,#1579,.T.);
#4101=EDGE_CURVE('',#3277,#3218,#3169,.T.);
#4102=EDGE_CURVE('',#3277,#3278,#1580,.T.);
#4103=EDGE_CURVE('',#3214,#3278,#3170,.T.);
#4104=EDGE_CURVE('',#3279,#3280,#1581,.T.);
#4105=EDGE_CURVE('',#3280,#3281,#1582,.T.);
#4106=EDGE_CURVE('',#3281,#3282,#1583,.T.);
#4107=EDGE_CURVE('',#3282,#3279,#1584,.T.);
#4108=EDGE_CURVE('',#3280,#3283,#58,.T.);
#4109=EDGE_CURVE('',#3283,#3284,#1585,.T.);
#4110=EDGE_CURVE('',#3284,#3281,#59,.T.);
#4111=EDGE_CURVE('',#3253,#3256,#1586,.T.);
#4112=EDGE_CURVE('',#3285,#3286,#1587,.T.);
#4113=EDGE_CURVE('',#3286,#3217,#3171,.T.);
#4114=EDGE_CURVE('',#3215,#3285,#3172,.T.);
#4115=EDGE_CURVE('',#3287,#3288,#1588,.T.);
#4116=EDGE_CURVE('',#3288,#3285,#60,.T.);
#4117=EDGE_CURVE('',#3278,#3287,#326,.T.);
#4118=EDGE_CURVE('',#3286,#3289,#61,.T.);
#4119=EDGE_CURVE('',#3289,#3290,#1589,.T.);
#4120=EDGE_CURVE('',#3290,#3277,#327,.T.);
#4121=EDGE_CURVE('',#3291,#3292,#1590,.T.);
#4122=EDGE_CURVE('',#3292,#3293,#1591,.T.);
#4123=EDGE_CURVE('',#3293,#3294,#1592,.T.);
#4124=EDGE_CURVE('',#3294,#3291,#1593,.T.);
#4125=EDGE_CURVE('',#3289,#3295,#62,.T.);
#4126=EDGE_CURVE('',#3295,#3296,#1594,.T.);
#4127=EDGE_CURVE('',#3296,#3290,#328,.T.);
#4128=EDGE_CURVE('',#3297,#3298,#1595,.T.);
#4129=EDGE_CURVE('',#3298,#3299,#1596,.T.);
#4130=EDGE_CURVE('',#3299,#3300,#1597,.T.);
#4131=EDGE_CURVE('',#3300,#3297,#1598,.T.);
#4132=EDGE_CURVE('',#3293,#3301,#1599,.T.);
#4133=EDGE_CURVE('',#3301,#3302,#1600,.T.);
#4134=EDGE_CURVE('',#3302,#3294,#1601,.T.);
#4135=EDGE_CURVE('',#3303,#3304,#1602,.T.);
#4136=EDGE_CURVE('',#3304,#3305,#1603,.T.);
#4137=EDGE_CURVE('',#3305,#3306,#1604,.T.);
#4138=EDGE_CURVE('',#3306,#3307,#63,.T.);
#4139=EDGE_CURVE('',#3307,#3303,#1605,.T.);
#4140=EDGE_CURVE('',#3304,#3288,#64,.T.);
#4141=EDGE_CURVE('',#3287,#3305,#329,.T.);
#4142=EDGE_CURVE('',#3308,#3309,#65,.T.);
#4143=EDGE_CURVE('',#3309,#3310,#1606,.T.);
#4144=EDGE_CURVE('',#3310,#3311,#66,.T.);
#4145=EDGE_CURVE('',#3311,#3308,#1607,.T.);
#4146=EDGE_CURVE('',#3292,#3312,#1608,.T.);
#4147=EDGE_CURVE('',#3312,#3301,#1609,.T.);
#4148=EDGE_CURVE('',#3313,#3314,#1610,.T.);
#4149=EDGE_CURVE('',#3314,#3315,#1611,.T.);
#4150=EDGE_CURVE('',#3315,#3316,#1612,.T.);
#4151=EDGE_CURVE('',#3316,#3313,#1613,.T.);
#4152=EDGE_CURVE('',#3317,#3313,#1614,.T.);
#4153=EDGE_CURVE('',#3316,#3318,#1615,.T.);
#4154=EDGE_CURVE('',#3318,#3317,#1616,.T.);
#4155=EDGE_CURVE('',#3319,#3320,#67,.T.);
#4156=EDGE_CURVE('',#3320,#3321,#1617,.T.);
#4157=EDGE_CURVE('',#3321,#3322,#68,.T.);
#4158=EDGE_CURVE('',#3322,#3319,#1618,.T.);
#4159=EDGE_CURVE('',#3312,#3323,#1619,.T.);
#4160=EDGE_CURVE('',#3323,#3302,#1620,.T.);
#4161=EDGE_CURVE('',#3291,#3323,#1621,.T.);
#4162=EDGE_CURVE('',#3324,#3325,#69,.T.);
#4163=EDGE_CURVE('',#3325,#3261,#1622,.T.);
#4164=EDGE_CURVE('',#3260,#3324,#1623,.T.);
#4165=EDGE_CURVE('',#3326,#3327,#1624,.T.);
#4166=EDGE_CURVE('',#3327,#3328,#1625,.T.);
#4167=EDGE_CURVE('',#3328,#3329,#1626,.T.);
#4168=EDGE_CURVE('',#3329,#3326,#1627,.T.);
#4169=EDGE_CURVE('',#3274,#3330,#70,.T.);
#4170=EDGE_CURVE('',#3330,#3259,#1628,.T.);
#4171=EDGE_CURVE('',#3331,#3332,#1629,.T.);
#4172=EDGE_CURVE('',#3332,#3333,#1630,.T.);
#4173=EDGE_CURVE('',#3333,#3334,#1631,.T.);
#4174=EDGE_CURVE('',#3334,#3331,#1632,.T.);
#4175=EDGE_CURVE('',#3330,#3324,#1633,.T.);
#4176=EDGE_CURVE('',#3335,#3334,#1634,.T.);
#4177=EDGE_CURVE('',#3333,#3336,#71,.T.);
#4178=EDGE_CURVE('',#3336,#3337,#1635,.T.);
#4179=EDGE_CURVE('',#3337,#3338,#1636,.T.);
#4180=EDGE_CURVE('',#3338,#3339,#1637,.T.);
#4181=EDGE_CURVE('',#3339,#3335,#1638,.T.);
#4182=EDGE_CURVE('',#3340,#3341,#72,.T.);
#4183=EDGE_CURVE('',#3341,#3342,#1639,.T.);
#4184=EDGE_CURVE('',#3342,#3343,#73,.T.);
#4185=EDGE_CURVE('',#3343,#3340,#1640,.T.);
#4186=EDGE_CURVE('',#3344,#3345,#1641,.T.);
#4187=EDGE_CURVE('',#3345,#3346,#1642,.T.);
#4188=EDGE_CURVE('',#3346,#3347,#1643,.T.);
#4189=EDGE_CURVE('',#3347,#3344,#1644,.T.);
#4190=EDGE_CURVE('',#3348,#3349,#1645,.T.);
#4191=EDGE_CURVE('',#3349,#3350,#74,.T.);
#4192=EDGE_CURVE('',#3350,#3351,#1646,.T.);
#4193=EDGE_CURVE('',#3351,#3348,#1647,.T.);
#4194=EDGE_CURVE('',#3352,#3353,#1648,.T.);
#4195=EDGE_CURVE('',#3353,#3354,#75,.T.);
#4196=EDGE_CURVE('',#3354,#3355,#1649,.T.);
#4197=EDGE_CURVE('',#3355,#3352,#330,.T.);
#4198=EDGE_CURVE('',#3356,#3308,#1650,.T.);
#4199=EDGE_CURVE('',#3311,#3357,#1651,.T.);
#4200=EDGE_CURVE('',#3357,#3356,#1652,.T.);
#4201=EDGE_CURVE('',#3358,#3359,#1653,.T.);
#4202=EDGE_CURVE('',#3359,#3360,#76,.T.);
#4203=EDGE_CURVE('',#3360,#3361,#1654,.T.);
#4204=EDGE_CURVE('',#3361,#3358,#331,.T.);
#4205=EDGE_CURVE('',#3362,#3363,#1655,.T.);
#4206=EDGE_CURVE('',#3363,#3364,#1656,.T.);
#4207=EDGE_CURVE('',#3364,#3365,#1657,.T.);
#4208=EDGE_CURVE('',#3365,#3362,#1658,.T.);
#4209=EDGE_CURVE('',#3332,#3366,#77,.T.);
#4210=EDGE_CURVE('',#3366,#3336,#1659,.T.);
#4211=EDGE_CURVE('',#3367,#3368,#1660,.T.);
#4212=EDGE_CURVE('',#3368,#3369,#1661,.T.);
#4213=EDGE_CURVE('',#3369,#3370,#1662,.T.);
#4214=EDGE_CURVE('',#3370,#3367,#1663,.T.);
#4215=EDGE_CURVE('',#3371,#3372,#332,.T.);
#4216=EDGE_CURVE('',#3372,#3373,#1664,.T.);
#4217=EDGE_CURVE('',#3373,#3374,#78,.T.);
#4218=EDGE_CURVE('',#3374,#3371,#1665,.T.);
#4219=EDGE_CURVE('',#3375,#3376,#333,.T.);
#4220=EDGE_CURVE('',#3376,#3377,#1666,.T.);
#4221=EDGE_CURVE('',#3377,#3378,#79,.T.);
#4222=EDGE_CURVE('',#3378,#3375,#1667,.T.);
#4223=EDGE_CURVE('',#3250,#3273,#1668,.T.);
#4224=EDGE_CURVE('',#3271,#3325,#1669,.T.);
#4225=EDGE_CURVE('',#3379,#3380,#1670,.T.);
#4226=EDGE_CURVE('',#3380,#3381,#1671,.T.);
#4227=EDGE_CURVE('',#3381,#3382,#1672,.T.);
#4228=EDGE_CURVE('',#3382,#3383,#1673,.T.);
#4229=EDGE_CURVE('',#3383,#3384,#1674,.T.);
#4230=EDGE_CURVE('',#3384,#3385,#1675,.T.);
#4231=EDGE_CURVE('',#3385,#3386,#1676,.T.);
#4232=EDGE_CURVE('',#3386,#3377,#1677,.T.);
#4233=EDGE_CURVE('',#3376,#3379,#1678,.T.);
#4234=EDGE_CURVE('',#3383,#3387,#1679,.T.);
#4235=EDGE_CURVE('',#3387,#3388,#80,.T.);
#4236=EDGE_CURVE('',#3388,#3389,#1680,.T.);
#4237=EDGE_CURVE('',#3389,#3390,#1681,.T.);
#4238=EDGE_CURVE('',#3390,#3391,#1682,.T.);
#4239=EDGE_CURVE('',#3391,#3384,#1683,.T.);
#4240=EDGE_CURVE('',#3392,#3393,#81,.T.);
#4241=EDGE_CURVE('',#3393,#3394,#82,.T.);
#4242=EDGE_CURVE('',#3394,#3395,#1684,.T.);
#4243=EDGE_CURVE('',#3395,#3396,#83,.T.);
#4244=EDGE_CURVE('',#3396,#3397,#84,.T.);
#4245=EDGE_CURVE('',#3397,#3398,#1685,.T.);
#4246=EDGE_CURVE('',#3398,#3399,#85,.T.);
#4247=EDGE_CURVE('',#3399,#3370,#86,.T.);
#4248=EDGE_CURVE('',#3369,#3400,#87,.T.);
#4249=EDGE_CURVE('',#3400,#3401,#88,.T.);
#4250=EDGE_CURVE('',#3401,#3392,#1686,.T.);
#4251=EDGE_CURVE('',#3402,#3403,#1687,.T.);
#4252=EDGE_CURVE('',#3403,#3404,#1688,.T.);
#4253=EDGE_CURVE('',#3404,#3405,#1689,.T.);
#4254=EDGE_CURVE('',#3405,#3402,#1690,.T.);
#4255=EDGE_CURVE('',#3406,#3407,#334,.T.);
#4256=EDGE_CURVE('',#3407,#3408,#1691,.T.);
#4257=EDGE_CURVE('',#3408,#3409,#89,.T.);
#4258=EDGE_CURVE('',#3409,#3406,#1692,.T.);
#4259=EDGE_CURVE('',#3410,#3411,#90,.T.);
#4260=EDGE_CURVE('',#3411,#3412,#1693,.T.);
#4261=EDGE_CURVE('',#3412,#3413,#91,.T.);
#4262=EDGE_CURVE('',#3413,#3410,#1694,.T.);
#4263=EDGE_CURVE('',#3314,#3414,#1695,.T.);
#4264=EDGE_CURVE('',#3414,#3415,#1696,.T.);
#4265=EDGE_CURVE('',#3415,#3315,#1697,.T.);
#4266=EDGE_CURVE('',#3416,#3417,#335,.T.);
#4267=EDGE_CURVE('',#3417,#3418,#1698,.T.);
#4268=EDGE_CURVE('',#3418,#3419,#92,.T.);
#4269=EDGE_CURVE('',#3419,#3416,#1699,.T.);
#4270=EDGE_CURVE('',#3420,#3421,#1700,.T.);
#4271=EDGE_CURVE('',#3421,#3422,#1701,.T.);
#4272=EDGE_CURVE('',#3422,#3423,#1702,.T.);
#4273=EDGE_CURVE('',#3423,#3420,#1703,.T.);
#4274=EDGE_CURVE('',#3424,#3425,#1704,.T.);
#4275=EDGE_CURVE('',#3425,#3426,#1705,.T.);
#4276=EDGE_CURVE('',#3426,#3427,#1706,.T.);
#4277=EDGE_CURVE('',#3427,#3424,#1707,.T.);
#4278=EDGE_CURVE('',#3428,#3429,#93,.T.);
#4279=EDGE_CURVE('',#3429,#3430,#1708,.T.);
#4280=EDGE_CURVE('',#3430,#3431,#94,.T.);
#4281=EDGE_CURVE('',#3431,#3428,#1709,.T.);
#4282=EDGE_CURVE('',#3432,#3433,#1710,.T.);
#4283=EDGE_CURVE('',#3433,#3434,#1711,.T.);
#4284=EDGE_CURVE('',#3434,#3435,#1712,.T.);
#4285=EDGE_CURVE('',#3435,#3432,#1713,.T.);
#4286=EDGE_CURVE('',#3436,#3437,#95,.T.);
#4287=EDGE_CURVE('',#3437,#3438,#1714,.T.);
#4288=EDGE_CURVE('',#3438,#3439,#96,.T.);
#4289=EDGE_CURVE('',#3439,#3436,#1715,.T.);
#4290=EDGE_CURVE('',#3440,#3441,#97,.T.);
#4291=EDGE_CURVE('',#3441,#3396,#1716,.T.);
#4292=EDGE_CURVE('',#3395,#3440,#1717,.T.);
#4293=EDGE_CURVE('',#3442,#3443,#1718,.T.);
#4294=EDGE_CURVE('',#3443,#3359,#1719,.T.);
#4295=EDGE_CURVE('',#3358,#3442,#1720,.T.);
#4296=EDGE_CURVE('',#3444,#3445,#1721,.T.);
#4297=EDGE_CURVE('',#3445,#3327,#98,.T.);
#4298=EDGE_CURVE('',#3326,#3444,#336,.T.);
#4299=EDGE_CURVE('',#3236,#3446,#1722,.T.);
#4300=EDGE_CURVE('',#3446,#3447,#1723,.T.);
#4301=EDGE_CURVE('',#3447,#3237,#1724,.T.);
#4302=EDGE_CURVE('',#3448,#3449,#99,.T.);
#4303=EDGE_CURVE('',#3449,#3450,#1725,.T.);
#4304=EDGE_CURVE('',#3450,#3451,#100,.T.);
#4305=EDGE_CURVE('',#3451,#3448,#1726,.T.);
#4306=EDGE_CURVE('',#3452,#3453,#101,.T.);
#4307=EDGE_CURVE('',#3453,#3454,#1727,.T.);
#4308=EDGE_CURVE('',#3454,#3455,#102,.T.);
#4309=EDGE_CURVE('',#3455,#3452,#1728,.T.);
#4310=EDGE_CURVE('',#3409,#3418,#1729,.T.);
#4311=EDGE_CURVE('',#3417,#3406,#1730,.T.);
#4312=EDGE_CURVE('',#3456,#3356,#103,.T.);
#4313=EDGE_CURVE('',#3357,#3457,#104,.T.);
#4314=EDGE_CURVE('',#3457,#3456,#1731,.T.);
#4315=EDGE_CURVE('',#3354,#3458,#1732,.T.);
#4316=EDGE_CURVE('',#3458,#3459,#1733,.T.);
#4317=EDGE_CURVE('',#3459,#3355,#1734,.T.);
#4318=EDGE_CURVE('',#3460,#3440,#1735,.T.);
#4319=EDGE_CURVE('',#3394,#3460,#1736,.T.);
#4320=EDGE_CURVE('',#3461,#3462,#1737,.T.);
#4321=EDGE_CURVE('',#3462,#3463,#1738,.T.);
#4322=EDGE_CURVE('',#3463,#3331,#1739,.T.);
#4323=EDGE_CURVE('',#3335,#3464,#1740,.T.);
#4324=EDGE_CURVE('',#3464,#3465,#1741,.T.);
#4325=EDGE_CURVE('',#3465,#3466,#1742,.T.);
#4326=EDGE_CURVE('',#3466,#3467,#1743,.T.);
#4327=EDGE_CURVE('',#3467,#3461,#1744,.T.);
#4328=EDGE_CURVE('',#3468,#3469,#1745,.T.);
#4329=EDGE_CURVE('',#3469,#3470,#1746,.T.);
#4330=EDGE_CURVE('',#3470,#3471,#1747,.T.);
#4331=EDGE_CURVE('',#3471,#3391,#1748,.T.);
#4332=EDGE_CURVE('',#3390,#3472,#1749,.T.);
#4333=EDGE_CURVE('',#3472,#3473,#1750,.T.);
#4334=EDGE_CURVE('',#3473,#3474,#1751,.T.);
#4335=EDGE_CURVE('',#3474,#3475,#1752,.T.);
#4336=EDGE_CURVE('',#3475,#3468,#1753,.T.);
#4337=EDGE_CURVE('',#3476,#3477,#1754,.T.);
#4338=EDGE_CURVE('',#3477,#3478,#1755,.T.);
#4339=EDGE_CURVE('',#3478,#3479,#1756,.T.);
#4340=EDGE_CURVE('',#3479,#3476,#1757,.T.);
#4341=EDGE_CURVE('',#3480,#3460,#105,.T.);
#4342=EDGE_CURVE('',#3393,#3480,#1758,.T.);
#4343=EDGE_CURVE('',#3366,#3481,#1759,.T.);
#4344=EDGE_CURVE('',#3481,#3337,#1760,.T.);
#4345=EDGE_CURVE('',#3449,#3482,#1761,.T.);
#4346=EDGE_CURVE('',#3482,#3483,#1762,.T.);
#4347=EDGE_CURVE('',#3483,#3450,#1763,.T.);
#4348=EDGE_CURVE('',#3386,#3360,#1764,.T.);
#4349=EDGE_CURVE('',#3443,#3484,#106,.T.);
#4350=EDGE_CURVE('',#3484,#3378,#1765,.T.);
#4351=EDGE_CURVE('',#3485,#3486,#107,.T.);
#4352=EDGE_CURVE('',#3486,#3480,#108,.T.);
#4353=EDGE_CURVE('',#3392,#3485,#1766,.T.);
#4354=EDGE_CURVE('',#3487,#3488,#1767,.T.);
#4355=EDGE_CURVE('',#3488,#3489,#1768,.T.);
#4356=EDGE_CURVE('',#3489,#3490,#1769,.T.);
#4357=EDGE_CURVE('',#3490,#3487,#1770,.T.);
#4358=EDGE_CURVE('',#3491,#3492,#109,.T.);
#4359=EDGE_CURVE('',#3492,#3493,#1771,.T.);
#4360=EDGE_CURVE('',#3493,#3494,#110,.T.);
#4361=EDGE_CURVE('',#3494,#3491,#1772,.T.);
#4362=EDGE_CURVE('',#3328,#3495,#111,.T.);
#4363=EDGE_CURVE('',#3495,#3496,#1773,.T.);
#4364=EDGE_CURVE('',#3496,#3329,#337,.T.);
#4365=EDGE_CURVE('',#3497,#3498,#1774,.T.);
#4366=EDGE_CURVE('',#3498,#3499,#1775,.T.);
#4367=EDGE_CURVE('',#3499,#3500,#1776,.T.);
#4368=EDGE_CURVE('',#3500,#3497,#1777,.T.);
#4369=EDGE_CURVE('',#3501,#3441,#112,.T.);
#4370=EDGE_CURVE('',#3486,#3501,#1778,.T.);
#4371=EDGE_CURVE('',#3502,#3503,#1779,.T.);
#4372=EDGE_CURVE('',#3503,#3504,#113,.T.);
#4373=EDGE_CURVE('',#3504,#3505,#1780,.T.);
#4374=EDGE_CURVE('',#3505,#3502,#338,.T.);
#4375=EDGE_CURVE('',#3506,#3507,#1781,.T.);
#4376=EDGE_CURVE('',#3507,#3309,#1782,.T.);
#4377=EDGE_CURVE('',#3456,#3506,#114,.T.);
#4378=EDGE_CURVE('',#3508,#3509,#1783,.T.);
#4379=EDGE_CURVE('',#3509,#3373,#1784,.T.);
#4380=EDGE_CURVE('',#3372,#3508,#1785,.T.);
#4381=EDGE_CURVE('',#3495,#3510,#1786,.T.);
#4382=EDGE_CURVE('',#3510,#3511,#1787,.T.);
#4383=EDGE_CURVE('',#3511,#3496,#1788,.T.);
#4384=EDGE_CURVE('',#3512,#3513,#115,.T.);
#4385=EDGE_CURVE('',#3513,#3514,#1789,.T.);
#4386=EDGE_CURVE('',#3514,#3381,#1790,.T.);
#4387=EDGE_CURVE('',#3380,#3515,#116,.T.);
#4388=EDGE_CURVE('',#3515,#3516,#1791,.T.);
#4389=EDGE_CURVE('',#3516,#3489,#117,.T.);
#4390=EDGE_CURVE('',#3488,#3517,#118,.T.);
#4391=EDGE_CURVE('',#3517,#3512,#1792,.T.);
#4392=EDGE_CURVE('',#3403,#3466,#119,.T.);
#4393=EDGE_CURVE('',#3465,#3518,#1793,.T.);
#4394=EDGE_CURVE('',#3518,#3434,#120,.T.);
#4395=EDGE_CURVE('',#3433,#3404,#121,.T.);
#4396=EDGE_CURVE('',#3470,#3445,#1794,.T.);
#4397=EDGE_CURVE('',#3444,#3471,#1795,.T.);
#4398=EDGE_CURVE('',#3519,#3520,#1796,.T.);
#4399=EDGE_CURVE('',#3520,#3353,#1797,.T.);
#4400=EDGE_CURVE('',#3352,#3519,#1798,.T.);
#4401=EDGE_CURVE('',#3521,#3295,#1799,.T.);
#4402=EDGE_CURVE('',#3303,#3522,#1800,.T.);
#4403=EDGE_CURVE('',#3522,#3340,#1801,.T.);
#4404=EDGE_CURVE('',#3343,#3523,#1802,.T.);
#4405=EDGE_CURVE('',#3523,#3521,#1803,.T.);
#4406=EDGE_CURVE('',#3524,#3525,#1804,.T.);
#4407=EDGE_CURVE('',#3525,#3526,#122,.T.);
#4408=EDGE_CURVE('',#3526,#3527,#123,.T.);
#4409=EDGE_CURVE('',#3527,#3429,#1805,.T.);
#4410=EDGE_CURVE('',#3428,#3528,#124,.T.);
#4411=EDGE_CURVE('',#3528,#3529,#1806,.T.);
#4412=EDGE_CURVE('',#3529,#3530,#125,.T.);
#4413=EDGE_CURVE('',#3530,#3482,#126,.T.);
#4414=EDGE_CURVE('',#3448,#3524,#127,.T.);
#4415=EDGE_CURVE('',#3531,#3532,#1807,.T.);
#4416=EDGE_CURVE('',#3532,#3533,#1808,.T.);
#4417=EDGE_CURVE('',#3533,#3534,#1809,.T.);
#4418=EDGE_CURVE('',#3534,#3535,#1810,.T.);
#4419=EDGE_CURVE('',#3535,#3531,#1811,.T.);
#4420=EDGE_CURVE('',#3520,#3536,#1812,.T.);
#4421=EDGE_CURVE('',#3536,#3499,#128,.T.);
#4422=EDGE_CURVE('',#3498,#3458,#129,.T.);
#4423=EDGE_CURVE('',#3537,#3536,#1813,.T.);
#4424=EDGE_CURVE('',#3519,#3339,#1814,.T.);
#4425=EDGE_CURVE('',#3338,#3538,#1815,.T.);
#4426=EDGE_CURVE('',#3538,#3514,#1816,.T.);
#4427=EDGE_CURVE('',#3513,#3539,#1817,.T.);
#4428=EDGE_CURVE('',#3539,#3537,#1818,.T.);
#4429=EDGE_CURVE('',#3540,#3238,#1819,.T.);
#4430=EDGE_CURVE('',#3447,#3540,#1820,.T.);
#4431=EDGE_CURVE('',#3528,#3541,#1821,.T.);
#4432=EDGE_CURVE('',#3541,#3542,#1822,.T.);
#4433=EDGE_CURVE('',#3542,#3529,#1823,.T.);
#4434=EDGE_CURVE('',#3543,#3544,#130,.T.);
#4435=EDGE_CURVE('',#3544,#3427,#131,.T.);
#4436=EDGE_CURVE('',#3426,#3479,#132,.T.);
#4437=EDGE_CURVE('',#3478,#3543,#1824,.T.);
#4438=EDGE_CURVE('',#3527,#3545,#1825,.T.);
#4439=EDGE_CURVE('',#3545,#3430,#1826,.T.);
#4440=EDGE_CURVE('',#3546,#3547,#1827,.T.);
#4441=EDGE_CURVE('',#3547,#3548,#1828,.T.);
#4442=EDGE_CURVE('',#3548,#3549,#1829,.T.);
#4443=EDGE_CURVE('',#3549,#3546,#1830,.T.);
#4444=EDGE_CURVE('',#3550,#3516,#1831,.T.);
#4445=EDGE_CURVE('',#3515,#3551,#1832,.T.);
#4446=EDGE_CURVE('',#3551,#3550,#1833,.T.);
#4447=EDGE_CURVE('',#3379,#3551,#339,.T.);
#4448=EDGE_CURVE('',#3552,#3344,#1834,.T.);
#4449=EDGE_CURVE('',#3347,#3553,#1835,.T.);
#4450=EDGE_CURVE('',#3553,#3552,#1836,.T.);
#4451=EDGE_CURVE('',#3469,#3510,#133,.T.);
#4452=EDGE_CURVE('',#3554,#3555,#134,.T.);
#4453=EDGE_CURVE('',#3555,#3556,#1837,.T.);
#4454=EDGE_CURVE('',#3556,#3557,#135,.T.);
#4455=EDGE_CURVE('',#3557,#3554,#1838,.T.);
#4456=EDGE_CURVE('',#3437,#3558,#136,.T.);
#4457=EDGE_CURVE('',#3558,#3559,#1839,.T.);
#4458=EDGE_CURVE('',#3559,#3438,#137,.T.);
#4459=EDGE_CURVE('',#3560,#3539,#340,.T.);
#4460=EDGE_CURVE('',#3512,#3560,#1840,.T.);
#4461=EDGE_CURVE('',#3561,#3562,#138,.T.);
#4462=EDGE_CURVE('',#3562,#3563,#1841,.T.);
#4463=EDGE_CURVE('',#3563,#3564,#1842,.T.);
#4464=EDGE_CURVE('',#3564,#3565,#139,.T.);
#4465=EDGE_CURVE('',#3565,#3566,#1843,.T.);
#4466=EDGE_CURVE('',#3566,#3567,#140,.T.);
#4467=EDGE_CURVE('',#3567,#3561,#1844,.T.);
#4468=EDGE_CURVE('',#3550,#3490,#341,.T.);
#4469=EDGE_CURVE('',#3411,#3568,#141,.T.);
#4470=EDGE_CURVE('',#3568,#3569,#1845,.T.);
#4471=EDGE_CURVE('',#3569,#3412,#142,.T.);
#4472=EDGE_CURVE('',#3570,#3571,#143,.T.);
#4473=EDGE_CURVE('',#3571,#3572,#1846,.T.);
#4474=EDGE_CURVE('',#3572,#3573,#144,.T.);
#4475=EDGE_CURVE('',#3573,#3570,#1847,.T.);
#4476=EDGE_CURVE('',#3574,#3235,#1848,.T.);
#4477=EDGE_CURVE('',#3540,#3574,#1849,.T.);
#4478=EDGE_CURVE('',#3487,#3575,#342,.T.);
#4479=EDGE_CURVE('',#3575,#3517,#1850,.T.);
#4480=EDGE_CURVE('',#3525,#3576,#1851,.T.);
#4481=EDGE_CURVE('',#3576,#3577,#145,.T.);
#4482=EDGE_CURVE('',#3577,#3526,#1852,.T.);
#4483=EDGE_CURVE('',#3481,#3538,#1853,.T.);
#4484=EDGE_CURVE('',#3568,#3436,#1854,.T.);
#4485=EDGE_CURVE('',#3439,#3569,#1855,.T.);
#4486=EDGE_CURVE('',#3578,#3283,#146,.T.);
#4487=EDGE_CURVE('',#3279,#3579,#147,.T.);
#4488=EDGE_CURVE('',#3579,#3580,#148,.T.);
#4489=EDGE_CURVE('',#3580,#3581,#1856,.T.);
#4490=EDGE_CURVE('',#3581,#3582,#149,.T.);
#4491=EDGE_CURVE('',#3582,#3583,#1857,.T.);
#4492=EDGE_CURVE('',#3583,#3584,#150,.T.);
#4493=EDGE_CURVE('',#3584,#3578,#1858,.T.);
#4494=EDGE_CURVE('',#3497,#3459,#343,.T.);
#4495=EDGE_CURVE('',#3582,#3585,#1859,.T.);
#4496=EDGE_CURVE('',#3585,#3586,#1860,.T.);
#4497=EDGE_CURVE('',#3586,#3583,#1861,.T.);
#4498=EDGE_CURVE('',#3587,#3297,#1862,.T.);
#4499=EDGE_CURVE('',#3300,#3588,#1863,.T.);
#4500=EDGE_CURVE('',#3588,#3587,#1864,.T.);
#4501=EDGE_CURVE('',#3461,#3589,#344,.T.);
#4502=EDGE_CURVE('',#3589,#3590,#1865,.T.);
#4503=EDGE_CURVE('',#3590,#3462,#151,.T.);
#4504=EDGE_CURVE('',#3402,#3467,#345,.T.);
#4505=EDGE_CURVE('',#3537,#3500,#346,.T.);
#4506=EDGE_CURVE('',#3432,#3405,#347,.T.);
#4507=EDGE_CURVE('',#3530,#3591,#1866,.T.);
#4508=EDGE_CURVE('',#3591,#3483,#152,.T.);
#4509=EDGE_CURVE('',#3592,#3593,#153,.T.);
#4510=EDGE_CURVE('',#3593,#3282,#154,.T.);
#4511=EDGE_CURVE('',#3284,#3594,#155,.T.);
#4512=EDGE_CURVE('',#3594,#3595,#1867,.T.);
#4513=EDGE_CURVE('',#3595,#3596,#156,.T.);
#4514=EDGE_CURVE('',#3596,#3597,#157,.T.);
#4515=EDGE_CURVE('',#3597,#3322,#1868,.T.);
#4516=EDGE_CURVE('',#3321,#3598,#158,.T.);
#4517=EDGE_CURVE('',#3598,#3599,#1869,.T.);
#4518=EDGE_CURVE('',#3599,#3592,#1870,.T.);
#4519=EDGE_CURVE('',#3415,#3318,#1871,.T.);
#4520=EDGE_CURVE('',#3518,#3600,#1872,.T.);
#4521=EDGE_CURVE('',#3600,#3435,#348,.T.);
#4522=EDGE_CURVE('',#3542,#3591,#159,.T.);
#4523=EDGE_CURVE('',#3425,#3476,#160,.T.);
#4524=EDGE_CURVE('',#3601,#3602,#1873,.T.);
#4525=EDGE_CURVE('',#3602,#3603,#1874,.T.);
#4526=EDGE_CURVE('',#3603,#3604,#1875,.T.);
#4527=EDGE_CURVE('',#3604,#3601,#1876,.T.);
#4528=EDGE_CURVE('',#3605,#3606,#161,.T.);
#4529=EDGE_CURVE('',#3606,#3607,#1877,.T.);
#4530=EDGE_CURVE('',#3607,#3608,#162,.T.);
#4531=EDGE_CURVE('',#3608,#3605,#1878,.T.);
#4532=EDGE_CURVE('',#3385,#3361,#1879,.T.);
#4533=EDGE_CURVE('',#3609,#3610,#1880,.T.);
#4534=EDGE_CURVE('',#3610,#3389,#1881,.T.);
#4535=EDGE_CURVE('',#3388,#3609,#1882,.T.);
#4536=EDGE_CURVE('',#3575,#3560,#1883,.T.);
#4537=EDGE_CURVE('',#3574,#3446,#1884,.T.);
#4538=EDGE_CURVE('',#3611,#3612,#349,.T.);
#4539=EDGE_CURVE('',#3612,#3613,#1885,.T.);
#4540=EDGE_CURVE('',#3613,#3614,#163,.T.);
#4541=EDGE_CURVE('',#3614,#3611,#1886,.T.);
#4542=EDGE_CURVE('',#3615,#3616,#1887,.T.);
#4543=EDGE_CURVE('',#3616,#3503,#1888,.T.);
#4544=EDGE_CURVE('',#3502,#3615,#1889,.T.);
#4545=EDGE_CURVE('',#3617,#3618,#1890,.T.);
#4546=EDGE_CURVE('',#3618,#3619,#1891,.T.);
#4547=EDGE_CURVE('',#3619,#3620,#1892,.T.);
#4548=EDGE_CURVE('',#3620,#3617,#1893,.T.);
#4549=EDGE_CURVE('',#3621,#3621,#164,.T.);
#4550=EDGE_CURVE('',#3622,#3367,#165,.T.);
#4551=EDGE_CURVE('',#3399,#3622,#1894,.T.);
#4552=EDGE_CURVE('',#3468,#3511,#350,.T.);
#4553=EDGE_CURVE('',#3508,#3475,#351,.T.);
#4554=EDGE_CURVE('',#3474,#3509,#166,.T.);
#4555=EDGE_CURVE('',#3623,#3624,#167,.T.);
#4556=EDGE_CURVE('',#3624,#3625,#1895,.T.);
#4557=EDGE_CURVE('',#3625,#3626,#168,.T.);
#4558=EDGE_CURVE('',#3626,#3623,#1896,.T.);
#4559=EDGE_CURVE('',#3627,#3628,#1897,.T.);
#4560=EDGE_CURVE('',#3628,#3629,#1898,.T.);
#4561=EDGE_CURVE('',#3629,#3630,#169,.T.);
#4562=EDGE_CURVE('',#3630,#3631,#1899,.T.);
#4563=EDGE_CURVE('',#3631,#3632,#1900,.T.);
#4564=EDGE_CURVE('',#3632,#3633,#1901,.T.);
#4565=EDGE_CURVE('',#3633,#3634,#170,.T.);
#4566=EDGE_CURVE('',#3634,#3627,#1902,.T.);
#4567=EDGE_CURVE('',#3601,#3631,#1903,.T.);
#4568=EDGE_CURVE('',#3631,#3635,#1904,.T.);
#4569=EDGE_CURVE('',#3635,#3636,#171,.T.);
#4570=EDGE_CURVE('',#3636,#3602,#172,.T.);
#4571=EDGE_CURVE('',#3637,#3477,#1905,.T.);
#4572=EDGE_CURVE('',#3424,#3638,#173,.T.);
#4573=EDGE_CURVE('',#3638,#3637,#174,.T.);
#4574=EDGE_CURVE('',#3578,#3594,#1906,.T.);
#4575=EDGE_CURVE('',#3593,#3579,#1907,.T.);
#4576=EDGE_CURVE('',#3624,#3410,#1908,.T.);
#4577=EDGE_CURVE('',#3413,#3625,#1909,.T.);
#4578=EDGE_CURVE('',#3581,#3639,#1910,.T.);
#4579=EDGE_CURVE('',#3639,#3585,#175,.T.);
#4580=EDGE_CURVE('',#3507,#3640,#1911,.T.);
#4581=EDGE_CURVE('',#3640,#3310,#1912,.T.);
#4582=EDGE_CURVE('',#3641,#3604,#1913,.T.);
#4583=EDGE_CURVE('',#3603,#3642,#176,.T.);
#4584=EDGE_CURVE('',#3642,#3643,#177,.T.);
#4585=EDGE_CURVE('',#3643,#3641,#1914,.T.);
#4586=EDGE_CURVE('',#3644,#3645,#1915,.T.);
#4587=EDGE_CURVE('',#3645,#3646,#1916,.T.);
#4588=EDGE_CURVE('',#3646,#3647,#1917,.T.);
#4589=EDGE_CURVE('',#3647,#3644,#1918,.T.);
#4590=EDGE_CURVE('',#3606,#3420,#178,.T.);
#4591=EDGE_CURVE('',#3423,#3607,#179,.T.);
#4592=EDGE_CURVE('',#3648,#3649,#180,.T.);
#4593=EDGE_CURVE('',#3649,#3596,#1919,.T.);
#4594=EDGE_CURVE('',#3595,#3648,#1920,.T.);
#4595=EDGE_CURVE('',#3636,#3642,#1921,.T.);
#4596=EDGE_CURVE('',#3650,#3651,#1922,.T.);
#4597=EDGE_CURVE('',#3651,#3652,#1923,.T.);
#4598=EDGE_CURVE('',#3652,#3653,#1924,.T.);
#4599=EDGE_CURVE('',#3653,#3650,#1925,.T.);
#4600=EDGE_CURVE('',#3654,#3580,#181,.T.);
#4601=EDGE_CURVE('',#3592,#3654,#1926,.T.);
#4602=EDGE_CURVE('',#3655,#3656,#352,.T.);
#4603=EDGE_CURVE('',#3656,#3657,#1927,.T.);
#4604=EDGE_CURVE('',#3657,#3658,#182,.T.);
#4605=EDGE_CURVE('',#3658,#3655,#1928,.T.);
#4606=EDGE_CURVE('',#3580,#3635,#1929,.T.);
#4607=EDGE_CURVE('',#3630,#3659,#1930,.T.);
#4608=EDGE_CURVE('',#3659,#3639,#1931,.T.);
#4609=EDGE_CURVE('',#3660,#3661,#183,.T.);
#4610=EDGE_CURVE('',#3661,#3662,#1932,.T.);
#4611=EDGE_CURVE('',#3662,#3663,#184,.T.);
#4612=EDGE_CURVE('',#3663,#3660,#1933,.T.);
#4613=EDGE_CURVE('',#3552,#3664,#1934,.T.);
#4614=EDGE_CURVE('',#3664,#3665,#185,.T.);
#4615=EDGE_CURVE('',#3665,#3345,#186,.T.);
#4616=EDGE_CURVE('',#3666,#3667,#1935,.T.);
#4617=EDGE_CURVE('',#3667,#3668,#1936,.T.);
#4618=EDGE_CURVE('',#3668,#3669,#1937,.T.);
#4619=EDGE_CURVE('',#3669,#3666,#1938,.T.);
#4620=EDGE_CURVE('',#3670,#3671,#1939,.T.);
#4621=EDGE_CURVE('',#3671,#3672,#1940,.T.);
#4622=EDGE_CURVE('',#3672,#3673,#1941,.T.);
#4623=EDGE_CURVE('',#3673,#3670,#1942,.T.);
#4624=EDGE_CURVE('',#3317,#3414,#1943,.T.);
#4625=EDGE_CURVE('',#3501,#3397,#1944,.T.);
#4626=EDGE_CURVE('',#3674,#3350,#1945,.T.);
#4627=EDGE_CURVE('',#3349,#3675,#1946,.T.);
#4628=EDGE_CURVE('',#3675,#3674,#3173,.T.);
#4629=EDGE_CURVE('',#3544,#3638,#1947,.T.);
#4630=EDGE_CURVE('',#3676,#3653,#353,.T.);
#4631=EDGE_CURVE('',#3652,#3677,#187,.T.);
#4632=EDGE_CURVE('',#3677,#3676,#1948,.T.);
#4633=EDGE_CURVE('',#3658,#3408,#1949,.T.);
#4634=EDGE_CURVE('',#3407,#3655,#1950,.T.);
#4635=EDGE_CURVE('',#3635,#3678,#188,.T.);
#4636=EDGE_CURVE('',#3678,#3643,#1951,.T.);
#4637=EDGE_CURVE('',#3679,#3680,#1952,.T.);
#4638=EDGE_CURVE('',#3680,#3681,#1953,.T.);
#4639=EDGE_CURVE('',#3681,#3682,#1954,.T.);
#4640=EDGE_CURVE('',#3682,#3679,#1955,.T.);
#4641=EDGE_CURVE('',#3683,#3457,#189,.T.);
#4642=EDGE_CURVE('',#3640,#3683,#1956,.T.);
#4643=EDGE_CURVE('',#3431,#3541,#190,.T.);
#4644=EDGE_CURVE('',#3521,#3684,#1957,.T.);
#4645=EDGE_CURVE('',#3684,#3685,#191,.T.);
#4646=EDGE_CURVE('',#3685,#3296,#1958,.T.);
#4647=EDGE_CURVE('',#3686,#3687,#1959,.T.);
#4648=EDGE_CURVE('',#3687,#3688,#1960,.T.);
#4649=EDGE_CURVE('',#3688,#3599,#1961,.T.);
#4650=EDGE_CURVE('',#3598,#3686,#1962,.T.);
#4651=EDGE_CURVE('',#3689,#3690,#1963,.T.);
#4652=EDGE_CURVE('',#3690,#3691,#1964,.T.);
#4653=EDGE_CURVE('',#3691,#3692,#1965,.T.);
#4654=EDGE_CURVE('',#3692,#3689,#1966,.T.);
#4655=EDGE_CURVE('',#3451,#3693,#192,.T.);
#4656=EDGE_CURVE('',#3693,#3524,#1967,.T.);
#4657=EDGE_CURVE('',#3694,#3362,#193,.T.);
#4658=EDGE_CURVE('',#3365,#3695,#194,.T.);
#4659=EDGE_CURVE('',#3695,#3694,#1968,.T.);
#4660=EDGE_CURVE('',#3687,#3696,#1969,.T.);
#4661=EDGE_CURVE('',#3696,#3697,#195,.T.);
#4662=EDGE_CURVE('',#3697,#3486,#1970,.T.);
#4663=EDGE_CURVE('',#3485,#3698,#1971,.T.);
#4664=EDGE_CURVE('',#3698,#3699,#196,.T.);
#4665=EDGE_CURVE('',#3699,#3688,#1972,.T.);
#4666=EDGE_CURVE('',#3577,#3545,#197,.T.);
#4667=EDGE_CURVE('',#3668,#3671,#198,.T.);
#4668=EDGE_CURVE('',#3670,#3669,#354,.T.);
#4669=EDGE_CURVE('',#3543,#3637,#1973,.T.);
#4670=EDGE_CURVE('',#3641,#3632,#1974,.T.);
#4671=EDGE_CURVE('',#3700,#3701,#1975,.T.);
#4672=EDGE_CURVE('',#3701,#3702,#199,.T.);
#4673=EDGE_CURVE('',#3702,#3703,#1976,.T.);
#4674=EDGE_CURVE('',#3703,#3700,#355,.T.);
#4675=EDGE_CURVE('',#3685,#3306,#1977,.T.);
#4676=EDGE_CURVE('',#3629,#3704,#1978,.T.);
#4677=EDGE_CURVE('',#3704,#3659,#200,.T.);
#4678=EDGE_CURVE('',#3705,#3706,#1979,.T.);
#4679=EDGE_CURVE('',#3706,#3707,#1980,.T.);
#4680=EDGE_CURVE('',#3707,#3708,#1981,.T.);
#4681=EDGE_CURVE('',#3708,#3705,#1982,.T.);
#4682=EDGE_CURVE('',#3368,#3709,#201,.T.);
#4683=EDGE_CURVE('',#3709,#3400,#1983,.T.);
#4684=EDGE_CURVE('',#3684,#3307,#1984,.T.);
#4685=EDGE_CURVE('',#3710,#3711,#1985,.T.);
#4686=EDGE_CURVE('',#3711,#3675,#356,.T.);
#4687=EDGE_CURVE('',#3348,#3710,#1986,.T.);
#4688=EDGE_CURVE('',#3683,#3506,#1987,.T.);
#4689=EDGE_CURVE('',#3299,#3712,#1988,.T.);
#4690=EDGE_CURVE('',#3712,#3588,#1989,.T.);
#4691=EDGE_CURVE('',#3713,#3714,#1990,.T.);
#4692=EDGE_CURVE('',#3714,#3522,#1991,.T.);
#4693=EDGE_CURVE('',#3523,#3713,#1992,.T.);
#4694=EDGE_CURVE('',#3419,#3590,#1993,.T.);
#4695=EDGE_CURVE('',#3589,#3416,#1994,.T.);
#4696=EDGE_CURVE('',#3586,#3715,#202,.T.);
#4697=EDGE_CURVE('',#3715,#3584,#1995,.T.);
#4698=EDGE_CURVE('',#3680,#3452,#203,.T.);
#4699=EDGE_CURVE('',#3455,#3681,#204,.T.);
#4700=EDGE_CURVE('',#3716,#3717,#205,.T.);
#4701=EDGE_CURVE('',#3717,#3718,#1996,.T.);
#4702=EDGE_CURVE('',#3718,#3719,#206,.T.);
#4703=EDGE_CURVE('',#3719,#3716,#1997,.T.);
#4704=EDGE_CURVE('',#3654,#3678,#1998,.T.);
#4705=EDGE_CURVE('',#3711,#3720,#1999,.T.);
#4706=EDGE_CURVE('',#3720,#3721,#207,.T.);
#4707=EDGE_CURVE('',#3721,#3674,#2000,.T.);
#4708=EDGE_CURVE('',#3672,#3651,#208,.T.);
#4709=EDGE_CURVE('',#3650,#3673,#357,.T.);
#4710=EDGE_CURVE('',#3464,#3600,#2001,.T.);
#4711=EDGE_CURVE('',#3484,#3722,#2002,.T.);
#4712=EDGE_CURVE('',#3722,#3375,#2003,.T.);
#4713=EDGE_CURVE('',#3723,#3644,#209,.T.);
#4714=EDGE_CURVE('',#3647,#3724,#210,.T.);
#4715=EDGE_CURVE('',#3724,#3723,#2004,.T.);
#4716=EDGE_CURVE('',#3661,#3725,#2005,.T.);
#4717=EDGE_CURVE('',#3725,#3726,#2006,.T.);
#4718=EDGE_CURVE('',#3726,#3662,#2007,.T.);
#4719=EDGE_CURVE('',#3298,#3727,#2008,.T.);
#4720=EDGE_CURVE('',#3727,#3712,#2009,.T.);
#4721=EDGE_CURVE('',#3717,#3728,#2010,.T.);
#4722=EDGE_CURVE('',#3728,#3729,#2011,.T.);
#4723=EDGE_CURVE('',#3729,#3718,#2012,.T.);
#4724=EDGE_CURVE('',#3587,#3727,#2013,.T.);
#4725=EDGE_CURVE('',#3645,#3716,#211,.T.);
#4726=EDGE_CURVE('',#3719,#3646,#212,.T.);
#4727=EDGE_CURVE('',#3709,#3730,#213,.T.);
#4728=EDGE_CURVE('',#3730,#3731,#214,.T.);
#4729=EDGE_CURVE('',#3731,#3401,#2014,.T.);
#4730=EDGE_CURVE('',#3320,#3686,#215,.T.);
#4731=EDGE_CURVE('',#3374,#3613,#2015,.T.);
#4732=EDGE_CURVE('',#3612,#3371,#2016,.T.);
#4733=EDGE_CURVE('',#3649,#3732,#216,.T.);
#4734=EDGE_CURVE('',#3732,#3597,#2017,.T.);
#4735=EDGE_CURVE('',#3733,#3660,#217,.T.);
#4736=EDGE_CURVE('',#3663,#3734,#218,.T.);
#4737=EDGE_CURVE('',#3734,#3733,#2018,.T.);
#4738=EDGE_CURVE('',#3442,#3722,#358,.T.);
#4739=EDGE_CURVE('',#3696,#3735,#2019,.T.);
#4740=EDGE_CURVE('',#3735,#3736,#219,.T.);
#4741=EDGE_CURVE('',#3736,#3697,#2020,.T.);
#4742=EDGE_CURVE('',#3737,#3723,#220,.T.);
#4743=EDGE_CURVE('',#3724,#3738,#221,.T.);
#4744=EDGE_CURVE('',#3738,#3737,#2021,.T.);
#4745=EDGE_CURVE('',#3732,#3319,#2022,.T.);
#4746=EDGE_CURVE('',#3453,#3733,#2023,.T.);
#4747=EDGE_CURVE('',#3734,#3454,#2024,.T.);
#4748=EDGE_CURVE('',#3648,#3687,#2025,.T.);
#4749=EDGE_CURVE('',#3549,#3714,#2026,.T.);
#4750=EDGE_CURVE('',#3713,#3546,#2027,.T.);
#4751=EDGE_CURVE('',#3665,#3739,#2028,.T.);
#4752=EDGE_CURVE('',#3739,#3346,#222,.T.);
#4753=EDGE_CURVE('',#3740,#3622,#223,.T.);
#4754=EDGE_CURVE('',#3398,#3740,#2029,.T.);
#4755=EDGE_CURVE('',#3617,#3741,#359,.T.);
#4756=EDGE_CURVE('',#3741,#3742,#2030,.T.);
#4757=EDGE_CURVE('',#3742,#3618,#224,.T.);
#4758=EDGE_CURVE('',#3363,#3743,#225,.T.);
#4759=EDGE_CURVE('',#3743,#3744,#2031,.T.);
#4760=EDGE_CURVE('',#3744,#3364,#226,.T.);
#4761=EDGE_CURVE('',#3610,#3472,#2032,.T.);
#4762=EDGE_CURVE('',#3382,#3745,#2033,.T.);
#4763=EDGE_CURVE('',#3745,#3387,#2034,.T.);
#4764=EDGE_CURVE('',#3746,#3746,#227,.T.);
#4765=EDGE_CURVE('',#3746,#3621,#2035,.T.);
#4766=EDGE_CURVE('',#3747,#3748,#228,.T.);
#4767=EDGE_CURVE('',#3748,#3567,#2036,.T.);
#4768=EDGE_CURVE('',#3566,#3747,#2037,.T.);
#4769=EDGE_CURVE('',#3611,#3749,#2038,.T.);
#4770=EDGE_CURVE('',#3749,#3750,#360,.T.);
#4771=EDGE_CURVE('',#3750,#3741,#2039,.T.);
#4772=EDGE_CURVE('',#3620,#3615,#361,.T.);
#4773=EDGE_CURVE('',#3505,#3751,#2040,.T.);
#4774=EDGE_CURVE('',#3751,#3752,#2041,.T.);
#4775=EDGE_CURVE('',#3752,#3753,#2042,.T.);
#4776=EDGE_CURVE('',#3753,#3754,#2043,.T.);
#4777=EDGE_CURVE('',#3754,#3755,#2044,.T.);
#4778=EDGE_CURVE('',#3755,#3666,#2045,.T.);
#4779=EDGE_CURVE('',#3676,#3656,#2046,.T.);
#4780=EDGE_CURVE('',#3614,#3756,#2047,.T.);
#4781=EDGE_CURVE('',#3756,#3749,#2048,.T.);
#4782=EDGE_CURVE('',#3504,#3757,#2049,.T.);
#4783=EDGE_CURVE('',#3757,#3751,#2050,.T.);
#4784=EDGE_CURVE('',#3745,#3609,#229,.T.);
#4785=EDGE_CURVE('',#3555,#3758,#230,.T.);
#4786=EDGE_CURVE('',#3758,#3759,#2051,.T.);
#4787=EDGE_CURVE('',#3759,#3556,#231,.T.);
#4788=EDGE_CURVE('',#3463,#3760,#2052,.T.);
#4789=EDGE_CURVE('',#3760,#3761,#2053,.T.);
#4790=EDGE_CURVE('',#3761,#3762,#2054,.T.);
#4791=EDGE_CURVE('',#3762,#3763,#2055,.T.);
#4792=EDGE_CURVE('',#3763,#3764,#232,.T.);
#4793=EDGE_CURVE('',#3764,#3627,#2056,.T.);
#4794=EDGE_CURVE('',#3634,#3765,#2057,.T.);
#4795=EDGE_CURVE('',#3765,#3766,#2058,.T.);
#4796=EDGE_CURVE('',#3766,#3473,#2059,.T.);
#4797=EDGE_CURVE('',#3740,#3730,#2060,.T.);
#4798=EDGE_CURVE('',#3619,#3616,#233,.T.);
#4799=EDGE_CURVE('',#3715,#3735,#2061,.T.);
#4800=EDGE_CURVE('',#3762,#3767,#2062,.T.);
#4801=EDGE_CURVE('',#3767,#3768,#2063,.T.);
#4802=EDGE_CURVE('',#3768,#3763,#2064,.T.);
#4803=EDGE_CURVE('',#3769,#3695,#234,.T.);
#4804=EDGE_CURVE('',#3744,#3682,#235,.T.);
#4805=EDGE_CURVE('',#3726,#3769,#2065,.T.);
#4806=EDGE_CURVE('',#3743,#3679,#236,.T.);
#4807=EDGE_CURVE('',#3341,#3770,#2066,.T.);
#4808=EDGE_CURVE('',#3770,#3771,#2067,.T.);
#4809=EDGE_CURVE('',#3771,#3342,#2068,.T.);
#4810=EDGE_CURVE('',#3772,#3725,#2069,.T.);
#4811=EDGE_CURVE('',#3694,#3772,#237,.T.);
#4812=EDGE_CURVE('',#3773,#3774,#2070,.T.);
#4813=EDGE_CURVE('',#3774,#3533,#2071,.T.);
#4814=EDGE_CURVE('',#3532,#3773,#2072,.T.);
#4815=EDGE_CURVE('',#3736,#3775,#2073,.T.);
#4816=EDGE_CURVE('',#3775,#3776,#2074,.T.);
#4817=EDGE_CURVE('',#3776,#3777,#2075,.T.);
#4818=EDGE_CURVE('',#3777,#3778,#2076,.T.);
#4819=EDGE_CURVE('',#3778,#3730,#2077,.T.);
#4820=EDGE_CURVE('',#3721,#3704,#2078,.T.);
#4821=EDGE_CURVE('',#3628,#3351,#2079,.T.);
#4822=EDGE_CURVE('',#3771,#3779,#238,.T.);
#4823=EDGE_CURVE('',#3779,#3547,#2080,.T.);
#4824=EDGE_CURVE('',#3548,#3780,#2081,.T.);
#4825=EDGE_CURVE('',#3780,#3770,#239,.T.);
#4826=EDGE_CURVE('',#3605,#3558,#2082,.T.);
#4827=EDGE_CURVE('',#3623,#3421,#240,.T.);
#4828=EDGE_CURVE('',#3705,#3701,#2083,.T.);
#4829=EDGE_CURVE('',#3700,#3710,#2084,.T.);
#4830=EDGE_CURVE('',#3628,#3781,#2085,.T.);
#4831=EDGE_CURVE('',#3781,#3782,#2086,.T.);
#4832=EDGE_CURVE('',#3782,#3706,#2087,.T.);
#4833=EDGE_CURVE('',#3576,#3693,#2088,.T.);
#4834=EDGE_CURVE('',#3739,#3783,#241,.T.);
#4835=EDGE_CURVE('',#3783,#3553,#2089,.T.);
#4836=EDGE_CURVE('',#3761,#3784,#2090,.T.);
#4837=EDGE_CURVE('',#3784,#3767,#2091,.T.);
#4838=EDGE_CURVE('',#3785,#3491,#242,.T.);
#4839=EDGE_CURVE('',#3494,#3786,#243,.T.);
#4840=EDGE_CURVE('',#3786,#3785,#2092,.T.);
#4841=EDGE_CURVE('',#3766,#3787,#2093,.T.);
#4842=EDGE_CURVE('',#3787,#3756,#244,.T.);
#4843=EDGE_CURVE('',#3626,#3422,#245,.T.);
#4844=EDGE_CURVE('',#3492,#3554,#2094,.T.);
#4845=EDGE_CURVE('',#3557,#3493,#2095,.T.);
#4846=EDGE_CURVE('',#3633,#3788,#2096,.T.);
#4847=EDGE_CURVE('',#3788,#3765,#246,.T.);
#4848=EDGE_CURVE('',#3759,#3738,#2097,.T.);
#4849=EDGE_CURVE('',#3729,#3786,#2098,.T.);
#4850=EDGE_CURVE('',#3789,#3790,#2099,.T.);
#4851=EDGE_CURVE('',#3790,#3563,#2100,.T.);
#4852=EDGE_CURVE('',#3562,#3789,#2101,.T.);
#4853=EDGE_CURVE('',#3769,#3772,#2102,.T.);
#4854=EDGE_CURVE('',#3791,#3792,#2103,.T.);
#4855=EDGE_CURVE('',#3792,#3793,#2104,.T.);
#4856=EDGE_CURVE('',#3793,#3794,#2105,.T.);
#4857=EDGE_CURVE('',#3794,#3791,#2106,.T.);
#4858=EDGE_CURVE('',#3708,#3692,#247,.T.);
#4859=EDGE_CURVE('',#3691,#3702,#248,.T.);
#4860=EDGE_CURVE('',#3768,#3795,#249,.T.);
#4861=EDGE_CURVE('',#3795,#3764,#2107,.T.);
#4862=EDGE_CURVE('',#3657,#3760,#2108,.T.);
#4863=EDGE_CURVE('',#3559,#3608,#2109,.T.);
#4864=EDGE_CURVE('',#3796,#3698,#2110,.T.);
#4865=EDGE_CURVE('',#3731,#3797,#2111,.T.);
#4866=EDGE_CURVE('',#3797,#3798,#2112,.T.);
#4867=EDGE_CURVE('',#3798,#3799,#2113,.T.);
#4868=EDGE_CURVE('',#3799,#3800,#2114,.T.);
#4869=EDGE_CURVE('',#3800,#3801,#2115,.T.);
#4870=EDGE_CURVE('',#3801,#3802,#2116,.T.);
#4871=EDGE_CURVE('',#3802,#3796,#2117,.T.);
#4872=EDGE_CURVE('',#3664,#3783,#2118,.T.);
#4873=EDGE_CURVE('',#3796,#3803,#250,.T.);
#4874=EDGE_CURVE('',#3803,#3699,#2119,.T.);
#4875=EDGE_CURVE('',#3793,#3804,#2120,.T.);
#4876=EDGE_CURVE('',#3804,#3573,#251,.T.);
#4877=EDGE_CURVE('',#3572,#3794,#2121,.T.);
#4878=EDGE_CURVE('',#3805,#3570,#252,.T.);
#4879=EDGE_CURVE('',#3804,#3805,#2122,.T.);
#4880=EDGE_CURVE('',#3758,#3737,#2123,.T.);
#4881=EDGE_CURVE('',#3795,#3781,#2124,.T.);
#4882=EDGE_CURVE('',#3774,#3806,#2125,.T.);
#4883=EDGE_CURVE('',#3806,#3534,#2126,.T.);
#4884=EDGE_CURVE('',#3720,#3807,#2127,.T.);
#4885=EDGE_CURVE('',#3807,#3808,#253,.T.);
#4886=EDGE_CURVE('',#3808,#3809,#2128,.T.);
#4887=EDGE_CURVE('',#3809,#3775,#254,.T.);
#4888=EDGE_CURVE('',#3785,#3728,#2129,.T.);
#4889=EDGE_CURVE('',#3810,#3747,#2130,.T.);
#4890=EDGE_CURVE('',#3565,#3810,#2131,.T.);
#4891=EDGE_CURVE('',#3742,#3757,#2132,.T.);
#4892=EDGE_CURVE('',#3667,#3677,#2133,.T.);
#4893=EDGE_CURVE('',#3792,#3805,#2134,.T.);
#4894=EDGE_CURVE('',#3811,#3789,#255,.T.);
#4895=EDGE_CURVE('',#3561,#3811,#2135,.T.);
#4896=EDGE_CURVE('',#3791,#3571,#2136,.T.);
#4897=EDGE_CURVE('',#3790,#3812,#2137,.T.);
#4898=EDGE_CURVE('',#3812,#3564,#2138,.T.);
#4899=EDGE_CURVE('',#3780,#3779,#2139,.T.);
#4900=EDGE_CURVE('',#3755,#3784,#2140,.T.);
#4901=EDGE_CURVE('',#3754,#3782,#2141,.T.);
#4902=EDGE_CURVE('',#3803,#3788,#2142,.T.);
#4903=EDGE_CURVE('',#3787,#3750,#2143,.T.);
#4904=EDGE_CURVE('',#3813,#3773,#2144,.T.);
#4905=EDGE_CURVE('',#3531,#3813,#2145,.T.);
#4906=EDGE_CURVE('',#3812,#3810,#256,.T.);
#4907=EDGE_CURVE('',#3806,#3814,#2146,.T.);
#4908=EDGE_CURVE('',#3814,#3535,#2147,.T.);
#4909=EDGE_CURVE('',#3748,#3811,#2148,.T.);
#4910=EDGE_CURVE('',#3707,#3689,#362,.T.);
#4911=EDGE_CURVE('',#3778,#3797,#257,.T.);
#4912=EDGE_CURVE('',#3690,#3703,#363,.T.);
#4913=EDGE_CURVE('',#3782,#3815,#2149,.T.);
#4914=EDGE_CURVE('',#3815,#3807,#2150,.T.);
#4915=EDGE_CURVE('',#3816,#3817,#258,.T.);
#4916=EDGE_CURVE('',#3817,#3818,#2151,.T.);
#4917=EDGE_CURVE('',#3818,#3819,#259,.T.);
#4918=EDGE_CURVE('',#3819,#3816,#2152,.T.);
#4919=EDGE_CURVE('',#3814,#3813,#2153,.T.);
#4920=EDGE_CURVE('',#3815,#3820,#260,.T.);
#4921=EDGE_CURVE('',#3820,#3808,#2154,.T.);
#4922=EDGE_CURVE('',#3821,#3822,#2155,.T.);
#4923=EDGE_CURVE('',#3822,#3823,#2156,.T.);
#4924=EDGE_CURVE('',#3823,#3824,#2157,.T.);
#4925=EDGE_CURVE('',#3824,#3821,#2158,.T.);
#4926=EDGE_CURVE('',#3778,#3816,#261,.T.);
#4927=EDGE_CURVE('',#3819,#3798,#262,.T.);
#4928=EDGE_CURVE('',#3825,#3826,#2159,.T.);
#4929=EDGE_CURVE('',#3826,#3827,#2160,.T.);
#4930=EDGE_CURVE('',#3827,#3828,#2161,.T.);
#4931=EDGE_CURVE('',#3828,#3825,#2162,.T.);
#4932=EDGE_CURVE('',#3829,#3830,#2163,.T.);
#4933=EDGE_CURVE('',#3830,#3831,#2164,.T.);
#4934=EDGE_CURVE('',#3831,#3832,#2165,.T.);
#4935=EDGE_CURVE('',#3832,#3829,#2166,.T.);
#4936=EDGE_CURVE('',#3833,#3834,#263,.T.);
#4937=EDGE_CURVE('',#3834,#3835,#2167,.T.);
#4938=EDGE_CURVE('',#3835,#3836,#264,.T.);
#4939=EDGE_CURVE('',#3836,#3833,#2168,.T.);
#4940=EDGE_CURVE('',#3825,#3837,#2169,.T.);
#4941=EDGE_CURVE('',#3837,#3838,#2170,.T.);
#4942=EDGE_CURVE('',#3838,#3826,#2171,.T.);
#4943=EDGE_CURVE('',#3839,#3776,#265,.T.);
#4944=EDGE_CURVE('',#3809,#3839,#2172,.T.);
#4945=EDGE_CURVE('',#3829,#3840,#2173,.T.);
#4946=EDGE_CURVE('',#3840,#3841,#2174,.T.);
#4947=EDGE_CURVE('',#3841,#3830,#2175,.T.);
#4948=EDGE_CURVE('',#3842,#3843,#2176,.T.);
#4949=EDGE_CURVE('',#3843,#3844,#2177,.T.);
#4950=EDGE_CURVE('',#3844,#3845,#2178,.T.);
#4951=EDGE_CURVE('',#3845,#3842,#2179,.T.);
#4952=EDGE_CURVE('',#3841,#3846,#2180,.T.);
#4953=EDGE_CURVE('',#3846,#3824,#2181,.T.);
#4954=EDGE_CURVE('',#3823,#3847,#266,.T.);
#4955=EDGE_CURVE('',#3847,#3848,#2182,.T.);
#4956=EDGE_CURVE('',#3848,#3849,#267,.T.);
#4957=EDGE_CURVE('',#3849,#3850,#2183,.T.);
#4958=EDGE_CURVE('',#3850,#3851,#268,.T.);
#4959=EDGE_CURVE('',#3851,#3852,#2184,.T.);
#4960=EDGE_CURVE('',#3852,#3853,#269,.T.);
#4961=EDGE_CURVE('',#3853,#3854,#2185,.T.);
#4962=EDGE_CURVE('',#3854,#3855,#270,.T.);
#4963=EDGE_CURVE('',#3855,#3856,#2186,.T.);
#4964=EDGE_CURVE('',#3856,#3857,#271,.T.);
#4965=EDGE_CURVE('',#3857,#3858,#2187,.T.);
#4966=EDGE_CURVE('',#3858,#3859,#272,.T.);
#4967=EDGE_CURVE('',#3859,#3860,#2188,.T.);
#4968=EDGE_CURVE('',#3860,#3831,#273,.T.);
#4969=EDGE_CURVE('',#3801,#3861,#274,.T.);
#4970=EDGE_CURVE('',#3861,#3862,#2189,.T.);
#4971=EDGE_CURVE('',#3862,#3802,#275,.T.);
#4972=EDGE_CURVE('',#3863,#3864,#2190,.T.);
#4973=EDGE_CURVE('',#3864,#3852,#2191,.T.);
#4974=EDGE_CURVE('',#3851,#3863,#2192,.T.);
#4975=EDGE_CURVE('',#3821,#3865,#2193,.T.);
#4976=EDGE_CURVE('',#3865,#3866,#2194,.T.);
#4977=EDGE_CURVE('',#3866,#3822,#2195,.T.);
#4978=EDGE_CURVE('',#3867,#3868,#2196,.T.);
#4979=EDGE_CURVE('',#3868,#3869,#2197,.T.);
#4980=EDGE_CURVE('',#3869,#3870,#2198,.T.);
#4981=EDGE_CURVE('',#3870,#3867,#2199,.T.);
#4982=EDGE_CURVE('',#3871,#3753,#276,.T.);
#4983=EDGE_CURVE('',#3752,#3872,#277,.T.);
#4984=EDGE_CURVE('',#3872,#3871,#2200,.T.);
#4985=EDGE_CURVE('',#3873,#3874,#278,.T.);
#4986=EDGE_CURVE('',#3874,#3875,#2201,.T.);
#4987=EDGE_CURVE('',#3875,#3876,#279,.T.);
#4988=EDGE_CURVE('',#3876,#3873,#2202,.T.);
#4989=EDGE_CURVE('',#3877,#3878,#280,.T.);
#4990=EDGE_CURVE('',#3878,#3879,#2203,.T.);
#4991=EDGE_CURVE('',#3879,#3880,#281,.T.);
#4992=EDGE_CURVE('',#3880,#3877,#2204,.T.);
#4993=EDGE_CURVE('',#3881,#3867,#282,.T.);
#4994=EDGE_CURVE('',#3870,#3882,#283,.T.);
#4995=EDGE_CURVE('',#3882,#3881,#2205,.T.);
#4996=EDGE_CURVE('',#3883,#3884,#2206,.T.);
#4997=EDGE_CURVE('',#3884,#3860,#2207,.T.);
#4998=EDGE_CURVE('',#3859,#3883,#2208,.T.);
#4999=EDGE_CURVE('',#3885,#3886,#284,.T.);
#5000=EDGE_CURVE('',#3886,#3887,#2209,.T.);
#5001=EDGE_CURVE('',#3887,#3888,#285,.T.);
#5002=EDGE_CURVE('',#3888,#3885,#2210,.T.);
#5003=EDGE_CURVE('',#3846,#3865,#2211,.T.);
#5004=EDGE_CURVE('',#3889,#3866,#2212,.T.);
#5005=EDGE_CURVE('',#3840,#3889,#2213,.T.);
#5006=EDGE_CURVE('',#3820,#3890,#2214,.T.);
#5007=EDGE_CURVE('',#3890,#3891,#2215,.T.);
#5008=EDGE_CURVE('',#3891,#3839,#2216,.T.);
#5009=EDGE_CURVE('',#3890,#3892,#2217,.T.);
#5010=EDGE_CURVE('',#3892,#3893,#2218,.T.);
#5011=EDGE_CURVE('',#3893,#3828,#2219,.T.);
#5012=EDGE_CURVE('',#3827,#3891,#2220,.T.);
#5013=EDGE_CURVE('',#3894,#3895,#286,.T.);
#5014=EDGE_CURVE('',#3895,#3896,#2221,.T.);
#5015=EDGE_CURVE('',#3896,#3897,#287,.T.);
#5016=EDGE_CURVE('',#3897,#3894,#2222,.T.);
#5017=EDGE_CURVE('',#3893,#3898,#2223,.T.);
#5018=EDGE_CURVE('',#3898,#3899,#2224,.T.);
#5019=EDGE_CURVE('',#3899,#3900,#288,.T.);
#5020=EDGE_CURVE('',#3900,#3901,#2225,.T.);
#5021=EDGE_CURVE('',#3901,#3902,#289,.T.);
#5022=EDGE_CURVE('',#3902,#3897,#2226,.T.);
#5023=EDGE_CURVE('',#3896,#3876,#2227,.T.);
#5024=EDGE_CURVE('',#3875,#3903,#2228,.T.);
#5025=EDGE_CURVE('',#3903,#3904,#290,.T.);
#5026=EDGE_CURVE('',#3904,#3905,#2229,.T.);
#5027=EDGE_CURVE('',#3905,#3906,#291,.T.);
#5028=EDGE_CURVE('',#3906,#3907,#2230,.T.);
#5029=EDGE_CURVE('',#3907,#3908,#292,.T.);
#5030=EDGE_CURVE('',#3908,#3909,#2231,.T.);
#5031=EDGE_CURVE('',#3909,#3837,#293,.T.);
#5032=EDGE_CURVE('',#3878,#3910,#2232,.T.);
#5033=EDGE_CURVE('',#3910,#3911,#2233,.T.);
#5034=EDGE_CURVE('',#3911,#3879,#2234,.T.);
#5035=EDGE_CURVE('',#3912,#3863,#294,.T.);
#5036=EDGE_CURVE('',#3850,#3912,#2235,.T.);
#5037=EDGE_CURVE('',#3895,#3873,#2236,.T.);
#5038=EDGE_CURVE('',#3913,#3881,#2237,.T.);
#5039=EDGE_CURVE('',#3882,#3914,#2238,.T.);
#5040=EDGE_CURVE('',#3914,#3913,#2239,.T.);
#5041=EDGE_CURVE('',#3864,#3915,#295,.T.);
#5042=EDGE_CURVE('',#3915,#3853,#2240,.T.);
#5043=EDGE_CURVE('',#3916,#3917,#296,.T.);
#5044=EDGE_CURVE('',#3917,#3855,#2241,.T.);
#5045=EDGE_CURVE('',#3854,#3916,#2242,.T.);
#5046=EDGE_CURVE('',#3822,#3918,#297,.T.);
#5047=EDGE_CURVE('',#3918,#3847,#2243,.T.);
#5048=EDGE_CURVE('',#3919,#3920,#298,.T.);
#5049=EDGE_CURVE('',#3920,#3900,#2244,.T.);
#5050=EDGE_CURVE('',#3899,#3919,#2245,.T.);
#5051=EDGE_CURVE('',#3921,#3898,#2246,.T.);
#5052=EDGE_CURVE('',#3892,#3921,#2247,.T.);
#5053=EDGE_CURVE('',#3886,#3877,#2248,.T.);
#5054=EDGE_CURVE('',#3880,#3887,#2249,.T.);
#5055=EDGE_CURVE('',#3874,#3922,#2250,.T.);
#5056=EDGE_CURVE('',#3922,#3903,#2251,.T.);
#5057=EDGE_CURVE('',#3917,#3923,#2252,.T.);
#5058=EDGE_CURVE('',#3923,#3856,#2253,.T.);
#5059=EDGE_CURVE('',#3924,#3890,#2254,.T.);
#5060=EDGE_CURVE('',#3871,#3924,#2255,.T.);
#5061=EDGE_CURVE('',#3921,#3919,#2256,.T.);
#5062=EDGE_CURVE('',#3925,#3885,#2257,.T.);
#5063=EDGE_CURVE('',#3888,#3926,#2258,.T.);
#5064=EDGE_CURVE('',#3926,#3925,#2259,.T.);
#5065=EDGE_CURVE('',#3910,#3913,#299,.T.);
#5066=EDGE_CURVE('',#3914,#3911,#300,.T.);
#5067=EDGE_CURVE('',#3922,#3927,#301,.T.);
#5068=EDGE_CURVE('',#3927,#3904,#2260,.T.);
#5069=EDGE_CURVE('',#3928,#3929,#302,.T.);
#5070=EDGE_CURVE('',#3929,#3902,#2261,.T.);
#5071=EDGE_CURVE('',#3901,#3928,#2262,.T.);
#5072=EDGE_CURVE('',#3930,#3931,#2263,.T.);
#5073=EDGE_CURVE('',#3931,#3932,#2264,.T.);
#5074=EDGE_CURVE('',#3932,#3933,#2265,.T.);
#5075=EDGE_CURVE('',#3933,#3930,#2266,.T.);
#5076=EDGE_CURVE('',#3915,#3916,#2267,.T.);
#5077=EDGE_CURVE('',#3838,#3934,#2268,.T.);
#5078=EDGE_CURVE('',#3934,#3891,#2269,.T.);
#5079=EDGE_CURVE('',#3923,#3935,#303,.T.);
#5080=EDGE_CURVE('',#3935,#3857,#2270,.T.);
#5081=EDGE_CURVE('',#3920,#3928,#2271,.T.);
#5082=EDGE_CURVE('',#3868,#3842,#304,.T.);
#5083=EDGE_CURVE('',#3845,#3869,#305,.T.);
#5084=EDGE_CURVE('',#3931,#3936,#2272,.T.);
#5085=EDGE_CURVE('',#3936,#3937,#2273,.T.);
#5086=EDGE_CURVE('',#3937,#3938,#2274,.T.);
#5087=EDGE_CURVE('',#3938,#3939,#2275,.T.);
#5088=EDGE_CURVE('',#3939,#3926,#306,.T.);
#5089=EDGE_CURVE('',#3844,#3940,#307,.T.);
#5090=EDGE_CURVE('',#3940,#3941,#2276,.T.);
#5091=EDGE_CURVE('',#3941,#3932,#308,.T.);
#5092=EDGE_CURVE('',#3942,#3943,#2277,.T.);
#5093=EDGE_CURVE('',#3943,#3907,#2278,.T.);
#5094=EDGE_CURVE('',#3906,#3942,#2279,.T.);
#5095=EDGE_CURVE('',#3944,#3945,#309,.T.);
#5096=EDGE_CURVE('',#3945,#3849,#2280,.T.);
#5097=EDGE_CURVE('',#3848,#3944,#2281,.T.);
#5098=EDGE_CURVE('',#3924,#3919,#2282,.T.);
#5099=EDGE_CURVE('',#3945,#3912,#2283,.T.);
#5100=EDGE_CURVE('',#3935,#3946,#2284,.T.);
#5101=EDGE_CURVE('',#3946,#3858,#2285,.T.);
#5102=EDGE_CURVE('',#3927,#3947,#2286,.T.);
#5103=EDGE_CURVE('',#3947,#3905,#2287,.T.);
#5104=EDGE_CURVE('',#3918,#3944,#2288,.T.);
#5105=EDGE_CURVE('',#3862,#3872,#2289,.T.);
#5106=EDGE_CURVE('',#3843,#3948,#310,.T.);
#5107=EDGE_CURVE('',#3948,#3940,#2290,.T.);
#5108=EDGE_CURVE('',#3818,#3836,#2291,.T.);
#5109=EDGE_CURVE('',#3835,#3799,#2292,.T.);
#5110=EDGE_CURVE('',#3946,#3883,#311,.T.);
#5111=EDGE_CURVE('',#3933,#3949,#2293,.T.);
#5112=EDGE_CURVE('',#3949,#3950,#2294,.T.);
#5113=EDGE_CURVE('',#3950,#3930,#2295,.T.);
#5114=EDGE_CURVE('',#3817,#3833,#2296,.T.);
#5115=EDGE_CURVE('',#3950,#3936,#2297,.T.);
#5116=EDGE_CURVE('',#3948,#3951,#2298,.T.);
#5117=EDGE_CURVE('',#3951,#3941,#2299,.T.);
#5118=EDGE_CURVE('',#3832,#3889,#2300,.T.);
#5119=EDGE_CURVE('',#3952,#3838,#312,.T.);
#5120=EDGE_CURVE('',#3909,#3952,#2301,.T.);
#5121=EDGE_CURVE('',#3777,#3834,#2302,.T.);
#5122=EDGE_CURVE('',#3951,#3933,#313,.T.);
#5123=EDGE_CURVE('',#3777,#3800,#2303,.T.);
#5124=EDGE_CURVE('',#3953,#3952,#2304,.T.);
#5125=EDGE_CURVE('',#3908,#3953,#2305,.T.);
#5126=EDGE_CURVE('',#3934,#3861,#2306,.T.);
#5127=EDGE_CURVE('',#3947,#3942,#314,.T.);
#5128=EDGE_CURVE('',#3929,#3894,#2307,.T.);
#5129=EDGE_CURVE('',#3943,#3953,#315,.T.);
#5130=EDGE_CURVE('',#3884,#3832,#316,.T.);
#5131=EDGE_CURVE('',#3954,#3955,#2308,.T.);
#5132=EDGE_CURVE('',#3955,#3949,#2309,.T.);
#5133=EDGE_CURVE('',#3925,#3954,#317,.T.);
#5134=EDGE_CURVE('',#3956,#3938,#2310,.T.);
#5135=EDGE_CURVE('',#3937,#3957,#2311,.T.);
#5136=EDGE_CURVE('',#3957,#3956,#2312,.T.);
#5137=EDGE_CURVE('',#3939,#3954,#2313,.T.);
#5138=EDGE_CURVE('',#3956,#3954,#2314,.T.);
#5139=EDGE_CURVE('',#3955,#3957,#2315,.T.);
#5140=ORIENTED_EDGE('',*,*,#3958,.T.);
#5141=ORIENTED_EDGE('',*,*,#3959,.F.);
#5142=ORIENTED_EDGE('',*,*,#3960,.T.);
#5143=ORIENTED_EDGE('',*,*,#3961,.F.);
#5144=ORIENTED_EDGE('',*,*,#3962,.T.);
#5145=ORIENTED_EDGE('',*,*,#3963,.T.);
#5146=ORIENTED_EDGE('',*,*,#3964,.T.);
#5147=ORIENTED_EDGE('',*,*,#3965,.T.);
#5148=ORIENTED_EDGE('',*,*,#3966,.T.);
#5149=ORIENTED_EDGE('',*,*,#3958,.F.);
#5150=ORIENTED_EDGE('',*,*,#3962,.F.);
#5151=ORIENTED_EDGE('',*,*,#3967,.T.);
#5152=ORIENTED_EDGE('',*,*,#3968,.T.);
#5153=ORIENTED_EDGE('',*,*,#3969,.T.);
#5154=ORIENTED_EDGE('',*,*,#3970,.T.);
#5155=ORIENTED_EDGE('',*,*,#3971,.T.);
#5156=ORIENTED_EDGE('',*,*,#3972,.T.);
#5157=ORIENTED_EDGE('',*,*,#3973,.T.);
#5158=ORIENTED_EDGE('',*,*,#3960,.F.);
#5159=ORIENTED_EDGE('',*,*,#3974,.T.);
#5160=ORIENTED_EDGE('',*,*,#3975,.T.);
#5161=ORIENTED_EDGE('',*,*,#3976,.T.);
#5162=ORIENTED_EDGE('',*,*,#3969,.F.);
#5163=ORIENTED_EDGE('',*,*,#3977,.T.);
#5164=ORIENTED_EDGE('',*,*,#3978,.T.);
#5165=ORIENTED_EDGE('',*,*,#3979,.T.);
#5166=ORIENTED_EDGE('',*,*,#3970,.F.);
#5167=ORIENTED_EDGE('',*,*,#3976,.F.);
#5168=ORIENTED_EDGE('',*,*,#3959,.T.);
#5169=ORIENTED_EDGE('',*,*,#3966,.F.);
#5170=ORIENTED_EDGE('',*,*,#3980,.T.);
#5171=ORIENTED_EDGE('',*,*,#3981,.T.);
#5172=ORIENTED_EDGE('',*,*,#3982,.T.);
#5173=ORIENTED_EDGE('',*,*,#3967,.F.);
#5174=ORIENTED_EDGE('',*,*,#3982,.F.);
#5175=ORIENTED_EDGE('',*,*,#3983,.T.);
#5176=ORIENTED_EDGE('',*,*,#3977,.F.);
#5177=ORIENTED_EDGE('',*,*,#3968,.F.);
#5178=ORIENTED_EDGE('',*,*,#3984,.T.);
#5179=ORIENTED_EDGE('',*,*,#3980,.F.);
#5180=ORIENTED_EDGE('',*,*,#3965,.F.);
#5181=ORIENTED_EDGE('',*,*,#3964,.F.);
#5182=ORIENTED_EDGE('',*,*,#3985,.T.);
#5183=ORIENTED_EDGE('',*,*,#3986,.T.);
#5184=ORIENTED_EDGE('',*,*,#3987,.T.);
#5185=ORIENTED_EDGE('',*,*,#3988,.T.);
#5186=ORIENTED_EDGE('',*,*,#3972,.F.);
#5187=ORIENTED_EDGE('',*,*,#3989,.T.);
#5188=ORIENTED_EDGE('',*,*,#3990,.F.);
#5189=ORIENTED_EDGE('',*,*,#3991,.T.);
#5190=ORIENTED_EDGE('',*,*,#3992,.F.);
#5191=ORIENTED_EDGE('',*,*,#3993,.T.);
#5192=ORIENTED_EDGE('',*,*,#3994,.T.);
#5193=ORIENTED_EDGE('',*,*,#3995,.T.);
#5194=ORIENTED_EDGE('',*,*,#3996,.T.);
#5195=ORIENTED_EDGE('',*,*,#3997,.T.);
#5196=ORIENTED_EDGE('',*,*,#3989,.F.);
#5197=ORIENTED_EDGE('',*,*,#3993,.F.);
#5198=ORIENTED_EDGE('',*,*,#3998,.T.);
#5199=ORIENTED_EDGE('',*,*,#3986,.F.);
#5200=ORIENTED_EDGE('',*,*,#3971,.F.);
#5201=ORIENTED_EDGE('',*,*,#3979,.F.);
#5202=ORIENTED_EDGE('',*,*,#3999,.T.);
#5203=ORIENTED_EDGE('',*,*,#3988,.F.);
#5204=ORIENTED_EDGE('',*,*,#4000,.T.);
#5205=ORIENTED_EDGE('',*,*,#3985,.F.);
#5206=ORIENTED_EDGE('',*,*,#3963,.F.);
#5207=ORIENTED_EDGE('',*,*,#3961,.T.);
#5208=ORIENTED_EDGE('',*,*,#3973,.F.);
#5209=ORIENTED_EDGE('',*,*,#4001,.T.);
#5210=ORIENTED_EDGE('',*,*,#4002,.T.);
#5211=ORIENTED_EDGE('',*,*,#4003,.T.);
#5212=ORIENTED_EDGE('',*,*,#4004,.T.);
#5213=ORIENTED_EDGE('',*,*,#4005,.T.);
#5214=ORIENTED_EDGE('',*,*,#4006,.T.);
#5215=ORIENTED_EDGE('',*,*,#4007,.T.);
#5216=ORIENTED_EDGE('',*,*,#4008,.T.);
#5217=ORIENTED_EDGE('',*,*,#4009,.T.);
#5218=ORIENTED_EDGE('',*,*,#4010,.T.);
#5219=ORIENTED_EDGE('',*,*,#4011,.T.);
#5220=ORIENTED_EDGE('',*,*,#4012,.T.);
#5221=ORIENTED_EDGE('',*,*,#4013,.T.);
#5222=ORIENTED_EDGE('',*,*,#4014,.T.);
#5223=ORIENTED_EDGE('',*,*,#4015,.T.);
#5224=ORIENTED_EDGE('',*,*,#4016,.T.);
#5225=ORIENTED_EDGE('',*,*,#4017,.T.);
#5226=ORIENTED_EDGE('',*,*,#4018,.T.);
#5227=ORIENTED_EDGE('',*,*,#4019,.T.);
#5228=ORIENTED_EDGE('',*,*,#4020,.T.);
#5229=ORIENTED_EDGE('',*,*,#4021,.T.);
#5230=ORIENTED_EDGE('',*,*,#3999,.F.);
#5231=ORIENTED_EDGE('',*,*,#3978,.F.);
#5232=ORIENTED_EDGE('',*,*,#3975,.F.);
#5233=ORIENTED_EDGE('',*,*,#4022,.T.);
#5234=ORIENTED_EDGE('',*,*,#4023,.T.);
#5235=ORIENTED_EDGE('',*,*,#4024,.T.);
#5236=ORIENTED_EDGE('',*,*,#4025,.T.);
#5237=ORIENTED_EDGE('',*,*,#3996,.F.);
#5238=ORIENTED_EDGE('',*,*,#3995,.F.);
#5239=ORIENTED_EDGE('',*,*,#4026,.T.);
#5240=ORIENTED_EDGE('',*,*,#3974,.F.);
#5241=ORIENTED_EDGE('',*,*,#3983,.F.);
#5242=ORIENTED_EDGE('',*,*,#3981,.F.);
#5243=ORIENTED_EDGE('',*,*,#3984,.F.);
#5244=ORIENTED_EDGE('',*,*,#4000,.F.);
#5245=ORIENTED_EDGE('',*,*,#3987,.F.);
#5246=ORIENTED_EDGE('',*,*,#3998,.F.);
#5247=ORIENTED_EDGE('',*,*,#4021,.F.);
#5248=ORIENTED_EDGE('',*,*,#4027,.T.);
#5249=ORIENTED_EDGE('',*,*,#4028,.T.);
#5250=ORIENTED_EDGE('',*,*,#4029,.T.);
#5251=ORIENTED_EDGE('',*,*,#4022,.F.);
#5252=ORIENTED_EDGE('',*,*,#4030,.T.);
#5253=ORIENTED_EDGE('',*,*,#4023,.F.);
#5254=ORIENTED_EDGE('',*,*,#4029,.F.);
#5255=ORIENTED_EDGE('',*,*,#4031,.T.);
#5256=ORIENTED_EDGE('',*,*,#4017,.F.);
#5257=ORIENTED_EDGE('',*,*,#4032,.T.);
#5258=ORIENTED_EDGE('',*,*,#4033,.T.);
#5259=ORIENTED_EDGE('',*,*,#4034,.T.);
#5260=ORIENTED_EDGE('',*,*,#4035,.T.);
#5261=ORIENTED_EDGE('',*,*,#4036,.T.);
#5262=ORIENTED_EDGE('',*,*,#4037,.T.);
#5263=ORIENTED_EDGE('',*,*,#4038,.T.);
#5264=ORIENTED_EDGE('',*,*,#4039,.T.);
#5265=ORIENTED_EDGE('',*,*,#4040,.T.);
#5266=ORIENTED_EDGE('',*,*,#4041,.T.);
#5267=ORIENTED_EDGE('',*,*,#4042,.T.);
#5268=ORIENTED_EDGE('',*,*,#4043,.T.);
#5269=ORIENTED_EDGE('',*,*,#4018,.F.);
#5270=ORIENTED_EDGE('',*,*,#4031,.F.);
#5271=ORIENTED_EDGE('',*,*,#4028,.F.);
#5272=ORIENTED_EDGE('',*,*,#4044,.T.);
#5273=ORIENTED_EDGE('',*,*,#4045,.T.);
#5274=ORIENTED_EDGE('',*,*,#4032,.F.);
#5275=ORIENTED_EDGE('',*,*,#4016,.F.);
#5276=ORIENTED_EDGE('',*,*,#4046,.T.);
#5277=ORIENTED_EDGE('',*,*,#4047,.T.);
#5278=ORIENTED_EDGE('',*,*,#4048,.T.);
#5279=ORIENTED_EDGE('',*,*,#4049,.T.);
#5280=ORIENTED_EDGE('',*,*,#4050,.T.);
#5281=ORIENTED_EDGE('',*,*,#4051,.T.);
#5282=ORIENTED_EDGE('',*,*,#4052,.T.);
#5283=ORIENTED_EDGE('',*,*,#4053,.T.);
#5284=ORIENTED_EDGE('',*,*,#4054,.T.);
#5285=ORIENTED_EDGE('',*,*,#4039,.F.);
#5286=ORIENTED_EDGE('',*,*,#4055,.T.);
#5287=ORIENTED_EDGE('',*,*,#4056,.T.);
#5288=ORIENTED_EDGE('',*,*,#4057,.T.);
#5289=ORIENTED_EDGE('',*,*,#4041,.F.);
#5290=ORIENTED_EDGE('',*,*,#4058,.T.);
#5291=ORIENTED_EDGE('',*,*,#4059,.T.);
#5292=ORIENTED_EDGE('',*,*,#4060,.T.);
#5293=ORIENTED_EDGE('',*,*,#4053,.F.);
#5294=ORIENTED_EDGE('',*,*,#4061,.T.);
#5295=ORIENTED_EDGE('',*,*,#4062,.T.);
#5296=ORIENTED_EDGE('',*,*,#4063,.T.);
#5297=ORIENTED_EDGE('',*,*,#4064,.T.);
#5298=ORIENTED_EDGE('',*,*,#4065,.T.);
#5299=ORIENTED_EDGE('',*,*,#4066,.T.);
#5300=ORIENTED_EDGE('',*,*,#4067,.T.);
#5301=ORIENTED_EDGE('',*,*,#4068,.T.);
#5302=ORIENTED_EDGE('',*,*,#4069,.T.);
#5303=ORIENTED_EDGE('',*,*,#4070,.T.);
#5304=ORIENTED_EDGE('',*,*,#4071,.T.);
#5305=ORIENTED_EDGE('',*,*,#4070,.F.);
#5306=ORIENTED_EDGE('',*,*,#4072,.T.);
#5307=ORIENTED_EDGE('',*,*,#4026,.F.);
#5308=ORIENTED_EDGE('',*,*,#3994,.F.);
#5309=ORIENTED_EDGE('',*,*,#3992,.T.);
#5310=ORIENTED_EDGE('',*,*,#4073,.T.);
#5311=ORIENTED_EDGE('',*,*,#3990,.T.);
#5312=ORIENTED_EDGE('',*,*,#3997,.F.);
#5313=ORIENTED_EDGE('',*,*,#4025,.F.);
#5314=ORIENTED_EDGE('',*,*,#4074,.T.);
#5315=ORIENTED_EDGE('',*,*,#4075,.T.);
#5316=ORIENTED_EDGE('',*,*,#4076,.T.);
#5317=ORIENTED_EDGE('',*,*,#4075,.F.);
#5318=ORIENTED_EDGE('',*,*,#4077,.T.);
#5319=ORIENTED_EDGE('',*,*,#4050,.F.);
#5320=ORIENTED_EDGE('',*,*,#4078,.T.);
#5321=ORIENTED_EDGE('',*,*,#4057,.F.);
#5322=ORIENTED_EDGE('',*,*,#4079,.T.);
#5323=ORIENTED_EDGE('',*,*,#4058,.F.);
#5324=ORIENTED_EDGE('',*,*,#4040,.F.);
#5325=ORIENTED_EDGE('',*,*,#4076,.F.);
#5326=ORIENTED_EDGE('',*,*,#4078,.F.);
#5327=ORIENTED_EDGE('',*,*,#4049,.F.);
#5328=ORIENTED_EDGE('',*,*,#4080,.T.);
#5329=ORIENTED_EDGE('',*,*,#4081,.T.);
#5330=ORIENTED_EDGE('',*,*,#4071,.F.);
#5331=ORIENTED_EDGE('',*,*,#4073,.F.);
#5332=ORIENTED_EDGE('',*,*,#3991,.F.);
#5333=ORIENTED_EDGE('',*,*,#4082,.T.);
#5334=ORIENTED_EDGE('',*,*,#4019,.F.);
#5335=ORIENTED_EDGE('',*,*,#4030,.F.);
#5336=ORIENTED_EDGE('',*,*,#4083,.T.);
#5337=ORIENTED_EDGE('',*,*,#4067,.F.);
#5338=ORIENTED_EDGE('',*,*,#4084,.T.);
#5339=ORIENTED_EDGE('',*,*,#4085,.T.);
#5340=ORIENTED_EDGE('',*,*,#4054,.F.);
#5341=ORIENTED_EDGE('',*,*,#4046,.F.);
#5342=ORIENTED_EDGE('',*,*,#4077,.F.);
#5343=ORIENTED_EDGE('',*,*,#4074,.F.);
#5344=ORIENTED_EDGE('',*,*,#4024,.F.);
#5345=ORIENTED_EDGE('',*,*,#4072,.F.);
#5346=ORIENTED_EDGE('',*,*,#4069,.F.);
#5347=ORIENTED_EDGE('',*,*,#4086,.T.);
#5348=ORIENTED_EDGE('',*,*,#4087,.T.);
#5349=ORIENTED_EDGE('',*,*,#4088,.T.);
#5350=ORIENTED_EDGE('',*,*,#4089,.T.);
#5351=ORIENTED_EDGE('',*,*,#4062,.F.);
#5352=ORIENTED_EDGE('',*,*,#4090,.T.);
#5353=ORIENTED_EDGE('',*,*,#4034,.F.);
#5354=ORIENTED_EDGE('',*,*,#4091,.T.);
#5355=ORIENTED_EDGE('',*,*,#4092,.T.);
#5356=ORIENTED_EDGE('',*,*,#4083,.F.);
#5357=ORIENTED_EDGE('',*,*,#4086,.F.);
#5358=ORIENTED_EDGE('',*,*,#4068,.F.);
#5359=ORIENTED_EDGE('',*,*,#4081,.F.);
#5360=ORIENTED_EDGE('',*,*,#4093,.T.);
#5361=ORIENTED_EDGE('',*,*,#4094,.T.);
#5362=ORIENTED_EDGE('',*,*,#4005,.F.);
#5363=ORIENTED_EDGE('',*,*,#4095,.T.);
#5364=ORIENTED_EDGE('',*,*,#4001,.F.);
#5365=ORIENTED_EDGE('',*,*,#4096,.T.);
#5366=ORIENTED_EDGE('',*,*,#4097,.T.);
#5367=ORIENTED_EDGE('',*,*,#4093,.F.);
#5368=ORIENTED_EDGE('',*,*,#4080,.F.);
#5369=ORIENTED_EDGE('',*,*,#4048,.F.);
#5370=ORIENTED_EDGE('',*,*,#4020,.F.);
#5371=ORIENTED_EDGE('',*,*,#4082,.F.);
#5372=ORIENTED_EDGE('',*,*,#4092,.F.);
#5373=ORIENTED_EDGE('',*,*,#4098,.T.);
#5374=ORIENTED_EDGE('',*,*,#4044,.F.);
#5375=ORIENTED_EDGE('',*,*,#4015,.F.);
#5376=ORIENTED_EDGE('',*,*,#4043,.F.);
#5377=ORIENTED_EDGE('',*,*,#4027,.F.);
#5378=ORIENTED_EDGE('',*,*,#4096,.F.);
#5379=ORIENTED_EDGE('',*,*,#4004,.F.);
#5380=ORIENTED_EDGE('',*,*,#4099,.T.);
#5381=ORIENTED_EDGE('',*,*,#4006,.F.);
#5382=ORIENTED_EDGE('',*,*,#4007,.F.);
#5383=ORIENTED_EDGE('',*,*,#4099,.F.);
#5384=ORIENTED_EDGE('',*,*,#4003,.F.);
#5385=ORIENTED_EDGE('',*,*,#4100,.T.);
#5386=ORIENTED_EDGE('',*,*,#4013,.F.);
#5387=ORIENTED_EDGE('',*,*,#4101,.F.);
#5388=ORIENTED_EDGE('',*,*,#4102,.T.);
#5389=ORIENTED_EDGE('',*,*,#4103,.F.);
#5390=ORIENTED_EDGE('',*,*,#4014,.F.);
#5391=ORIENTED_EDGE('',*,*,#4104,.T.);
#5392=ORIENTED_EDGE('',*,*,#4105,.T.);
#5393=ORIENTED_EDGE('',*,*,#4106,.T.);
#5394=ORIENTED_EDGE('',*,*,#4107,.T.);
#5395=ORIENTED_EDGE('',*,*,#4100,.F.);
#5396=ORIENTED_EDGE('',*,*,#4002,.F.);
#5397=ORIENTED_EDGE('',*,*,#4095,.F.);
#5398=ORIENTED_EDGE('',*,*,#4008,.F.);
#5399=ORIENTED_EDGE('',*,*,#4108,.T.);
#5400=ORIENTED_EDGE('',*,*,#4109,.T.);
#5401=ORIENTED_EDGE('',*,*,#4110,.T.);
#5402=ORIENTED_EDGE('',*,*,#4105,.F.);
#5403=ORIENTED_EDGE('',*,*,#4056,.F.);
#5404=ORIENTED_EDGE('',*,*,#4111,.T.);
#5405=ORIENTED_EDGE('',*,*,#4059,.F.);
#5406=ORIENTED_EDGE('',*,*,#4079,.F.);
#5407=ORIENTED_EDGE('',*,*,#4112,.T.);
#5408=ORIENTED_EDGE('',*,*,#4113,.T.);
#5409=ORIENTED_EDGE('',*,*,#4011,.F.);
#5410=ORIENTED_EDGE('',*,*,#4010,.F.);
#5411=ORIENTED_EDGE('',*,*,#4114,.T.);
#5412=ORIENTED_EDGE('',*,*,#4115,.T.);
#5413=ORIENTED_EDGE('',*,*,#4116,.T.);
#5414=ORIENTED_EDGE('',*,*,#4114,.F.);
#5415=ORIENTED_EDGE('',*,*,#4009,.F.);
#5416=ORIENTED_EDGE('',*,*,#4103,.T.);
#5417=ORIENTED_EDGE('',*,*,#4117,.T.);
#5418=ORIENTED_EDGE('',*,*,#4101,.T.);
#5419=ORIENTED_EDGE('',*,*,#4012,.F.);
#5420=ORIENTED_EDGE('',*,*,#4113,.F.);
#5421=ORIENTED_EDGE('',*,*,#4118,.T.);
#5422=ORIENTED_EDGE('',*,*,#4119,.T.);
#5423=ORIENTED_EDGE('',*,*,#4120,.T.);
#5424=ORIENTED_EDGE('',*,*,#4121,.T.);
#5425=ORIENTED_EDGE('',*,*,#4122,.T.);
#5426=ORIENTED_EDGE('',*,*,#4123,.T.);
#5427=ORIENTED_EDGE('',*,*,#4124,.T.);
#5428=ORIENTED_EDGE('',*,*,#4119,.F.);
#5429=ORIENTED_EDGE('',*,*,#4125,.T.);
#5430=ORIENTED_EDGE('',*,*,#4126,.T.);
#5431=ORIENTED_EDGE('',*,*,#4127,.T.);
#5432=ORIENTED_EDGE('',*,*,#4128,.T.);
#5433=ORIENTED_EDGE('',*,*,#4129,.T.);
#5434=ORIENTED_EDGE('',*,*,#4130,.T.);
#5435=ORIENTED_EDGE('',*,*,#4131,.T.);
#5436=ORIENTED_EDGE('',*,*,#4123,.F.);
#5437=ORIENTED_EDGE('',*,*,#4132,.T.);
#5438=ORIENTED_EDGE('',*,*,#4133,.T.);
#5439=ORIENTED_EDGE('',*,*,#4134,.T.);
#5440=ORIENTED_EDGE('',*,*,#4135,.T.);
#5441=ORIENTED_EDGE('',*,*,#4136,.T.);
#5442=ORIENTED_EDGE('',*,*,#4137,.T.);
#5443=ORIENTED_EDGE('',*,*,#4138,.T.);
#5444=ORIENTED_EDGE('',*,*,#4139,.T.);
#5445=ORIENTED_EDGE('',*,*,#4136,.F.);
#5446=ORIENTED_EDGE('',*,*,#4140,.T.);
#5447=ORIENTED_EDGE('',*,*,#4115,.F.);
#5448=ORIENTED_EDGE('',*,*,#4141,.T.);
#5449=ORIENTED_EDGE('',*,*,#4142,.T.);
#5450=ORIENTED_EDGE('',*,*,#4143,.T.);
#5451=ORIENTED_EDGE('',*,*,#4144,.T.);
#5452=ORIENTED_EDGE('',*,*,#4145,.T.);
#5453=ORIENTED_EDGE('',*,*,#4146,.T.);
#5454=ORIENTED_EDGE('',*,*,#4147,.T.);
#5455=ORIENTED_EDGE('',*,*,#4132,.F.);
#5456=ORIENTED_EDGE('',*,*,#4122,.F.);
#5457=ORIENTED_EDGE('',*,*,#4148,.T.);
#5458=ORIENTED_EDGE('',*,*,#4149,.T.);
#5459=ORIENTED_EDGE('',*,*,#4150,.T.);
#5460=ORIENTED_EDGE('',*,*,#4151,.T.);
#5461=ORIENTED_EDGE('',*,*,#4152,.T.);
#5462=ORIENTED_EDGE('',*,*,#4151,.F.);
#5463=ORIENTED_EDGE('',*,*,#4153,.T.);
#5464=ORIENTED_EDGE('',*,*,#4154,.T.);
#5465=ORIENTED_EDGE('',*,*,#4155,.T.);
#5466=ORIENTED_EDGE('',*,*,#4156,.T.);
#5467=ORIENTED_EDGE('',*,*,#4157,.T.);
#5468=ORIENTED_EDGE('',*,*,#4158,.T.);
#5469=ORIENTED_EDGE('',*,*,#4159,.T.);
#5470=ORIENTED_EDGE('',*,*,#4160,.T.);
#5471=ORIENTED_EDGE('',*,*,#4133,.F.);
#5472=ORIENTED_EDGE('',*,*,#4147,.F.);
#5473=ORIENTED_EDGE('',*,*,#4121,.F.);
#5474=ORIENTED_EDGE('',*,*,#4161,.T.);
#5475=ORIENTED_EDGE('',*,*,#4159,.F.);
#5476=ORIENTED_EDGE('',*,*,#4146,.F.);
#5477=ORIENTED_EDGE('',*,*,#4162,.T.);
#5478=ORIENTED_EDGE('',*,*,#4163,.T.);
#5479=ORIENTED_EDGE('',*,*,#4065,.F.);
#5480=ORIENTED_EDGE('',*,*,#4164,.T.);
#5481=ORIENTED_EDGE('',*,*,#4165,.T.);
#5482=ORIENTED_EDGE('',*,*,#4166,.T.);
#5483=ORIENTED_EDGE('',*,*,#4167,.T.);
#5484=ORIENTED_EDGE('',*,*,#4168,.T.);
#5485=ORIENTED_EDGE('',*,*,#4169,.T.);
#5486=ORIENTED_EDGE('',*,*,#4170,.T.);
#5487=ORIENTED_EDGE('',*,*,#4063,.F.);
#5488=ORIENTED_EDGE('',*,*,#4089,.F.);
#5489=ORIENTED_EDGE('',*,*,#4171,.T.);
#5490=ORIENTED_EDGE('',*,*,#4172,.T.);
#5491=ORIENTED_EDGE('',*,*,#4173,.T.);
#5492=ORIENTED_EDGE('',*,*,#4174,.T.);
#5493=ORIENTED_EDGE('',*,*,#4175,.T.);
#5494=ORIENTED_EDGE('',*,*,#4164,.F.);
#5495=ORIENTED_EDGE('',*,*,#4064,.F.);
#5496=ORIENTED_EDGE('',*,*,#4170,.F.);
#5497=ORIENTED_EDGE('',*,*,#4176,.T.);
#5498=ORIENTED_EDGE('',*,*,#4173,.F.);
#5499=ORIENTED_EDGE('',*,*,#4177,.T.);
#5500=ORIENTED_EDGE('',*,*,#4178,.T.);
#5501=ORIENTED_EDGE('',*,*,#4179,.T.);
#5502=ORIENTED_EDGE('',*,*,#4180,.T.);
#5503=ORIENTED_EDGE('',*,*,#4181,.T.);
#5504=ORIENTED_EDGE('',*,*,#4091,.F.);
#5505=ORIENTED_EDGE('',*,*,#4033,.F.);
#5506=ORIENTED_EDGE('',*,*,#4045,.F.);
#5507=ORIENTED_EDGE('',*,*,#4098,.F.);
#5508=ORIENTED_EDGE('',*,*,#4182,.T.);
#5509=ORIENTED_EDGE('',*,*,#4183,.T.);
#5510=ORIENTED_EDGE('',*,*,#4184,.T.);
#5511=ORIENTED_EDGE('',*,*,#4185,.T.);
#5512=ORIENTED_EDGE('',*,*,#4186,.T.);
#5513=ORIENTED_EDGE('',*,*,#4187,.T.);
#5514=ORIENTED_EDGE('',*,*,#4188,.T.);
#5515=ORIENTED_EDGE('',*,*,#4189,.T.);
#5516=ORIENTED_EDGE('',*,*,#4190,.T.);
#5517=ORIENTED_EDGE('',*,*,#4191,.T.);
#5518=ORIENTED_EDGE('',*,*,#4192,.T.);
#5519=ORIENTED_EDGE('',*,*,#4193,.T.);
#5520=ORIENTED_EDGE('',*,*,#4194,.T.);
#5521=ORIENTED_EDGE('',*,*,#4195,.T.);
#5522=ORIENTED_EDGE('',*,*,#4196,.T.);
#5523=ORIENTED_EDGE('',*,*,#4197,.T.);
#5524=ORIENTED_EDGE('',*,*,#4198,.T.);
#5525=ORIENTED_EDGE('',*,*,#4145,.F.);
#5526=ORIENTED_EDGE('',*,*,#4199,.T.);
#5527=ORIENTED_EDGE('',*,*,#4200,.T.);
#5528=ORIENTED_EDGE('',*,*,#4201,.T.);
#5529=ORIENTED_EDGE('',*,*,#4202,.T.);
#5530=ORIENTED_EDGE('',*,*,#4203,.T.);
#5531=ORIENTED_EDGE('',*,*,#4204,.T.);
#5532=ORIENTED_EDGE('',*,*,#4205,.T.);
#5533=ORIENTED_EDGE('',*,*,#4206,.T.);
#5534=ORIENTED_EDGE('',*,*,#4207,.T.);
#5535=ORIENTED_EDGE('',*,*,#4208,.T.);
#5536=ORIENTED_EDGE('',*,*,#4060,.F.);
#5537=ORIENTED_EDGE('',*,*,#4111,.F.);
#5538=ORIENTED_EDGE('',*,*,#4055,.F.);
#5539=ORIENTED_EDGE('',*,*,#4042,.F.);
#5540=ORIENTED_EDGE('',*,*,#4209,.T.);
#5541=ORIENTED_EDGE('',*,*,#4210,.T.);
#5542=ORIENTED_EDGE('',*,*,#4177,.F.);
#5543=ORIENTED_EDGE('',*,*,#4172,.F.);
#5544=ORIENTED_EDGE('',*,*,#4211,.T.);
#5545=ORIENTED_EDGE('',*,*,#4212,.T.);
#5546=ORIENTED_EDGE('',*,*,#4213,.T.);
#5547=ORIENTED_EDGE('',*,*,#4214,.T.);
#5548=ORIENTED_EDGE('',*,*,#4215,.T.);
#5549=ORIENTED_EDGE('',*,*,#4216,.T.);
#5550=ORIENTED_EDGE('',*,*,#4217,.T.);
#5551=ORIENTED_EDGE('',*,*,#4218,.T.);
#5552=ORIENTED_EDGE('',*,*,#4219,.T.);
#5553=ORIENTED_EDGE('',*,*,#4220,.T.);
#5554=ORIENTED_EDGE('',*,*,#4221,.T.);
#5555=ORIENTED_EDGE('',*,*,#4222,.T.);
#5556=ORIENTED_EDGE('',*,*,#4052,.F.);
#5557=ORIENTED_EDGE('',*,*,#4223,.T.);
#5558=ORIENTED_EDGE('',*,*,#4087,.F.);
#5559=ORIENTED_EDGE('',*,*,#4094,.F.);
#5560=ORIENTED_EDGE('',*,*,#4097,.F.);
#5561=ORIENTED_EDGE('',*,*,#4047,.F.);
#5562=ORIENTED_EDGE('',*,*,#4090,.F.);
#5563=ORIENTED_EDGE('',*,*,#4061,.F.);
#5564=ORIENTED_EDGE('',*,*,#4223,.F.);
#5565=ORIENTED_EDGE('',*,*,#4051,.F.);
#5566=ORIENTED_EDGE('',*,*,#4085,.F.);
#5567=ORIENTED_EDGE('',*,*,#4224,.T.);
#5568=ORIENTED_EDGE('',*,*,#4162,.F.);
#5569=ORIENTED_EDGE('',*,*,#4175,.F.);
#5570=ORIENTED_EDGE('',*,*,#4169,.F.);
#5571=ORIENTED_EDGE('',*,*,#4088,.F.);
#5572=ORIENTED_EDGE('',*,*,#4225,.T.);
#5573=ORIENTED_EDGE('',*,*,#4226,.T.);
#5574=ORIENTED_EDGE('',*,*,#4227,.T.);
#5575=ORIENTED_EDGE('',*,*,#4228,.T.);
#5576=ORIENTED_EDGE('',*,*,#4229,.T.);
#5577=ORIENTED_EDGE('',*,*,#4230,.T.);
#5578=ORIENTED_EDGE('',*,*,#4231,.T.);
#5579=ORIENTED_EDGE('',*,*,#4232,.T.);
#5580=ORIENTED_EDGE('',*,*,#4220,.F.);
#5581=ORIENTED_EDGE('',*,*,#4233,.T.);
#5582=ORIENTED_EDGE('',*,*,#4229,.F.);
#5583=ORIENTED_EDGE('',*,*,#4234,.T.);
#5584=ORIENTED_EDGE('',*,*,#4235,.T.);
#5585=ORIENTED_EDGE('',*,*,#4236,.T.);
#5586=ORIENTED_EDGE('',*,*,#4237,.T.);
#5587=ORIENTED_EDGE('',*,*,#4238,.T.);
#5588=ORIENTED_EDGE('',*,*,#4239,.T.);
#5589=ORIENTED_EDGE('',*,*,#4084,.F.);
#5590=ORIENTED_EDGE('',*,*,#4066,.F.);
#5591=ORIENTED_EDGE('',*,*,#4163,.F.);
#5592=ORIENTED_EDGE('',*,*,#4224,.F.);
#5593=ORIENTED_EDGE('',*,*,#4240,.T.);
#5594=ORIENTED_EDGE('',*,*,#4241,.T.);
#5595=ORIENTED_EDGE('',*,*,#4242,.T.);
#5596=ORIENTED_EDGE('',*,*,#4243,.T.);
#5597=ORIENTED_EDGE('',*,*,#4244,.T.);
#5598=ORIENTED_EDGE('',*,*,#4245,.T.);
#5599=ORIENTED_EDGE('',*,*,#4246,.T.);
#5600=ORIENTED_EDGE('',*,*,#4247,.T.);
#5601=ORIENTED_EDGE('',*,*,#4213,.F.);
#5602=ORIENTED_EDGE('',*,*,#4248,.T.);
#5603=ORIENTED_EDGE('',*,*,#4249,.T.);
#5604=ORIENTED_EDGE('',*,*,#4250,.T.);
#5605=ORIENTED_EDGE('',*,*,#4251,.T.);
#5606=ORIENTED_EDGE('',*,*,#4252,.T.);
#5607=ORIENTED_EDGE('',*,*,#4253,.T.);
#5608=ORIENTED_EDGE('',*,*,#4254,.T.);
#5609=ORIENTED_EDGE('',*,*,#4255,.T.);
#5610=ORIENTED_EDGE('',*,*,#4256,.T.);
#5611=ORIENTED_EDGE('',*,*,#4257,.T.);
#5612=ORIENTED_EDGE('',*,*,#4258,.T.);
#5613=ORIENTED_EDGE('',*,*,#4259,.T.);
#5614=ORIENTED_EDGE('',*,*,#4260,.T.);
#5615=ORIENTED_EDGE('',*,*,#4261,.T.);
#5616=ORIENTED_EDGE('',*,*,#4262,.T.);
#5617=ORIENTED_EDGE('',*,*,#4263,.T.);
#5618=ORIENTED_EDGE('',*,*,#4264,.T.);
#5619=ORIENTED_EDGE('',*,*,#4265,.T.);
#5620=ORIENTED_EDGE('',*,*,#4149,.F.);
#5621=ORIENTED_EDGE('',*,*,#4266,.T.);
#5622=ORIENTED_EDGE('',*,*,#4267,.T.);
#5623=ORIENTED_EDGE('',*,*,#4268,.T.);
#5624=ORIENTED_EDGE('',*,*,#4269,.T.);
#5625=ORIENTED_EDGE('',*,*,#4270,.T.);
#5626=ORIENTED_EDGE('',*,*,#4271,.T.);
#5627=ORIENTED_EDGE('',*,*,#4272,.T.);
#5628=ORIENTED_EDGE('',*,*,#4273,.T.);
#5629=ORIENTED_EDGE('',*,*,#4274,.T.);
#5630=ORIENTED_EDGE('',*,*,#4275,.T.);
#5631=ORIENTED_EDGE('',*,*,#4276,.T.);
#5632=ORIENTED_EDGE('',*,*,#4277,.T.);
#5633=ORIENTED_EDGE('',*,*,#4278,.T.);
#5634=ORIENTED_EDGE('',*,*,#4279,.T.);
#5635=ORIENTED_EDGE('',*,*,#4280,.T.);
#5636=ORIENTED_EDGE('',*,*,#4281,.T.);
#5637=ORIENTED_EDGE('',*,*,#4282,.T.);
#5638=ORIENTED_EDGE('',*,*,#4283,.T.);
#5639=ORIENTED_EDGE('',*,*,#4284,.T.);
#5640=ORIENTED_EDGE('',*,*,#4285,.T.);
#5641=ORIENTED_EDGE('',*,*,#4286,.T.);
#5642=ORIENTED_EDGE('',*,*,#4287,.T.);
#5643=ORIENTED_EDGE('',*,*,#4288,.T.);
#5644=ORIENTED_EDGE('',*,*,#4289,.T.);
#5645=ORIENTED_EDGE('',*,*,#4290,.T.);
#5646=ORIENTED_EDGE('',*,*,#4291,.T.);
#5647=ORIENTED_EDGE('',*,*,#4243,.F.);
#5648=ORIENTED_EDGE('',*,*,#4292,.T.);
#5649=ORIENTED_EDGE('',*,*,#4293,.T.);
#5650=ORIENTED_EDGE('',*,*,#4294,.T.);
#5651=ORIENTED_EDGE('',*,*,#4201,.F.);
#5652=ORIENTED_EDGE('',*,*,#4295,.T.);
#5653=ORIENTED_EDGE('',*,*,#4296,.T.);
#5654=ORIENTED_EDGE('',*,*,#4297,.T.);
#5655=ORIENTED_EDGE('',*,*,#4165,.F.);
#5656=ORIENTED_EDGE('',*,*,#4298,.T.);
#5657=ORIENTED_EDGE('',*,*,#4299,.T.);
#5658=ORIENTED_EDGE('',*,*,#4300,.T.);
#5659=ORIENTED_EDGE('',*,*,#4301,.T.);
#5660=ORIENTED_EDGE('',*,*,#4036,.F.);
#5661=ORIENTED_EDGE('',*,*,#4302,.T.);
#5662=ORIENTED_EDGE('',*,*,#4303,.T.);
#5663=ORIENTED_EDGE('',*,*,#4304,.T.);
#5664=ORIENTED_EDGE('',*,*,#4305,.T.);
#5665=ORIENTED_EDGE('',*,*,#4306,.T.);
#5666=ORIENTED_EDGE('',*,*,#4307,.T.);
#5667=ORIENTED_EDGE('',*,*,#4308,.T.);
#5668=ORIENTED_EDGE('',*,*,#4309,.T.);
#5669=ORIENTED_EDGE('',*,*,#4258,.F.);
#5670=ORIENTED_EDGE('',*,*,#4310,.T.);
#5671=ORIENTED_EDGE('',*,*,#4267,.F.);
#5672=ORIENTED_EDGE('',*,*,#4311,.T.);
#5673=ORIENTED_EDGE('',*,*,#4312,.T.);
#5674=ORIENTED_EDGE('',*,*,#4200,.F.);
#5675=ORIENTED_EDGE('',*,*,#4313,.T.);
#5676=ORIENTED_EDGE('',*,*,#4314,.T.);
#5677=ORIENTED_EDGE('',*,*,#4196,.F.);
#5678=ORIENTED_EDGE('',*,*,#4315,.T.);
#5679=ORIENTED_EDGE('',*,*,#4316,.T.);
#5680=ORIENTED_EDGE('',*,*,#4317,.T.);
#5681=ORIENTED_EDGE('',*,*,#4318,.T.);
#5682=ORIENTED_EDGE('',*,*,#4292,.F.);
#5683=ORIENTED_EDGE('',*,*,#4242,.F.);
#5684=ORIENTED_EDGE('',*,*,#4319,.T.);
#5685=ORIENTED_EDGE('',*,*,#4320,.T.);
#5686=ORIENTED_EDGE('',*,*,#4321,.T.);
#5687=ORIENTED_EDGE('',*,*,#4322,.T.);
#5688=ORIENTED_EDGE('',*,*,#4174,.F.);
#5689=ORIENTED_EDGE('',*,*,#4176,.F.);
#5690=ORIENTED_EDGE('',*,*,#4323,.T.);
#5691=ORIENTED_EDGE('',*,*,#4324,.T.);
#5692=ORIENTED_EDGE('',*,*,#4325,.T.);
#5693=ORIENTED_EDGE('',*,*,#4326,.T.);
#5694=ORIENTED_EDGE('',*,*,#4327,.T.);
#5695=ORIENTED_EDGE('',*,*,#4328,.T.);
#5696=ORIENTED_EDGE('',*,*,#4329,.T.);
#5697=ORIENTED_EDGE('',*,*,#4330,.T.);
#5698=ORIENTED_EDGE('',*,*,#4331,.T.);
#5699=ORIENTED_EDGE('',*,*,#4238,.F.);
#5700=ORIENTED_EDGE('',*,*,#4332,.T.);
#5701=ORIENTED_EDGE('',*,*,#4333,.T.);
#5702=ORIENTED_EDGE('',*,*,#4334,.T.);
#5703=ORIENTED_EDGE('',*,*,#4335,.T.);
#5704=ORIENTED_EDGE('',*,*,#4336,.T.);
#5705=ORIENTED_EDGE('',*,*,#4337,.T.);
#5706=ORIENTED_EDGE('',*,*,#4338,.T.);
#5707=ORIENTED_EDGE('',*,*,#4339,.T.);
#5708=ORIENTED_EDGE('',*,*,#4340,.T.);
#5709=ORIENTED_EDGE('',*,*,#4341,.T.);
#5710=ORIENTED_EDGE('',*,*,#4319,.F.);
#5711=ORIENTED_EDGE('',*,*,#4241,.F.);
#5712=ORIENTED_EDGE('',*,*,#4342,.T.);
#5713=ORIENTED_EDGE('',*,*,#4343,.T.);
#5714=ORIENTED_EDGE('',*,*,#4344,.T.);
#5715=ORIENTED_EDGE('',*,*,#4178,.F.);
#5716=ORIENTED_EDGE('',*,*,#4210,.F.);
#5717=ORIENTED_EDGE('',*,*,#4345,.T.);
#5718=ORIENTED_EDGE('',*,*,#4346,.T.);
#5719=ORIENTED_EDGE('',*,*,#4347,.T.);
#5720=ORIENTED_EDGE('',*,*,#4303,.F.);
#5721=ORIENTED_EDGE('',*,*,#4221,.F.);
#5722=ORIENTED_EDGE('',*,*,#4232,.F.);
#5723=ORIENTED_EDGE('',*,*,#4348,.T.);
#5724=ORIENTED_EDGE('',*,*,#4202,.F.);
#5725=ORIENTED_EDGE('',*,*,#4294,.F.);
#5726=ORIENTED_EDGE('',*,*,#4349,.T.);
#5727=ORIENTED_EDGE('',*,*,#4350,.T.);
#5728=ORIENTED_EDGE('',*,*,#4351,.T.);
#5729=ORIENTED_EDGE('',*,*,#4352,.T.);
#5730=ORIENTED_EDGE('',*,*,#4342,.F.);
#5731=ORIENTED_EDGE('',*,*,#4240,.F.);
#5732=ORIENTED_EDGE('',*,*,#4353,.T.);
#5733=ORIENTED_EDGE('',*,*,#4354,.T.);
#5734=ORIENTED_EDGE('',*,*,#4355,.T.);
#5735=ORIENTED_EDGE('',*,*,#4356,.T.);
#5736=ORIENTED_EDGE('',*,*,#4357,.T.);
#5737=ORIENTED_EDGE('',*,*,#4358,.T.);
#5738=ORIENTED_EDGE('',*,*,#4359,.T.);
#5739=ORIENTED_EDGE('',*,*,#4360,.T.);
#5740=ORIENTED_EDGE('',*,*,#4361,.T.);
#5741=ORIENTED_EDGE('',*,*,#4167,.F.);
#5742=ORIENTED_EDGE('',*,*,#4362,.T.);
#5743=ORIENTED_EDGE('',*,*,#4363,.T.);
#5744=ORIENTED_EDGE('',*,*,#4364,.T.);
#5745=ORIENTED_EDGE('',*,*,#4365,.T.);
#5746=ORIENTED_EDGE('',*,*,#4366,.T.);
#5747=ORIENTED_EDGE('',*,*,#4367,.T.);
#5748=ORIENTED_EDGE('',*,*,#4368,.T.);
#5749=ORIENTED_EDGE('',*,*,#4369,.T.);
#5750=ORIENTED_EDGE('',*,*,#4290,.F.);
#5751=ORIENTED_EDGE('',*,*,#4318,.F.);
#5752=ORIENTED_EDGE('',*,*,#4341,.F.);
#5753=ORIENTED_EDGE('',*,*,#4352,.F.);
#5754=ORIENTED_EDGE('',*,*,#4370,.T.);
#5755=ORIENTED_EDGE('',*,*,#4371,.T.);
#5756=ORIENTED_EDGE('',*,*,#4372,.T.);
#5757=ORIENTED_EDGE('',*,*,#4373,.T.);
#5758=ORIENTED_EDGE('',*,*,#4374,.T.);
#5759=ORIENTED_EDGE('',*,*,#4375,.T.);
#5760=ORIENTED_EDGE('',*,*,#4376,.T.);
#5761=ORIENTED_EDGE('',*,*,#4142,.F.);
#5762=ORIENTED_EDGE('',*,*,#4198,.F.);
#5763=ORIENTED_EDGE('',*,*,#4312,.F.);
#5764=ORIENTED_EDGE('',*,*,#4377,.T.);
#5765=ORIENTED_EDGE('',*,*,#4378,.T.);
#5766=ORIENTED_EDGE('',*,*,#4379,.T.);
#5767=ORIENTED_EDGE('',*,*,#4216,.F.);
#5768=ORIENTED_EDGE('',*,*,#4380,.T.);
#5769=ORIENTED_EDGE('',*,*,#4363,.F.);
#5770=ORIENTED_EDGE('',*,*,#4381,.T.);
#5771=ORIENTED_EDGE('',*,*,#4382,.T.);
#5772=ORIENTED_EDGE('',*,*,#4383,.T.);
#5773=ORIENTED_EDGE('',*,*,#4384,.T.);
#5774=ORIENTED_EDGE('',*,*,#4385,.T.);
#5775=ORIENTED_EDGE('',*,*,#4386,.T.);
#5776=ORIENTED_EDGE('',*,*,#4226,.F.);
#5777=ORIENTED_EDGE('',*,*,#4387,.T.);
#5778=ORIENTED_EDGE('',*,*,#4388,.T.);
#5779=ORIENTED_EDGE('',*,*,#4389,.T.);
#5780=ORIENTED_EDGE('',*,*,#4355,.F.);
#5781=ORIENTED_EDGE('',*,*,#4390,.T.);
#5782=ORIENTED_EDGE('',*,*,#4391,.T.);
#5783=ORIENTED_EDGE('',*,*,#4392,.T.);
#5784=ORIENTED_EDGE('',*,*,#4325,.F.);
#5785=ORIENTED_EDGE('',*,*,#4393,.T.);
#5786=ORIENTED_EDGE('',*,*,#4394,.T.);
#5787=ORIENTED_EDGE('',*,*,#4283,.F.);
#5788=ORIENTED_EDGE('',*,*,#4395,.T.);
#5789=ORIENTED_EDGE('',*,*,#4252,.F.);
#5790=ORIENTED_EDGE('',*,*,#4330,.F.);
#5791=ORIENTED_EDGE('',*,*,#4396,.T.);
#5792=ORIENTED_EDGE('',*,*,#4296,.F.);
#5793=ORIENTED_EDGE('',*,*,#4397,.T.);
#5794=ORIENTED_EDGE('',*,*,#4398,.T.);
#5795=ORIENTED_EDGE('',*,*,#4399,.T.);
#5796=ORIENTED_EDGE('',*,*,#4194,.F.);
#5797=ORIENTED_EDGE('',*,*,#4400,.T.);
#5798=ORIENTED_EDGE('',*,*,#4401,.T.);
#5799=ORIENTED_EDGE('',*,*,#4125,.F.);
#5800=ORIENTED_EDGE('',*,*,#4118,.F.);
#5801=ORIENTED_EDGE('',*,*,#4112,.F.);
#5802=ORIENTED_EDGE('',*,*,#4116,.F.);
#5803=ORIENTED_EDGE('',*,*,#4140,.F.);
#5804=ORIENTED_EDGE('',*,*,#4135,.F.);
#5805=ORIENTED_EDGE('',*,*,#4402,.T.);
#5806=ORIENTED_EDGE('',*,*,#4403,.T.);
#5807=ORIENTED_EDGE('',*,*,#4185,.F.);
#5808=ORIENTED_EDGE('',*,*,#4404,.T.);
#5809=ORIENTED_EDGE('',*,*,#4405,.T.);
#5810=ORIENTED_EDGE('',*,*,#4406,.T.);
#5811=ORIENTED_EDGE('',*,*,#4407,.T.);
#5812=ORIENTED_EDGE('',*,*,#4408,.T.);
#5813=ORIENTED_EDGE('',*,*,#4409,.T.);
#5814=ORIENTED_EDGE('',*,*,#4278,.F.);
#5815=ORIENTED_EDGE('',*,*,#4410,.T.);
#5816=ORIENTED_EDGE('',*,*,#4411,.T.);
#5817=ORIENTED_EDGE('',*,*,#4412,.T.);
#5818=ORIENTED_EDGE('',*,*,#4413,.T.);
#5819=ORIENTED_EDGE('',*,*,#4345,.F.);
#5820=ORIENTED_EDGE('',*,*,#4302,.F.);
#5821=ORIENTED_EDGE('',*,*,#4414,.T.);
#5822=ORIENTED_EDGE('',*,*,#4415,.T.);
#5823=ORIENTED_EDGE('',*,*,#4416,.T.);
#5824=ORIENTED_EDGE('',*,*,#4417,.T.);
#5825=ORIENTED_EDGE('',*,*,#4418,.T.);
#5826=ORIENTED_EDGE('',*,*,#4419,.T.);
#5827=ORIENTED_EDGE('',*,*,#4399,.F.);
#5828=ORIENTED_EDGE('',*,*,#4420,.T.);
#5829=ORIENTED_EDGE('',*,*,#4421,.T.);
#5830=ORIENTED_EDGE('',*,*,#4366,.F.);
#5831=ORIENTED_EDGE('',*,*,#4422,.T.);
#5832=ORIENTED_EDGE('',*,*,#4315,.F.);
#5833=ORIENTED_EDGE('',*,*,#4195,.F.);
#5834=ORIENTED_EDGE('',*,*,#4423,.T.);
#5835=ORIENTED_EDGE('',*,*,#4420,.F.);
#5836=ORIENTED_EDGE('',*,*,#4398,.F.);
#5837=ORIENTED_EDGE('',*,*,#4424,.T.);
#5838=ORIENTED_EDGE('',*,*,#4180,.F.);
#5839=ORIENTED_EDGE('',*,*,#4425,.T.);
#5840=ORIENTED_EDGE('',*,*,#4426,.T.);
#5841=ORIENTED_EDGE('',*,*,#4385,.F.);
#5842=ORIENTED_EDGE('',*,*,#4427,.T.);
#5843=ORIENTED_EDGE('',*,*,#4428,.T.);
#5844=ORIENTED_EDGE('',*,*,#4429,.T.);
#5845=ORIENTED_EDGE('',*,*,#4037,.F.);
#5846=ORIENTED_EDGE('',*,*,#4301,.F.);
#5847=ORIENTED_EDGE('',*,*,#4430,.T.);
#5848=ORIENTED_EDGE('',*,*,#4411,.F.);
#5849=ORIENTED_EDGE('',*,*,#4431,.T.);
#5850=ORIENTED_EDGE('',*,*,#4432,.T.);
#5851=ORIENTED_EDGE('',*,*,#4433,.T.);
#5852=ORIENTED_EDGE('',*,*,#4434,.T.);
#5853=ORIENTED_EDGE('',*,*,#4435,.T.);
#5854=ORIENTED_EDGE('',*,*,#4276,.F.);
#5855=ORIENTED_EDGE('',*,*,#4436,.T.);
#5856=ORIENTED_EDGE('',*,*,#4339,.F.);
#5857=ORIENTED_EDGE('',*,*,#4437,.T.);
#5858=ORIENTED_EDGE('',*,*,#4409,.F.);
#5859=ORIENTED_EDGE('',*,*,#4438,.T.);
#5860=ORIENTED_EDGE('',*,*,#4439,.T.);
#5861=ORIENTED_EDGE('',*,*,#4279,.F.);
#5862=ORIENTED_EDGE('',*,*,#4440,.T.);
#5863=ORIENTED_EDGE('',*,*,#4441,.T.);
#5864=ORIENTED_EDGE('',*,*,#4442,.T.);
#5865=ORIENTED_EDGE('',*,*,#4443,.T.);
#5866=ORIENTED_EDGE('',*,*,#4444,.T.);
#5867=ORIENTED_EDGE('',*,*,#4388,.F.);
#5868=ORIENTED_EDGE('',*,*,#4445,.T.);
#5869=ORIENTED_EDGE('',*,*,#4446,.T.);
#5870=ORIENTED_EDGE('',*,*,#4447,.T.);
#5871=ORIENTED_EDGE('',*,*,#4445,.F.);
#5872=ORIENTED_EDGE('',*,*,#4387,.F.);
#5873=ORIENTED_EDGE('',*,*,#4225,.F.);
#5874=ORIENTED_EDGE('',*,*,#4448,.T.);
#5875=ORIENTED_EDGE('',*,*,#4189,.F.);
#5876=ORIENTED_EDGE('',*,*,#4449,.T.);
#5877=ORIENTED_EDGE('',*,*,#4450,.T.);
#5878=ORIENTED_EDGE('',*,*,#4396,.F.);
#5879=ORIENTED_EDGE('',*,*,#4329,.F.);
#5880=ORIENTED_EDGE('',*,*,#4451,.T.);
#5881=ORIENTED_EDGE('',*,*,#4381,.F.);
#5882=ORIENTED_EDGE('',*,*,#4362,.F.);
#5883=ORIENTED_EDGE('',*,*,#4166,.F.);
#5884=ORIENTED_EDGE('',*,*,#4297,.F.);
#5885=ORIENTED_EDGE('',*,*,#4452,.T.);
#5886=ORIENTED_EDGE('',*,*,#4453,.T.);
#5887=ORIENTED_EDGE('',*,*,#4454,.T.);
#5888=ORIENTED_EDGE('',*,*,#4455,.T.);
#5889=ORIENTED_EDGE('',*,*,#4456,.T.);
#5890=ORIENTED_EDGE('',*,*,#4457,.T.);
#5891=ORIENTED_EDGE('',*,*,#4458,.T.);
#5892=ORIENTED_EDGE('',*,*,#4287,.F.);
#5893=ORIENTED_EDGE('',*,*,#4459,.T.);
#5894=ORIENTED_EDGE('',*,*,#4427,.F.);
#5895=ORIENTED_EDGE('',*,*,#4384,.F.);
#5896=ORIENTED_EDGE('',*,*,#4460,.T.);
#5897=ORIENTED_EDGE('',*,*,#4461,.T.);
#5898=ORIENTED_EDGE('',*,*,#4462,.T.);
#5899=ORIENTED_EDGE('',*,*,#4463,.T.);
#5900=ORIENTED_EDGE('',*,*,#4464,.T.);
#5901=ORIENTED_EDGE('',*,*,#4465,.T.);
#5902=ORIENTED_EDGE('',*,*,#4466,.T.);
#5903=ORIENTED_EDGE('',*,*,#4467,.T.);
#5904=ORIENTED_EDGE('',*,*,#4468,.T.);
#5905=ORIENTED_EDGE('',*,*,#4356,.F.);
#5906=ORIENTED_EDGE('',*,*,#4389,.F.);
#5907=ORIENTED_EDGE('',*,*,#4444,.F.);
#5908=ORIENTED_EDGE('',*,*,#4469,.T.);
#5909=ORIENTED_EDGE('',*,*,#4470,.T.);
#5910=ORIENTED_EDGE('',*,*,#4471,.T.);
#5911=ORIENTED_EDGE('',*,*,#4260,.F.);
#5912=ORIENTED_EDGE('',*,*,#4472,.T.);
#5913=ORIENTED_EDGE('',*,*,#4473,.T.);
#5914=ORIENTED_EDGE('',*,*,#4474,.T.);
#5915=ORIENTED_EDGE('',*,*,#4475,.T.);
#5916=ORIENTED_EDGE('',*,*,#4476,.T.);
#5917=ORIENTED_EDGE('',*,*,#4038,.F.);
#5918=ORIENTED_EDGE('',*,*,#4429,.F.);
#5919=ORIENTED_EDGE('',*,*,#4477,.T.);
#5920=ORIENTED_EDGE('',*,*,#4478,.T.);
#5921=ORIENTED_EDGE('',*,*,#4479,.T.);
#5922=ORIENTED_EDGE('',*,*,#4390,.F.);
#5923=ORIENTED_EDGE('',*,*,#4354,.F.);
#5924=ORIENTED_EDGE('',*,*,#4407,.F.);
#5925=ORIENTED_EDGE('',*,*,#4480,.T.);
#5926=ORIENTED_EDGE('',*,*,#4481,.T.);
#5927=ORIENTED_EDGE('',*,*,#4482,.T.);
#5928=ORIENTED_EDGE('',*,*,#4483,.T.);
#5929=ORIENTED_EDGE('',*,*,#4425,.F.);
#5930=ORIENTED_EDGE('',*,*,#4179,.F.);
#5931=ORIENTED_EDGE('',*,*,#4344,.F.);
#5932=ORIENTED_EDGE('',*,*,#4484,.T.);
#5933=ORIENTED_EDGE('',*,*,#4289,.F.);
#5934=ORIENTED_EDGE('',*,*,#4485,.T.);
#5935=ORIENTED_EDGE('',*,*,#4470,.F.);
#5936=ORIENTED_EDGE('',*,*,#4486,.T.);
#5937=ORIENTED_EDGE('',*,*,#4108,.F.);
#5938=ORIENTED_EDGE('',*,*,#4104,.F.);
#5939=ORIENTED_EDGE('',*,*,#4487,.T.);
#5940=ORIENTED_EDGE('',*,*,#4488,.T.);
#5941=ORIENTED_EDGE('',*,*,#4489,.T.);
#5942=ORIENTED_EDGE('',*,*,#4490,.T.);
#5943=ORIENTED_EDGE('',*,*,#4491,.T.);
#5944=ORIENTED_EDGE('',*,*,#4492,.T.);
#5945=ORIENTED_EDGE('',*,*,#4493,.T.);
#5946=ORIENTED_EDGE('',*,*,#4316,.F.);
#5947=ORIENTED_EDGE('',*,*,#4422,.F.);
#5948=ORIENTED_EDGE('',*,*,#4365,.F.);
#5949=ORIENTED_EDGE('',*,*,#4494,.T.);
#5950=ORIENTED_EDGE('',*,*,#4491,.F.);
#5951=ORIENTED_EDGE('',*,*,#4495,.T.);
#5952=ORIENTED_EDGE('',*,*,#4496,.T.);
#5953=ORIENTED_EDGE('',*,*,#4497,.T.);
#5954=ORIENTED_EDGE('',*,*,#4498,.T.);
#5955=ORIENTED_EDGE('',*,*,#4131,.F.);
#5956=ORIENTED_EDGE('',*,*,#4499,.T.);
#5957=ORIENTED_EDGE('',*,*,#4500,.T.);
#5958=ORIENTED_EDGE('',*,*,#4501,.T.);
#5959=ORIENTED_EDGE('',*,*,#4502,.T.);
#5960=ORIENTED_EDGE('',*,*,#4503,.T.);
#5961=ORIENTED_EDGE('',*,*,#4320,.F.);
#5962=ORIENTED_EDGE('',*,*,#4504,.T.);
#5963=ORIENTED_EDGE('',*,*,#4326,.F.);
#5964=ORIENTED_EDGE('',*,*,#4392,.F.);
#5965=ORIENTED_EDGE('',*,*,#4251,.F.);
#5966=ORIENTED_EDGE('',*,*,#4505,.T.);
#5967=ORIENTED_EDGE('',*,*,#4367,.F.);
#5968=ORIENTED_EDGE('',*,*,#4421,.F.);
#5969=ORIENTED_EDGE('',*,*,#4423,.F.);
#5970=ORIENTED_EDGE('',*,*,#4253,.F.);
#5971=ORIENTED_EDGE('',*,*,#4395,.F.);
#5972=ORIENTED_EDGE('',*,*,#4282,.F.);
#5973=ORIENTED_EDGE('',*,*,#4506,.T.);
#5974=ORIENTED_EDGE('',*,*,#4413,.F.);
#5975=ORIENTED_EDGE('',*,*,#4507,.T.);
#5976=ORIENTED_EDGE('',*,*,#4508,.T.);
#5977=ORIENTED_EDGE('',*,*,#4346,.F.);
#5978=ORIENTED_EDGE('',*,*,#4509,.T.);
#5979=ORIENTED_EDGE('',*,*,#4510,.T.);
#5980=ORIENTED_EDGE('',*,*,#4106,.F.);
#5981=ORIENTED_EDGE('',*,*,#4110,.F.);
#5982=ORIENTED_EDGE('',*,*,#4511,.T.);
#5983=ORIENTED_EDGE('',*,*,#4512,.T.);
#5984=ORIENTED_EDGE('',*,*,#4513,.T.);
#5985=ORIENTED_EDGE('',*,*,#4514,.T.);
#5986=ORIENTED_EDGE('',*,*,#4515,.T.);
#5987=ORIENTED_EDGE('',*,*,#4157,.F.);
#5988=ORIENTED_EDGE('',*,*,#4516,.T.);
#5989=ORIENTED_EDGE('',*,*,#4517,.T.);
#5990=ORIENTED_EDGE('',*,*,#4518,.T.);
#5991=ORIENTED_EDGE('',*,*,#4153,.F.);
#5992=ORIENTED_EDGE('',*,*,#4150,.F.);
#5993=ORIENTED_EDGE('',*,*,#4265,.F.);
#5994=ORIENTED_EDGE('',*,*,#4519,.T.);
#5995=ORIENTED_EDGE('',*,*,#4284,.F.);
#5996=ORIENTED_EDGE('',*,*,#4394,.F.);
#5997=ORIENTED_EDGE('',*,*,#4520,.T.);
#5998=ORIENTED_EDGE('',*,*,#4521,.T.);
#5999=ORIENTED_EDGE('',*,*,#4412,.F.);
#6000=ORIENTED_EDGE('',*,*,#4433,.F.);
#6001=ORIENTED_EDGE('',*,*,#4522,.T.);
#6002=ORIENTED_EDGE('',*,*,#4507,.F.);
#6003=ORIENTED_EDGE('',*,*,#4523,.T.);
#6004=ORIENTED_EDGE('',*,*,#4340,.F.);
#6005=ORIENTED_EDGE('',*,*,#4436,.F.);
#6006=ORIENTED_EDGE('',*,*,#4275,.F.);
#6007=ORIENTED_EDGE('',*,*,#4524,.T.);
#6008=ORIENTED_EDGE('',*,*,#4525,.T.);
#6009=ORIENTED_EDGE('',*,*,#4526,.T.);
#6010=ORIENTED_EDGE('',*,*,#4527,.T.);
#6011=ORIENTED_EDGE('',*,*,#4528,.T.);
#6012=ORIENTED_EDGE('',*,*,#4529,.T.);
#6013=ORIENTED_EDGE('',*,*,#4530,.T.);
#6014=ORIENTED_EDGE('',*,*,#4531,.T.);
#6015=ORIENTED_EDGE('',*,*,#4231,.F.);
#6016=ORIENTED_EDGE('',*,*,#4532,.T.);
#6017=ORIENTED_EDGE('',*,*,#4203,.F.);
#6018=ORIENTED_EDGE('',*,*,#4348,.F.);
#6019=ORIENTED_EDGE('',*,*,#4533,.T.);
#6020=ORIENTED_EDGE('',*,*,#4534,.T.);
#6021=ORIENTED_EDGE('',*,*,#4236,.F.);
#6022=ORIENTED_EDGE('',*,*,#4535,.T.);
#6023=ORIENTED_EDGE('',*,*,#4460,.F.);
#6024=ORIENTED_EDGE('',*,*,#4391,.F.);
#6025=ORIENTED_EDGE('',*,*,#4479,.F.);
#6026=ORIENTED_EDGE('',*,*,#4536,.T.);
#6027=ORIENTED_EDGE('',*,*,#4476,.F.);
#6028=ORIENTED_EDGE('',*,*,#4537,.T.);
#6029=ORIENTED_EDGE('',*,*,#4299,.F.);
#6030=ORIENTED_EDGE('',*,*,#4035,.F.);
#6031=ORIENTED_EDGE('',*,*,#4538,.T.);
#6032=ORIENTED_EDGE('',*,*,#4539,.T.);
#6033=ORIENTED_EDGE('',*,*,#4540,.T.);
#6034=ORIENTED_EDGE('',*,*,#4541,.T.);
#6035=ORIENTED_EDGE('',*,*,#4542,.T.);
#6036=ORIENTED_EDGE('',*,*,#4543,.T.);
#6037=ORIENTED_EDGE('',*,*,#4371,.F.);
#6038=ORIENTED_EDGE('',*,*,#4544,.T.);
#6039=ORIENTED_EDGE('',*,*,#4545,.T.);
#6040=ORIENTED_EDGE('',*,*,#4546,.T.);
#6041=ORIENTED_EDGE('',*,*,#4547,.T.);
#6042=ORIENTED_EDGE('',*,*,#4548,.T.);
#6043=ORIENTED_EDGE('',*,*,#4549,.T.);
#6044=ORIENTED_EDGE('',*,*,#4550,.T.);
#6045=ORIENTED_EDGE('',*,*,#4214,.F.);
#6046=ORIENTED_EDGE('',*,*,#4247,.F.);
#6047=ORIENTED_EDGE('',*,*,#4551,.T.);
#6048=ORIENTED_EDGE('',*,*,#4552,.T.);
#6049=ORIENTED_EDGE('',*,*,#4382,.F.);
#6050=ORIENTED_EDGE('',*,*,#4451,.F.);
#6051=ORIENTED_EDGE('',*,*,#4328,.F.);
#6052=ORIENTED_EDGE('',*,*,#4553,.T.);
#6053=ORIENTED_EDGE('',*,*,#4335,.F.);
#6054=ORIENTED_EDGE('',*,*,#4554,.T.);
#6055=ORIENTED_EDGE('',*,*,#4378,.F.);
#6056=ORIENTED_EDGE('',*,*,#4555,.T.);
#6057=ORIENTED_EDGE('',*,*,#4556,.T.);
#6058=ORIENTED_EDGE('',*,*,#4557,.T.);
#6059=ORIENTED_EDGE('',*,*,#4558,.T.);
#6060=ORIENTED_EDGE('',*,*,#4559,.T.);
#6061=ORIENTED_EDGE('',*,*,#4560,.T.);
#6062=ORIENTED_EDGE('',*,*,#4561,.T.);
#6063=ORIENTED_EDGE('',*,*,#4562,.T.);
#6064=ORIENTED_EDGE('',*,*,#4563,.T.);
#6065=ORIENTED_EDGE('',*,*,#4564,.T.);
#6066=ORIENTED_EDGE('',*,*,#4565,.T.);
#6067=ORIENTED_EDGE('',*,*,#4566,.T.);
#6068=ORIENTED_EDGE('',*,*,#4524,.F.);
#6069=ORIENTED_EDGE('',*,*,#4567,.T.);
#6070=ORIENTED_EDGE('',*,*,#4568,.T.);
#6071=ORIENTED_EDGE('',*,*,#4569,.T.);
#6072=ORIENTED_EDGE('',*,*,#4570,.T.);
#6073=ORIENTED_EDGE('',*,*,#4571,.T.);
#6074=ORIENTED_EDGE('',*,*,#4337,.F.);
#6075=ORIENTED_EDGE('',*,*,#4523,.F.);
#6076=ORIENTED_EDGE('',*,*,#4274,.F.);
#6077=ORIENTED_EDGE('',*,*,#4572,.T.);
#6078=ORIENTED_EDGE('',*,*,#4573,.T.);
#6079=ORIENTED_EDGE('',*,*,#4486,.F.);
#6080=ORIENTED_EDGE('',*,*,#4574,.T.);
#6081=ORIENTED_EDGE('',*,*,#4511,.F.);
#6082=ORIENTED_EDGE('',*,*,#4109,.F.);
#6083=ORIENTED_EDGE('',*,*,#4487,.F.);
#6084=ORIENTED_EDGE('',*,*,#4107,.F.);
#6085=ORIENTED_EDGE('',*,*,#4510,.F.);
#6086=ORIENTED_EDGE('',*,*,#4575,.T.);
#6087=ORIENTED_EDGE('',*,*,#4576,.T.);
#6088=ORIENTED_EDGE('',*,*,#4262,.F.);
#6089=ORIENTED_EDGE('',*,*,#4577,.T.);
#6090=ORIENTED_EDGE('',*,*,#4556,.F.);
#6091=ORIENTED_EDGE('',*,*,#4490,.F.);
#6092=ORIENTED_EDGE('',*,*,#4578,.T.);
#6093=ORIENTED_EDGE('',*,*,#4579,.T.);
#6094=ORIENTED_EDGE('',*,*,#4495,.F.);
#6095=ORIENTED_EDGE('',*,*,#4376,.F.);
#6096=ORIENTED_EDGE('',*,*,#4580,.T.);
#6097=ORIENTED_EDGE('',*,*,#4581,.T.);
#6098=ORIENTED_EDGE('',*,*,#4143,.F.);
#6099=ORIENTED_EDGE('',*,*,#4582,.T.);
#6100=ORIENTED_EDGE('',*,*,#4526,.F.);
#6101=ORIENTED_EDGE('',*,*,#4583,.T.);
#6102=ORIENTED_EDGE('',*,*,#4584,.T.);
#6103=ORIENTED_EDGE('',*,*,#4585,.T.);
#6104=ORIENTED_EDGE('',*,*,#4586,.T.);
#6105=ORIENTED_EDGE('',*,*,#4587,.T.);
#6106=ORIENTED_EDGE('',*,*,#4588,.T.);
#6107=ORIENTED_EDGE('',*,*,#4589,.T.);
#6108=ORIENTED_EDGE('',*,*,#4134,.F.);
#6109=ORIENTED_EDGE('',*,*,#4160,.F.);
#6110=ORIENTED_EDGE('',*,*,#4161,.F.);
#6111=ORIENTED_EDGE('',*,*,#4124,.F.);
#6112=ORIENTED_EDGE('',*,*,#4590,.T.);
#6113=ORIENTED_EDGE('',*,*,#4273,.F.);
#6114=ORIENTED_EDGE('',*,*,#4591,.T.);
#6115=ORIENTED_EDGE('',*,*,#4529,.F.);
#6116=ORIENTED_EDGE('',*,*,#4592,.T.);
#6117=ORIENTED_EDGE('',*,*,#4593,.T.);
#6118=ORIENTED_EDGE('',*,*,#4513,.F.);
#6119=ORIENTED_EDGE('',*,*,#4594,.T.);
#6120=ORIENTED_EDGE('',*,*,#4570,.F.);
#6121=ORIENTED_EDGE('',*,*,#4595,.T.);
#6122=ORIENTED_EDGE('',*,*,#4583,.F.);
#6123=ORIENTED_EDGE('',*,*,#4525,.F.);
#6124=ORIENTED_EDGE('',*,*,#4596,.T.);
#6125=ORIENTED_EDGE('',*,*,#4597,.T.);
#6126=ORIENTED_EDGE('',*,*,#4598,.T.);
#6127=ORIENTED_EDGE('',*,*,#4599,.T.);
#6128=ORIENTED_EDGE('',*,*,#4600,.T.);
#6129=ORIENTED_EDGE('',*,*,#4488,.F.);
#6130=ORIENTED_EDGE('',*,*,#4575,.F.);
#6131=ORIENTED_EDGE('',*,*,#4509,.F.);
#6132=ORIENTED_EDGE('',*,*,#4601,.T.);
#6133=ORIENTED_EDGE('',*,*,#4602,.T.);
#6134=ORIENTED_EDGE('',*,*,#4603,.T.);
#6135=ORIENTED_EDGE('',*,*,#4604,.T.);
#6136=ORIENTED_EDGE('',*,*,#4605,.T.);
#6137=ORIENTED_EDGE('',*,*,#4489,.F.);
#6138=ORIENTED_EDGE('',*,*,#4606,.T.);
#6139=ORIENTED_EDGE('',*,*,#4568,.F.);
#6140=ORIENTED_EDGE('',*,*,#4562,.F.);
#6141=ORIENTED_EDGE('',*,*,#4607,.T.);
#6142=ORIENTED_EDGE('',*,*,#4608,.T.);
#6143=ORIENTED_EDGE('',*,*,#4578,.F.);
#6144=ORIENTED_EDGE('',*,*,#4609,.T.);
#6145=ORIENTED_EDGE('',*,*,#4610,.T.);
#6146=ORIENTED_EDGE('',*,*,#4611,.T.);
#6147=ORIENTED_EDGE('',*,*,#4612,.T.);
#6148=ORIENTED_EDGE('',*,*,#4613,.T.);
#6149=ORIENTED_EDGE('',*,*,#4614,.T.);
#6150=ORIENTED_EDGE('',*,*,#4615,.T.);
#6151=ORIENTED_EDGE('',*,*,#4186,.F.);
#6152=ORIENTED_EDGE('',*,*,#4448,.F.);
#6153=ORIENTED_EDGE('',*,*,#4616,.T.);
#6154=ORIENTED_EDGE('',*,*,#4617,.T.);
#6155=ORIENTED_EDGE('',*,*,#4618,.T.);
#6156=ORIENTED_EDGE('',*,*,#4619,.T.);
#6157=ORIENTED_EDGE('',*,*,#4620,.T.);
#6158=ORIENTED_EDGE('',*,*,#4621,.T.);
#6159=ORIENTED_EDGE('',*,*,#4622,.T.);
#6160=ORIENTED_EDGE('',*,*,#4623,.T.);
#6161=ORIENTED_EDGE('',*,*,#4152,.F.);
#6162=ORIENTED_EDGE('',*,*,#4624,.T.);
#6163=ORIENTED_EDGE('',*,*,#4263,.F.);
#6164=ORIENTED_EDGE('',*,*,#4148,.F.);
#6165=ORIENTED_EDGE('',*,*,#4369,.F.);
#6166=ORIENTED_EDGE('',*,*,#4625,.T.);
#6167=ORIENTED_EDGE('',*,*,#4244,.F.);
#6168=ORIENTED_EDGE('',*,*,#4291,.F.);
#6169=ORIENTED_EDGE('',*,*,#4626,.T.);
#6170=ORIENTED_EDGE('',*,*,#4191,.F.);
#6171=ORIENTED_EDGE('',*,*,#4627,.T.);
#6172=ORIENTED_EDGE('',*,*,#4628,.T.);
#6173=ORIENTED_EDGE('',*,*,#4572,.F.);
#6174=ORIENTED_EDGE('',*,*,#4277,.F.);
#6175=ORIENTED_EDGE('',*,*,#4435,.F.);
#6176=ORIENTED_EDGE('',*,*,#4629,.T.);
#6177=ORIENTED_EDGE('',*,*,#4630,.T.);
#6178=ORIENTED_EDGE('',*,*,#4598,.F.);
#6179=ORIENTED_EDGE('',*,*,#4631,.T.);
#6180=ORIENTED_EDGE('',*,*,#4632,.T.);
#6181=ORIENTED_EDGE('',*,*,#4605,.F.);
#6182=ORIENTED_EDGE('',*,*,#4633,.T.);
#6183=ORIENTED_EDGE('',*,*,#4256,.F.);
#6184=ORIENTED_EDGE('',*,*,#4634,.T.);
#6185=ORIENTED_EDGE('',*,*,#4569,.F.);
#6186=ORIENTED_EDGE('',*,*,#4635,.T.);
#6187=ORIENTED_EDGE('',*,*,#4636,.T.);
#6188=ORIENTED_EDGE('',*,*,#4584,.F.);
#6189=ORIENTED_EDGE('',*,*,#4595,.F.);
#6190=ORIENTED_EDGE('',*,*,#4637,.T.);
#6191=ORIENTED_EDGE('',*,*,#4638,.T.);
#6192=ORIENTED_EDGE('',*,*,#4639,.T.);
#6193=ORIENTED_EDGE('',*,*,#4640,.T.);
#6194=ORIENTED_EDGE('',*,*,#4641,.T.);
#6195=ORIENTED_EDGE('',*,*,#4313,.F.);
#6196=ORIENTED_EDGE('',*,*,#4199,.F.);
#6197=ORIENTED_EDGE('',*,*,#4144,.F.);
#6198=ORIENTED_EDGE('',*,*,#4581,.F.);
#6199=ORIENTED_EDGE('',*,*,#4642,.T.);
#6200=ORIENTED_EDGE('',*,*,#4410,.F.);
#6201=ORIENTED_EDGE('',*,*,#4281,.F.);
#6202=ORIENTED_EDGE('',*,*,#4643,.T.);
#6203=ORIENTED_EDGE('',*,*,#4431,.F.);
#6204=ORIENTED_EDGE('',*,*,#4401,.F.);
#6205=ORIENTED_EDGE('',*,*,#4644,.T.);
#6206=ORIENTED_EDGE('',*,*,#4645,.T.);
#6207=ORIENTED_EDGE('',*,*,#4646,.T.);
#6208=ORIENTED_EDGE('',*,*,#4126,.F.);
#6209=ORIENTED_EDGE('',*,*,#4647,.T.);
#6210=ORIENTED_EDGE('',*,*,#4648,.T.);
#6211=ORIENTED_EDGE('',*,*,#4649,.T.);
#6212=ORIENTED_EDGE('',*,*,#4517,.F.);
#6213=ORIENTED_EDGE('',*,*,#4650,.T.);
#6214=ORIENTED_EDGE('',*,*,#4651,.T.);
#6215=ORIENTED_EDGE('',*,*,#4652,.T.);
#6216=ORIENTED_EDGE('',*,*,#4653,.T.);
#6217=ORIENTED_EDGE('',*,*,#4654,.T.);
#6218=ORIENTED_EDGE('',*,*,#4414,.F.);
#6219=ORIENTED_EDGE('',*,*,#4305,.F.);
#6220=ORIENTED_EDGE('',*,*,#4655,.T.);
#6221=ORIENTED_EDGE('',*,*,#4656,.T.);
#6222=ORIENTED_EDGE('',*,*,#4657,.T.);
#6223=ORIENTED_EDGE('',*,*,#4208,.F.);
#6224=ORIENTED_EDGE('',*,*,#4658,.T.);
#6225=ORIENTED_EDGE('',*,*,#4659,.T.);
#6226=ORIENTED_EDGE('',*,*,#4648,.F.);
#6227=ORIENTED_EDGE('',*,*,#4660,.T.);
#6228=ORIENTED_EDGE('',*,*,#4661,.T.);
#6229=ORIENTED_EDGE('',*,*,#4662,.T.);
#6230=ORIENTED_EDGE('',*,*,#4351,.F.);
#6231=ORIENTED_EDGE('',*,*,#4663,.T.);
#6232=ORIENTED_EDGE('',*,*,#4664,.T.);
#6233=ORIENTED_EDGE('',*,*,#4665,.T.);
#6234=ORIENTED_EDGE('',*,*,#4408,.F.);
#6235=ORIENTED_EDGE('',*,*,#4482,.F.);
#6236=ORIENTED_EDGE('',*,*,#4666,.T.);
#6237=ORIENTED_EDGE('',*,*,#4438,.F.);
#6238=ORIENTED_EDGE('',*,*,#4618,.F.);
#6239=ORIENTED_EDGE('',*,*,#4667,.T.);
#6240=ORIENTED_EDGE('',*,*,#4620,.F.);
#6241=ORIENTED_EDGE('',*,*,#4668,.T.);
#6242=ORIENTED_EDGE('',*,*,#4573,.F.);
#6243=ORIENTED_EDGE('',*,*,#4629,.F.);
#6244=ORIENTED_EDGE('',*,*,#4434,.F.);
#6245=ORIENTED_EDGE('',*,*,#4669,.T.);
#6246=ORIENTED_EDGE('',*,*,#4563,.F.);
#6247=ORIENTED_EDGE('',*,*,#4567,.F.);
#6248=ORIENTED_EDGE('',*,*,#4527,.F.);
#6249=ORIENTED_EDGE('',*,*,#4582,.F.);
#6250=ORIENTED_EDGE('',*,*,#4670,.T.);
#6251=ORIENTED_EDGE('',*,*,#4671,.T.);
#6252=ORIENTED_EDGE('',*,*,#4672,.T.);
#6253=ORIENTED_EDGE('',*,*,#4673,.T.);
#6254=ORIENTED_EDGE('',*,*,#4674,.T.);
#6255=ORIENTED_EDGE('',*,*,#4120,.F.);
#6256=ORIENTED_EDGE('',*,*,#4127,.F.);
#6257=ORIENTED_EDGE('',*,*,#4646,.F.);
#6258=ORIENTED_EDGE('',*,*,#4675,.T.);
#6259=ORIENTED_EDGE('',*,*,#4137,.F.);
#6260=ORIENTED_EDGE('',*,*,#4141,.F.);
#6261=ORIENTED_EDGE('',*,*,#4117,.F.);
#6262=ORIENTED_EDGE('',*,*,#4102,.F.);
#6263=ORIENTED_EDGE('',*,*,#4561,.F.);
#6264=ORIENTED_EDGE('',*,*,#4676,.T.);
#6265=ORIENTED_EDGE('',*,*,#4677,.T.);
#6266=ORIENTED_EDGE('',*,*,#4607,.F.);
#6267=ORIENTED_EDGE('',*,*,#4678,.T.);
#6268=ORIENTED_EDGE('',*,*,#4679,.T.);
#6269=ORIENTED_EDGE('',*,*,#4680,.T.);
#6270=ORIENTED_EDGE('',*,*,#4681,.T.);
#6271=ORIENTED_EDGE('',*,*,#4682,.T.);
#6272=ORIENTED_EDGE('',*,*,#4683,.T.);
#6273=ORIENTED_EDGE('',*,*,#4248,.F.);
#6274=ORIENTED_EDGE('',*,*,#4212,.F.);
#6275=ORIENTED_EDGE('',*,*,#4684,.T.);
#6276=ORIENTED_EDGE('',*,*,#4138,.F.);
#6277=ORIENTED_EDGE('',*,*,#4675,.F.);
#6278=ORIENTED_EDGE('',*,*,#4645,.F.);
#6279=ORIENTED_EDGE('',*,*,#4685,.T.);
#6280=ORIENTED_EDGE('',*,*,#4686,.T.);
#6281=ORIENTED_EDGE('',*,*,#4627,.F.);
#6282=ORIENTED_EDGE('',*,*,#4190,.F.);
#6283=ORIENTED_EDGE('',*,*,#4687,.T.);
#6284=ORIENTED_EDGE('',*,*,#4377,.F.);
#6285=ORIENTED_EDGE('',*,*,#4314,.F.);
#6286=ORIENTED_EDGE('',*,*,#4641,.F.);
#6287=ORIENTED_EDGE('',*,*,#4688,.T.);
#6288=ORIENTED_EDGE('',*,*,#4499,.F.);
#6289=ORIENTED_EDGE('',*,*,#4130,.F.);
#6290=ORIENTED_EDGE('',*,*,#4689,.T.);
#6291=ORIENTED_EDGE('',*,*,#4690,.T.);
#6292=ORIENTED_EDGE('',*,*,#4691,.T.);
#6293=ORIENTED_EDGE('',*,*,#4692,.T.);
#6294=ORIENTED_EDGE('',*,*,#4402,.F.);
#6295=ORIENTED_EDGE('',*,*,#4139,.F.);
#6296=ORIENTED_EDGE('',*,*,#4684,.F.);
#6297=ORIENTED_EDGE('',*,*,#4644,.F.);
#6298=ORIENTED_EDGE('',*,*,#4405,.F.);
#6299=ORIENTED_EDGE('',*,*,#4693,.T.);
#6300=ORIENTED_EDGE('',*,*,#4269,.F.);
#6301=ORIENTED_EDGE('',*,*,#4694,.T.);
#6302=ORIENTED_EDGE('',*,*,#4502,.F.);
#6303=ORIENTED_EDGE('',*,*,#4695,.T.);
#6304=ORIENTED_EDGE('',*,*,#4492,.F.);
#6305=ORIENTED_EDGE('',*,*,#4497,.F.);
#6306=ORIENTED_EDGE('',*,*,#4696,.T.);
#6307=ORIENTED_EDGE('',*,*,#4697,.T.);
#6308=ORIENTED_EDGE('',*,*,#4698,.T.);
#6309=ORIENTED_EDGE('',*,*,#4309,.F.);
#6310=ORIENTED_EDGE('',*,*,#4699,.T.);
#6311=ORIENTED_EDGE('',*,*,#4638,.F.);
#6312=ORIENTED_EDGE('',*,*,#4700,.T.);
#6313=ORIENTED_EDGE('',*,*,#4701,.T.);
#6314=ORIENTED_EDGE('',*,*,#4702,.T.);
#6315=ORIENTED_EDGE('',*,*,#4703,.T.);
#6316=ORIENTED_EDGE('',*,*,#4635,.F.);
#6317=ORIENTED_EDGE('',*,*,#4606,.F.);
#6318=ORIENTED_EDGE('',*,*,#4600,.F.);
#6319=ORIENTED_EDGE('',*,*,#4704,.T.);
#6320=ORIENTED_EDGE('',*,*,#4686,.F.);
#6321=ORIENTED_EDGE('',*,*,#4705,.T.);
#6322=ORIENTED_EDGE('',*,*,#4706,.T.);
#6323=ORIENTED_EDGE('',*,*,#4707,.T.);
#6324=ORIENTED_EDGE('',*,*,#4628,.F.);
#6325=ORIENTED_EDGE('',*,*,#4622,.F.);
#6326=ORIENTED_EDGE('',*,*,#4708,.T.);
#6327=ORIENTED_EDGE('',*,*,#4596,.F.);
#6328=ORIENTED_EDGE('',*,*,#4709,.T.);
#6329=ORIENTED_EDGE('',*,*,#4324,.F.);
#6330=ORIENTED_EDGE('',*,*,#4710,.T.);
#6331=ORIENTED_EDGE('',*,*,#4520,.F.);
#6332=ORIENTED_EDGE('',*,*,#4393,.F.);
#6333=ORIENTED_EDGE('',*,*,#4222,.F.);
#6334=ORIENTED_EDGE('',*,*,#4350,.F.);
#6335=ORIENTED_EDGE('',*,*,#4711,.T.);
#6336=ORIENTED_EDGE('',*,*,#4712,.T.);
#6337=ORIENTED_EDGE('',*,*,#4713,.T.);
#6338=ORIENTED_EDGE('',*,*,#4589,.F.);
#6339=ORIENTED_EDGE('',*,*,#4714,.T.);
#6340=ORIENTED_EDGE('',*,*,#4715,.T.);
#6341=ORIENTED_EDGE('',*,*,#4716,.T.);
#6342=ORIENTED_EDGE('',*,*,#4717,.T.);
#6343=ORIENTED_EDGE('',*,*,#4718,.T.);
#6344=ORIENTED_EDGE('',*,*,#4610,.F.);
#6345=ORIENTED_EDGE('',*,*,#4719,.T.);
#6346=ORIENTED_EDGE('',*,*,#4720,.T.);
#6347=ORIENTED_EDGE('',*,*,#4689,.F.);
#6348=ORIENTED_EDGE('',*,*,#4129,.F.);
#6349=ORIENTED_EDGE('',*,*,#4721,.T.);
#6350=ORIENTED_EDGE('',*,*,#4722,.T.);
#6351=ORIENTED_EDGE('',*,*,#4723,.T.);
#6352=ORIENTED_EDGE('',*,*,#4701,.F.);
#6353=ORIENTED_EDGE('',*,*,#4498,.F.);
#6354=ORIENTED_EDGE('',*,*,#4724,.T.);
#6355=ORIENTED_EDGE('',*,*,#4719,.F.);
#6356=ORIENTED_EDGE('',*,*,#4128,.F.);
#6357=ORIENTED_EDGE('',*,*,#4725,.T.);
#6358=ORIENTED_EDGE('',*,*,#4703,.F.);
#6359=ORIENTED_EDGE('',*,*,#4726,.T.);
#6360=ORIENTED_EDGE('',*,*,#4587,.F.);
#6361=ORIENTED_EDGE('',*,*,#4727,.T.);
#6362=ORIENTED_EDGE('',*,*,#4728,.T.);
#6363=ORIENTED_EDGE('',*,*,#4729,.T.);
#6364=ORIENTED_EDGE('',*,*,#4249,.F.);
#6365=ORIENTED_EDGE('',*,*,#4683,.F.);
#6366=ORIENTED_EDGE('',*,*,#4730,.T.);
#6367=ORIENTED_EDGE('',*,*,#4650,.F.);
#6368=ORIENTED_EDGE('',*,*,#4516,.F.);
#6369=ORIENTED_EDGE('',*,*,#4156,.F.);
#6370=ORIENTED_EDGE('',*,*,#4218,.F.);
#6371=ORIENTED_EDGE('',*,*,#4731,.T.);
#6372=ORIENTED_EDGE('',*,*,#4539,.F.);
#6373=ORIENTED_EDGE('',*,*,#4732,.T.);
#6374=ORIENTED_EDGE('',*,*,#4733,.T.);
#6375=ORIENTED_EDGE('',*,*,#4734,.T.);
#6376=ORIENTED_EDGE('',*,*,#4514,.F.);
#6377=ORIENTED_EDGE('',*,*,#4593,.F.);
#6378=ORIENTED_EDGE('',*,*,#4735,.T.);
#6379=ORIENTED_EDGE('',*,*,#4612,.F.);
#6380=ORIENTED_EDGE('',*,*,#4736,.T.);
#6381=ORIENTED_EDGE('',*,*,#4737,.T.);
#6382=ORIENTED_EDGE('',*,*,#4711,.F.);
#6383=ORIENTED_EDGE('',*,*,#4349,.F.);
#6384=ORIENTED_EDGE('',*,*,#4293,.F.);
#6385=ORIENTED_EDGE('',*,*,#4738,.T.);
#6386=ORIENTED_EDGE('',*,*,#4661,.F.);
#6387=ORIENTED_EDGE('',*,*,#4739,.T.);
#6388=ORIENTED_EDGE('',*,*,#4740,.T.);
#6389=ORIENTED_EDGE('',*,*,#4741,.T.);
#6390=ORIENTED_EDGE('',*,*,#4742,.T.);
#6391=ORIENTED_EDGE('',*,*,#4715,.F.);
#6392=ORIENTED_EDGE('',*,*,#4743,.T.);
#6393=ORIENTED_EDGE('',*,*,#4744,.T.);
#6394=ORIENTED_EDGE('',*,*,#4745,.T.);
#6395=ORIENTED_EDGE('',*,*,#4158,.F.);
#6396=ORIENTED_EDGE('',*,*,#4515,.F.);
#6397=ORIENTED_EDGE('',*,*,#4734,.F.);
#6398=ORIENTED_EDGE('',*,*,#4690,.F.);
#6399=ORIENTED_EDGE('',*,*,#4720,.F.);
#6400=ORIENTED_EDGE('',*,*,#4724,.F.);
#6401=ORIENTED_EDGE('',*,*,#4500,.F.);
#6402=ORIENTED_EDGE('',*,*,#4746,.T.);
#6403=ORIENTED_EDGE('',*,*,#4737,.F.);
#6404=ORIENTED_EDGE('',*,*,#4747,.T.);
#6405=ORIENTED_EDGE('',*,*,#4307,.F.);
#6406=ORIENTED_EDGE('',*,*,#4519,.F.);
#6407=ORIENTED_EDGE('',*,*,#4264,.F.);
#6408=ORIENTED_EDGE('',*,*,#4624,.F.);
#6409=ORIENTED_EDGE('',*,*,#4154,.F.);
#6410=ORIENTED_EDGE('',*,*,#4748,.T.);
#6411=ORIENTED_EDGE('',*,*,#4647,.F.);
#6412=ORIENTED_EDGE('',*,*,#4730,.F.);
#6413=ORIENTED_EDGE('',*,*,#4155,.F.);
#6414=ORIENTED_EDGE('',*,*,#4745,.F.);
#6415=ORIENTED_EDGE('',*,*,#4733,.F.);
#6416=ORIENTED_EDGE('',*,*,#4592,.F.);
#6417=ORIENTED_EDGE('',*,*,#4749,.T.);
#6418=ORIENTED_EDGE('',*,*,#4691,.F.);
#6419=ORIENTED_EDGE('',*,*,#4750,.T.);
#6420=ORIENTED_EDGE('',*,*,#4443,.F.);
#6421=ORIENTED_EDGE('',*,*,#4615,.F.);
#6422=ORIENTED_EDGE('',*,*,#4751,.T.);
#6423=ORIENTED_EDGE('',*,*,#4752,.T.);
#6424=ORIENTED_EDGE('',*,*,#4187,.F.);
#6425=ORIENTED_EDGE('',*,*,#4753,.T.);
#6426=ORIENTED_EDGE('',*,*,#4551,.F.);
#6427=ORIENTED_EDGE('',*,*,#4246,.F.);
#6428=ORIENTED_EDGE('',*,*,#4754,.T.);
#6429=ORIENTED_EDGE('',*,*,#4755,.T.);
#6430=ORIENTED_EDGE('',*,*,#4756,.T.);
#6431=ORIENTED_EDGE('',*,*,#4757,.T.);
#6432=ORIENTED_EDGE('',*,*,#4545,.F.);
#6433=ORIENTED_EDGE('',*,*,#4758,.T.);
#6434=ORIENTED_EDGE('',*,*,#4759,.T.);
#6435=ORIENTED_EDGE('',*,*,#4760,.T.);
#6436=ORIENTED_EDGE('',*,*,#4206,.F.);
#6437=ORIENTED_EDGE('',*,*,#4761,.T.);
#6438=ORIENTED_EDGE('',*,*,#4332,.F.);
#6439=ORIENTED_EDGE('',*,*,#4237,.F.);
#6440=ORIENTED_EDGE('',*,*,#4534,.F.);
#6441=ORIENTED_EDGE('',*,*,#4762,.T.);
#6442=ORIENTED_EDGE('',*,*,#4763,.T.);
#6443=ORIENTED_EDGE('',*,*,#4234,.F.);
#6444=ORIENTED_EDGE('',*,*,#4228,.F.);
#6445=ORIENTED_EDGE('',*,*,#4764,.T.);
#6446=ORIENTED_EDGE('',*,*,#4765,.T.);
#6447=ORIENTED_EDGE('',*,*,#4549,.F.);
#6448=ORIENTED_EDGE('',*,*,#4765,.F.);
#6449=ORIENTED_EDGE('',*,*,#4766,.T.);
#6450=ORIENTED_EDGE('',*,*,#4767,.T.);
#6451=ORIENTED_EDGE('',*,*,#4466,.F.);
#6452=ORIENTED_EDGE('',*,*,#4768,.T.);
#6453=ORIENTED_EDGE('',*,*,#4424,.F.);
#6454=ORIENTED_EDGE('',*,*,#4400,.F.);
#6455=ORIENTED_EDGE('',*,*,#4197,.F.);
#6456=ORIENTED_EDGE('',*,*,#4317,.F.);
#6457=ORIENTED_EDGE('',*,*,#4494,.F.);
#6458=ORIENTED_EDGE('',*,*,#4368,.F.);
#6459=ORIENTED_EDGE('',*,*,#4505,.F.);
#6460=ORIENTED_EDGE('',*,*,#4428,.F.);
#6461=ORIENTED_EDGE('',*,*,#4459,.F.);
#6462=ORIENTED_EDGE('',*,*,#4536,.F.);
#6463=ORIENTED_EDGE('',*,*,#4478,.F.);
#6464=ORIENTED_EDGE('',*,*,#4357,.F.);
#6465=ORIENTED_EDGE('',*,*,#4468,.F.);
#6466=ORIENTED_EDGE('',*,*,#4446,.F.);
#6467=ORIENTED_EDGE('',*,*,#4447,.F.);
#6468=ORIENTED_EDGE('',*,*,#4233,.F.);
#6469=ORIENTED_EDGE('',*,*,#4219,.F.);
#6470=ORIENTED_EDGE('',*,*,#4712,.F.);
#6471=ORIENTED_EDGE('',*,*,#4738,.F.);
#6472=ORIENTED_EDGE('',*,*,#4295,.F.);
#6473=ORIENTED_EDGE('',*,*,#4204,.F.);
#6474=ORIENTED_EDGE('',*,*,#4532,.F.);
#6475=ORIENTED_EDGE('',*,*,#4230,.F.);
#6476=ORIENTED_EDGE('',*,*,#4239,.F.);
#6477=ORIENTED_EDGE('',*,*,#4331,.F.);
#6478=ORIENTED_EDGE('',*,*,#4397,.F.);
#6479=ORIENTED_EDGE('',*,*,#4298,.F.);
#6480=ORIENTED_EDGE('',*,*,#4168,.F.);
#6481=ORIENTED_EDGE('',*,*,#4364,.F.);
#6482=ORIENTED_EDGE('',*,*,#4383,.F.);
#6483=ORIENTED_EDGE('',*,*,#4552,.F.);
#6484=ORIENTED_EDGE('',*,*,#4336,.F.);
#6485=ORIENTED_EDGE('',*,*,#4553,.F.);
#6486=ORIENTED_EDGE('',*,*,#4380,.F.);
#6487=ORIENTED_EDGE('',*,*,#4215,.F.);
#6488=ORIENTED_EDGE('',*,*,#4732,.F.);
#6489=ORIENTED_EDGE('',*,*,#4538,.F.);
#6490=ORIENTED_EDGE('',*,*,#4769,.T.);
#6491=ORIENTED_EDGE('',*,*,#4770,.T.);
#6492=ORIENTED_EDGE('',*,*,#4771,.T.);
#6493=ORIENTED_EDGE('',*,*,#4755,.F.);
#6494=ORIENTED_EDGE('',*,*,#4548,.F.);
#6495=ORIENTED_EDGE('',*,*,#4772,.T.);
#6496=ORIENTED_EDGE('',*,*,#4544,.F.);
#6497=ORIENTED_EDGE('',*,*,#4374,.F.);
#6498=ORIENTED_EDGE('',*,*,#4773,.T.);
#6499=ORIENTED_EDGE('',*,*,#4774,.T.);
#6500=ORIENTED_EDGE('',*,*,#4775,.T.);
#6501=ORIENTED_EDGE('',*,*,#4776,.T.);
#6502=ORIENTED_EDGE('',*,*,#4777,.T.);
#6503=ORIENTED_EDGE('',*,*,#4778,.T.);
#6504=ORIENTED_EDGE('',*,*,#4619,.F.);
#6505=ORIENTED_EDGE('',*,*,#4668,.F.);
#6506=ORIENTED_EDGE('',*,*,#4623,.F.);
#6507=ORIENTED_EDGE('',*,*,#4709,.F.);
#6508=ORIENTED_EDGE('',*,*,#4599,.F.);
#6509=ORIENTED_EDGE('',*,*,#4630,.F.);
#6510=ORIENTED_EDGE('',*,*,#4779,.T.);
#6511=ORIENTED_EDGE('',*,*,#4602,.F.);
#6512=ORIENTED_EDGE('',*,*,#4634,.F.);
#6513=ORIENTED_EDGE('',*,*,#4255,.F.);
#6514=ORIENTED_EDGE('',*,*,#4311,.F.);
#6515=ORIENTED_EDGE('',*,*,#4266,.F.);
#6516=ORIENTED_EDGE('',*,*,#4695,.F.);
#6517=ORIENTED_EDGE('',*,*,#4501,.F.);
#6518=ORIENTED_EDGE('',*,*,#4327,.F.);
#6519=ORIENTED_EDGE('',*,*,#4504,.F.);
#6520=ORIENTED_EDGE('',*,*,#4254,.F.);
#6521=ORIENTED_EDGE('',*,*,#4506,.F.);
#6522=ORIENTED_EDGE('',*,*,#4285,.F.);
#6523=ORIENTED_EDGE('',*,*,#4521,.F.);
#6524=ORIENTED_EDGE('',*,*,#4710,.F.);
#6525=ORIENTED_EDGE('',*,*,#4323,.F.);
#6526=ORIENTED_EDGE('',*,*,#4181,.F.);
#6527=ORIENTED_EDGE('',*,*,#4541,.F.);
#6528=ORIENTED_EDGE('',*,*,#4780,.T.);
#6529=ORIENTED_EDGE('',*,*,#4781,.T.);
#6530=ORIENTED_EDGE('',*,*,#4769,.F.);
#6531=ORIENTED_EDGE('',*,*,#4373,.F.);
#6532=ORIENTED_EDGE('',*,*,#4782,.T.);
#6533=ORIENTED_EDGE('',*,*,#4783,.T.);
#6534=ORIENTED_EDGE('',*,*,#4773,.F.);
#6535=ORIENTED_EDGE('',*,*,#4784,.T.);
#6536=ORIENTED_EDGE('',*,*,#4535,.F.);
#6537=ORIENTED_EDGE('',*,*,#4235,.F.);
#6538=ORIENTED_EDGE('',*,*,#4763,.F.);
#6539=ORIENTED_EDGE('',*,*,#4785,.T.);
#6540=ORIENTED_EDGE('',*,*,#4786,.T.);
#6541=ORIENTED_EDGE('',*,*,#4787,.T.);
#6542=ORIENTED_EDGE('',*,*,#4453,.F.);
#6543=ORIENTED_EDGE('',*,*,#4426,.F.);
#6544=ORIENTED_EDGE('',*,*,#4483,.F.);
#6545=ORIENTED_EDGE('',*,*,#4343,.F.);
#6546=ORIENTED_EDGE('',*,*,#4209,.F.);
#6547=ORIENTED_EDGE('',*,*,#4171,.F.);
#6548=ORIENTED_EDGE('',*,*,#4322,.F.);
#6549=ORIENTED_EDGE('',*,*,#4788,.T.);
#6550=ORIENTED_EDGE('',*,*,#4789,.T.);
#6551=ORIENTED_EDGE('',*,*,#4790,.T.);
#6552=ORIENTED_EDGE('',*,*,#4791,.T.);
#6553=ORIENTED_EDGE('',*,*,#4792,.T.);
#6554=ORIENTED_EDGE('',*,*,#4793,.T.);
#6555=ORIENTED_EDGE('',*,*,#4566,.F.);
#6556=ORIENTED_EDGE('',*,*,#4794,.T.);
#6557=ORIENTED_EDGE('',*,*,#4795,.T.);
#6558=ORIENTED_EDGE('',*,*,#4796,.T.);
#6559=ORIENTED_EDGE('',*,*,#4333,.F.);
#6560=ORIENTED_EDGE('',*,*,#4761,.F.);
#6561=ORIENTED_EDGE('',*,*,#4533,.F.);
#6562=ORIENTED_EDGE('',*,*,#4784,.F.);
#6563=ORIENTED_EDGE('',*,*,#4762,.F.);
#6564=ORIENTED_EDGE('',*,*,#4227,.F.);
#6565=ORIENTED_EDGE('',*,*,#4386,.F.);
#6566=ORIENTED_EDGE('',*,*,#4727,.F.);
#6567=ORIENTED_EDGE('',*,*,#4682,.F.);
#6568=ORIENTED_EDGE('',*,*,#4211,.F.);
#6569=ORIENTED_EDGE('',*,*,#4550,.F.);
#6570=ORIENTED_EDGE('',*,*,#4753,.F.);
#6571=ORIENTED_EDGE('',*,*,#4797,.T.);
#6572=ORIENTED_EDGE('',*,*,#4547,.F.);
#6573=ORIENTED_EDGE('',*,*,#4798,.T.);
#6574=ORIENTED_EDGE('',*,*,#4542,.F.);
#6575=ORIENTED_EDGE('',*,*,#4772,.F.);
#6576=ORIENTED_EDGE('',*,*,#4574,.F.);
#6577=ORIENTED_EDGE('',*,*,#4493,.F.);
#6578=ORIENTED_EDGE('',*,*,#4697,.F.);
#6579=ORIENTED_EDGE('',*,*,#4799,.T.);
#6580=ORIENTED_EDGE('',*,*,#4739,.F.);
#6581=ORIENTED_EDGE('',*,*,#4660,.F.);
#6582=ORIENTED_EDGE('',*,*,#4748,.F.);
#6583=ORIENTED_EDGE('',*,*,#4594,.F.);
#6584=ORIENTED_EDGE('',*,*,#4512,.F.);
#6585=ORIENTED_EDGE('',*,*,#4791,.F.);
#6586=ORIENTED_EDGE('',*,*,#4800,.T.);
#6587=ORIENTED_EDGE('',*,*,#4801,.T.);
#6588=ORIENTED_EDGE('',*,*,#4802,.T.);
#6589=ORIENTED_EDGE('',*,*,#4803,.T.);
#6590=ORIENTED_EDGE('',*,*,#4658,.F.);
#6591=ORIENTED_EDGE('',*,*,#4207,.F.);
#6592=ORIENTED_EDGE('',*,*,#4760,.F.);
#6593=ORIENTED_EDGE('',*,*,#4804,.T.);
#6594=ORIENTED_EDGE('',*,*,#4639,.F.);
#6595=ORIENTED_EDGE('',*,*,#4699,.F.);
#6596=ORIENTED_EDGE('',*,*,#4308,.F.);
#6597=ORIENTED_EDGE('',*,*,#4747,.F.);
#6598=ORIENTED_EDGE('',*,*,#4736,.F.);
#6599=ORIENTED_EDGE('',*,*,#4611,.F.);
#6600=ORIENTED_EDGE('',*,*,#4718,.F.);
#6601=ORIENTED_EDGE('',*,*,#4805,.T.);
#6602=ORIENTED_EDGE('',*,*,#4806,.T.);
#6603=ORIENTED_EDGE('',*,*,#4640,.F.);
#6604=ORIENTED_EDGE('',*,*,#4804,.F.);
#6605=ORIENTED_EDGE('',*,*,#4759,.F.);
#6606=ORIENTED_EDGE('',*,*,#4807,.T.);
#6607=ORIENTED_EDGE('',*,*,#4808,.T.);
#6608=ORIENTED_EDGE('',*,*,#4809,.T.);
#6609=ORIENTED_EDGE('',*,*,#4183,.F.);
#6610=ORIENTED_EDGE('',*,*,#4810,.T.);
#6611=ORIENTED_EDGE('',*,*,#4716,.F.);
#6612=ORIENTED_EDGE('',*,*,#4609,.F.);
#6613=ORIENTED_EDGE('',*,*,#4735,.F.);
#6614=ORIENTED_EDGE('',*,*,#4746,.F.);
#6615=ORIENTED_EDGE('',*,*,#4306,.F.);
#6616=ORIENTED_EDGE('',*,*,#4698,.F.);
#6617=ORIENTED_EDGE('',*,*,#4637,.F.);
#6618=ORIENTED_EDGE('',*,*,#4806,.F.);
#6619=ORIENTED_EDGE('',*,*,#4758,.F.);
#6620=ORIENTED_EDGE('',*,*,#4205,.F.);
#6621=ORIENTED_EDGE('',*,*,#4657,.F.);
#6622=ORIENTED_EDGE('',*,*,#4811,.T.);
#6623=ORIENTED_EDGE('',*,*,#4812,.T.);
#6624=ORIENTED_EDGE('',*,*,#4813,.T.);
#6625=ORIENTED_EDGE('',*,*,#4416,.F.);
#6626=ORIENTED_EDGE('',*,*,#4814,.T.);
#6627=ORIENTED_EDGE('',*,*,#4625,.F.);
#6628=ORIENTED_EDGE('',*,*,#4370,.F.);
#6629=ORIENTED_EDGE('',*,*,#4662,.F.);
#6630=ORIENTED_EDGE('',*,*,#4741,.F.);
#6631=ORIENTED_EDGE('',*,*,#4815,.T.);
#6632=ORIENTED_EDGE('',*,*,#4816,.T.);
#6633=ORIENTED_EDGE('',*,*,#4817,.T.);
#6634=ORIENTED_EDGE('',*,*,#4818,.T.);
#6635=ORIENTED_EDGE('',*,*,#4819,.T.);
#6636=ORIENTED_EDGE('',*,*,#4797,.F.);
#6637=ORIENTED_EDGE('',*,*,#4754,.F.);
#6638=ORIENTED_EDGE('',*,*,#4245,.F.);
#6639=ORIENTED_EDGE('',*,*,#4192,.F.);
#6640=ORIENTED_EDGE('',*,*,#4626,.F.);
#6641=ORIENTED_EDGE('',*,*,#4707,.F.);
#6642=ORIENTED_EDGE('',*,*,#4820,.T.);
#6643=ORIENTED_EDGE('',*,*,#4676,.F.);
#6644=ORIENTED_EDGE('',*,*,#4560,.F.);
#6645=ORIENTED_EDGE('',*,*,#4821,.T.);
#6646=ORIENTED_EDGE('',*,*,#4750,.F.);
#6647=ORIENTED_EDGE('',*,*,#4693,.F.);
#6648=ORIENTED_EDGE('',*,*,#4404,.F.);
#6649=ORIENTED_EDGE('',*,*,#4184,.F.);
#6650=ORIENTED_EDGE('',*,*,#4809,.F.);
#6651=ORIENTED_EDGE('',*,*,#4822,.T.);
#6652=ORIENTED_EDGE('',*,*,#4823,.T.);
#6653=ORIENTED_EDGE('',*,*,#4440,.F.);
#6654=ORIENTED_EDGE('',*,*,#4692,.F.);
#6655=ORIENTED_EDGE('',*,*,#4749,.F.);
#6656=ORIENTED_EDGE('',*,*,#4442,.F.);
#6657=ORIENTED_EDGE('',*,*,#4824,.T.);
#6658=ORIENTED_EDGE('',*,*,#4825,.T.);
#6659=ORIENTED_EDGE('',*,*,#4807,.F.);
#6660=ORIENTED_EDGE('',*,*,#4182,.F.);
#6661=ORIENTED_EDGE('',*,*,#4403,.F.);
#6662=ORIENTED_EDGE('',*,*,#4826,.T.);
#6663=ORIENTED_EDGE('',*,*,#4456,.F.);
#6664=ORIENTED_EDGE('',*,*,#4286,.F.);
#6665=ORIENTED_EDGE('',*,*,#4484,.F.);
#6666=ORIENTED_EDGE('',*,*,#4469,.F.);
#6667=ORIENTED_EDGE('',*,*,#4259,.F.);
#6668=ORIENTED_EDGE('',*,*,#4576,.F.);
#6669=ORIENTED_EDGE('',*,*,#4555,.F.);
#6670=ORIENTED_EDGE('',*,*,#4827,.T.);
#6671=ORIENTED_EDGE('',*,*,#4270,.F.);
#6672=ORIENTED_EDGE('',*,*,#4590,.F.);
#6673=ORIENTED_EDGE('',*,*,#4528,.F.);
#6674=ORIENTED_EDGE('',*,*,#4678,.F.);
#6675=ORIENTED_EDGE('',*,*,#4828,.T.);
#6676=ORIENTED_EDGE('',*,*,#4671,.F.);
#6677=ORIENTED_EDGE('',*,*,#4829,.T.);
#6678=ORIENTED_EDGE('',*,*,#4687,.F.);
#6679=ORIENTED_EDGE('',*,*,#4193,.F.);
#6680=ORIENTED_EDGE('',*,*,#4821,.F.);
#6681=ORIENTED_EDGE('',*,*,#4830,.T.);
#6682=ORIENTED_EDGE('',*,*,#4831,.T.);
#6683=ORIENTED_EDGE('',*,*,#4832,.T.);
#6684=ORIENTED_EDGE('',*,*,#4655,.F.);
#6685=ORIENTED_EDGE('',*,*,#4304,.F.);
#6686=ORIENTED_EDGE('',*,*,#4347,.F.);
#6687=ORIENTED_EDGE('',*,*,#4508,.F.);
#6688=ORIENTED_EDGE('',*,*,#4522,.F.);
#6689=ORIENTED_EDGE('',*,*,#4432,.F.);
#6690=ORIENTED_EDGE('',*,*,#4643,.F.);
#6691=ORIENTED_EDGE('',*,*,#4280,.F.);
#6692=ORIENTED_EDGE('',*,*,#4439,.F.);
#6693=ORIENTED_EDGE('',*,*,#4666,.F.);
#6694=ORIENTED_EDGE('',*,*,#4481,.F.);
#6695=ORIENTED_EDGE('',*,*,#4833,.T.);
#6696=ORIENTED_EDGE('',*,*,#4449,.F.);
#6697=ORIENTED_EDGE('',*,*,#4188,.F.);
#6698=ORIENTED_EDGE('',*,*,#4752,.F.);
#6699=ORIENTED_EDGE('',*,*,#4834,.T.);
#6700=ORIENTED_EDGE('',*,*,#4835,.T.);
#6701=ORIENTED_EDGE('',*,*,#4790,.F.);
#6702=ORIENTED_EDGE('',*,*,#4836,.T.);
#6703=ORIENTED_EDGE('',*,*,#4837,.T.);
#6704=ORIENTED_EDGE('',*,*,#4800,.F.);
#6705=ORIENTED_EDGE('',*,*,#4838,.T.);
#6706=ORIENTED_EDGE('',*,*,#4361,.F.);
#6707=ORIENTED_EDGE('',*,*,#4839,.T.);
#6708=ORIENTED_EDGE('',*,*,#4840,.T.);
#6709=ORIENTED_EDGE('',*,*,#4554,.F.);
#6710=ORIENTED_EDGE('',*,*,#4334,.F.);
#6711=ORIENTED_EDGE('',*,*,#4796,.F.);
#6712=ORIENTED_EDGE('',*,*,#4841,.T.);
#6713=ORIENTED_EDGE('',*,*,#4842,.T.);
#6714=ORIENTED_EDGE('',*,*,#4780,.F.);
#6715=ORIENTED_EDGE('',*,*,#4540,.F.);
#6716=ORIENTED_EDGE('',*,*,#4731,.F.);
#6717=ORIENTED_EDGE('',*,*,#4217,.F.);
#6718=ORIENTED_EDGE('',*,*,#4379,.F.);
#6719=ORIENTED_EDGE('',*,*,#4827,.F.);
#6720=ORIENTED_EDGE('',*,*,#4558,.F.);
#6721=ORIENTED_EDGE('',*,*,#4843,.T.);
#6722=ORIENTED_EDGE('',*,*,#4271,.F.);
#6723=ORIENTED_EDGE('',*,*,#4844,.T.);
#6724=ORIENTED_EDGE('',*,*,#4455,.F.);
#6725=ORIENTED_EDGE('',*,*,#4845,.T.);
#6726=ORIENTED_EDGE('',*,*,#4359,.F.);
#6727=ORIENTED_EDGE('',*,*,#4430,.F.);
#6728=ORIENTED_EDGE('',*,*,#4300,.F.);
#6729=ORIENTED_EDGE('',*,*,#4537,.F.);
#6730=ORIENTED_EDGE('',*,*,#4477,.F.);
#6731=ORIENTED_EDGE('',*,*,#4565,.F.);
#6732=ORIENTED_EDGE('',*,*,#4846,.T.);
#6733=ORIENTED_EDGE('',*,*,#4847,.T.);
#6734=ORIENTED_EDGE('',*,*,#4794,.F.);
#6735=ORIENTED_EDGE('',*,*,#4839,.F.);
#6736=ORIENTED_EDGE('',*,*,#4360,.F.);
#6737=ORIENTED_EDGE('',*,*,#4845,.F.);
#6738=ORIENTED_EDGE('',*,*,#4454,.F.);
#6739=ORIENTED_EDGE('',*,*,#4787,.F.);
#6740=ORIENTED_EDGE('',*,*,#4848,.T.);
#6741=ORIENTED_EDGE('',*,*,#4743,.F.);
#6742=ORIENTED_EDGE('',*,*,#4714,.F.);
#6743=ORIENTED_EDGE('',*,*,#4588,.F.);
#6744=ORIENTED_EDGE('',*,*,#4726,.F.);
#6745=ORIENTED_EDGE('',*,*,#4702,.F.);
#6746=ORIENTED_EDGE('',*,*,#4723,.F.);
#6747=ORIENTED_EDGE('',*,*,#4849,.T.);
#6748=ORIENTED_EDGE('',*,*,#4850,.T.);
#6749=ORIENTED_EDGE('',*,*,#4851,.T.);
#6750=ORIENTED_EDGE('',*,*,#4462,.F.);
#6751=ORIENTED_EDGE('',*,*,#4852,.T.);
#6752=ORIENTED_EDGE('',*,*,#4811,.F.);
#6753=ORIENTED_EDGE('',*,*,#4659,.F.);
#6754=ORIENTED_EDGE('',*,*,#4803,.F.);
#6755=ORIENTED_EDGE('',*,*,#4853,.T.);
#6756=ORIENTED_EDGE('',*,*,#4854,.T.);
#6757=ORIENTED_EDGE('',*,*,#4855,.T.);
#6758=ORIENTED_EDGE('',*,*,#4856,.T.);
#6759=ORIENTED_EDGE('',*,*,#4857,.T.);
#6760=ORIENTED_EDGE('',*,*,#4681,.F.);
#6761=ORIENTED_EDGE('',*,*,#4858,.T.);
#6762=ORIENTED_EDGE('',*,*,#4653,.F.);
#6763=ORIENTED_EDGE('',*,*,#4859,.T.);
#6764=ORIENTED_EDGE('',*,*,#4672,.F.);
#6765=ORIENTED_EDGE('',*,*,#4828,.F.);
#6766=ORIENTED_EDGE('',*,*,#4792,.F.);
#6767=ORIENTED_EDGE('',*,*,#4802,.F.);
#6768=ORIENTED_EDGE('',*,*,#4860,.T.);
#6769=ORIENTED_EDGE('',*,*,#4861,.T.);
#6770=ORIENTED_EDGE('',*,*,#4788,.F.);
#6771=ORIENTED_EDGE('',*,*,#4321,.F.);
#6772=ORIENTED_EDGE('',*,*,#4503,.F.);
#6773=ORIENTED_EDGE('',*,*,#4694,.F.);
#6774=ORIENTED_EDGE('',*,*,#4268,.F.);
#6775=ORIENTED_EDGE('',*,*,#4310,.F.);
#6776=ORIENTED_EDGE('',*,*,#4257,.F.);
#6777=ORIENTED_EDGE('',*,*,#4633,.F.);
#6778=ORIENTED_EDGE('',*,*,#4604,.F.);
#6779=ORIENTED_EDGE('',*,*,#4862,.T.);
#6780=ORIENTED_EDGE('',*,*,#4530,.F.);
#6781=ORIENTED_EDGE('',*,*,#4591,.F.);
#6782=ORIENTED_EDGE('',*,*,#4272,.F.);
#6783=ORIENTED_EDGE('',*,*,#4843,.F.);
#6784=ORIENTED_EDGE('',*,*,#4557,.F.);
#6785=ORIENTED_EDGE('',*,*,#4577,.F.);
#6786=ORIENTED_EDGE('',*,*,#4261,.F.);
#6787=ORIENTED_EDGE('',*,*,#4471,.F.);
#6788=ORIENTED_EDGE('',*,*,#4485,.F.);
#6789=ORIENTED_EDGE('',*,*,#4288,.F.);
#6790=ORIENTED_EDGE('',*,*,#4458,.F.);
#6791=ORIENTED_EDGE('',*,*,#4863,.T.);
#6792=ORIENTED_EDGE('',*,*,#4864,.T.);
#6793=ORIENTED_EDGE('',*,*,#4663,.F.);
#6794=ORIENTED_EDGE('',*,*,#4353,.F.);
#6795=ORIENTED_EDGE('',*,*,#4250,.F.);
#6796=ORIENTED_EDGE('',*,*,#4729,.F.);
#6797=ORIENTED_EDGE('',*,*,#4865,.T.);
#6798=ORIENTED_EDGE('',*,*,#4866,.T.);
#6799=ORIENTED_EDGE('',*,*,#4867,.T.);
#6800=ORIENTED_EDGE('',*,*,#4868,.T.);
#6801=ORIENTED_EDGE('',*,*,#4869,.T.);
#6802=ORIENTED_EDGE('',*,*,#4870,.T.);
#6803=ORIENTED_EDGE('',*,*,#4871,.T.);
#6804=ORIENTED_EDGE('',*,*,#4656,.F.);
#6805=ORIENTED_EDGE('',*,*,#4833,.F.);
#6806=ORIENTED_EDGE('',*,*,#4480,.F.);
#6807=ORIENTED_EDGE('',*,*,#4406,.F.);
#6808=ORIENTED_EDGE('',*,*,#4669,.F.);
#6809=ORIENTED_EDGE('',*,*,#4437,.F.);
#6810=ORIENTED_EDGE('',*,*,#4338,.F.);
#6811=ORIENTED_EDGE('',*,*,#4571,.F.);
#6812=ORIENTED_EDGE('',*,*,#4531,.F.);
#6813=ORIENTED_EDGE('',*,*,#4863,.F.);
#6814=ORIENTED_EDGE('',*,*,#4457,.F.);
#6815=ORIENTED_EDGE('',*,*,#4826,.F.);
#6816=ORIENTED_EDGE('',*,*,#4688,.F.);
#6817=ORIENTED_EDGE('',*,*,#4642,.F.);
#6818=ORIENTED_EDGE('',*,*,#4580,.F.);
#6819=ORIENTED_EDGE('',*,*,#4375,.F.);
#6820=ORIENTED_EDGE('',*,*,#4614,.F.);
#6821=ORIENTED_EDGE('',*,*,#4872,.T.);
#6822=ORIENTED_EDGE('',*,*,#4834,.F.);
#6823=ORIENTED_EDGE('',*,*,#4751,.F.);
#6824=ORIENTED_EDGE('',*,*,#4664,.F.);
#6825=ORIENTED_EDGE('',*,*,#4864,.F.);
#6826=ORIENTED_EDGE('',*,*,#4873,.T.);
#6827=ORIENTED_EDGE('',*,*,#4874,.T.);
#6828=ORIENTED_EDGE('',*,*,#4856,.F.);
#6829=ORIENTED_EDGE('',*,*,#4875,.T.);
#6830=ORIENTED_EDGE('',*,*,#4876,.T.);
#6831=ORIENTED_EDGE('',*,*,#4474,.F.);
#6832=ORIENTED_EDGE('',*,*,#4877,.T.);
#6833=ORIENTED_EDGE('',*,*,#4878,.T.);
#6834=ORIENTED_EDGE('',*,*,#4475,.F.);
#6835=ORIENTED_EDGE('',*,*,#4876,.F.);
#6836=ORIENTED_EDGE('',*,*,#4879,.T.);
#6837=ORIENTED_EDGE('',*,*,#4880,.T.);
#6838=ORIENTED_EDGE('',*,*,#4744,.F.);
#6839=ORIENTED_EDGE('',*,*,#4848,.F.);
#6840=ORIENTED_EDGE('',*,*,#4786,.F.);
#6841=ORIENTED_EDGE('',*,*,#4793,.F.);
#6842=ORIENTED_EDGE('',*,*,#4861,.F.);
#6843=ORIENTED_EDGE('',*,*,#4881,.T.);
#6844=ORIENTED_EDGE('',*,*,#4830,.F.);
#6845=ORIENTED_EDGE('',*,*,#4559,.F.);
#6846=ORIENTED_EDGE('',*,*,#4882,.T.);
#6847=ORIENTED_EDGE('',*,*,#4883,.T.);
#6848=ORIENTED_EDGE('',*,*,#4417,.F.);
#6849=ORIENTED_EDGE('',*,*,#4813,.F.);
#6850=ORIENTED_EDGE('',*,*,#4820,.F.);
#6851=ORIENTED_EDGE('',*,*,#4706,.F.);
#6852=ORIENTED_EDGE('',*,*,#4884,.T.);
#6853=ORIENTED_EDGE('',*,*,#4885,.T.);
#6854=ORIENTED_EDGE('',*,*,#4886,.T.);
#6855=ORIENTED_EDGE('',*,*,#4887,.T.);
#6856=ORIENTED_EDGE('',*,*,#4815,.F.);
#6857=ORIENTED_EDGE('',*,*,#4740,.F.);
#6858=ORIENTED_EDGE('',*,*,#4799,.F.);
#6859=ORIENTED_EDGE('',*,*,#4696,.F.);
#6860=ORIENTED_EDGE('',*,*,#4496,.F.);
#6861=ORIENTED_EDGE('',*,*,#4579,.F.);
#6862=ORIENTED_EDGE('',*,*,#4608,.F.);
#6863=ORIENTED_EDGE('',*,*,#4677,.F.);
#6864=ORIENTED_EDGE('',*,*,#4888,.T.);
#6865=ORIENTED_EDGE('',*,*,#4721,.F.);
#6866=ORIENTED_EDGE('',*,*,#4700,.F.);
#6867=ORIENTED_EDGE('',*,*,#4725,.F.);
#6868=ORIENTED_EDGE('',*,*,#4586,.F.);
#6869=ORIENTED_EDGE('',*,*,#4713,.F.);
#6870=ORIENTED_EDGE('',*,*,#4742,.F.);
#6871=ORIENTED_EDGE('',*,*,#4880,.F.);
#6872=ORIENTED_EDGE('',*,*,#4785,.F.);
#6873=ORIENTED_EDGE('',*,*,#4452,.F.);
#6874=ORIENTED_EDGE('',*,*,#4844,.F.);
#6875=ORIENTED_EDGE('',*,*,#4358,.F.);
#6876=ORIENTED_EDGE('',*,*,#4838,.F.);
#6877=ORIENTED_EDGE('',*,*,#4889,.T.);
#6878=ORIENTED_EDGE('',*,*,#4768,.F.);
#6879=ORIENTED_EDGE('',*,*,#4465,.F.);
#6880=ORIENTED_EDGE('',*,*,#4890,.T.);
#6881=ORIENTED_EDGE('',*,*,#4782,.F.);
#6882=ORIENTED_EDGE('',*,*,#4372,.F.);
#6883=ORIENTED_EDGE('',*,*,#4543,.F.);
#6884=ORIENTED_EDGE('',*,*,#4798,.F.);
#6885=ORIENTED_EDGE('',*,*,#4546,.F.);
#6886=ORIENTED_EDGE('',*,*,#4757,.F.);
#6887=ORIENTED_EDGE('',*,*,#4891,.T.);
#6888=ORIENTED_EDGE('',*,*,#4617,.F.);
#6889=ORIENTED_EDGE('',*,*,#4892,.T.);
#6890=ORIENTED_EDGE('',*,*,#4631,.F.);
#6891=ORIENTED_EDGE('',*,*,#4597,.F.);
#6892=ORIENTED_EDGE('',*,*,#4708,.F.);
#6893=ORIENTED_EDGE('',*,*,#4621,.F.);
#6894=ORIENTED_EDGE('',*,*,#4667,.F.);
#6895=ORIENTED_EDGE('',*,*,#4893,.T.);
#6896=ORIENTED_EDGE('',*,*,#4879,.F.);
#6897=ORIENTED_EDGE('',*,*,#4875,.F.);
#6898=ORIENTED_EDGE('',*,*,#4855,.F.);
#6899=ORIENTED_EDGE('',*,*,#4894,.T.);
#6900=ORIENTED_EDGE('',*,*,#4852,.F.);
#6901=ORIENTED_EDGE('',*,*,#4461,.F.);
#6902=ORIENTED_EDGE('',*,*,#4895,.T.);
#6903=ORIENTED_EDGE('',*,*,#4896,.T.);
#6904=ORIENTED_EDGE('',*,*,#4472,.F.);
#6905=ORIENTED_EDGE('',*,*,#4878,.F.);
#6906=ORIENTED_EDGE('',*,*,#4893,.F.);
#6907=ORIENTED_EDGE('',*,*,#4854,.F.);
#6908=ORIENTED_EDGE('',*,*,#4897,.T.);
#6909=ORIENTED_EDGE('',*,*,#4898,.T.);
#6910=ORIENTED_EDGE('',*,*,#4463,.F.);
#6911=ORIENTED_EDGE('',*,*,#4851,.F.);
#6912=ORIENTED_EDGE('',*,*,#4825,.F.);
#6913=ORIENTED_EDGE('',*,*,#4899,.T.);
#6914=ORIENTED_EDGE('',*,*,#4822,.F.);
#6915=ORIENTED_EDGE('',*,*,#4808,.F.);
#6916=ORIENTED_EDGE('',*,*,#4632,.F.);
#6917=ORIENTED_EDGE('',*,*,#4892,.F.);
#6918=ORIENTED_EDGE('',*,*,#4616,.F.);
#6919=ORIENTED_EDGE('',*,*,#4778,.F.);
#6920=ORIENTED_EDGE('',*,*,#4900,.T.);
#6921=ORIENTED_EDGE('',*,*,#4836,.F.);
#6922=ORIENTED_EDGE('',*,*,#4789,.F.);
#6923=ORIENTED_EDGE('',*,*,#4862,.F.);
#6924=ORIENTED_EDGE('',*,*,#4603,.F.);
#6925=ORIENTED_EDGE('',*,*,#4779,.F.);
#6926=ORIENTED_EDGE('',*,*,#4901,.T.);
#6927=ORIENTED_EDGE('',*,*,#4831,.F.);
#6928=ORIENTED_EDGE('',*,*,#4881,.F.);
#6929=ORIENTED_EDGE('',*,*,#4860,.F.);
#6930=ORIENTED_EDGE('',*,*,#4801,.F.);
#6931=ORIENTED_EDGE('',*,*,#4837,.F.);
#6932=ORIENTED_EDGE('',*,*,#4900,.F.);
#6933=ORIENTED_EDGE('',*,*,#4777,.F.);
#6934=ORIENTED_EDGE('',*,*,#4441,.F.);
#6935=ORIENTED_EDGE('',*,*,#4823,.F.);
#6936=ORIENTED_EDGE('',*,*,#4899,.F.);
#6937=ORIENTED_EDGE('',*,*,#4824,.F.);
#6938=ORIENTED_EDGE('',*,*,#4846,.F.);
#6939=ORIENTED_EDGE('',*,*,#4564,.F.);
#6940=ORIENTED_EDGE('',*,*,#4670,.F.);
#6941=ORIENTED_EDGE('',*,*,#4585,.F.);
#6942=ORIENTED_EDGE('',*,*,#4636,.F.);
#6943=ORIENTED_EDGE('',*,*,#4704,.F.);
#6944=ORIENTED_EDGE('',*,*,#4601,.F.);
#6945=ORIENTED_EDGE('',*,*,#4518,.F.);
#6946=ORIENTED_EDGE('',*,*,#4649,.F.);
#6947=ORIENTED_EDGE('',*,*,#4665,.F.);
#6948=ORIENTED_EDGE('',*,*,#4874,.F.);
#6949=ORIENTED_EDGE('',*,*,#4902,.T.);
#6950=ORIENTED_EDGE('',*,*,#4450,.F.);
#6951=ORIENTED_EDGE('',*,*,#4835,.F.);
#6952=ORIENTED_EDGE('',*,*,#4872,.F.);
#6953=ORIENTED_EDGE('',*,*,#4613,.F.);
#6954=ORIENTED_EDGE('',*,*,#4853,.F.);
#6955=ORIENTED_EDGE('',*,*,#4805,.F.);
#6956=ORIENTED_EDGE('',*,*,#4717,.F.);
#6957=ORIENTED_EDGE('',*,*,#4810,.F.);
#6958=ORIENTED_EDGE('',*,*,#4857,.F.);
#6959=ORIENTED_EDGE('',*,*,#4877,.F.);
#6960=ORIENTED_EDGE('',*,*,#4473,.F.);
#6961=ORIENTED_EDGE('',*,*,#4896,.F.);
#6962=ORIENTED_EDGE('',*,*,#4840,.F.);
#6963=ORIENTED_EDGE('',*,*,#4849,.F.);
#6964=ORIENTED_EDGE('',*,*,#4722,.F.);
#6965=ORIENTED_EDGE('',*,*,#4888,.F.);
#6966=ORIENTED_EDGE('',*,*,#4770,.F.);
#6967=ORIENTED_EDGE('',*,*,#4781,.F.);
#6968=ORIENTED_EDGE('',*,*,#4842,.F.);
#6969=ORIENTED_EDGE('',*,*,#4903,.T.);
#6970=ORIENTED_EDGE('',*,*,#4904,.T.);
#6971=ORIENTED_EDGE('',*,*,#4814,.F.);
#6972=ORIENTED_EDGE('',*,*,#4415,.F.);
#6973=ORIENTED_EDGE('',*,*,#4905,.T.);
#6974=ORIENTED_EDGE('',*,*,#4906,.T.);
#6975=ORIENTED_EDGE('',*,*,#4890,.F.);
#6976=ORIENTED_EDGE('',*,*,#4464,.F.);
#6977=ORIENTED_EDGE('',*,*,#4898,.F.);
#6978=ORIENTED_EDGE('',*,*,#4907,.T.);
#6979=ORIENTED_EDGE('',*,*,#4908,.T.);
#6980=ORIENTED_EDGE('',*,*,#4418,.F.);
#6981=ORIENTED_EDGE('',*,*,#4883,.F.);
#6982=ORIENTED_EDGE('',*,*,#4909,.T.);
#6983=ORIENTED_EDGE('',*,*,#4895,.F.);
#6984=ORIENTED_EDGE('',*,*,#4467,.F.);
#6985=ORIENTED_EDGE('',*,*,#4767,.F.);
#6986=ORIENTED_EDGE('',*,*,#4910,.T.);
#6987=ORIENTED_EDGE('',*,*,#4654,.F.);
#6988=ORIENTED_EDGE('',*,*,#4858,.F.);
#6989=ORIENTED_EDGE('',*,*,#4680,.F.);
#6990=ORIENTED_EDGE('',*,*,#4728,.F.);
#6991=ORIENTED_EDGE('',*,*,#4819,.F.);
#6992=ORIENTED_EDGE('',*,*,#4911,.T.);
#6993=ORIENTED_EDGE('',*,*,#4865,.F.);
#6994=ORIENTED_EDGE('',*,*,#4912,.T.);
#6995=ORIENTED_EDGE('',*,*,#4673,.F.);
#6996=ORIENTED_EDGE('',*,*,#4859,.F.);
#6997=ORIENTED_EDGE('',*,*,#4652,.F.);
#6998=ORIENTED_EDGE('',*,*,#4679,.F.);
#6999=ORIENTED_EDGE('',*,*,#4832,.F.);
#7000=ORIENTED_EDGE('',*,*,#4913,.T.);
#7001=ORIENTED_EDGE('',*,*,#4914,.T.);
#7002=ORIENTED_EDGE('',*,*,#4884,.F.);
#7003=ORIENTED_EDGE('',*,*,#4705,.F.);
#7004=ORIENTED_EDGE('',*,*,#4685,.F.);
#7005=ORIENTED_EDGE('',*,*,#4829,.F.);
#7006=ORIENTED_EDGE('',*,*,#4674,.F.);
#7007=ORIENTED_EDGE('',*,*,#4912,.F.);
#7008=ORIENTED_EDGE('',*,*,#4651,.F.);
#7009=ORIENTED_EDGE('',*,*,#4910,.F.);
#7010=ORIENTED_EDGE('',*,*,#4915,.T.);
#7011=ORIENTED_EDGE('',*,*,#4916,.T.);
#7012=ORIENTED_EDGE('',*,*,#4917,.T.);
#7013=ORIENTED_EDGE('',*,*,#4918,.T.);
#7014=ORIENTED_EDGE('',*,*,#4919,.T.);
#7015=ORIENTED_EDGE('',*,*,#4905,.F.);
#7016=ORIENTED_EDGE('',*,*,#4419,.F.);
#7017=ORIENTED_EDGE('',*,*,#4908,.F.);
#7018=ORIENTED_EDGE('',*,*,#4920,.T.);
#7019=ORIENTED_EDGE('',*,*,#4921,.T.);
#7020=ORIENTED_EDGE('',*,*,#4885,.F.);
#7021=ORIENTED_EDGE('',*,*,#4914,.F.);
#7022=ORIENTED_EDGE('',*,*,#4922,.T.);
#7023=ORIENTED_EDGE('',*,*,#4923,.T.);
#7024=ORIENTED_EDGE('',*,*,#4924,.T.);
#7025=ORIENTED_EDGE('',*,*,#4925,.T.);
#7026=ORIENTED_EDGE('',*,*,#4911,.F.);
#7027=ORIENTED_EDGE('',*,*,#4926,.T.);
#7028=ORIENTED_EDGE('',*,*,#4918,.F.);
#7029=ORIENTED_EDGE('',*,*,#4927,.T.);
#7030=ORIENTED_EDGE('',*,*,#4866,.F.);
#7031=ORIENTED_EDGE('',*,*,#4928,.T.);
#7032=ORIENTED_EDGE('',*,*,#4929,.T.);
#7033=ORIENTED_EDGE('',*,*,#4930,.T.);
#7034=ORIENTED_EDGE('',*,*,#4931,.T.);
#7035=ORIENTED_EDGE('',*,*,#4932,.T.);
#7036=ORIENTED_EDGE('',*,*,#4933,.T.);
#7037=ORIENTED_EDGE('',*,*,#4934,.T.);
#7038=ORIENTED_EDGE('',*,*,#4935,.T.);
#7039=ORIENTED_EDGE('',*,*,#4936,.T.);
#7040=ORIENTED_EDGE('',*,*,#4937,.T.);
#7041=ORIENTED_EDGE('',*,*,#4938,.T.);
#7042=ORIENTED_EDGE('',*,*,#4939,.T.);
#7043=ORIENTED_EDGE('',*,*,#4928,.F.);
#7044=ORIENTED_EDGE('',*,*,#4940,.T.);
#7045=ORIENTED_EDGE('',*,*,#4941,.T.);
#7046=ORIENTED_EDGE('',*,*,#4942,.T.);
#7047=ORIENTED_EDGE('',*,*,#4943,.T.);
#7048=ORIENTED_EDGE('',*,*,#4816,.F.);
#7049=ORIENTED_EDGE('',*,*,#4887,.F.);
#7050=ORIENTED_EDGE('',*,*,#4944,.T.);
#7051=ORIENTED_EDGE('',*,*,#4932,.F.);
#7052=ORIENTED_EDGE('',*,*,#4945,.T.);
#7053=ORIENTED_EDGE('',*,*,#4946,.T.);
#7054=ORIENTED_EDGE('',*,*,#4947,.T.);
#7055=ORIENTED_EDGE('',*,*,#4948,.T.);
#7056=ORIENTED_EDGE('',*,*,#4949,.T.);
#7057=ORIENTED_EDGE('',*,*,#4950,.T.);
#7058=ORIENTED_EDGE('',*,*,#4951,.T.);
#7059=ORIENTED_EDGE('',*,*,#4933,.F.);
#7060=ORIENTED_EDGE('',*,*,#4947,.F.);
#7061=ORIENTED_EDGE('',*,*,#4952,.T.);
#7062=ORIENTED_EDGE('',*,*,#4953,.T.);
#7063=ORIENTED_EDGE('',*,*,#4924,.F.);
#7064=ORIENTED_EDGE('',*,*,#4954,.T.);
#7065=ORIENTED_EDGE('',*,*,#4955,.T.);
#7066=ORIENTED_EDGE('',*,*,#4956,.T.);
#7067=ORIENTED_EDGE('',*,*,#4957,.T.);
#7068=ORIENTED_EDGE('',*,*,#4958,.T.);
#7069=ORIENTED_EDGE('',*,*,#4959,.T.);
#7070=ORIENTED_EDGE('',*,*,#4960,.T.);
#7071=ORIENTED_EDGE('',*,*,#4961,.T.);
#7072=ORIENTED_EDGE('',*,*,#4962,.T.);
#7073=ORIENTED_EDGE('',*,*,#4963,.T.);
#7074=ORIENTED_EDGE('',*,*,#4964,.T.);
#7075=ORIENTED_EDGE('',*,*,#4965,.T.);
#7076=ORIENTED_EDGE('',*,*,#4966,.T.);
#7077=ORIENTED_EDGE('',*,*,#4967,.T.);
#7078=ORIENTED_EDGE('',*,*,#4968,.T.);
#7079=ORIENTED_EDGE('',*,*,#4969,.T.);
#7080=ORIENTED_EDGE('',*,*,#4970,.T.);
#7081=ORIENTED_EDGE('',*,*,#4971,.T.);
#7082=ORIENTED_EDGE('',*,*,#4870,.F.);
#7083=ORIENTED_EDGE('',*,*,#4972,.T.);
#7084=ORIENTED_EDGE('',*,*,#4973,.T.);
#7085=ORIENTED_EDGE('',*,*,#4959,.F.);
#7086=ORIENTED_EDGE('',*,*,#4974,.T.);
#7087=ORIENTED_EDGE('',*,*,#4922,.F.);
#7088=ORIENTED_EDGE('',*,*,#4975,.T.);
#7089=ORIENTED_EDGE('',*,*,#4976,.T.);
#7090=ORIENTED_EDGE('',*,*,#4977,.T.);
#7091=ORIENTED_EDGE('',*,*,#4978,.T.);
#7092=ORIENTED_EDGE('',*,*,#4979,.T.);
#7093=ORIENTED_EDGE('',*,*,#4980,.T.);
#7094=ORIENTED_EDGE('',*,*,#4981,.T.);
#7095=ORIENTED_EDGE('',*,*,#4982,.T.);
#7096=ORIENTED_EDGE('',*,*,#4775,.F.);
#7097=ORIENTED_EDGE('',*,*,#4983,.T.);
#7098=ORIENTED_EDGE('',*,*,#4984,.T.);
#7099=ORIENTED_EDGE('',*,*,#4985,.T.);
#7100=ORIENTED_EDGE('',*,*,#4986,.T.);
#7101=ORIENTED_EDGE('',*,*,#4987,.T.);
#7102=ORIENTED_EDGE('',*,*,#4988,.T.);
#7103=ORIENTED_EDGE('',*,*,#4989,.T.);
#7104=ORIENTED_EDGE('',*,*,#4990,.T.);
#7105=ORIENTED_EDGE('',*,*,#4991,.T.);
#7106=ORIENTED_EDGE('',*,*,#4992,.T.);
#7107=ORIENTED_EDGE('',*,*,#4993,.T.);
#7108=ORIENTED_EDGE('',*,*,#4981,.F.);
#7109=ORIENTED_EDGE('',*,*,#4994,.T.);
#7110=ORIENTED_EDGE('',*,*,#4995,.T.);
#7111=ORIENTED_EDGE('',*,*,#4996,.T.);
#7112=ORIENTED_EDGE('',*,*,#4997,.T.);
#7113=ORIENTED_EDGE('',*,*,#4967,.F.);
#7114=ORIENTED_EDGE('',*,*,#4998,.T.);
#7115=ORIENTED_EDGE('',*,*,#4999,.T.);
#7116=ORIENTED_EDGE('',*,*,#5000,.T.);
#7117=ORIENTED_EDGE('',*,*,#5001,.T.);
#7118=ORIENTED_EDGE('',*,*,#5002,.T.);
#7119=ORIENTED_EDGE('',*,*,#4925,.F.);
#7120=ORIENTED_EDGE('',*,*,#4953,.F.);
#7121=ORIENTED_EDGE('',*,*,#5003,.T.);
#7122=ORIENTED_EDGE('',*,*,#4975,.F.);
#7123=ORIENTED_EDGE('',*,*,#5004,.T.);
#7124=ORIENTED_EDGE('',*,*,#4976,.F.);
#7125=ORIENTED_EDGE('',*,*,#5003,.F.);
#7126=ORIENTED_EDGE('',*,*,#4952,.F.);
#7127=ORIENTED_EDGE('',*,*,#4946,.F.);
#7128=ORIENTED_EDGE('',*,*,#5005,.T.);
#7129=ORIENTED_EDGE('',*,*,#5006,.T.);
#7130=ORIENTED_EDGE('',*,*,#5007,.T.);
#7131=ORIENTED_EDGE('',*,*,#5008,.T.);
#7132=ORIENTED_EDGE('',*,*,#4944,.F.);
#7133=ORIENTED_EDGE('',*,*,#4886,.F.);
#7134=ORIENTED_EDGE('',*,*,#4921,.F.);
#7135=ORIENTED_EDGE('',*,*,#5007,.F.);
#7136=ORIENTED_EDGE('',*,*,#5009,.T.);
#7137=ORIENTED_EDGE('',*,*,#5010,.T.);
#7138=ORIENTED_EDGE('',*,*,#5011,.T.);
#7139=ORIENTED_EDGE('',*,*,#4930,.F.);
#7140=ORIENTED_EDGE('',*,*,#5012,.T.);
#7141=ORIENTED_EDGE('',*,*,#5013,.T.);
#7142=ORIENTED_EDGE('',*,*,#5014,.T.);
#7143=ORIENTED_EDGE('',*,*,#5015,.T.);
#7144=ORIENTED_EDGE('',*,*,#5016,.T.);
#7145=ORIENTED_EDGE('',*,*,#4940,.F.);
#7146=ORIENTED_EDGE('',*,*,#4931,.F.);
#7147=ORIENTED_EDGE('',*,*,#5011,.F.);
#7148=ORIENTED_EDGE('',*,*,#5017,.T.);
#7149=ORIENTED_EDGE('',*,*,#5018,.T.);
#7150=ORIENTED_EDGE('',*,*,#5019,.T.);
#7151=ORIENTED_EDGE('',*,*,#5020,.T.);
#7152=ORIENTED_EDGE('',*,*,#5021,.T.);
#7153=ORIENTED_EDGE('',*,*,#5022,.T.);
#7154=ORIENTED_EDGE('',*,*,#5015,.F.);
#7155=ORIENTED_EDGE('',*,*,#5023,.T.);
#7156=ORIENTED_EDGE('',*,*,#4987,.F.);
#7157=ORIENTED_EDGE('',*,*,#5024,.T.);
#7158=ORIENTED_EDGE('',*,*,#5025,.T.);
#7159=ORIENTED_EDGE('',*,*,#5026,.T.);
#7160=ORIENTED_EDGE('',*,*,#5027,.T.);
#7161=ORIENTED_EDGE('',*,*,#5028,.T.);
#7162=ORIENTED_EDGE('',*,*,#5029,.T.);
#7163=ORIENTED_EDGE('',*,*,#5030,.T.);
#7164=ORIENTED_EDGE('',*,*,#5031,.T.);
#7165=ORIENTED_EDGE('',*,*,#5032,.T.);
#7166=ORIENTED_EDGE('',*,*,#5033,.T.);
#7167=ORIENTED_EDGE('',*,*,#5034,.T.);
#7168=ORIENTED_EDGE('',*,*,#4990,.F.);
#7169=ORIENTED_EDGE('',*,*,#5035,.T.);
#7170=ORIENTED_EDGE('',*,*,#4974,.F.);
#7171=ORIENTED_EDGE('',*,*,#4958,.F.);
#7172=ORIENTED_EDGE('',*,*,#5036,.T.);
#7173=ORIENTED_EDGE('',*,*,#5037,.T.);
#7174=ORIENTED_EDGE('',*,*,#4988,.F.);
#7175=ORIENTED_EDGE('',*,*,#5023,.F.);
#7176=ORIENTED_EDGE('',*,*,#5014,.F.);
#7177=ORIENTED_EDGE('',*,*,#5038,.T.);
#7178=ORIENTED_EDGE('',*,*,#4995,.F.);
#7179=ORIENTED_EDGE('',*,*,#5039,.T.);
#7180=ORIENTED_EDGE('',*,*,#5040,.T.);
#7181=ORIENTED_EDGE('',*,*,#5041,.T.);
#7182=ORIENTED_EDGE('',*,*,#5042,.T.);
#7183=ORIENTED_EDGE('',*,*,#4960,.F.);
#7184=ORIENTED_EDGE('',*,*,#4973,.F.);
#7185=ORIENTED_EDGE('',*,*,#5043,.T.);
#7186=ORIENTED_EDGE('',*,*,#5044,.T.);
#7187=ORIENTED_EDGE('',*,*,#4962,.F.);
#7188=ORIENTED_EDGE('',*,*,#5045,.T.);
#7189=ORIENTED_EDGE('',*,*,#5046,.T.);
#7190=ORIENTED_EDGE('',*,*,#5047,.T.);
#7191=ORIENTED_EDGE('',*,*,#4954,.F.);
#7192=ORIENTED_EDGE('',*,*,#4923,.F.);
#7193=ORIENTED_EDGE('',*,*,#5048,.T.);
#7194=ORIENTED_EDGE('',*,*,#5049,.T.);
#7195=ORIENTED_EDGE('',*,*,#5019,.F.);
#7196=ORIENTED_EDGE('',*,*,#5050,.T.);
#7197=ORIENTED_EDGE('',*,*,#5051,.T.);
#7198=ORIENTED_EDGE('',*,*,#5017,.F.);
#7199=ORIENTED_EDGE('',*,*,#5010,.F.);
#7200=ORIENTED_EDGE('',*,*,#5052,.T.);
#7201=ORIENTED_EDGE('',*,*,#5053,.T.);
#7202=ORIENTED_EDGE('',*,*,#4992,.F.);
#7203=ORIENTED_EDGE('',*,*,#5054,.T.);
#7204=ORIENTED_EDGE('',*,*,#5000,.F.);
#7205=ORIENTED_EDGE('',*,*,#5055,.T.);
#7206=ORIENTED_EDGE('',*,*,#5056,.T.);
#7207=ORIENTED_EDGE('',*,*,#5024,.F.);
#7208=ORIENTED_EDGE('',*,*,#4986,.F.);
#7209=ORIENTED_EDGE('',*,*,#5057,.T.);
#7210=ORIENTED_EDGE('',*,*,#5058,.T.);
#7211=ORIENTED_EDGE('',*,*,#4963,.F.);
#7212=ORIENTED_EDGE('',*,*,#5044,.F.);
#7213=ORIENTED_EDGE('',*,*,#5059,.T.);
#7214=ORIENTED_EDGE('',*,*,#5006,.F.);
#7215=ORIENTED_EDGE('',*,*,#4920,.F.);
#7216=ORIENTED_EDGE('',*,*,#4913,.F.);
#7217=ORIENTED_EDGE('',*,*,#4901,.F.);
#7218=ORIENTED_EDGE('',*,*,#4776,.F.);
#7219=ORIENTED_EDGE('',*,*,#4982,.F.);
#7220=ORIENTED_EDGE('',*,*,#5060,.T.);
#7221=ORIENTED_EDGE('',*,*,#5061,.T.);
#7222=ORIENTED_EDGE('',*,*,#5050,.F.);
#7223=ORIENTED_EDGE('',*,*,#5018,.F.);
#7224=ORIENTED_EDGE('',*,*,#5051,.F.);
#7225=ORIENTED_EDGE('',*,*,#5062,.T.);
#7226=ORIENTED_EDGE('',*,*,#5002,.F.);
#7227=ORIENTED_EDGE('',*,*,#5063,.T.);
#7228=ORIENTED_EDGE('',*,*,#5064,.T.);
#7229=ORIENTED_EDGE('',*,*,#5065,.T.);
#7230=ORIENTED_EDGE('',*,*,#5040,.F.);
#7231=ORIENTED_EDGE('',*,*,#5066,.T.);
#7232=ORIENTED_EDGE('',*,*,#5033,.F.);
#7233=ORIENTED_EDGE('',*,*,#5067,.T.);
#7234=ORIENTED_EDGE('',*,*,#5068,.T.);
#7235=ORIENTED_EDGE('',*,*,#5025,.F.);
#7236=ORIENTED_EDGE('',*,*,#5056,.F.);
#7237=ORIENTED_EDGE('',*,*,#5069,.T.);
#7238=ORIENTED_EDGE('',*,*,#5070,.T.);
#7239=ORIENTED_EDGE('',*,*,#5021,.F.);
#7240=ORIENTED_EDGE('',*,*,#5071,.T.);
#7241=ORIENTED_EDGE('',*,*,#5072,.T.);
#7242=ORIENTED_EDGE('',*,*,#5073,.T.);
#7243=ORIENTED_EDGE('',*,*,#5074,.T.);
#7244=ORIENTED_EDGE('',*,*,#5075,.T.);
#7245=ORIENTED_EDGE('',*,*,#5076,.T.);
#7246=ORIENTED_EDGE('',*,*,#5045,.F.);
#7247=ORIENTED_EDGE('',*,*,#4961,.F.);
#7248=ORIENTED_EDGE('',*,*,#5042,.F.);
#7249=ORIENTED_EDGE('',*,*,#4942,.F.);
#7250=ORIENTED_EDGE('',*,*,#5077,.T.);
#7251=ORIENTED_EDGE('',*,*,#5078,.T.);
#7252=ORIENTED_EDGE('',*,*,#5012,.F.);
#7253=ORIENTED_EDGE('',*,*,#4929,.F.);
#7254=ORIENTED_EDGE('',*,*,#5079,.T.);
#7255=ORIENTED_EDGE('',*,*,#5080,.T.);
#7256=ORIENTED_EDGE('',*,*,#4964,.F.);
#7257=ORIENTED_EDGE('',*,*,#5058,.F.);
#7258=ORIENTED_EDGE('',*,*,#5081,.T.);
#7259=ORIENTED_EDGE('',*,*,#5071,.F.);
#7260=ORIENTED_EDGE('',*,*,#5020,.F.);
#7261=ORIENTED_EDGE('',*,*,#5049,.F.);
#7262=ORIENTED_EDGE('',*,*,#5082,.T.);
#7263=ORIENTED_EDGE('',*,*,#4951,.F.);
#7264=ORIENTED_EDGE('',*,*,#5083,.T.);
#7265=ORIENTED_EDGE('',*,*,#4979,.F.);
#7266=ORIENTED_EDGE('',*,*,#5073,.F.);
#7267=ORIENTED_EDGE('',*,*,#5084,.T.);
#7268=ORIENTED_EDGE('',*,*,#5085,.T.);
#7269=ORIENTED_EDGE('',*,*,#5086,.T.);
#7270=ORIENTED_EDGE('',*,*,#5087,.T.);
#7271=ORIENTED_EDGE('',*,*,#5088,.T.);
#7272=ORIENTED_EDGE('',*,*,#5063,.F.);
#7273=ORIENTED_EDGE('',*,*,#5001,.F.);
#7274=ORIENTED_EDGE('',*,*,#5054,.F.);
#7275=ORIENTED_EDGE('',*,*,#4991,.F.);
#7276=ORIENTED_EDGE('',*,*,#5034,.F.);
#7277=ORIENTED_EDGE('',*,*,#5066,.F.);
#7278=ORIENTED_EDGE('',*,*,#5039,.F.);
#7279=ORIENTED_EDGE('',*,*,#4994,.F.);
#7280=ORIENTED_EDGE('',*,*,#4980,.F.);
#7281=ORIENTED_EDGE('',*,*,#5083,.F.);
#7282=ORIENTED_EDGE('',*,*,#4950,.F.);
#7283=ORIENTED_EDGE('',*,*,#5089,.T.);
#7284=ORIENTED_EDGE('',*,*,#5090,.T.);
#7285=ORIENTED_EDGE('',*,*,#5091,.T.);
#7286=ORIENTED_EDGE('',*,*,#5092,.T.);
#7287=ORIENTED_EDGE('',*,*,#5093,.T.);
#7288=ORIENTED_EDGE('',*,*,#5028,.F.);
#7289=ORIENTED_EDGE('',*,*,#5094,.T.);
#7290=ORIENTED_EDGE('',*,*,#5095,.T.);
#7291=ORIENTED_EDGE('',*,*,#5096,.T.);
#7292=ORIENTED_EDGE('',*,*,#4956,.F.);
#7293=ORIENTED_EDGE('',*,*,#5097,.T.);
#7294=ORIENTED_EDGE('',*,*,#5061,.F.);
#7295=ORIENTED_EDGE('',*,*,#5052,.F.);
#7296=ORIENTED_EDGE('',*,*,#5009,.F.);
#7297=ORIENTED_EDGE('',*,*,#5059,.F.);
#7298=ORIENTED_EDGE('',*,*,#5098,.T.);
#7299=ORIENTED_EDGE('',*,*,#5099,.T.);
#7300=ORIENTED_EDGE('',*,*,#5036,.F.);
#7301=ORIENTED_EDGE('',*,*,#4957,.F.);
#7302=ORIENTED_EDGE('',*,*,#5096,.F.);
#7303=ORIENTED_EDGE('',*,*,#5100,.T.);
#7304=ORIENTED_EDGE('',*,*,#5101,.T.);
#7305=ORIENTED_EDGE('',*,*,#4965,.F.);
#7306=ORIENTED_EDGE('',*,*,#5080,.F.);
#7307=ORIENTED_EDGE('',*,*,#5102,.T.);
#7308=ORIENTED_EDGE('',*,*,#5103,.T.);
#7309=ORIENTED_EDGE('',*,*,#5026,.F.);
#7310=ORIENTED_EDGE('',*,*,#5068,.F.);
#7311=ORIENTED_EDGE('',*,*,#5104,.T.);
#7312=ORIENTED_EDGE('',*,*,#5097,.F.);
#7313=ORIENTED_EDGE('',*,*,#4955,.F.);
#7314=ORIENTED_EDGE('',*,*,#5047,.F.);
#7315=ORIENTED_EDGE('',*,*,#4783,.F.);
#7316=ORIENTED_EDGE('',*,*,#4891,.F.);
#7317=ORIENTED_EDGE('',*,*,#4756,.F.);
#7318=ORIENTED_EDGE('',*,*,#4771,.F.);
#7319=ORIENTED_EDGE('',*,*,#4903,.F.);
#7320=ORIENTED_EDGE('',*,*,#4841,.F.);
#7321=ORIENTED_EDGE('',*,*,#4795,.F.);
#7322=ORIENTED_EDGE('',*,*,#4847,.F.);
#7323=ORIENTED_EDGE('',*,*,#4902,.F.);
#7324=ORIENTED_EDGE('',*,*,#4873,.F.);
#7325=ORIENTED_EDGE('',*,*,#4871,.F.);
#7326=ORIENTED_EDGE('',*,*,#4971,.F.);
#7327=ORIENTED_EDGE('',*,*,#5105,.T.);
#7328=ORIENTED_EDGE('',*,*,#4983,.F.);
#7329=ORIENTED_EDGE('',*,*,#4774,.F.);
#7330=ORIENTED_EDGE('',*,*,#4764,.F.);
#7331=ORIENTED_EDGE('',*,*,#4812,.F.);
#7332=ORIENTED_EDGE('',*,*,#4904,.F.);
#7333=ORIENTED_EDGE('',*,*,#4919,.F.);
#7334=ORIENTED_EDGE('',*,*,#4907,.F.);
#7335=ORIENTED_EDGE('',*,*,#4882,.F.);
#7336=ORIENTED_EDGE('',*,*,#4850,.F.);
#7337=ORIENTED_EDGE('',*,*,#4894,.F.);
#7338=ORIENTED_EDGE('',*,*,#4909,.F.);
#7339=ORIENTED_EDGE('',*,*,#4766,.F.);
#7340=ORIENTED_EDGE('',*,*,#4889,.F.);
#7341=ORIENTED_EDGE('',*,*,#4906,.F.);
#7342=ORIENTED_EDGE('',*,*,#4897,.F.);
#7343=ORIENTED_EDGE('',*,*,#5106,.T.);
#7344=ORIENTED_EDGE('',*,*,#5107,.T.);
#7345=ORIENTED_EDGE('',*,*,#5089,.F.);
#7346=ORIENTED_EDGE('',*,*,#4949,.F.);
#7347=ORIENTED_EDGE('',*,*,#4927,.F.);
#7348=ORIENTED_EDGE('',*,*,#4917,.F.);
#7349=ORIENTED_EDGE('',*,*,#5108,.T.);
#7350=ORIENTED_EDGE('',*,*,#4938,.F.);
#7351=ORIENTED_EDGE('',*,*,#5109,.T.);
#7352=ORIENTED_EDGE('',*,*,#4867,.F.);
#7353=ORIENTED_EDGE('',*,*,#5110,.T.);
#7354=ORIENTED_EDGE('',*,*,#4998,.F.);
#7355=ORIENTED_EDGE('',*,*,#4966,.F.);
#7356=ORIENTED_EDGE('',*,*,#5101,.F.);
#7357=ORIENTED_EDGE('',*,*,#5075,.F.);
#7358=ORIENTED_EDGE('',*,*,#5111,.T.);
#7359=ORIENTED_EDGE('',*,*,#5112,.T.);
#7360=ORIENTED_EDGE('',*,*,#5113,.T.);
#7361=ORIENTED_EDGE('',*,*,#5114,.T.);
#7362=ORIENTED_EDGE('',*,*,#4939,.F.);
#7363=ORIENTED_EDGE('',*,*,#5108,.F.);
#7364=ORIENTED_EDGE('',*,*,#4916,.F.);
#7365=ORIENTED_EDGE('',*,*,#5072,.F.);
#7366=ORIENTED_EDGE('',*,*,#5113,.F.);
#7367=ORIENTED_EDGE('',*,*,#5115,.T.);
#7368=ORIENTED_EDGE('',*,*,#5084,.F.);
#7369=ORIENTED_EDGE('',*,*,#5116,.T.);
#7370=ORIENTED_EDGE('',*,*,#5117,.T.);
#7371=ORIENTED_EDGE('',*,*,#5090,.F.);
#7372=ORIENTED_EDGE('',*,*,#5107,.F.);
#7373=ORIENTED_EDGE('',*,*,#4935,.F.);
#7374=ORIENTED_EDGE('',*,*,#5118,.T.);
#7375=ORIENTED_EDGE('',*,*,#5005,.F.);
#7376=ORIENTED_EDGE('',*,*,#4945,.F.);
#7377=ORIENTED_EDGE('',*,*,#5119,.T.);
#7378=ORIENTED_EDGE('',*,*,#4941,.F.);
#7379=ORIENTED_EDGE('',*,*,#5031,.F.);
#7380=ORIENTED_EDGE('',*,*,#5120,.T.);
#7381=ORIENTED_EDGE('',*,*,#4818,.F.);
#7382=ORIENTED_EDGE('',*,*,#5121,.T.);
#7383=ORIENTED_EDGE('',*,*,#4936,.F.);
#7384=ORIENTED_EDGE('',*,*,#5114,.F.);
#7385=ORIENTED_EDGE('',*,*,#4915,.F.);
#7386=ORIENTED_EDGE('',*,*,#4926,.F.);
#7387=ORIENTED_EDGE('',*,*,#5122,.T.);
#7388=ORIENTED_EDGE('',*,*,#5074,.F.);
#7389=ORIENTED_EDGE('',*,*,#5091,.F.);
#7390=ORIENTED_EDGE('',*,*,#5117,.F.);
#7391=ORIENTED_EDGE('',*,*,#5121,.F.);
#7392=ORIENTED_EDGE('',*,*,#5123,.T.);
#7393=ORIENTED_EDGE('',*,*,#4868,.F.);
#7394=ORIENTED_EDGE('',*,*,#5109,.F.);
#7395=ORIENTED_EDGE('',*,*,#4937,.F.);
#7396=ORIENTED_EDGE('',*,*,#5124,.T.);
#7397=ORIENTED_EDGE('',*,*,#5120,.F.);
#7398=ORIENTED_EDGE('',*,*,#5030,.F.);
#7399=ORIENTED_EDGE('',*,*,#5125,.T.);
#7400=ORIENTED_EDGE('',*,*,#5123,.F.);
#7401=ORIENTED_EDGE('',*,*,#4817,.F.);
#7402=ORIENTED_EDGE('',*,*,#4943,.F.);
#7403=ORIENTED_EDGE('',*,*,#5008,.F.);
#7404=ORIENTED_EDGE('',*,*,#5078,.F.);
#7405=ORIENTED_EDGE('',*,*,#5126,.T.);
#7406=ORIENTED_EDGE('',*,*,#4969,.F.);
#7407=ORIENTED_EDGE('',*,*,#4869,.F.);
#7408=ORIENTED_EDGE('',*,*,#5127,.T.);
#7409=ORIENTED_EDGE('',*,*,#5094,.F.);
#7410=ORIENTED_EDGE('',*,*,#5027,.F.);
#7411=ORIENTED_EDGE('',*,*,#5103,.F.);
#7412=ORIENTED_EDGE('',*,*,#5128,.T.);
#7413=ORIENTED_EDGE('',*,*,#5016,.F.);
#7414=ORIENTED_EDGE('',*,*,#5022,.F.);
#7415=ORIENTED_EDGE('',*,*,#5070,.F.);
#7416=ORIENTED_EDGE('',*,*,#5129,.T.);
#7417=ORIENTED_EDGE('',*,*,#5125,.F.);
#7418=ORIENTED_EDGE('',*,*,#5029,.F.);
#7419=ORIENTED_EDGE('',*,*,#5093,.F.);
#7420=ORIENTED_EDGE('',*,*,#5130,.T.);
#7421=ORIENTED_EDGE('',*,*,#4934,.F.);
#7422=ORIENTED_EDGE('',*,*,#4968,.F.);
#7423=ORIENTED_EDGE('',*,*,#4997,.F.);
#7424=ORIENTED_EDGE('',*,*,#5098,.F.);
#7425=ORIENTED_EDGE('',*,*,#5060,.F.);
#7426=ORIENTED_EDGE('',*,*,#4984,.F.);
#7427=ORIENTED_EDGE('',*,*,#5105,.F.);
#7428=ORIENTED_EDGE('',*,*,#4970,.F.);
#7429=ORIENTED_EDGE('',*,*,#5126,.F.);
#7430=ORIENTED_EDGE('',*,*,#5077,.F.);
#7431=ORIENTED_EDGE('',*,*,#5119,.F.);
#7432=ORIENTED_EDGE('',*,*,#5124,.F.);
#7433=ORIENTED_EDGE('',*,*,#5129,.F.);
#7434=ORIENTED_EDGE('',*,*,#5092,.F.);
#7435=ORIENTED_EDGE('',*,*,#5127,.F.);
#7436=ORIENTED_EDGE('',*,*,#5102,.F.);
#7437=ORIENTED_EDGE('',*,*,#5067,.F.);
#7438=ORIENTED_EDGE('',*,*,#5055,.F.);
#7439=ORIENTED_EDGE('',*,*,#4985,.F.);
#7440=ORIENTED_EDGE('',*,*,#5037,.F.);
#7441=ORIENTED_EDGE('',*,*,#5013,.F.);
#7442=ORIENTED_EDGE('',*,*,#5128,.F.);
#7443=ORIENTED_EDGE('',*,*,#5069,.F.);
#7444=ORIENTED_EDGE('',*,*,#5081,.F.);
#7445=ORIENTED_EDGE('',*,*,#5048,.F.);
#7446=ORIENTED_EDGE('',*,*,#5131,.T.);
#7447=ORIENTED_EDGE('',*,*,#5132,.T.);
#7448=ORIENTED_EDGE('',*,*,#5111,.F.);
#7449=ORIENTED_EDGE('',*,*,#5122,.F.);
#7450=ORIENTED_EDGE('',*,*,#5116,.F.);
#7451=ORIENTED_EDGE('',*,*,#5106,.F.);
#7452=ORIENTED_EDGE('',*,*,#4948,.F.);
#7453=ORIENTED_EDGE('',*,*,#5082,.F.);
#7454=ORIENTED_EDGE('',*,*,#4978,.F.);
#7455=ORIENTED_EDGE('',*,*,#4993,.F.);
#7456=ORIENTED_EDGE('',*,*,#5038,.F.);
#7457=ORIENTED_EDGE('',*,*,#5065,.F.);
#7458=ORIENTED_EDGE('',*,*,#5032,.F.);
#7459=ORIENTED_EDGE('',*,*,#4989,.F.);
#7460=ORIENTED_EDGE('',*,*,#5053,.F.);
#7461=ORIENTED_EDGE('',*,*,#4999,.F.);
#7462=ORIENTED_EDGE('',*,*,#5062,.F.);
#7463=ORIENTED_EDGE('',*,*,#5133,.T.);
#7464=ORIENTED_EDGE('',*,*,#4977,.F.);
#7465=ORIENTED_EDGE('',*,*,#5004,.F.);
#7466=ORIENTED_EDGE('',*,*,#5118,.F.);
#7467=ORIENTED_EDGE('',*,*,#5130,.F.);
#7468=ORIENTED_EDGE('',*,*,#4996,.F.);
#7469=ORIENTED_EDGE('',*,*,#5110,.F.);
#7470=ORIENTED_EDGE('',*,*,#5100,.F.);
#7471=ORIENTED_EDGE('',*,*,#5079,.F.);
#7472=ORIENTED_EDGE('',*,*,#5057,.F.);
#7473=ORIENTED_EDGE('',*,*,#5043,.F.);
#7474=ORIENTED_EDGE('',*,*,#5076,.F.);
#7475=ORIENTED_EDGE('',*,*,#5041,.F.);
#7476=ORIENTED_EDGE('',*,*,#4972,.F.);
#7477=ORIENTED_EDGE('',*,*,#5035,.F.);
#7478=ORIENTED_EDGE('',*,*,#5099,.F.);
#7479=ORIENTED_EDGE('',*,*,#5095,.F.);
#7480=ORIENTED_EDGE('',*,*,#5104,.F.);
#7481=ORIENTED_EDGE('',*,*,#5046,.F.);
#7482=ORIENTED_EDGE('',*,*,#5134,.T.);
#7483=ORIENTED_EDGE('',*,*,#5086,.F.);
#7484=ORIENTED_EDGE('',*,*,#5135,.T.);
#7485=ORIENTED_EDGE('',*,*,#5136,.T.);
#7486=ORIENTED_EDGE('',*,*,#5133,.F.);
#7487=ORIENTED_EDGE('',*,*,#5064,.F.);
#7488=ORIENTED_EDGE('',*,*,#5088,.F.);
#7489=ORIENTED_EDGE('',*,*,#5137,.T.);
#7490=ORIENTED_EDGE('',*,*,#5138,.T.);
#7491=ORIENTED_EDGE('',*,*,#5137,.F.);
#7492=ORIENTED_EDGE('',*,*,#5087,.F.);
#7493=ORIENTED_EDGE('',*,*,#5134,.F.);
#7494=ORIENTED_EDGE('',*,*,#5132,.F.);
#7495=ORIENTED_EDGE('',*,*,#5139,.T.);
#7496=ORIENTED_EDGE('',*,*,#5135,.F.);
#7497=ORIENTED_EDGE('',*,*,#5085,.F.);
#7498=ORIENTED_EDGE('',*,*,#5115,.F.);
#7499=ORIENTED_EDGE('',*,*,#5112,.F.);
#7500=ORIENTED_EDGE('',*,*,#5138,.F.);
#7501=ORIENTED_EDGE('',*,*,#5136,.F.);
#7502=ORIENTED_EDGE('',*,*,#5139,.F.);
#7503=ORIENTED_EDGE('',*,*,#5131,.F.);
#7504=CYLINDRICAL_SURFACE('',#8191,0.29999999999999);
#7505=CYLINDRICAL_SURFACE('',#8192,4.00000000000005);
#7506=CYLINDRICAL_SURFACE('',#8200,0.50000000000001);
#7507=CYLINDRICAL_SURFACE('',#8202,0.40000000000001);
#7508=CYLINDRICAL_SURFACE('',#8204,3.00000000000003);
#7509=CYLINDRICAL_SURFACE('',#8206,0.299999999999998);
#7510=CYLINDRICAL_SURFACE('',#8207,2.99999999999999);
#7511=CYLINDRICAL_SURFACE('',#8209,0.29999999999999);
#7512=CYLINDRICAL_SURFACE('',#8210,4.00000000000005);
#7513=CYLINDRICAL_SURFACE('',#8212,0.40000000000001);
#7514=CYLINDRICAL_SURFACE('',#8216,4.00000000000005);
#7515=CYLINDRICAL_SURFACE('',#8219,0.299999999999998);
#7516=CYLINDRICAL_SURFACE('',#8226,1.00000000000001);
#7517=CYLINDRICAL_SURFACE('',#8228,0.8);
#7518=CYLINDRICAL_SURFACE('',#8238,2.99999999999999);
#7519=CYLINDRICAL_SURFACE('',#8241,0.40000000000001);
#7520=CYLINDRICAL_SURFACE('',#8244,0.400000000000009);
#7521=CYLINDRICAL_SURFACE('',#8247,3.00000000000003);
#7522=CYLINDRICAL_SURFACE('',#8259,0.50000000000001);
#7523=CYLINDRICAL_SURFACE('',#8263,0.29999999999999);
#7524=CYLINDRICAL_SURFACE('',#8265,0.0999999999999995);
#7525=CYLINDRICAL_SURFACE('',#8269,0.299999999999998);
#7526=CYLINDRICAL_SURFACE('',#8270,0.40000000000001);
#7527=CYLINDRICAL_SURFACE('',#8273,0.400000000000011);
#7528=CYLINDRICAL_SURFACE('',#8277,3.00000000000003);
#7529=CYLINDRICAL_SURFACE('',#8284,2.99999999999999);
#7530=CYLINDRICAL_SURFACE('',#8287,0.15);
#7531=CYLINDRICAL_SURFACE('',#8293,1.);
#7532=CYLINDRICAL_SURFACE('',#8298,0.8);
#7533=CYLINDRICAL_SURFACE('',#8301,1.00000000000001);
#7534=CYLINDRICAL_SURFACE('',#8307,1.00000000000001);
#7535=CYLINDRICAL_SURFACE('',#8313,0.150000000000001);
#7536=CYLINDRICAL_SURFACE('',#8317,0.149999999999999);
#7537=CYLINDRICAL_SURFACE('',#8321,0.3);
#7538=CYLINDRICAL_SURFACE('',#8324,0.150000000000001);
#7539=CYLINDRICAL_SURFACE('',#8327,0.15);
#7540=CYLINDRICAL_SURFACE('',#8345,0.15);
#7541=CYLINDRICAL_SURFACE('',#8348,1.25);
#7542=CYLINDRICAL_SURFACE('',#8352,0.15);
#7543=CYLINDRICAL_SURFACE('',#8357,0.15);
#7544=CYLINDRICAL_SURFACE('',#8361,0.1);
#7545=CYLINDRICAL_SURFACE('',#8364,0.15);
#7546=CYLINDRICAL_SURFACE('',#8367,0.15);
#7547=CYLINDRICAL_SURFACE('',#8371,0.15);
#7548=CYLINDRICAL_SURFACE('',#8374,0.0999999999999998);
#7549=CYLINDRICAL_SURFACE('',#8378,0.15);
#7550=CYLINDRICAL_SURFACE('',#8386,0.15);
#7551=CYLINDRICAL_SURFACE('',#8392,1.);
#7552=CYLINDRICAL_SURFACE('',#8396,0.15);
#7553=CYLINDRICAL_SURFACE('',#8399,0.14999999999999);
#7554=CYLINDRICAL_SURFACE('',#8405,0.150000000000001);
#7555=CYLINDRICAL_SURFACE('',#8445,0.14999999999999);
#7556=CYLINDRICAL_SURFACE('',#8450,0.0999999999999995);
#7557=CYLINDRICAL_SURFACE('',#8453,1.25);
#7558=CYLINDRICAL_SURFACE('',#8456,0.14999999999999);
#7559=CYLINDRICAL_SURFACE('',#8462,0.15000000000001);
#7560=CYLINDRICAL_SURFACE('',#8464,0.15);
#7561=CYLINDRICAL_SURFACE('',#8467,1.25000000000001);
#7562=CYLINDRICAL_SURFACE('',#8471,0.15);
#7563=CYLINDRICAL_SURFACE('',#8473,1.25);
#7564=CYLINDRICAL_SURFACE('',#8483,0.149999999999991);
#7565=CYLINDRICAL_SURFACE('',#8487,0.14999999999999);
#7566=CYLINDRICAL_SURFACE('',#8490,0.15);
#7567=CYLINDRICAL_SURFACE('',#8492,0.15);
#7568=CYLINDRICAL_SURFACE('',#8494,0.149999999999999);
#7569=CYLINDRICAL_SURFACE('',#8496,0.15);
#7570=CYLINDRICAL_SURFACE('',#8506,0.15);
#7571=CYLINDRICAL_SURFACE('',#8508,1.25);
#7572=CYLINDRICAL_SURFACE('',#8510,0.15);
#7573=CYLINDRICAL_SURFACE('',#8513,1.);
#7574=CYLINDRICAL_SURFACE('',#8520,0.15000000000001);
#7575=CYLINDRICAL_SURFACE('',#8527,0.15);
#7576=CYLINDRICAL_SURFACE('',#8529,0.14999999999999);
#7577=CYLINDRICAL_SURFACE('',#8531,0.14999999999999);
#7578=CYLINDRICAL_SURFACE('',#8534,1.25);
#7579=CYLINDRICAL_SURFACE('',#8546,1.25);
#7580=CYLINDRICAL_SURFACE('',#8547,0.15);
#7581=CYLINDRICAL_SURFACE('',#8549,0.200000000000001);
#7582=CYLINDRICAL_SURFACE('',#8556,0.15);
#7583=CYLINDRICAL_SURFACE('',#8559,1.25);
#7584=CYLINDRICAL_SURFACE('',#8561,0.149999999999998);
#7585=CYLINDRICAL_SURFACE('',#8563,1.25);
#7586=CYLINDRICAL_SURFACE('',#8565,0.14999999999999);
#7587=CYLINDRICAL_SURFACE('',#8569,0.15);
#7588=CYLINDRICAL_SURFACE('',#8578,1.25);
#7589=CYLINDRICAL_SURFACE('',#8579,0.15);
#7590=CYLINDRICAL_SURFACE('',#8580,0.15);
#7591=CYLINDRICAL_SURFACE('',#8581,0.14999999999999);
#7592=CYLINDRICAL_SURFACE('',#8585,1.25000000000001);
#7593=CYLINDRICAL_SURFACE('',#8590,1.25);
#7594=CYLINDRICAL_SURFACE('',#8596,1.);
#7595=CYLINDRICAL_SURFACE('',#8598,0.15);
#7596=CYLINDRICAL_SURFACE('',#8604,0.1);
#7597=CYLINDRICAL_SURFACE('',#8606,0.149999999999999);
#7598=CYLINDRICAL_SURFACE('',#8609,1.24999999999999);
#7599=CYLINDRICAL_SURFACE('',#8611,0.14999999999999);
#7600=CYLINDRICAL_SURFACE('',#8615,0.3);
#7601=CYLINDRICAL_SURFACE('',#8618,0.1);
#7602=CYLINDRICAL_SURFACE('',#8620,0.50000000000001);
#7603=CYLINDRICAL_SURFACE('',#8623,1.24999999999999);
#7604=CYLINDRICAL_SURFACE('',#8627,0.2);
#7605=CYLINDRICAL_SURFACE('',#8629,1.25);
#7606=CYLINDRICAL_SURFACE('',#8632,0.15);
#7607=CYLINDRICAL_SURFACE('',#8636,0.29999999999999);
#7608=CYLINDRICAL_SURFACE('',#8638,0.14999999999999);
#7609=CYLINDRICAL_SURFACE('',#8643,0.0999999999999998);
#7610=CYLINDRICAL_SURFACE('',#8650,1.);
#7611=CYLINDRICAL_SURFACE('',#8653,1.25);
#7612=CYLINDRICAL_SURFACE('',#8656,0.15);
#7613=CYLINDRICAL_SURFACE('',#8659,0.0999999999999998);
#7614=CYLINDRICAL_SURFACE('',#8661,1.);
#7615=CYLINDRICAL_SURFACE('',#8664,0.15);
#7616=CYLINDRICAL_SURFACE('',#8666,0.3);
#7617=CYLINDRICAL_SURFACE('',#8668,1.25);
#7618=CYLINDRICAL_SURFACE('',#8675,0.149999999999998);
#7619=CYLINDRICAL_SURFACE('',#8677,1.25);
#7620=CYLINDRICAL_SURFACE('',#8679,0.150000000000001);
#7621=CYLINDRICAL_SURFACE('',#8682,0.0999999999999995);
#7622=CYLINDRICAL_SURFACE('',#8687,0.449999999999999);
#7623=CYLINDRICAL_SURFACE('',#8689,0.15);
#7624=CYLINDRICAL_SURFACE('',#8696,0.3);
#7625=CYLINDRICAL_SURFACE('',#8698,1.25);
#7626=CYLINDRICAL_SURFACE('',#8704,0.150000000000001);
#7627=CYLINDRICAL_SURFACE('',#8711,1.25);
#7628=CYLINDRICAL_SURFACE('',#8730,1.25);
#7629=CYLINDRICAL_SURFACE('',#8735,0.15);
#7630=CYLINDRICAL_SURFACE('',#8738,0.299999999999998);
#7631=CYLINDRICAL_SURFACE('',#8742,1.25);
#7632=CYLINDRICAL_SURFACE('',#8747,0.3);
#7633=CYLINDRICAL_SURFACE('',#8752,1.25000000000001);
#7634=CYLINDRICAL_SURFACE('',#8753,0.3);
#7635=CYLINDRICAL_SURFACE('',#8757,0.149999999999998);
#7636=CYLINDRICAL_SURFACE('',#8770,1.6);
#7637=CYLINDRICAL_SURFACE('',#8774,0.8);
#7638=CYLINDRICAL_SURFACE('',#8778,0.14999999999999);
#7639=CYLINDRICAL_SURFACE('',#8780,0.499999999999999);
#7640=CYLINDRICAL_SURFACE('',#8784,0.14999999999999);
#7641=CYLINDRICAL_SURFACE('',#8788,0.15000000000001);
#7642=CYLINDRICAL_SURFACE('',#8791,0.15);
#7643=CYLINDRICAL_SURFACE('',#8795,0.300000000000018);
#7644=CYLINDRICAL_SURFACE('',#8798,1.24999999999999);
#7645=CYLINDRICAL_SURFACE('',#8803,0.15);
#7646=CYLINDRICAL_SURFACE('',#8807,0.3);
#7647=CYLINDRICAL_SURFACE('',#8820,0.3);
#7648=CYLINDRICAL_SURFACE('',#8826,0.30000000000002);
#7649=CYLINDRICAL_SURFACE('',#8829,0.3);
#7650=CYLINDRICAL_SURFACE('',#8832,0.300000000000001);
#7651=CYLINDRICAL_SURFACE('',#8835,0.15);
#7652=CYLINDRICAL_SURFACE('',#8839,0.150000000000001);
#7653=CYLINDRICAL_SURFACE('',#8846,0.3);
#7654=CYLINDRICAL_SURFACE('',#8857,0.3);
#7655=CYLINDRICAL_SURFACE('',#8861,0.3);
#7656=CYLINDRICAL_SURFACE('',#8863,0.149999999999999);
#7657=CYLINDRICAL_SURFACE('',#8865,0.600000000000001);
#7658=CYLINDRICAL_SURFACE('',#8867,0.6);
#7659=CYLINDRICAL_SURFACE('',#8876,0.3);
#7660=CYLINDRICAL_SURFACE('',#8879,0.15);
#7661=CYLINDRICAL_SURFACE('',#8881,0.15);
#7662=CYLINDRICAL_SURFACE('',#8886,0.599999999999999);
#7663=CYLINDRICAL_SURFACE('',#8889,0.599999999999999);
#7664=CYLINDRICAL_SURFACE('',#8897,0.15);
#7665=CYLINDRICAL_SURFACE('',#8905,0.599999999999999);
#7666=CYLINDRICAL_SURFACE('',#8908,0.599999999999999);
#7667=CYLINDRICAL_SURFACE('',#8915,0.6);
#7668=CYLINDRICAL_SURFACE('',#8918,0.600000000000001);
#7669=CYLINDRICAL_SURFACE('',#8923,0.600000000000001);
#7670=CYLINDRICAL_SURFACE('',#8926,0.600000000000001);
#7671=CYLINDRICAL_SURFACE('',#8928,0.600000000000001);
#7672=CYLINDRICAL_SURFACE('',#8933,0.600000000000001);
#7673=STYLED_ITEM('',(#13829),#7754);
#7674=STYLED_ITEM('',(#13829),#7755);
#7675=STYLED_ITEM('',(#13829),#7756);
#7676=STYLED_ITEM('',(#13829),#7757);
#7677=STYLED_ITEM('',(#13829),#7758);
#7678=STYLED_ITEM('',(#13829),#7759);
#7679=STYLED_ITEM('',(#13829),#7760);
#7680=STYLED_ITEM('',(#13829),#7761);
#7681=STYLED_ITEM('',(#13829),#7762);
#7682=STYLED_ITEM('',(#13829),#7763);
#7683=STYLED_ITEM('',(#13829),#7764);
#7684=STYLED_ITEM('',(#13829),#7765);
#7685=STYLED_ITEM('',(#13829),#7766);
#7686=STYLED_ITEM('',(#13830),#7767);
#7687=STYLED_ITEM('',(#13830),#7768);
#7688=STYLED_ITEM('',(#13829),#7769);
#7689=STYLED_ITEM('',(#13829),#7770);
#7690=STYLED_ITEM('',(#13829),#7772);
#7691=STYLED_ITEM('',(#13829),#7773);
#7692=STYLED_ITEM('',(#13830),#7775);
#7693=STYLED_ITEM('',(#13830),#7776);
#7694=STYLED_ITEM('',(#13829),#7777);
#7695=STYLED_ITEM('',(#13829),#7778);
#7696=STYLED_ITEM('',(#13829),#7779);
#7697=STYLED_ITEM('',(#13830),#7781);
#7698=STYLED_ITEM('',(#13830),#7782);
#7699=STYLED_ITEM('',(#13829),#7783);
#7700=STYLED_ITEM('',(#13829),#7784);
#7701=STYLED_ITEM('',(#13829),#7785);
#7702=STYLED_ITEM('',(#13829),#7786);
#7703=STYLED_ITEM('',(#13829),#7787);
#7704=STYLED_ITEM('',(#13830),#7788);
#7705=STYLED_ITEM('',(#13829),#7789);
#7706=STYLED_ITEM('',(#13829),#7792);
#7707=STYLED_ITEM('',(#13829),#7794);
#7708=STYLED_ITEM('',(#13830),#7795);
#7709=STYLED_ITEM('',(#13829),#7796);
#7710=STYLED_ITEM('',(#13829),#7797);
#7711=STYLED_ITEM('',(#13830),#7798);
#7712=STYLED_ITEM('',(#13830),#7799);
#7713=STYLED_ITEM('',(#13829),#7800);
#7714=STYLED_ITEM('',(#13830),#7803);
#7715=STYLED_ITEM('',(#13829),#7804);
#7716=STYLED_ITEM('',(#13829),#7805);
#7717=STYLED_ITEM('',(#13829),#7806);
#7718=STYLED_ITEM('',(#13830),#7807);
#7719=STYLED_ITEM('',(#13829),#7808);
#7720=STYLED_ITEM('',(#13830),#7809);
#7721=STYLED_ITEM('',(#13830),#7810);
#7722=STYLED_ITEM('',(#13829),#7811);
#7723=STYLED_ITEM('',(#13829),#7812);
#7724=STYLED_ITEM('',(#13830),#7814);
#7725=STYLED_ITEM('',(#13830),#7815);
#7726=STYLED_ITEM('',(#13830),#7816);
#7727=STYLED_ITEM('',(#13830),#7818);
#7728=STYLED_ITEM('',(#13830),#7819);
#7729=STYLED_ITEM('',(#13829),#7820);
#7730=STYLED_ITEM('',(#13829),#7822);
#7731=STYLED_ITEM('',(#13829),#7824);
#7732=STYLED_ITEM('',(#13829),#7826);
#7733=STYLED_ITEM('',(#13829),#7838);
#7734=STYLED_ITEM('',(#13830),#7845);
#7735=STYLED_ITEM('',(#13830),#7855);
#7736=STYLED_ITEM('',(#13829),#7883);
#7737=STYLED_ITEM('',(#13830),#7888);
#7738=STYLED_ITEM('',(#13830),#7904);
#7739=STYLED_ITEM('',(#13830),#7912);
#7740=STYLED_ITEM('',(#13830),#7919);
#7741=STYLED_ITEM('',(#13830),#7928);
#7742=STYLED_ITEM('',(#13830),#7958);
#7743=STYLED_ITEM('',(#13829),#7968);
#7744=STYLED_ITEM('',(#13829),#7979);
#7745=STYLED_ITEM('',(#13829),#7983);
#7746=STYLED_ITEM('',(#13830),#7986);
#7747=STYLED_ITEM('',(#13830),#7999);
#7748=STYLED_ITEM('',(#13830),#8001);
#7749=STYLED_ITEM('',(#13829),#8035);
#7750=STYLED_ITEM('',(#13829),#8040);
#7751=STYLED_ITEM('',(#13829),#8041);
#7752=STYLED_ITEM('',(#13829),#8077);
#7753=STYLED_ITEM('',(#13828),#17);
#7754=ADVANCED_FACE('',(#617),#7504,.T.);
#7755=ADVANCED_FACE('',(#618),#7505,.T.);
#7756=ADVANCED_FACE('',(#619),#364,.T.);
#7757=ADVANCED_FACE('',(#620),#365,.T.);
#7758=ADVANCED_FACE('',(#621),#7506,.T.);
#7759=ADVANCED_FACE('',(#622),#7507,.T.);
#7760=ADVANCED_FACE('',(#623),#7508,.T.);
#7761=ADVANCED_FACE('',(#624),#7509,.T.);
#7762=ADVANCED_FACE('',(#625),#7510,.T.);
#7763=ADVANCED_FACE('',(#626),#7511,.T.);
#7764=ADVANCED_FACE('',(#627),#7512,.T.);
#7765=ADVANCED_FACE('',(#628),#366,.T.);
#7766=ADVANCED_FACE('',(#629),#7513,.T.);
#7767=ADVANCED_FACE('',(#630),#367,.T.);
#7768=ADVANCED_FACE('',(#631),#368,.T.);
#7769=ADVANCED_FACE('',(#632),#7514,.T.);
#7770=ADVANCED_FACE('',(#633),#369,.T.);
#7771=ADVANCED_FACE('',(#634),#370,.T.);
#7772=ADVANCED_FACE('',(#635),#7515,.T.);
#7773=ADVANCED_FACE('',(#636),#371,.T.);
#7774=ADVANCED_FACE('',(#637),#372,.T.);
#7775=ADVANCED_FACE('',(#638),#373,.T.);
#7776=ADVANCED_FACE('',(#639),#374,.T.);
#7777=ADVANCED_FACE('',(#640),#7516,.T.);
#7778=ADVANCED_FACE('',(#641),#7517,.T.);
#7779=ADVANCED_FACE('',(#642),#375,.T.);
#7780=ADVANCED_FACE('',(#643),#376,.T.);
#7781=ADVANCED_FACE('',(#644),#377,.T.);
#7782=ADVANCED_FACE('',(#645),#378,.T.);
#7783=ADVANCED_FACE('',(#646),#379,.T.);
#7784=ADVANCED_FACE('',(#647),#7518,.T.);
#7785=ADVANCED_FACE('',(#648),#7519,.T.);
#7786=ADVANCED_FACE('',(#649),#7520,.T.);
#7787=ADVANCED_FACE('',(#650),#7521,.T.);
#7788=ADVANCED_FACE('',(#651),#380,.T.);
#7789=ADVANCED_FACE('',(#652),#381,.T.);
#7790=ADVANCED_FACE('',(#653),#382,.T.);
#7791=ADVANCED_FACE('',(#654),#383,.T.);
#7792=ADVANCED_FACE('',(#655),#384,.T.);
#7793=ADVANCED_FACE('',(#656),#385,.T.);
#7794=ADVANCED_FACE('',(#657),#386,.T.);
#7795=ADVANCED_FACE('',(#658),#387,.T.);
#7796=ADVANCED_FACE('',(#659),#7522,.T.);
#7797=ADVANCED_FACE('',(#660),#388,.T.);
#7798=ADVANCED_FACE('',(#661),#389,.T.);
#7799=ADVANCED_FACE('',(#662),#390,.T.);
#7800=ADVANCED_FACE('',(#663),#7523,.T.);
#7801=ADVANCED_FACE('',(#664,#18),#391,.T.);
#7802=ADVANCED_FACE('',(#665),#7524,.F.);
#7803=ADVANCED_FACE('',(#666),#392,.T.);
#7804=ADVANCED_FACE('',(#667),#7525,.T.);
#7805=ADVANCED_FACE('',(#668),#7526,.T.);
#7806=ADVANCED_FACE('',(#669),#7527,.T.);
#7807=ADVANCED_FACE('',(#670),#393,.T.);
#7808=ADVANCED_FACE('',(#671),#7528,.T.);
#7809=ADVANCED_FACE('',(#672),#394,.T.);
#7810=ADVANCED_FACE('',(#673),#395,.T.);
#7811=ADVANCED_FACE('',(#674),#396,.T.);
#7812=ADVANCED_FACE('',(#675),#7529,.T.);
#7813=ADVANCED_FACE('',(#676),#7530,.F.);
#7814=ADVANCED_FACE('',(#677),#397,.T.);
#7815=ADVANCED_FACE('',(#678),#398,.T.);
#7816=ADVANCED_FACE('',(#679),#399,.T.);
#7817=ADVANCED_FACE('',(#680),#7531,.T.);
#7818=ADVANCED_FACE('',(#681),#400,.T.);
#7819=ADVANCED_FACE('',(#682),#401,.T.);
#7820=ADVANCED_FACE('',(#683),#7532,.T.);
#7821=ADVANCED_FACE('',(#684),#402,.T.);
#7822=ADVANCED_FACE('',(#685),#7533,.T.);
#7823=ADVANCED_FACE('',(#686),#403,.T.);
#7824=ADVANCED_FACE('',(#687),#404,.T.);
#7825=ADVANCED_FACE('',(#688,#19),#405,.T.);
#7826=ADVANCED_FACE('',(#689),#7534,.T.);
#7827=ADVANCED_FACE('',(#690),#406,.T.);
#7828=ADVANCED_FACE('',(#691),#407,.T.);
#7829=ADVANCED_FACE('',(#692),#7535,.F.);
#7830=ADVANCED_FACE('',(#693),#408,.T.);
#7831=ADVANCED_FACE('',(#694),#7536,.F.);
#7832=ADVANCED_FACE('',(#695,#20),#409,.T.);
#7833=ADVANCED_FACE('',(#696),#7537,.F.);
#7834=ADVANCED_FACE('',(#697),#410,.T.);
#7835=ADVANCED_FACE('',(#698),#7538,.T.);
#7836=ADVANCED_FACE('',(#699),#7539,.T.);
#7837=ADVANCED_FACE('',(#700),#411,.T.);
#7838=ADVANCED_FACE('',(#701),#412,.T.);
#7839=ADVANCED_FACE('',(#702),#413,.T.);
#7840=ADVANCED_FACE('',(#703,#21),#414,.T.);
#7841=ADVANCED_FACE('',(#704),#415,.T.);
#7842=ADVANCED_FACE('',(#705),#416,.T.);
#7843=ADVANCED_FACE('',(#706),#7540,.T.);
#7844=ADVANCED_FACE('',(#707),#7541,.T.);
#7845=ADVANCED_FACE('',(#708),#417,.T.);
#7846=ADVANCED_FACE('',(#709),#7542,.T.);
#7847=ADVANCED_FACE('',(#710),#418,.T.);
#7848=ADVANCED_FACE('',(#711),#419,.T.);
#7849=ADVANCED_FACE('',(#712),#7543,.F.);
#7850=ADVANCED_FACE('',(#713),#420,.T.);
#7851=ADVANCED_FACE('',(#714),#7544,.F.);
#7852=ADVANCED_FACE('',(#715),#7545,.F.);
#7853=ADVANCED_FACE('',(#716),#421,.T.);
#7854=ADVANCED_FACE('',(#717),#7546,.F.);
#7855=ADVANCED_FACE('',(#718),#422,.T.);
#7856=ADVANCED_FACE('',(#719),#7547,.F.);
#7857=ADVANCED_FACE('',(#720),#7548,.F.);
#7858=ADVANCED_FACE('',(#721),#423,.T.);
#7859=ADVANCED_FACE('',(#722),#7549,.F.);
#7860=ADVANCED_FACE('',(#723),#424,.T.);
#7861=ADVANCED_FACE('',(#724),#425,.T.);
#7862=ADVANCED_FACE('',(#725),#426,.T.);
#7863=ADVANCED_FACE('',(#726),#427,.T.);
#7864=ADVANCED_FACE('',(#727),#428,.T.);
#7865=ADVANCED_FACE('',(#728),#7550,.F.);
#7866=ADVANCED_FACE('',(#729),#429,.T.);
#7867=ADVANCED_FACE('',(#730),#430,.T.);
#7868=ADVANCED_FACE('',(#731),#431,.T.);
#7869=ADVANCED_FACE('',(#732),#7551,.T.);
#7870=ADVANCED_FACE('',(#733),#432,.T.);
#7871=ADVANCED_FACE('',(#734),#7552,.F.);
#7872=ADVANCED_FACE('',(#735),#7553,.F.);
#7873=ADVANCED_FACE('',(#736),#433,.T.);
#7874=ADVANCED_FACE('',(#737),#434,.T.);
#7875=ADVANCED_FACE('',(#738),#7554,.F.);
#7876=ADVANCED_FACE('',(#739),#435,.T.);
#7877=ADVANCED_FACE('',(#740),#436,.T.);
#7878=ADVANCED_FACE('',(#741),#437,.T.);
#7879=ADVANCED_FACE('',(#742),#438,.T.);
#7880=ADVANCED_FACE('',(#743),#439,.T.);
#7881=ADVANCED_FACE('',(#744),#440,.T.);
#7882=ADVANCED_FACE('',(#745),#441,.T.);
#7883=ADVANCED_FACE('',(#746),#442,.T.);
#7884=ADVANCED_FACE('',(#747),#443,.T.);
#7885=ADVANCED_FACE('',(#748),#444,.T.);
#7886=ADVANCED_FACE('',(#749),#445,.T.);
#7887=ADVANCED_FACE('',(#750),#446,.T.);
#7888=ADVANCED_FACE('',(#751),#447,.T.);
#7889=ADVANCED_FACE('',(#752),#448,.T.);
#7890=ADVANCED_FACE('',(#753),#449,.T.);
#7891=ADVANCED_FACE('',(#754),#450,.T.);
#7892=ADVANCED_FACE('',(#755),#451,.T.);
#7893=ADVANCED_FACE('',(#756),#452,.T.);
#7894=ADVANCED_FACE('',(#757),#7555,.T.);
#7895=ADVANCED_FACE('',(#758),#453,.T.);
#7896=ADVANCED_FACE('',(#759),#454,.T.);
#7897=ADVANCED_FACE('',(#760),#7556,.F.);
#7898=ADVANCED_FACE('',(#761),#7557,.T.);
#7899=ADVANCED_FACE('',(#762),#7558,.T.);
#7900=ADVANCED_FACE('',(#763),#455,.T.);
#7901=ADVANCED_FACE('',(#764),#7559,.T.);
#7902=ADVANCED_FACE('',(#765),#7560,.F.);
#7903=ADVANCED_FACE('',(#766),#7561,.T.);
#7904=ADVANCED_FACE('',(#767),#456,.T.);
#7905=ADVANCED_FACE('',(#768),#7562,.T.);
#7906=ADVANCED_FACE('',(#769),#7563,.T.);
#7907=ADVANCED_FACE('',(#770),#457,.T.);
#7908=ADVANCED_FACE('',(#771),#458,.T.);
#7909=ADVANCED_FACE('',(#772),#459,.T.);
#7910=ADVANCED_FACE('',(#773),#7564,.F.);
#7911=ADVANCED_FACE('',(#774),#460,.T.);
#7912=ADVANCED_FACE('',(#775),#461,.T.);
#7913=ADVANCED_FACE('',(#776),#7565,.T.);
#7914=ADVANCED_FACE('',(#777),#7566,.T.);
#7915=ADVANCED_FACE('',(#778),#7567,.T.);
#7916=ADVANCED_FACE('',(#779),#7568,.F.);
#7917=ADVANCED_FACE('',(#780),#7569,.F.);
#7918=ADVANCED_FACE('',(#781),#462,.T.);
#7919=ADVANCED_FACE('',(#782),#463,.T.);
#7920=ADVANCED_FACE('',(#783),#7570,.F.);
#7921=ADVANCED_FACE('',(#784),#7571,.T.);
#7922=ADVANCED_FACE('',(#785),#7572,.F.);
#7923=ADVANCED_FACE('',(#786),#464,.T.);
#7924=ADVANCED_FACE('',(#787),#7573,.T.);
#7925=ADVANCED_FACE('',(#788),#465,.T.);
#7926=ADVANCED_FACE('',(#789),#466,.T.);
#7927=ADVANCED_FACE('',(#790),#467,.T.);
#7928=ADVANCED_FACE('',(#791),#468,.T.);
#7929=ADVANCED_FACE('',(#792),#7574,.T.);
#7930=ADVANCED_FACE('',(#793),#469,.T.);
#7931=ADVANCED_FACE('',(#794),#470,.T.);
#7932=ADVANCED_FACE('',(#795),#471,.T.);
#7933=ADVANCED_FACE('',(#796),#7575,.F.);
#7934=ADVANCED_FACE('',(#797),#7576,.T.);
#7935=ADVANCED_FACE('',(#798),#7577,.T.);
#7936=ADVANCED_FACE('',(#799),#7578,.T.);
#7937=ADVANCED_FACE('',(#800),#472,.T.);
#7938=ADVANCED_FACE('',(#801),#473,.T.);
#7939=ADVANCED_FACE('',(#802),#474,.T.);
#7940=ADVANCED_FACE('',(#803),#7579,.T.);
#7941=ADVANCED_FACE('',(#804),#7580,.F.);
#7942=ADVANCED_FACE('',(#805),#475,.T.);
#7943=ADVANCED_FACE('',(#806),#7581,.F.);
#7944=ADVANCED_FACE('',(#807),#476,.T.);
#7945=ADVANCED_FACE('',(#808),#477,.T.);
#7946=ADVANCED_FACE('',(#809,#22),#478,.T.);
#7947=ADVANCED_FACE('',(#810),#7582,.F.);
#7948=ADVANCED_FACE('',(#811),#7583,.T.);
#7949=ADVANCED_FACE('',(#812),#7584,.F.);
#7950=ADVANCED_FACE('',(#813),#479,.T.);
#7951=ADVANCED_FACE('',(#814),#7585,.T.);
#7952=ADVANCED_FACE('',(#815),#7586,.T.);
#7953=ADVANCED_FACE('',(#816),#480,.T.);
#7954=ADVANCED_FACE('',(#817),#7587,.F.);
#7955=ADVANCED_FACE('',(#818),#481,.T.);
#7956=ADVANCED_FACE('',(#819),#482,.T.);
#7957=ADVANCED_FACE('',(#820),#483,.T.);
#7958=ADVANCED_FACE('',(#821),#484,.T.);
#7959=ADVANCED_FACE('',(#822),#7588,.T.);
#7960=ADVANCED_FACE('',(#823),#7589,.T.);
#7961=ADVANCED_FACE('',(#824),#7590,.F.);
#7962=ADVANCED_FACE('',(#825),#7591,.T.);
#7963=ADVANCED_FACE('',(#826),#485,.T.);
#7964=ADVANCED_FACE('',(#827),#7592,.T.);
#7965=ADVANCED_FACE('',(#828),#486,.T.);
#7966=ADVANCED_FACE('',(#829),#487,.T.);
#7967=ADVANCED_FACE('',(#830),#7593,.T.);
#7968=ADVANCED_FACE('',(#831),#488,.T.);
#7969=ADVANCED_FACE('',(#832),#489,.T.);
#7970=ADVANCED_FACE('',(#833),#490,.T.);
#7971=ADVANCED_FACE('',(#834),#7594,.T.);
#7972=ADVANCED_FACE('',(#835),#7595,.F.);
#7973=ADVANCED_FACE('',(#836),#491,.T.);
#7974=ADVANCED_FACE('',(#837),#7596,.F.);
#7975=ADVANCED_FACE('',(#838),#7597,.F.);
#7976=ADVANCED_FACE('',(#839),#7598,.T.);
#7977=ADVANCED_FACE('',(#840),#492,.T.);
#7978=ADVANCED_FACE('',(#841),#7599,.T.);
#7979=ADVANCED_FACE('',(#842),#493,.T.);
#7980=ADVANCED_FACE('',(#843),#7600,.T.);
#7981=ADVANCED_FACE('',(#844),#494,.T.);
#7982=ADVANCED_FACE('',(#845),#7601,.F.);
#7983=ADVANCED_FACE('',(#846),#7602,.T.);
#7984=ADVANCED_FACE('',(#847),#495,.T.);
#7985=ADVANCED_FACE('',(#848),#7603,.T.);
#7986=ADVANCED_FACE('',(#849),#496,.T.);
#7987=ADVANCED_FACE('',(#850),#497,.T.);
#7988=ADVANCED_FACE('',(#851),#498,.T.);
#7989=ADVANCED_FACE('',(#852),#7604,.F.);
#7990=ADVANCED_FACE('',(#853),#7605,.T.);
#7991=ADVANCED_FACE('',(#854),#7606,.F.);
#7992=ADVANCED_FACE('',(#855),#499,.T.);
#7993=ADVANCED_FACE('',(#856),#7607,.T.);
#7994=ADVANCED_FACE('',(#857),#7608,.F.);
#7995=ADVANCED_FACE('',(#858),#500,.T.);
#7996=ADVANCED_FACE('',(#859),#501,.T.);
#7997=ADVANCED_FACE('',(#860),#7609,.F.);
#7998=ADVANCED_FACE('',(#861),#502,.T.);
#7999=ADVANCED_FACE('',(#862),#503,.T.);
#8000=ADVANCED_FACE('',(#863),#504,.T.);
#8001=ADVANCED_FACE('',(#864),#505,.T.);
#8002=ADVANCED_FACE('',(#865),#7610,.T.);
#8003=ADVANCED_FACE('',(#866),#7611,.T.);
#8004=ADVANCED_FACE('',(#867),#7612,.F.);
#8005=ADVANCED_FACE('',(#868),#506,.T.);
#8006=ADVANCED_FACE('',(#869),#7613,.F.);
#8007=ADVANCED_FACE('',(#870),#7614,.T.);
#8008=ADVANCED_FACE('',(#871),#7615,.F.);
#8009=ADVANCED_FACE('',(#872),#7616,.T.);
#8010=ADVANCED_FACE('',(#873),#7617,.T.);
#8011=ADVANCED_FACE('',(#874,#23),#507,.T.);
#8012=ADVANCED_FACE('',(#875,#24),#508,.T.);
#8013=ADVANCED_FACE('',(#876),#509,.T.);
#8014=ADVANCED_FACE('',(#877),#510,.T.);
#8015=ADVANCED_FACE('',(#878),#7618,.F.);
#8016=ADVANCED_FACE('',(#879),#7619,.T.);
#8017=ADVANCED_FACE('',(#880),#7620,.T.);
#8018=ADVANCED_FACE('',(#881),#7621,.F.);
#8019=ADVANCED_FACE('',(#882),#511,.T.);
#8020=ADVANCED_FACE('',(#883),#512,.T.);
#8021=ADVANCED_FACE('',(#884),#7622,.T.);
#8022=ADVANCED_FACE('',(#885),#7623,.T.);
#8023=ADVANCED_FACE('',(#886),#513,.T.);
#8024=ADVANCED_FACE('',(#887),#514,.T.);
#8025=ADVANCED_FACE('',(#888),#515,.T.);
#8026=ADVANCED_FACE('',(#889),#7624,.F.);
#8027=ADVANCED_FACE('',(#890),#7625,.T.);
#8028=ADVANCED_FACE('',(#891),#516,.T.);
#8029=ADVANCED_FACE('',(#892),#517,.T.);
#8030=ADVANCED_FACE('',(#893),#7626,.F.);
#8031=ADVANCED_FACE('',(#894),#518,.T.);
#8032=ADVANCED_FACE('',(#895),#519,.T.);
#8033=ADVANCED_FACE('',(#896),#520,.T.);
#8034=ADVANCED_FACE('',(#897),#7627,.T.);
#8035=ADVANCED_FACE('',(#898),#521,.T.);
#8036=ADVANCED_FACE('',(#899),#522,.T.);
#8037=ADVANCED_FACE('',(#900),#523,.T.);
#8038=ADVANCED_FACE('',(#901),#524,.T.);
#8039=ADVANCED_FACE('',(#902),#525,.T.);
#8040=ADVANCED_FACE('',(#903),#526,.T.);
#8041=ADVANCED_FACE('',(#904),#527,.T.);
#8042=ADVANCED_FACE('',(#905),#528,.T.);
#8043=ADVANCED_FACE('',(#906),#529,.T.);
#8044=ADVANCED_FACE('',(#907),#530,.T.);
#8045=ADVANCED_FACE('',(#908),#531,.T.);
#8046=ADVANCED_FACE('',(#909),#532,.T.);
#8047=ADVANCED_FACE('',(#910),#7628,.T.);
#8048=ADVANCED_FACE('',(#911),#533,.T.);
#8049=ADVANCED_FACE('',(#912),#7629,.F.);
#8050=ADVANCED_FACE('',(#913,#25),#534,.T.);
#8051=ADVANCED_FACE('',(#914),#7630,.T.);
#8052=ADVANCED_FACE('',(#915),#535,.T.);
#8053=ADVANCED_FACE('',(#916),#536,.T.);
#8054=ADVANCED_FACE('',(#917),#7631,.T.);
#8055=ADVANCED_FACE('',(#918),#537,.T.);
#8056=ADVANCED_FACE('',(#919),#538,.T.);
#8057=ADVANCED_FACE('',(#920),#7632,.F.);
#8058=ADVANCED_FACE('',(#921),#539,.T.);
#8059=ADVANCED_FACE('',(#922),#540,.T.);
#8060=ADVANCED_FACE('',(#923,#26,#27,#28,#29),#541,.T.);
#8061=ADVANCED_FACE('',(#924),#7633,.T.);
#8062=ADVANCED_FACE('',(#925),#7634,.T.);
#8063=ADVANCED_FACE('',(#926),#542,.T.);
#8064=ADVANCED_FACE('',(#927),#7635,.F.);
#8065=ADVANCED_FACE('',(#928),#543,.T.);
#8066=ADVANCED_FACE('',(#929),#544,.T.);
#8067=ADVANCED_FACE('',(#930),#545,.T.);
#8068=ADVANCED_FACE('',(#931),#546,.T.);
#8069=ADVANCED_FACE('',(#932),#547,.T.);
#8070=ADVANCED_FACE('',(#933),#548,.T.);
#8071=ADVANCED_FACE('',(#934),#549,.T.);
#8072=ADVANCED_FACE('',(#935),#550,.T.);
#8073=ADVANCED_FACE('',(#936),#551,.T.);
#8074=ADVANCED_FACE('',(#937),#7636,.T.);
#8075=ADVANCED_FACE('',(#938),#552,.T.);
#8076=ADVANCED_FACE('',(#939),#553,.T.);
#8077=ADVANCED_FACE('',(#940),#7637,.T.);
#8078=ADVANCED_FACE('',(#941),#554,.T.);
#8079=ADVANCED_FACE('',(#942,#30),#555,.T.);
#8080=ADVANCED_FACE('',(#943,#31,#32,#33,#34),#556,.T.);
#8081=ADVANCED_FACE('',(#944),#7638,.T.);
#8082=ADVANCED_FACE('',(#945),#557,.T.);
#8083=ADVANCED_FACE('',(#946),#7639,.T.);
#8084=ADVANCED_FACE('',(#947),#558,.T.);
#8085=ADVANCED_FACE('',(#948),#559,.T.);
#8086=ADVANCED_FACE('',(#949),#7640,.F.);
#8087=ADVANCED_FACE('',(#950),#560,.T.);
#8088=ADVANCED_FACE('',(#951),#7641,.F.);
#8089=ADVANCED_FACE('',(#952),#561,.T.);
#8090=ADVANCED_FACE('',(#953),#7642,.F.);
#8091=ADVANCED_FACE('',(#954),#562,.T.);
#8092=ADVANCED_FACE('',(#955),#7643,.T.);
#8093=ADVANCED_FACE('',(#956),#563,.T.);
#8094=ADVANCED_FACE('',(#957),#7644,.T.);
#8095=ADVANCED_FACE('',(#958),#564,.T.);
#8096=ADVANCED_FACE('',(#959),#565,.T.);
#8097=ADVANCED_FACE('',(#960),#7645,.F.);
#8098=ADVANCED_FACE('',(#961),#566,.T.);
#8099=ADVANCED_FACE('',(#962),#7646,.T.);
#8100=ADVANCED_FACE('',(#963),#567,.T.);
#8101=ADVANCED_FACE('',(#964),#568,.T.);
#8102=ADVANCED_FACE('',(#965),#569,.T.);
#8103=ADVANCED_FACE('',(#966),#7647,.T.);
#8104=ADVANCED_FACE('',(#967),#570,.T.);
#8105=ADVANCED_FACE('',(#968),#571,.T.);
#8106=ADVANCED_FACE('',(#969),#572,.T.);
#8107=ADVANCED_FACE('',(#970),#7648,.T.);
#8108=ADVANCED_FACE('',(#971),#7649,.F.);
#8109=ADVANCED_FACE('',(#972),#7650,.F.);
#8110=ADVANCED_FACE('',(#973),#7651,.T.);
#8111=ADVANCED_FACE('',(#974),#573,.T.);
#8112=ADVANCED_FACE('',(#975),#7652,.T.);
#8113=ADVANCED_FACE('',(#976),#574,.T.);
#8114=ADVANCED_FACE('',(#977),#575,.T.);
#8115=ADVANCED_FACE('',(#978),#576,.T.);
#8116=ADVANCED_FACE('',(#979),#577,.T.);
#8117=ADVANCED_FACE('',(#980),#7653,.F.);
#8118=ADVANCED_FACE('',(#981),#578,.T.);
#8119=ADVANCED_FACE('',(#982),#579,.T.);
#8120=ADVANCED_FACE('',(#983),#7654,.F.);
#8121=ADVANCED_FACE('',(#984),#580,.T.);
#8122=ADVANCED_FACE('',(#985),#581,.T.);
#8123=ADVANCED_FACE('',(#986),#7655,.F.);
#8124=ADVANCED_FACE('',(#987),#7656,.T.);
#8125=ADVANCED_FACE('',(#988),#7657,.F.);
#8126=ADVANCED_FACE('',(#989),#7658,.F.);
#8127=ADVANCED_FACE('',(#990),#582,.T.);
#8128=ADVANCED_FACE('',(#991),#583,.T.);
#8129=ADVANCED_FACE('',(#992),#584,.T.);
#8130=ADVANCED_FACE('',(#993),#585,.T.);
#8131=ADVANCED_FACE('',(#994),#586,.T.);
#8132=ADVANCED_FACE('',(#995),#587,.T.);
#8133=ADVANCED_FACE('',(#996),#588,.T.);
#8134=ADVANCED_FACE('',(#997),#7659,.F.);
#8135=ADVANCED_FACE('',(#998),#7660,.T.);
#8136=ADVANCED_FACE('',(#999),#7661,.T.);
#8137=ADVANCED_FACE('',(#1000),#589,.T.);
#8138=ADVANCED_FACE('',(#1001),#590,.T.);
#8139=ADVANCED_FACE('',(#1002),#591,.T.);
#8140=ADVANCED_FACE('',(#1003),#7662,.F.);
#8141=ADVANCED_FACE('',(#1004),#592,.T.);
#8142=ADVANCED_FACE('',(#1005),#7663,.F.);
#8143=ADVANCED_FACE('',(#1006),#593,.T.);
#8144=ADVANCED_FACE('',(#1007),#594,.T.);
#8145=ADVANCED_FACE('',(#1008),#7664,.T.);
#8146=ADVANCED_FACE('',(#1009),#595,.T.);
#8147=ADVANCED_FACE('',(#1010),#596,.T.);
#8148=ADVANCED_FACE('',(#1011),#597,.T.);
#8149=ADVANCED_FACE('',(#1012),#598,.T.);
#8150=ADVANCED_FACE('',(#1013),#599,.T.);
#8151=ADVANCED_FACE('',(#1014,#35,#36,#37),#600,.T.);
#8152=ADVANCED_FACE('',(#1015),#7665,.F.);
#8153=ADVANCED_FACE('',(#1016),#601,.T.);
#8154=ADVANCED_FACE('',(#1017),#7666,.F.);
#8155=ADVANCED_FACE('',(#1018),#602,.T.);
#8156=ADVANCED_FACE('',(#1019),#603,.T.);
#8157=ADVANCED_FACE('',(#1020),#604,.T.);
#8158=ADVANCED_FACE('',(#1021),#605,.T.);
#8159=ADVANCED_FACE('',(#1022),#606,.T.);
#8160=ADVANCED_FACE('',(#1023),#7667,.F.);
#8161=ADVANCED_FACE('',(#1024),#607,.T.);
#8162=ADVANCED_FACE('',(#1025),#7668,.F.);
#8163=ADVANCED_FACE('',(#1026),#608,.T.);
#8164=ADVANCED_FACE('',(#1027),#609,.T.);
#8165=ADVANCED_FACE('',(#1028),#610,.T.);
#8166=ADVANCED_FACE('',(#1029),#7669,.F.);
#8167=ADVANCED_FACE('',(#1030),#611,.T.);
#8168=ADVANCED_FACE('',(#1031),#7670,.F.);
#8169=ADVANCED_FACE('',(#1032),#7671,.F.);
#8170=ADVANCED_FACE('',(#1033,#38,#39),#612,.T.);
#8171=ADVANCED_FACE('',(#1034),#613,.T.);
#8172=ADVANCED_FACE('',(#1035),#7672,.F.);
#8173=ADVANCED_FACE('',(#1036),#614,.T.);
#8174=ADVANCED_FACE('',(#1037),#615,.T.);
#8175=ADVANCED_FACE('',(#1038),#616,.T.);
#8176=CLOSED_SHELL('',(#7754,#7755,#7756,#7757,#7758,#7759,#7760,#7761,
#7762,#7763,#7764,#7765,#7766,#7767,#7768,#7769,#7770,#7771,#7772,#7773,
#7774,#7775,#7776,#7777,#7778,#7779,#7780,#7781,#7782,#7783,#7784,#7785,
#7786,#7787,#7788,#7789,#7790,#7791,#7792,#7793,#7794,#7795,#7796,#7797,
#7798,#7799,#7800,#7801,#7802,#7803,#7804,#7805,#7806,#7807,#7808,#7809,
#7810,#7811,#7812,#7813,#7814,#7815,#7816,#7817,#7818,#7819,#7820,#7821,
#7822,#7823,#7824,#7825,#7826,#7827,#7828,#7829,#7830,#7831,#7832,#7833,
#7834,#7835,#7836,#7837,#7838,#7839,#7840,#7841,#7842,#7843,#7844,#7845,
#7846,#7847,#7848,#7849,#7850,#7851,#7852,#7853,#7854,#7855,#7856,#7857,
#7858,#7859,#7860,#7861,#7862,#7863,#7864,#7865,#7866,#7867,#7868,#7869,
#7870,#7871,#7872,#7873,#7874,#7875,#7876,#7877,#7878,#7879,#7880,#7881,
#7882,#7883,#7884,#7885,#7886,#7887,#7888,#7889,#7890,#7891,#7892,#7893,
#7894,#7895,#7896,#7897,#7898,#7899,#7900,#7901,#7902,#7903,#7904,#7905,
#7906,#7907,#7908,#7909,#7910,#7911,#7912,#7913,#7914,#7915,#7916,#7917,
#7918,#7919,#7920,#7921,#7922,#7923,#7924,#7925,#7926,#7927,#7928,#7929,
#7930,#7931,#7932,#7933,#7934,#7935,#7936,#7937,#7938,#7939,#7940,#7941,
#7942,#7943,#7944,#7945,#7946,#7947,#7948,#7949,#7950,#7951,#7952,#7953,
#7954,#7955,#7956,#7957,#7958,#7959,#7960,#7961,#7962,#7963,#7964,#7965,
#7966,#7967,#7968,#7969,#7970,#7971,#7972,#7973,#7974,#7975,#7976,#7977,
#7978,#7979,#7980,#7981,#7982,#7983,#7984,#7985,#7986,#7987,#7988,#7989,
#7990,#7991,#7992,#7993,#7994,#7995,#7996,#7997,#7998,#7999,#8000,#8001,
#8002,#8003,#8004,#8005,#8006,#8007,#8008,#8009,#8010,#8011,#8012,#8013,
#8014,#8015,#8016,#8017,#8018,#8019,#8020,#8021,#8022,#8023,#8024,#8025,
#8026,#8027,#8028,#8029,#8030,#8031,#8032,#8033,#8034,#8035,#8036,#8037,
#8038,#8039,#8040,#8041,#8042,#8043,#8044,#8045,#8046,#8047,#8048,#8049,
#8050,#8051,#8052,#8053,#8054,#8055,#8056,#8057,#8058,#8059,#8060,#8061,
#8062,#8063,#8064,#8065,#8066,#8067,#8068,#8069,#8070,#8071,#8072,#8073,
#8074,#8075,#8076,#8077,#8078,#8079,#8080,#8081,#8082,#8083,#8084,#8085,
#8086,#8087,#8088,#8089,#8090,#8091,#8092,#8093,#8094,#8095,#8096,#8097,
#8098,#8099,#8100,#8101,#8102,#8103,#8104,#8105,#8106,#8107,#8108,#8109,
#8110,#8111,#8112,#8113,#8114,#8115,#8116,#8117,#8118,#8119,#8120,#8121,
#8122,#8123,#8124,#8125,#8126,#8127,#8128,#8129,#8130,#8131,#8132,#8133,
#8134,#8135,#8136,#8137,#8138,#8139,#8140,#8141,#8142,#8143,#8144,#8145,
#8146,#8147,#8148,#8149,#8150,#8151,#8152,#8153,#8154,#8155,#8156,#8157,
#8158,#8159,#8160,#8161,#8162,#8163,#8164,#8165,#8166,#8167,#8168,#8169,
#8170,#8171,#8172,#8173,#8174,#8175));
#8177=DERIVED_UNIT_ELEMENT(#8179,1.);
#8178=DERIVED_UNIT_ELEMENT(#13806,-3.);
#8179=(
MASS_UNIT()
NAMED_UNIT(*)
SI_UNIT(.KILO.,.GRAM.)
);
#8180=DERIVED_UNIT((#8177,#8178));
#8181=MEASURE_REPRESENTATION_ITEM('density measure',
POSITIVE_RATIO_MEASURE(7850.),#8180);
#8182=PROPERTY_DEFINITION_REPRESENTATION(#8187,#8184);
#8183=PROPERTY_DEFINITION_REPRESENTATION(#8188,#8185);
#8184=REPRESENTATION('material name',(#8186),#13803);
#8185=REPRESENTATION('density',(#8181),#13803);
#8186=DESCRIPTIVE_REPRESENTATION_ITEM('Steel','Steel');
#8187=PROPERTY_DEFINITION('material property','material name',#13818);
#8188=PROPERTY_DEFINITION('material property','density of part',#13818);
#8189=AXIS2_PLACEMENT_3D('',#11269,#8938,#8939);
#8190=AXIS2_PLACEMENT_3D('',#11270,#8940,#8941);
#8191=AXIS2_PLACEMENT_3D('',#11271,#8942,#8943);
#8192=AXIS2_PLACEMENT_3D('',#11302,#8945,#8946);
#8193=AXIS2_PLACEMENT_3D('',#11320,#8949,#8950);
#8194=AXIS2_PLACEMENT_3D('',#11322,#8951,#8952);
#8195=AXIS2_PLACEMENT_3D('',#11324,#8953,#8954);
#8196=AXIS2_PLACEMENT_3D('',#11332,#8958,#8959);
#8197=AXIS2_PLACEMENT_3D('',#11333,#8960,#8961);
#8198=AXIS2_PLACEMENT_3D('',#11334,#8962,#8963);
#8199=AXIS2_PLACEMENT_3D('',#11340,#8966,#8967);
#8200=AXIS2_PLACEMENT_3D('',#11342,#8969,#8970);
#8201=AXIS2_PLACEMENT_3D('',#11345,#8972,#8973);
#8202=AXIS2_PLACEMENT_3D('',#11346,#8974,#8975);
#8203=AXIS2_PLACEMENT_3D('',#11357,#8976,#8977);
#8204=AXIS2_PLACEMENT_3D('',#11359,#8979,#8980);
#8205=AXIS2_PLACEMENT_3D('',#11360,#8981,#8982);
#8206=AXIS2_PLACEMENT_3D('',#11361,#8983,#8984);
#8207=AXIS2_PLACEMENT_3D('',#11372,#8986,#8987);
#8208=AXIS2_PLACEMENT_3D('',#11376,#8989,#8990);
#8209=AXIS2_PLACEMENT_3D('',#11378,#8992,#8993);
#8210=AXIS2_PLACEMENT_3D('',#11409,#8995,#8996);
#8211=AXIS2_PLACEMENT_3D('',#11427,#8999,#9000);
#8212=AXIS2_PLACEMENT_3D('',#11431,#9003,#9004);
#8213=AXIS2_PLACEMENT_3D('',#11432,#9005,#9006);
#8214=AXIS2_PLACEMENT_3D('',#11433,#9007,#9008);
#8215=AXIS2_PLACEMENT_3D('',#11442,#9013,#9014);
#8216=AXIS2_PLACEMENT_3D('',#11451,#9019,#9020);
#8217=AXIS2_PLACEMENT_3D('',#11484,#9023,#9024);
#8218=AXIS2_PLACEMENT_3D('',#11493,#9029,#9030);
#8219=AXIS2_PLACEMENT_3D('',#11503,#9036,#9037);
#8220=AXIS2_PLACEMENT_3D('',#11523,#9039,#9040);
#8221=AXIS2_PLACEMENT_3D('',#11529,#9044,#9045);
#8222=AXIS2_PLACEMENT_3D('',#11532,#9047,#9048);
#8223=AXIS2_PLACEMENT_3D('',#11534,#9049,#9050);
#8224=AXIS2_PLACEMENT_3D('',#11538,#9053,#9054);
#8225=AXIS2_PLACEMENT_3D('',#11547,#9059,#9060);
#8226=AXIS2_PLACEMENT_3D('',#11556,#9065,#9066);
#8227=AXIS2_PLACEMENT_3D('',#11557,#9067,#9068);
#8228=AXIS2_PLACEMENT_3D('',#11558,#9069,#9070);
#8229=AXIS2_PLACEMENT_3D('',#11560,#9071,#9072);
#8230=AXIS2_PLACEMENT_3D('',#11562,#9074,#9075);
#8231=AXIS2_PLACEMENT_3D('',#11569,#9078,#9079);
#8232=AXIS2_PLACEMENT_3D('',#11573,#9082,#9083);
#8233=AXIS2_PLACEMENT_3D('',#11582,#9088,#9089);
#8234=AXIS2_PLACEMENT_3D('',#11588,#9093,#9094);
#8235=AXIS2_PLACEMENT_3D('',#11594,#9098,#9099);
#8236=AXIS2_PLACEMENT_3D('',#11600,#9102,#9103);
#8237=AXIS2_PLACEMENT_3D('',#11604,#9105,#9106);
#8238=AXIS2_PLACEMENT_3D('',#11608,#9109,#9110);
#8239=AXIS2_PLACEMENT_3D('',#11613,#9112,#9113);
#8240=AXIS2_PLACEMENT_3D('',#11616,#9115,#9116);
#8241=AXIS2_PLACEMENT_3D('',#11617,#9117,#9118);
#8242=AXIS2_PLACEMENT_3D('',#11618,#9119,#9120);
#8243=AXIS2_PLACEMENT_3D('',#11619,#9121,#9122);
#8244=AXIS2_PLACEMENT_3D('',#11620,#9123,#9124);
#8245=AXIS2_PLACEMENT_3D('',#11622,#9125,#9126);
#8246=AXIS2_PLACEMENT_3D('',#11625,#9128,#9129);
#8247=AXIS2_PLACEMENT_3D('',#11626,#9130,#9131);
#8248=AXIS2_PLACEMENT_3D('',#11627,#9132,#9133);
#8249=AXIS2_PLACEMENT_3D('',#11628,#9134,#9135);
#8250=AXIS2_PLACEMENT_3D('',#11629,#9136,#9137);
#8251=AXIS2_PLACEMENT_3D('',#11631,#9139,#9140);
#8252=AXIS2_PLACEMENT_3D('',#11635,#9143,#9144);
#8253=AXIS2_PLACEMENT_3D('',#11639,#9147,#9148);
#8254=AXIS2_PLACEMENT_3D('',#11643,#9151,#9152);
#8255=AXIS2_PLACEMENT_3D('',#11652,#9158,#9159);
#8256=AXIS2_PLACEMENT_3D('',#11656,#9162,#9163);
#8257=AXIS2_PLACEMENT_3D('',#11658,#9164,#9165);
#8258=AXIS2_PLACEMENT_3D('',#11660,#9167,#9168);
#8259=AXIS2_PLACEMENT_3D('',#11663,#9171,#9172);
#8260=AXIS2_PLACEMENT_3D('',#11665,#9174,#9175);
#8261=AXIS2_PLACEMENT_3D('',#11667,#9177,#9178);
#8262=AXIS2_PLACEMENT_3D('',#11669,#9180,#9181);
#8263=AXIS2_PLACEMENT_3D('',#11671,#9183,#9184);
#8264=AXIS2_PLACEMENT_3D('',#11687,#9186,#9187);
#8265=AXIS2_PLACEMENT_3D('',#11696,#9192,#9193);
#8266=AXIS2_PLACEMENT_3D('',#11698,#9194,#9195);
#8267=AXIS2_PLACEMENT_3D('',#11701,#9197,#9198);
#8268=AXIS2_PLACEMENT_3D('',#11702,#9199,#9200);
#8269=AXIS2_PLACEMENT_3D('',#11704,#9202,#9203);
#8270=AXIS2_PLACEMENT_3D('',#11724,#9205,#9206);
#8271=AXIS2_PLACEMENT_3D('',#11728,#9208,#9209);
#8272=AXIS2_PLACEMENT_3D('',#11729,#9210,#9211);
#8273=AXIS2_PLACEMENT_3D('',#11730,#9212,#9213);
#8274=AXIS2_PLACEMENT_3D('',#11732,#9214,#9215);
#8275=AXIS2_PLACEMENT_3D('',#11735,#9217,#9218);
#8276=AXIS2_PLACEMENT_3D('',#11736,#9219,#9220);
#8277=AXIS2_PLACEMENT_3D('',#11745,#9225,#9226);
#8278=AXIS2_PLACEMENT_3D('',#11747,#9227,#9228);
#8279=AXIS2_PLACEMENT_3D('',#11750,#9230,#9231);
#8280=AXIS2_PLACEMENT_3D('',#11751,#9232,#9233);
#8281=AXIS2_PLACEMENT_3D('',#11760,#9238,#9239);
#8282=AXIS2_PLACEMENT_3D('',#11766,#9243,#9244);
#8283=AXIS2_PLACEMENT_3D('',#11775,#9248,#9249);
#8284=AXIS2_PLACEMENT_3D('',#11777,#9251,#9252);
#8285=AXIS2_PLACEMENT_3D('',#11778,#9253,#9254);
#8286=AXIS2_PLACEMENT_3D('',#11779,#9255,#9256);
#8287=AXIS2_PLACEMENT_3D('',#11780,#9257,#9258);
#8288=AXIS2_PLACEMENT_3D('',#11783,#9259,#9260);
#8289=AXIS2_PLACEMENT_3D('',#11787,#9262,#9263);
#8290=AXIS2_PLACEMENT_3D('',#11789,#9265,#9266);
#8291=AXIS2_PLACEMENT_3D('',#11793,#9269,#9270);
#8292=AXIS2_PLACEMENT_3D('',#11802,#9275,#9276);
#8293=AXIS2_PLACEMENT_3D('',#11808,#9280,#9281);
#8294=AXIS2_PLACEMENT_3D('',#11811,#9282,#9283);
#8295=AXIS2_PLACEMENT_3D('',#11815,#9285,#9286);
#8296=AXIS2_PLACEMENT_3D('',#11817,#9288,#9289);
#8297=AXIS2_PLACEMENT_3D('',#11821,#9292,#9293);
#8298=AXIS2_PLACEMENT_3D('',#11823,#9295,#9296);
#8299=AXIS2_PLACEMENT_3D('',#11826,#9297,#9298);
#8300=AXIS2_PLACEMENT_3D('',#11829,#9301,#9302);
#8301=AXIS2_PLACEMENT_3D('',#11838,#9307,#9308);
#8302=AXIS2_PLACEMENT_3D('',#11840,#9309,#9310);
#8303=AXIS2_PLACEMENT_3D('',#11842,#9312,#9313);
#8304=AXIS2_PLACEMENT_3D('',#11851,#9318,#9319);
#8305=AXIS2_PLACEMENT_3D('',#11853,#9321,#9322);
#8306=AXIS2_PLACEMENT_3D('',#11857,#9324,#9325);
#8307=AXIS2_PLACEMENT_3D('',#11865,#9330,#9331);
#8308=AXIS2_PLACEMENT_3D('',#11868,#9332,#9333);
#8309=AXIS2_PLACEMENT_3D('',#11872,#9335,#9336);
#8310=AXIS2_PLACEMENT_3D('',#11874,#9338,#9339);
#8311=AXIS2_PLACEMENT_3D('',#11883,#9344,#9345);
#8312=AXIS2_PLACEMENT_3D('',#11888,#9347,#9348);
#8313=AXIS2_PLACEMENT_3D('',#11892,#9351,#9352);
#8314=AXIS2_PLACEMENT_3D('',#11897,#9354,#9355);
#8315=AXIS2_PLACEMENT_3D('',#11900,#9357,#9358);
#8316=AXIS2_PLACEMENT_3D('',#11901,#9359,#9360);
#8317=AXIS2_PLACEMENT_3D('',#11907,#9364,#9365);
#8318=AXIS2_PLACEMENT_3D('',#11912,#9367,#9368);
#8319=AXIS2_PLACEMENT_3D('',#11915,#9370,#9371);
#8320=AXIS2_PLACEMENT_3D('',#11916,#9372,#9373);
#8321=AXIS2_PLACEMENT_3D('',#11925,#9378,#9379);
#8322=AXIS2_PLACEMENT_3D('',#11927,#9380,#9381);
#8323=AXIS2_PLACEMENT_3D('',#11929,#9383,#9384);
#8324=AXIS2_PLACEMENT_3D('',#11938,#9389,#9390);
#8325=AXIS2_PLACEMENT_3D('',#11941,#9391,#9392);
#8326=AXIS2_PLACEMENT_3D('',#11945,#9394,#9395);
#8327=AXIS2_PLACEMENT_3D('',#11947,#9397,#9398);
#8328=AXIS2_PLACEMENT_3D('',#11950,#9399,#9400);
#8329=AXIS2_PLACEMENT_3D('',#11954,#9402,#9403);
#8330=AXIS2_PLACEMENT_3D('',#11956,#9405,#9406);
#8331=AXIS2_PLACEMENT_3D('',#11958,#9408,#9409);
#8332=AXIS2_PLACEMENT_3D('',#11960,#9411,#9412);
#8333=AXIS2_PLACEMENT_3D('',#11978,#9422,#9423);
#8334=AXIS2_PLACEMENT_3D('',#11982,#9425,#9426);
#8335=AXIS2_PLACEMENT_3D('',#11990,#9431,#9432);
#8336=AXIS2_PLACEMENT_3D('',#11993,#9433,#9434);
#8337=AXIS2_PLACEMENT_3D('',#11995,#9435,#9436);
#8338=AXIS2_PLACEMENT_3D('',#11999,#9438,#9439);
#8339=AXIS2_PLACEMENT_3D('',#12001,#9440,#9441);
#8340=AXIS2_PLACEMENT_3D('',#12005,#9443,#9444);
#8341=AXIS2_PLACEMENT_3D('',#12006,#9445,#9446);
#8342=AXIS2_PLACEMENT_3D('',#12008,#9447,#9448);
#8343=AXIS2_PLACEMENT_3D('',#12010,#9449,#9450);
#8344=AXIS2_PLACEMENT_3D('',#12012,#9452,#9453);
#8345=AXIS2_PLACEMENT_3D('',#12021,#9458,#9459);
#8346=AXIS2_PLACEMENT_3D('',#12024,#9460,#9461);
#8347=AXIS2_PLACEMENT_3D('',#12028,#9463,#9464);
#8348=AXIS2_PLACEMENT_3D('',#12030,#9466,#9467);
#8349=AXIS2_PLACEMENT_3D('',#12033,#9468,#9469);
#8350=AXIS2_PLACEMENT_3D('',#12037,#9471,#9472);
#8351=AXIS2_PLACEMENT_3D('',#12039,#9474,#9475);
#8352=AXIS2_PLACEMENT_3D('',#12045,#9479,#9480);
#8353=AXIS2_PLACEMENT_3D('',#12048,#9481,#9482);
#8354=AXIS2_PLACEMENT_3D('',#12052,#9484,#9485);
#8355=AXIS2_PLACEMENT_3D('',#12054,#9487,#9488);
#8356=AXIS2_PLACEMENT_3D('',#12063,#9493,#9494);
#8357=AXIS2_PLACEMENT_3D('',#12072,#9499,#9500);
#8358=AXIS2_PLACEMENT_3D('',#12075,#9501,#9502);
#8359=AXIS2_PLACEMENT_3D('',#12079,#9504,#9505);
#8360=AXIS2_PLACEMENT_3D('',#12081,#9507,#9508);
#8361=AXIS2_PLACEMENT_3D('',#12090,#9513,#9514);
#8362=AXIS2_PLACEMENT_3D('',#12093,#9515,#9516);
#8363=AXIS2_PLACEMENT_3D('',#12097,#9518,#9519);
#8364=AXIS2_PLACEMENT_3D('',#12099,#9521,#9522);
#8365=AXIS2_PLACEMENT_3D('',#12102,#9523,#9524);
#8366=AXIS2_PLACEMENT_3D('',#12105,#9527,#9528);
#8367=AXIS2_PLACEMENT_3D('',#12111,#9532,#9533);
#8368=AXIS2_PLACEMENT_3D('',#12115,#9535,#9536);
#8369=AXIS2_PLACEMENT_3D('',#12116,#9537,#9538);
#8370=AXIS2_PLACEMENT_3D('',#12117,#9539,#9540);
#8371=AXIS2_PLACEMENT_3D('',#12123,#9544,#9545);
#8372=AXIS2_PLACEMENT_3D('',#12126,#9546,#9547);
#8373=AXIS2_PLACEMENT_3D('',#12130,#9549,#9550);
#8374=AXIS2_PLACEMENT_3D('',#12132,#9552,#9553);
#8375=AXIS2_PLACEMENT_3D('',#12135,#9554,#9555);
#8376=AXIS2_PLACEMENT_3D('',#12139,#9557,#9558);
#8377=AXIS2_PLACEMENT_3D('',#12141,#9560,#9561);
#8378=AXIS2_PLACEMENT_3D('',#12144,#9564,#9565);
#8379=AXIS2_PLACEMENT_3D('',#12146,#9566,#9567);
#8380=AXIS2_PLACEMENT_3D('',#12148,#9568,#9569);
#8381=AXIS2_PLACEMENT_3D('',#12150,#9571,#9572);
#8382=AXIS2_PLACEMENT_3D('',#12156,#9576,#9577);
#8383=AXIS2_PLACEMENT_3D('',#12160,#9580,#9581);
#8384=AXIS2_PLACEMENT_3D('',#12176,#9590,#9591);
#8385=AXIS2_PLACEMENT_3D('',#12194,#9601,#9602);
#8386=AXIS2_PLACEMENT_3D('',#12203,#9607,#9608);
#8387=AXIS2_PLACEMENT_3D('',#12205,#9609,#9610);
#8388=AXIS2_PLACEMENT_3D('',#12207,#9612,#9613);
#8389=AXIS2_PLACEMENT_3D('',#12211,#9616,#9617);
#8390=AXIS2_PLACEMENT_3D('',#12217,#9621,#9622);
#8391=AXIS2_PLACEMENT_3D('',#12220,#9624,#9625);
#8392=AXIS2_PLACEMENT_3D('',#12222,#9627,#9628);
#8393=AXIS2_PLACEMENT_3D('',#12225,#9629,#9630);
#8394=AXIS2_PLACEMENT_3D('',#12226,#9631,#9632);
#8395=AXIS2_PLACEMENT_3D('',#12228,#9634,#9635);
#8396=AXIS2_PLACEMENT_3D('',#12237,#9640,#9641);
#8397=AXIS2_PLACEMENT_3D('',#12240,#9642,#9643);
#8398=AXIS2_PLACEMENT_3D('',#12244,#9645,#9646);
#8399=AXIS2_PLACEMENT_3D('',#12246,#9648,#9649);
#8400=AXIS2_PLACEMENT_3D('',#12248,#9650,#9651);
#8401=AXIS2_PLACEMENT_3D('',#12251,#9653,#9654);
#8402=AXIS2_PLACEMENT_3D('',#12252,#9655,#9656);
#8403=AXIS2_PLACEMENT_3D('',#12261,#9661,#9662);
#8404=AXIS2_PLACEMENT_3D('',#12263,#9663,#9664);
#8405=AXIS2_PLACEMENT_3D('',#12265,#9666,#9667);
#8406=AXIS2_PLACEMENT_3D('',#12270,#9669,#9670);
#8407=AXIS2_PLACEMENT_3D('',#12273,#9672,#9673);
#8408=AXIS2_PLACEMENT_3D('',#12274,#9674,#9675);
#8409=AXIS2_PLACEMENT_3D('',#12279,#9678,#9679);
#8410=AXIS2_PLACEMENT_3D('',#12280,#9680,#9681);
#8411=AXIS2_PLACEMENT_3D('',#12286,#9685,#9686);
#8412=AXIS2_PLACEMENT_3D('',#12292,#9690,#9691);
#8413=AXIS2_PLACEMENT_3D('',#12295,#9692,#9693);
#8414=AXIS2_PLACEMENT_3D('',#12300,#9696,#9697);
#8415=AXIS2_PLACEMENT_3D('',#12303,#9699,#9700);
#8416=AXIS2_PLACEMENT_3D('',#12305,#9701,#9702);
#8417=AXIS2_PLACEMENT_3D('',#12307,#9704,#9705);
#8418=AXIS2_PLACEMENT_3D('',#12308,#9706,#9707);
#8419=AXIS2_PLACEMENT_3D('',#12311,#9709,#9710);
#8420=AXIS2_PLACEMENT_3D('',#12312,#9711,#9712);
#8421=AXIS2_PLACEMENT_3D('',#12313,#9713,#9714);
#8422=AXIS2_PLACEMENT_3D('',#12316,#9717,#9718);
#8423=AXIS2_PLACEMENT_3D('',#12322,#9722,#9723);
#8424=AXIS2_PLACEMENT_3D('',#12331,#9729,#9730);
#8425=AXIS2_PLACEMENT_3D('',#12336,#9732,#9733);
#8426=AXIS2_PLACEMENT_3D('',#12338,#9734,#9735);
#8427=AXIS2_PLACEMENT_3D('',#12341,#9737,#9738);
#8428=AXIS2_PLACEMENT_3D('',#12345,#9740,#9741);
#8429=AXIS2_PLACEMENT_3D('',#12346,#9742,#9743);
#8430=AXIS2_PLACEMENT_3D('',#12347,#9744,#9745);
#8431=AXIS2_PLACEMENT_3D('',#12348,#9746,#9747);
#8432=AXIS2_PLACEMENT_3D('',#12359,#9753,#9754);
#8433=AXIS2_PLACEMENT_3D('',#12362,#9756,#9757);
#8434=AXIS2_PLACEMENT_3D('',#12363,#9758,#9759);
#8435=AXIS2_PLACEMENT_3D('',#12364,#9760,#9761);
#8436=AXIS2_PLACEMENT_3D('',#12374,#9768,#9769);
#8437=AXIS2_PLACEMENT_3D('',#12378,#9772,#9773);
#8438=AXIS2_PLACEMENT_3D('',#12384,#9777,#9778);
#8439=AXIS2_PLACEMENT_3D('',#12387,#9779,#9780);
#8440=AXIS2_PLACEMENT_3D('',#12388,#9781,#9782);
#8441=AXIS2_PLACEMENT_3D('',#12389,#9783,#9784);
#8442=AXIS2_PLACEMENT_3D('',#12391,#9786,#9787);
#8443=AXIS2_PLACEMENT_3D('',#12395,#9790,#9791);
#8444=AXIS2_PLACEMENT_3D('',#12404,#9796,#9797);
#8445=AXIS2_PLACEMENT_3D('',#12410,#9801,#9802);
#8446=AXIS2_PLACEMENT_3D('',#12411,#9803,#9804);
#8447=AXIS2_PLACEMENT_3D('',#12412,#9805,#9806);
#8448=AXIS2_PLACEMENT_3D('',#12418,#9810,#9811);
#8449=AXIS2_PLACEMENT_3D('',#12419,#9812,#9813);
#8450=AXIS2_PLACEMENT_3D('',#12420,#9814,#9815);
#8451=AXIS2_PLACEMENT_3D('',#12423,#9816,#9817);
#8452=AXIS2_PLACEMENT_3D('',#12427,#9819,#9820);
#8453=AXIS2_PLACEMENT_3D('',#12429,#9822,#9823);
#8454=AXIS2_PLACEMENT_3D('',#12431,#9824,#9825);
#8455=AXIS2_PLACEMENT_3D('',#12434,#9827,#9828);
#8456=AXIS2_PLACEMENT_3D('',#12435,#9829,#9830);
#8457=AXIS2_PLACEMENT_3D('',#12437,#9831,#9832);
#8458=AXIS2_PLACEMENT_3D('',#12439,#9834,#9835);
#8459=AXIS2_PLACEMENT_3D('',#12442,#9836,#9837);
#8460=AXIS2_PLACEMENT_3D('',#12448,#9840,#9841);
#8461=AXIS2_PLACEMENT_3D('',#12452,#9843,#9844);
#8462=AXIS2_PLACEMENT_3D('',#12454,#9846,#9847);
#8463=AXIS2_PLACEMENT_3D('',#12455,#9848,#9849);
#8464=AXIS2_PLACEMENT_3D('',#12456,#9850,#9851);
#8465=AXIS2_PLACEMENT_3D('',#12458,#9852,#9853);
#8466=AXIS2_PLACEMENT_3D('',#12461,#9855,#9856);
#8467=AXIS2_PLACEMENT_3D('',#12462,#9857,#9858);
#8468=AXIS2_PLACEMENT_3D('',#12465,#9859,#9860);
#8469=AXIS2_PLACEMENT_3D('',#12469,#9862,#9863);
#8470=AXIS2_PLACEMENT_3D('',#12471,#9865,#9866);
#8471=AXIS2_PLACEMENT_3D('',#12475,#9869,#9870);
#8472=AXIS2_PLACEMENT_3D('',#12477,#9871,#9872);
#8473=AXIS2_PLACEMENT_3D('',#12479,#9874,#9875);
#8474=AXIS2_PLACEMENT_3D('',#12483,#9877,#9878);
#8475=AXIS2_PLACEMENT_3D('',#12485,#9880,#9881);
#8476=AXIS2_PLACEMENT_3D('',#12487,#9883,#9884);
#8477=AXIS2_PLACEMENT_3D('',#12490,#9887,#9888);
#8478=AXIS2_PLACEMENT_3D('',#12492,#9889,#9890);
#8479=AXIS2_PLACEMENT_3D('',#12494,#9891,#9892);
#8480=AXIS2_PLACEMENT_3D('',#12496,#9893,#9894);
#8481=AXIS2_PLACEMENT_3D('',#12500,#9896,#9897);
#8482=AXIS2_PLACEMENT_3D('',#12504,#9899,#9900);
#8483=AXIS2_PLACEMENT_3D('',#12506,#9902,#9903);
#8484=AXIS2_PLACEMENT_3D('',#12507,#9904,#9905);
#8485=AXIS2_PLACEMENT_3D('',#12508,#9906,#9907);
#8486=AXIS2_PLACEMENT_3D('',#12514,#9911,#9912);
#8487=AXIS2_PLACEMENT_3D('',#12520,#9916,#9917);
#8488=AXIS2_PLACEMENT_3D('',#12522,#9918,#9919);
#8489=AXIS2_PLACEMENT_3D('',#12525,#9921,#9922);
#8490=AXIS2_PLACEMENT_3D('',#12526,#9923,#9924);
#8491=AXIS2_PLACEMENT_3D('',#12527,#9925,#9926);
#8492=AXIS2_PLACEMENT_3D('',#12528,#9927,#9928);
#8493=AXIS2_PLACEMENT_3D('',#12529,#9929,#9930);
#8494=AXIS2_PLACEMENT_3D('',#12530,#9931,#9932);
#8495=AXIS2_PLACEMENT_3D('',#12531,#9933,#9934);
#8496=AXIS2_PLACEMENT_3D('',#12532,#9935,#9936);
#8497=AXIS2_PLACEMENT_3D('',#12535,#9938,#9939);
#8498=AXIS2_PLACEMENT_3D('',#12536,#9940,#9941);
#8499=AXIS2_PLACEMENT_3D('',#12539,#9942,#9943);
#8500=AXIS2_PLACEMENT_3D('',#12540,#9944,#9945);
#8501=AXIS2_PLACEMENT_3D('',#12542,#9946,#9947);
#8502=AXIS2_PLACEMENT_3D('',#12546,#9949,#9950);
#8503=AXIS2_PLACEMENT_3D('',#12548,#9951,#9952);
#8504=AXIS2_PLACEMENT_3D('',#12551,#9954,#9955);
#8505=AXIS2_PLACEMENT_3D('',#12555,#9958,#9959);
#8506=AXIS2_PLACEMENT_3D('',#12557,#9961,#9962);
#8507=AXIS2_PLACEMENT_3D('',#12560,#9964,#9965);
#8508=AXIS2_PLACEMENT_3D('',#12561,#9966,#9967);
#8509=AXIS2_PLACEMENT_3D('',#12562,#9968,#9969);
#8510=AXIS2_PLACEMENT_3D('',#12563,#9970,#9971);
#8511=AXIS2_PLACEMENT_3D('',#12564,#9972,#9973);
#8512=AXIS2_PLACEMENT_3D('',#12565,#9974,#9975);
#8513=AXIS2_PLACEMENT_3D('',#12574,#9980,#9981);
#8514=AXIS2_PLACEMENT_3D('',#12577,#9982,#9983);
#8515=AXIS2_PLACEMENT_3D('',#12581,#9985,#9986);
#8516=AXIS2_PLACEMENT_3D('',#12583,#9988,#9989);
#8517=AXIS2_PLACEMENT_3D('',#12585,#9991,#9992);
#8518=AXIS2_PLACEMENT_3D('',#12591,#9996,#9997);
#8519=AXIS2_PLACEMENT_3D('',#12593,#9999,#10000);
#8520=AXIS2_PLACEMENT_3D('',#12595,#10002,#10003);
#8521=AXIS2_PLACEMENT_3D('',#12598,#10004,#10005);
#8522=AXIS2_PLACEMENT_3D('',#12602,#10007,#10008);
#8523=AXIS2_PLACEMENT_3D('',#12604,#10010,#10011);
#8524=AXIS2_PLACEMENT_3D('',#12610,#10015,#10016);
#8525=AXIS2_PLACEMENT_3D('',#12619,#10021,#10022);
#8526=AXIS2_PLACEMENT_3D('',#12621,#10023,#10024);
#8527=AXIS2_PLACEMENT_3D('',#12622,#10025,#10026);
#8528=AXIS2_PLACEMENT_3D('',#12624,#10027,#10028);
#8529=AXIS2_PLACEMENT_3D('',#12626,#10030,#10031);
#8530=AXIS2_PLACEMENT_3D('',#12627,#10032,#10033);
#8531=AXIS2_PLACEMENT_3D('',#12628,#10034,#10035);
#8532=AXIS2_PLACEMENT_3D('',#12629,#10036,#10037);
#8533=AXIS2_PLACEMENT_3D('',#12630,#10038,#10039);
#8534=AXIS2_PLACEMENT_3D('',#12631,#10040,#10041);
#8535=AXIS2_PLACEMENT_3D('',#12634,#10042,#10043);
#8536=AXIS2_PLACEMENT_3D('',#12638,#10045,#10046);
#8537=AXIS2_PLACEMENT_3D('',#12640,#10048,#10049);
#8538=AXIS2_PLACEMENT_3D('',#12647,#10052,#10053);
#8539=AXIS2_PLACEMENT_3D('',#12655,#10057,#10058);
#8540=AXIS2_PLACEMENT_3D('',#12657,#10060,#10061);
#8541=AXIS2_PLACEMENT_3D('',#12662,#10064,#10065);
#8542=AXIS2_PLACEMENT_3D('',#12663,#10066,#10067);
#8543=AXIS2_PLACEMENT_3D('',#12664,#10068,#10069);
#8544=AXIS2_PLACEMENT_3D('',#12668,#10071,#10072);
#8545=AXIS2_PLACEMENT_3D('',#12669,#10073,#10074);
#8546=AXIS2_PLACEMENT_3D('',#12670,#10075,#10076);
#8547=AXIS2_PLACEMENT_3D('',#12672,#10078,#10079);
#8548=AXIS2_PLACEMENT_3D('',#12674,#10081,#10082);
#8549=AXIS2_PLACEMENT_3D('',#12677,#10085,#10086);
#8550=AXIS2_PLACEMENT_3D('',#12680,#10088,#10089);
#8551=AXIS2_PLACEMENT_3D('',#12681,#10090,#10091);
#8552=AXIS2_PLACEMENT_3D('',#12685,#10094,#10095);
#8553=AXIS2_PLACEMENT_3D('',#12689,#10097,#10098);
#8554=AXIS2_PLACEMENT_3D('',#12691,#10099,#10100);
#8555=AXIS2_PLACEMENT_3D('',#12693,#10102,#10103);
#8556=AXIS2_PLACEMENT_3D('',#12702,#10108,#10109);
#8557=AXIS2_PLACEMENT_3D('',#12703,#10110,#10111);
#8558=AXIS2_PLACEMENT_3D('',#12704,#10112,#10113);
#8559=AXIS2_PLACEMENT_3D('',#12705,#10114,#10115);
#8560=AXIS2_PLACEMENT_3D('',#12708,#10116,#10117);
#8561=AXIS2_PLACEMENT_3D('',#12711,#10120,#10121);
#8562=AXIS2_PLACEMENT_3D('',#12713,#10123,#10124);
#8563=AXIS2_PLACEMENT_3D('',#12722,#10129,#10130);
#8564=AXIS2_PLACEMENT_3D('',#12724,#10131,#10132);
#8565=AXIS2_PLACEMENT_3D('',#12726,#10134,#10135);
#8566=AXIS2_PLACEMENT_3D('',#12729,#10136,#10137);
#8567=AXIS2_PLACEMENT_3D('',#12733,#10139,#10140);
#8568=AXIS2_PLACEMENT_3D('',#12735,#10142,#10143);
#8569=AXIS2_PLACEMENT_3D('',#12740,#10147,#10148);
#8570=AXIS2_PLACEMENT_3D('',#12743,#10149,#10150);
#8571=AXIS2_PLACEMENT_3D('',#12747,#10152,#10153);
#8572=AXIS2_PLACEMENT_3D('',#12749,#10155,#10156);
#8573=AXIS2_PLACEMENT_3D('',#12753,#10158,#10159);
#8574=AXIS2_PLACEMENT_3D('',#12754,#10160,#10161);
#8575=AXIS2_PLACEMENT_3D('',#12755,#10162,#10163);
#8576=AXIS2_PLACEMENT_3D('',#12764,#10168,#10169);
#8577=AXIS2_PLACEMENT_3D('',#12773,#10174,#10175);
#8578=AXIS2_PLACEMENT_3D('',#12775,#10177,#10178);
#8579=AXIS2_PLACEMENT_3D('',#12777,#10180,#10181);
#8580=AXIS2_PLACEMENT_3D('',#12790,#10184,#10185);
#8581=AXIS2_PLACEMENT_3D('',#12792,#10187,#10188);
#8582=AXIS2_PLACEMENT_3D('',#12794,#10189,#10190);
#8583=AXIS2_PLACEMENT_3D('',#12796,#10191,#10192);
#8584=AXIS2_PLACEMENT_3D('',#12798,#10194,#10195);
#8585=AXIS2_PLACEMENT_3D('',#12801,#10198,#10199);
#8586=AXIS2_PLACEMENT_3D('',#12803,#10200,#10201);
#8587=AXIS2_PLACEMENT_3D('',#12805,#10203,#10204);
#8588=AXIS2_PLACEMENT_3D('',#12814,#10209,#10210);
#8589=AXIS2_PLACEMENT_3D('',#12816,#10211,#10212);
#8590=AXIS2_PLACEMENT_3D('',#12818,#10214,#10215);
#8591=AXIS2_PLACEMENT_3D('',#12819,#10216,#10217);
#8592=AXIS2_PLACEMENT_3D('',#12820,#10218,#10219);
#8593=AXIS2_PLACEMENT_3D('',#12824,#10221,#10222);
#8594=AXIS2_PLACEMENT_3D('',#12826,#10224,#10225);
#8595=AXIS2_PLACEMENT_3D('',#12834,#10230,#10231);
#8596=AXIS2_PLACEMENT_3D('',#12843,#10236,#10237);
#8597=AXIS2_PLACEMENT_3D('',#12845,#10238,#10239);
#8598=AXIS2_PLACEMENT_3D('',#12847,#10241,#10242);
#8599=AXIS2_PLACEMENT_3D('',#12849,#10243,#10244);
#8600=AXIS2_PLACEMENT_3D('',#12851,#10245,#10246);
#8601=AXIS2_PLACEMENT_3D('',#12853,#10248,#10249);
#8602=AXIS2_PLACEMENT_3D('',#12857,#10251,#10252);
#8603=AXIS2_PLACEMENT_3D('',#12862,#10255,#10256);
#8604=AXIS2_PLACEMENT_3D('',#12864,#10258,#10259);
#8605=AXIS2_PLACEMENT_3D('',#12865,#10260,#10261);
#8606=AXIS2_PLACEMENT_3D('',#12866,#10262,#10263);
#8607=AXIS2_PLACEMENT_3D('',#12867,#10264,#10265);
#8608=AXIS2_PLACEMENT_3D('',#12868,#10266,#10267);
#8609=AXIS2_PLACEMENT_3D('',#12869,#10268,#10269);
#8610=AXIS2_PLACEMENT_3D('',#12871,#10271,#10272);
#8611=AXIS2_PLACEMENT_3D('',#12873,#10274,#10275);
#8612=AXIS2_PLACEMENT_3D('',#12878,#10277,#10278);
#8613=AXIS2_PLACEMENT_3D('',#12881,#10280,#10281);
#8614=AXIS2_PLACEMENT_3D('',#12882,#10282,#10283);
#8615=AXIS2_PLACEMENT_3D('',#12884,#10285,#10286);
#8616=AXIS2_PLACEMENT_3D('',#12887,#10288,#10289);
#8617=AXIS2_PLACEMENT_3D('',#12888,#10290,#10291);
#8618=AXIS2_PLACEMENT_3D('',#12897,#10296,#10297);
#8619=AXIS2_PLACEMENT_3D('',#12899,#10298,#10299);
#8620=AXIS2_PLACEMENT_3D('',#12901,#10301,#10302);
#8621=AXIS2_PLACEMENT_3D('',#12903,#10304,#10305);
#8622=AXIS2_PLACEMENT_3D('',#12907,#10307,#10308);
#8623=AXIS2_PLACEMENT_3D('',#12909,#10310,#10311);
#8624=AXIS2_PLACEMENT_3D('',#12911,#10313,#10314);
#8625=AXIS2_PLACEMENT_3D('',#12915,#10317,#10318);
#8626=AXIS2_PLACEMENT_3D('',#12921,#10322,#10323);
#8627=AXIS2_PLACEMENT_3D('',#12924,#10326,#10327);
#8628=AXIS2_PLACEMENT_3D('',#12926,#10328,#10329);
#8629=AXIS2_PLACEMENT_3D('',#12928,#10331,#10332);
#8630=AXIS2_PLACEMENT_3D('',#12929,#10333,#10334);
#8631=AXIS2_PLACEMENT_3D('',#12930,#10335,#10336);
#8632=AXIS2_PLACEMENT_3D('',#12931,#10337,#10338);
#8633=AXIS2_PLACEMENT_3D('',#12934,#10339,#10340);
#8634=AXIS2_PLACEMENT_3D('',#12938,#10342,#10343);
#8635=AXIS2_PLACEMENT_3D('',#12940,#10345,#10346);
#8636=AXIS2_PLACEMENT_3D('',#12942,#10348,#10349);
#8637=AXIS2_PLACEMENT_3D('',#12946,#10351,#10352);
#8638=AXIS2_PLACEMENT_3D('',#12948,#10354,#10355);
#8639=AXIS2_PLACEMENT_3D('',#12949,#10356,#10357);
#8640=AXIS2_PLACEMENT_3D('',#12950,#10358,#10359);
#8641=AXIS2_PLACEMENT_3D('',#12951,#10360,#10361);
#8642=AXIS2_PLACEMENT_3D('',#12953,#10363,#10364);
#8643=AXIS2_PLACEMENT_3D('',#12957,#10367,#10368);
#8644=AXIS2_PLACEMENT_3D('',#12959,#10369,#10370);
#8645=AXIS2_PLACEMENT_3D('',#12961,#10371,#10372);
#8646=AXIS2_PLACEMENT_3D('',#12963,#10374,#10375);
#8647=AXIS2_PLACEMENT_3D('',#12969,#10379,#10380);
#8648=AXIS2_PLACEMENT_3D('',#12973,#10383,#10384);
#8649=AXIS2_PLACEMENT_3D('',#12979,#10388,#10389);
#8650=AXIS2_PLACEMENT_3D('',#12981,#10391,#10392);
#8651=AXIS2_PLACEMENT_3D('',#12982,#10393,#10394);
#8652=AXIS2_PLACEMENT_3D('',#12983,#10395,#10396);
#8653=AXIS2_PLACEMENT_3D('',#12984,#10397,#10398);
#8654=AXIS2_PLACEMENT_3D('',#12986,#10399,#10400);
#8655=AXIS2_PLACEMENT_3D('',#12988,#10401,#10402);
#8656=AXIS2_PLACEMENT_3D('',#12990,#10404,#10405);
#8657=AXIS2_PLACEMENT_3D('',#12991,#10406,#10407);
#8658=AXIS2_PLACEMENT_3D('',#12992,#10408,#10409);
#8659=AXIS2_PLACEMENT_3D('',#12995,#10412,#10413);
#8660=AXIS2_PLACEMENT_3D('',#12997,#10414,#10415);
#8661=AXIS2_PLACEMENT_3D('',#12999,#10417,#10418);
#8662=AXIS2_PLACEMENT_3D('',#13001,#10419,#10420);
#8663=AXIS2_PLACEMENT_3D('',#13003,#10421,#10422);
#8664=AXIS2_PLACEMENT_3D('',#13005,#10424,#10425);
#8665=AXIS2_PLACEMENT_3D('',#13006,#10426,#10427);
#8666=AXIS2_PLACEMENT_3D('',#13007,#10428,#10429);
#8667=AXIS2_PLACEMENT_3D('',#13011,#10431,#10432);
#8668=AXIS2_PLACEMENT_3D('',#13013,#10434,#10435);
#8669=AXIS2_PLACEMENT_3D('',#13015,#10436,#10437);
#8670=AXIS2_PLACEMENT_3D('',#13017,#10438,#10439);
#8671=AXIS2_PLACEMENT_3D('',#13019,#10441,#10442);
#8672=AXIS2_PLACEMENT_3D('',#13021,#10444,#10445);
#8673=AXIS2_PLACEMENT_3D('',#13024,#10448,#10449);
#8674=AXIS2_PLACEMENT_3D('',#13026,#10451,#10452);
#8675=AXIS2_PLACEMENT_3D('',#13029,#10455,#10456);
#8676=AXIS2_PLACEMENT_3D('',#13032,#10458,#10459);
#8677=AXIS2_PLACEMENT_3D('',#13033,#10460,#10461);
#8678=AXIS2_PLACEMENT_3D('',#13035,#10462,#10463);
#8679=AXIS2_PLACEMENT_3D('',#13037,#10465,#10466);
#8680=AXIS2_PLACEMENT_3D('',#13039,#10467,#10468);
#8681=AXIS2_PLACEMENT_3D('',#13042,#10470,#10471);
#8682=AXIS2_PLACEMENT_3D('',#13043,#10472,#10473);
#8683=AXIS2_PLACEMENT_3D('',#13045,#10474,#10475);
#8684=AXIS2_PLACEMENT_3D('',#13048,#10477,#10478);
#8685=AXIS2_PLACEMENT_3D('',#13049,#10479,#10480);
#8686=AXIS2_PLACEMENT_3D('',#13051,#10482,#10483);
#8687=AXIS2_PLACEMENT_3D('',#13055,#10486,#10487);
#8688=AXIS2_PLACEMENT_3D('',#13057,#10488,#10489);
#8689=AXIS2_PLACEMENT_3D('',#13059,#10491,#10492);
#8690=AXIS2_PLACEMENT_3D('',#13062,#10493,#10494);
#8691=AXIS2_PLACEMENT_3D('',#13065,#10497,#10498);
#8692=AXIS2_PLACEMENT_3D('',#13069,#10500,#10501);
#8693=AXIS2_PLACEMENT_3D('',#13071,#10503,#10504);
#8694=AXIS2_PLACEMENT_3D('',#13084,#10512,#10513);
#8695=AXIS2_PLACEMENT_3D('',#13088,#10516,#10517);
#8696=AXIS2_PLACEMENT_3D('',#13092,#10520,#10521);
#8697=AXIS2_PLACEMENT_3D('',#13093,#10522,#10523);
#8698=AXIS2_PLACEMENT_3D('',#13094,#10524,#10525);
#8699=AXIS2_PLACEMENT_3D('',#13096,#10526,#10527);
#8700=AXIS2_PLACEMENT_3D('',#13099,#10529,#10530);
#8701=AXIS2_PLACEMENT_3D('',#13100,#10531,#10532);
#8702=AXIS2_PLACEMENT_3D('',#13110,#10537,#10538);
#8703=AXIS2_PLACEMENT_3D('',#13117,#10543,#10544);
#8704=AXIS2_PLACEMENT_3D('',#13119,#10546,#10547);
#8705=AXIS2_PLACEMENT_3D('',#13120,#10548,#10549);
#8706=AXIS2_PLACEMENT_3D('',#13121,#10550,#10551);
#8707=AXIS2_PLACEMENT_3D('',#13123,#10553,#10554);
#8708=AXIS2_PLACEMENT_3D('',#13129,#10558,#10559);
#8709=AXIS2_PLACEMENT_3D('',#13131,#10560,#10561);
#8710=AXIS2_PLACEMENT_3D('',#13132,#10562,#10563);
#8711=AXIS2_PLACEMENT_3D('',#13134,#10565,#10566);
#8712=AXIS2_PLACEMENT_3D('',#13135,#10567,#10568);
#8713=AXIS2_PLACEMENT_3D('',#13136,#10569,#10570);
#8714=AXIS2_PLACEMENT_3D('',#13142,#10574,#10575);
#8715=AXIS2_PLACEMENT_3D('',#13145,#10577,#10578);
#8716=AXIS2_PLACEMENT_3D('',#13146,#10579,#10580);
#8717=AXIS2_PLACEMENT_3D('',#13152,#10584,#10585);
#8718=AXIS2_PLACEMENT_3D('',#13162,#10591,#10592);
#8719=AXIS2_PLACEMENT_3D('',#13165,#10595,#10596);
#8720=AXIS2_PLACEMENT_3D('',#13167,#10597,#10598);
#8721=AXIS2_PLACEMENT_3D('',#13169,#10600,#10601);
#8722=AXIS2_PLACEMENT_3D('',#13172,#10603,#10604);
#8723=AXIS2_PLACEMENT_3D('',#13173,#10605,#10606);
#8724=AXIS2_PLACEMENT_3D('',#13175,#10608,#10609);
#8725=AXIS2_PLACEMENT_3D('',#13176,#10610,#10611);
#8726=AXIS2_PLACEMENT_3D('',#13184,#10617,#10618);
#8727=AXIS2_PLACEMENT_3D('',#13186,#10620,#10621);
#8728=AXIS2_PLACEMENT_3D('',#13188,#10622,#10623);
#8729=AXIS2_PLACEMENT_3D('',#13190,#10625,#10626);
#8730=AXIS2_PLACEMENT_3D('',#13194,#10629,#10630);
#8731=AXIS2_PLACEMENT_3D('',#13196,#10631,#10632);
#8732=AXIS2_PLACEMENT_3D('',#13198,#10633,#10634);
#8733=AXIS2_PLACEMENT_3D('',#13200,#10636,#10637);
#8734=AXIS2_PLACEMENT_3D('',#13203,#10639,#10640);
#8735=AXIS2_PLACEMENT_3D('',#13204,#10641,#10642);
#8736=AXIS2_PLACEMENT_3D('',#13205,#10643,#10644);
#8737=AXIS2_PLACEMENT_3D('',#13206,#10645,#10646);
#8738=AXIS2_PLACEMENT_3D('',#13209,#10649,#10650);
#8739=AXIS2_PLACEMENT_3D('',#13212,#10652,#10653);
#8740=AXIS2_PLACEMENT_3D('',#13213,#10654,#10655);
#8741=AXIS2_PLACEMENT_3D('',#13216,#10658,#10659);
#8742=AXIS2_PLACEMENT_3D('',#13222,#10663,#10664);
#8743=AXIS2_PLACEMENT_3D('',#13224,#10666,#10667);
#8744=AXIS2_PLACEMENT_3D('',#13233,#10672,#10673);
#8745=AXIS2_PLACEMENT_3D('',#13234,#10674,#10675);
#8746=AXIS2_PLACEMENT_3D('',#13235,#10676,#10677);
#8747=AXIS2_PLACEMENT_3D('',#13236,#10678,#10679);
#8748=AXIS2_PLACEMENT_3D('',#13238,#10680,#10681);
#8749=AXIS2_PLACEMENT_3D('',#13240,#10683,#10684);
#8750=AXIS2_PLACEMENT_3D('',#13242,#10686,#10687);
#8751=AXIS2_PLACEMENT_3D('',#13244,#10689,#10690);
#8752=AXIS2_PLACEMENT_3D('',#13260,#10699,#10700);
#8753=AXIS2_PLACEMENT_3D('',#13262,#10702,#10703);
#8754=AXIS2_PLACEMENT_3D('',#13264,#10704,#10705);
#8755=AXIS2_PLACEMENT_3D('',#13266,#10707,#10708);
#8756=AXIS2_PLACEMENT_3D('',#13269,#10710,#10711);
#8757=AXIS2_PLACEMENT_3D('',#13271,#10713,#10714);
#8758=AXIS2_PLACEMENT_3D('',#13273,#10715,#10716);
#8759=AXIS2_PLACEMENT_3D('',#13275,#10718,#10719);
#8760=AXIS2_PLACEMENT_3D('',#13277,#10721,#10722);
#8761=AXIS2_PLACEMENT_3D('',#13279,#10724,#10725);
#8762=AXIS2_PLACEMENT_3D('',#13283,#10728,#10729);
#8763=AXIS2_PLACEMENT_3D('',#13287,#10731,#10732);
#8764=AXIS2_PLACEMENT_3D('',#13290,#10734,#10735);
#8765=AXIS2_PLACEMENT_3D('',#13291,#10736,#10737);
#8766=AXIS2_PLACEMENT_3D('',#13293,#10739,#10740);
#8767=AXIS2_PLACEMENT_3D('',#13297,#10743,#10744);
#8768=AXIS2_PLACEMENT_3D('',#13299,#10746,#10747);
#8769=AXIS2_PLACEMENT_3D('',#13301,#10749,#10750);
#8770=AXIS2_PLACEMENT_3D('',#13303,#10752,#10753);
#8771=AXIS2_PLACEMENT_3D('',#13305,#10754,#10755);
#8772=AXIS2_PLACEMENT_3D('',#13307,#10757,#10758);
#8773=AXIS2_PLACEMENT_3D('',#13309,#10760,#10761);
#8774=AXIS2_PLACEMENT_3D('',#13313,#10764,#10765);
#8775=AXIS2_PLACEMENT_3D('',#13315,#10767,#10768);
#8776=AXIS2_PLACEMENT_3D('',#13317,#10770,#10771);
#8777=AXIS2_PLACEMENT_3D('',#13319,#10773,#10774);
#8778=AXIS2_PLACEMENT_3D('',#13321,#10776,#10777);
#8779=AXIS2_PLACEMENT_3D('',#13323,#10779,#10780);
#8780=AXIS2_PLACEMENT_3D('',#13327,#10783,#10784);
#8781=AXIS2_PLACEMENT_3D('',#13328,#10785,#10786);
#8782=AXIS2_PLACEMENT_3D('',#13329,#10787,#10788);
#8783=AXIS2_PLACEMENT_3D('',#13333,#10791,#10792);
#8784=AXIS2_PLACEMENT_3D('',#13335,#10794,#10795);
#8785=AXIS2_PLACEMENT_3D('',#13336,#10796,#10797);
#8786=AXIS2_PLACEMENT_3D('',#13337,#10798,#10799);
#8787=AXIS2_PLACEMENT_3D('',#13338,#10800,#10801);
#8788=AXIS2_PLACEMENT_3D('',#13339,#10802,#10803);
#8789=AXIS2_PLACEMENT_3D('',#13340,#10804,#10805);
#8790=AXIS2_PLACEMENT_3D('',#13341,#10806,#10807);
#8791=AXIS2_PLACEMENT_3D('',#13345,#10810,#10811);
#8792=AXIS2_PLACEMENT_3D('',#13348,#10812,#10813);
#8793=AXIS2_PLACEMENT_3D('',#13352,#10815,#10816);
#8794=AXIS2_PLACEMENT_3D('',#13354,#10818,#10819);
#8795=AXIS2_PLACEMENT_3D('',#13356,#10821,#10822);
#8796=AXIS2_PLACEMENT_3D('',#13358,#10823,#10824);
#8797=AXIS2_PLACEMENT_3D('',#13360,#10826,#10827);
#8798=AXIS2_PLACEMENT_3D('',#13369,#10832,#10833);
#8799=AXIS2_PLACEMENT_3D('',#13370,#10834,#10835);
#8800=AXIS2_PLACEMENT_3D('',#13371,#10836,#10837);
#8801=AXIS2_PLACEMENT_3D('',#13372,#10838,#10839);
#8802=AXIS2_PLACEMENT_3D('',#13381,#10844,#10845);
#8803=AXIS2_PLACEMENT_3D('',#13390,#10850,#10851);
#8804=AXIS2_PLACEMENT_3D('',#13393,#10852,#10853);
#8805=AXIS2_PLACEMENT_3D('',#13397,#10855,#10856);
#8806=AXIS2_PLACEMENT_3D('',#13399,#10858,#10859);
#8807=AXIS2_PLACEMENT_3D('',#13405,#10863,#10864);
#8808=AXIS2_PLACEMENT_3D('',#13407,#10865,#10866);
#8809=AXIS2_PLACEMENT_3D('',#13409,#10868,#10869);
#8810=AXIS2_PLACEMENT_3D('',#13415,#10873,#10874);
#8811=AXIS2_PLACEMENT_3D('',#13424,#10879,#10880);
#8812=AXIS2_PLACEMENT_3D('',#13429,#10883,#10884);
#8813=AXIS2_PLACEMENT_3D('',#13433,#10886,#10887);
#8814=AXIS2_PLACEMENT_3D('',#13437,#10889,#10890);
#8815=AXIS2_PLACEMENT_3D('',#13441,#10892,#10893);
#8816=AXIS2_PLACEMENT_3D('',#13445,#10895,#10896);
#8817=AXIS2_PLACEMENT_3D('',#13449,#10898,#10899);
#8818=AXIS2_PLACEMENT_3D('',#13453,#10901,#10902);
#8819=AXIS2_PLACEMENT_3D('',#13456,#10904,#10905);
#8820=AXIS2_PLACEMENT_3D('',#13457,#10906,#10907);
#8821=AXIS2_PLACEMENT_3D('',#13459,#10908,#10909);
#8822=AXIS2_PLACEMENT_3D('',#13462,#10911,#10912);
#8823=AXIS2_PLACEMENT_3D('',#13463,#10913,#10914);
#8824=AXIS2_PLACEMENT_3D('',#13469,#10918,#10919);
#8825=AXIS2_PLACEMENT_3D('',#13475,#10923,#10924);
#8826=AXIS2_PLACEMENT_3D('',#13484,#10929,#10930);
#8827=AXIS2_PLACEMENT_3D('',#13486,#10931,#10932);
#8828=AXIS2_PLACEMENT_3D('',#13488,#10933,#10934);
#8829=AXIS2_PLACEMENT_3D('',#13490,#10936,#10937);
#8830=AXIS2_PLACEMENT_3D('',#13493,#10938,#10939);
#8831=AXIS2_PLACEMENT_3D('',#13497,#10941,#10942);
#8832=AXIS2_PLACEMENT_3D('',#13499,#10944,#10945);
#8833=AXIS2_PLACEMENT_3D('',#13502,#10946,#10947);
#8834=AXIS2_PLACEMENT_3D('',#13506,#10949,#10950);
#8835=AXIS2_PLACEMENT_3D('',#13508,#10952,#10953);
#8836=AXIS2_PLACEMENT_3D('',#13510,#10954,#10955);
#8837=AXIS2_PLACEMENT_3D('',#13512,#10956,#10957);
#8838=AXIS2_PLACEMENT_3D('',#13514,#10959,#10960);
#8839=AXIS2_PLACEMENT_3D('',#13520,#10964,#10965);
#8840=AXIS2_PLACEMENT_3D('',#13523,#10966,#10967);
#8841=AXIS2_PLACEMENT_3D('',#13527,#10969,#10970);
#8842=AXIS2_PLACEMENT_3D('',#13529,#10972,#10973);
#8843=AXIS2_PLACEMENT_3D('',#13531,#10975,#10976);
#8844=AXIS2_PLACEMENT_3D('',#13535,#10979,#10980);
#8845=AXIS2_PLACEMENT_3D('',#13541,#10984,#10985);
#8846=AXIS2_PLACEMENT_3D('',#13548,#10990,#10991);
#8847=AXIS2_PLACEMENT_3D('',#13551,#10992,#10993);
#8848=AXIS2_PLACEMENT_3D('',#13555,#10995,#10996);
#8849=AXIS2_PLACEMENT_3D('',#13557,#10998,#10999);
#8850=AXIS2_PLACEMENT_3D('',#13563,#11002,#11003);
#8851=AXIS2_PLACEMENT_3D('',#13567,#11005,#11006);
#8852=AXIS2_PLACEMENT_3D('',#13573,#11010,#11011);
#8853=AXIS2_PLACEMENT_3D('',#13577,#11013,#11014);
#8854=AXIS2_PLACEMENT_3D('',#13581,#11016,#11017);
#8855=AXIS2_PLACEMENT_3D('',#13584,#11019,#11020);
#8856=AXIS2_PLACEMENT_3D('',#13585,#11021,#11022);
#8857=AXIS2_PLACEMENT_3D('',#13591,#11026,#11027);
#8858=AXIS2_PLACEMENT_3D('',#13593,#11028,#11029);
#8859=AXIS2_PLACEMENT_3D('',#13595,#11031,#11032);
#8860=AXIS2_PLACEMENT_3D('',#13597,#11034,#11035);
#8861=AXIS2_PLACEMENT_3D('',#13603,#11039,#11040);
#8862=AXIS2_PLACEMENT_3D('',#13605,#11041,#11042);
#8863=AXIS2_PLACEMENT_3D('',#13607,#11044,#11045);
#8864=AXIS2_PLACEMENT_3D('',#13610,#11046,#11047);
#8865=AXIS2_PLACEMENT_3D('',#13613,#11050,#11051);
#8866=AXIS2_PLACEMENT_3D('',#13615,#11052,#11053);
#8867=AXIS2_PLACEMENT_3D('',#13617,#11055,#11056);
#8868=AXIS2_PLACEMENT_3D('',#13620,#11057,#11058);
#8869=AXIS2_PLACEMENT_3D('',#13623,#11061,#11062);
#8870=AXIS2_PLACEMENT_3D('',#13627,#11065,#11066);
#8871=AXIS2_PLACEMENT_3D('',#13630,#11069,#11070);
#8872=AXIS2_PLACEMENT_3D('',#13634,#11073,#11074);
#8873=AXIS2_PLACEMENT_3D('',#13638,#11077,#11078);
#8874=AXIS2_PLACEMENT_3D('',#13642,#11081,#11082);
#8875=AXIS2_PLACEMENT_3D('',#13644,#11084,#11085);
#8876=AXIS2_PLACEMENT_3D('',#13650,#11089,#11090);
#8877=AXIS2_PLACEMENT_3D('',#13651,#11091,#11092);
#8878=AXIS2_PLACEMENT_3D('',#13652,#11093,#11094);
#8879=AXIS2_PLACEMENT_3D('',#13653,#11095,#11096);
#8880=AXIS2_PLACEMENT_3D('',#13655,#11097,#11098);
#8881=AXIS2_PLACEMENT_3D('',#13657,#11100,#11101);
#8882=AXIS2_PLACEMENT_3D('',#13660,#11102,#11103);
#8883=AXIS2_PLACEMENT_3D('',#13663,#11106,#11107);
#8884=AXIS2_PLACEMENT_3D('',#13672,#11112,#11113);
#8885=AXIS2_PLACEMENT_3D('',#13674,#11115,#11116);
#8886=AXIS2_PLACEMENT_3D('',#13678,#11119,#11120);
#8887=AXIS2_PLACEMENT_3D('',#13680,#11121,#11122);
#8888=AXIS2_PLACEMENT_3D('',#13682,#11124,#11125);
#8889=AXIS2_PLACEMENT_3D('',#13684,#11127,#11128);
#8890=AXIS2_PLACEMENT_3D('',#13685,#11129,#11130);
#8891=AXIS2_PLACEMENT_3D('',#13686,#11131,#11132);
#8892=AXIS2_PLACEMENT_3D('',#13687,#11133,#11134);
#8893=AXIS2_PLACEMENT_3D('',#13696,#11139,#11140);
#8894=AXIS2_PLACEMENT_3D('',#13698,#11141,#11142);
#8895=AXIS2_PLACEMENT_3D('',#13701,#11144,#11145);
#8896=AXIS2_PLACEMENT_3D('',#13702,#11146,#11147);
#8897=AXIS2_PLACEMENT_3D('',#13708,#11151,#11152);
#8898=AXIS2_PLACEMENT_3D('',#13711,#11153,#11154);
#8899=AXIS2_PLACEMENT_3D('',#13714,#11157,#11158);
#8900=AXIS2_PLACEMENT_3D('',#13716,#11160,#11161);
#8901=AXIS2_PLACEMENT_3D('',#13718,#11163,#11164);
#8902=AXIS2_PLACEMENT_3D('',#13722,#11167,#11168);
#8903=AXIS2_PLACEMENT_3D('',#13726,#11171,#11172);
#8904=AXIS2_PLACEMENT_3D('',#13728,#11174,#11175);
#8905=AXIS2_PLACEMENT_3D('',#13730,#11177,#11178);
#8906=AXIS2_PLACEMENT_3D('',#13732,#11179,#11180);
#8907=AXIS2_PLACEMENT_3D('',#13734,#11182,#11183);
#8908=AXIS2_PLACEMENT_3D('',#13737,#11186,#11187);
#8909=AXIS2_PLACEMENT_3D('',#13738,#11188,#11189);
#8910=AXIS2_PLACEMENT_3D('',#13739,#11190,#11191);
#8911=AXIS2_PLACEMENT_3D('',#13745,#11195,#11196);
#8912=AXIS2_PLACEMENT_3D('',#13747,#11198,#11199);
#8913=AXIS2_PLACEMENT_3D('',#13749,#11201,#11202);
#8914=AXIS2_PLACEMENT_3D('',#13753,#11205,#11206);
#8915=AXIS2_PLACEMENT_3D('',#13755,#11208,#11209);
#8916=AXIS2_PLACEMENT_3D('',#13757,#11210,#11211);
#8917=AXIS2_PLACEMENT_3D('',#13759,#11213,#11214);
#8918=AXIS2_PLACEMENT_3D('',#13761,#11216,#11217);
#8919=AXIS2_PLACEMENT_3D('',#13762,#11218,#11219);
#8920=AXIS2_PLACEMENT_3D('',#13763,#11220,#11221);
#8921=AXIS2_PLACEMENT_3D('',#13765,#11223,#11224);
#8922=AXIS2_PLACEMENT_3D('',#13769,#11227,#11228);
#8923=AXIS2_PLACEMENT_3D('',#13771,#11230,#11231);
#8924=AXIS2_PLACEMENT_3D('',#13772,#11232,#11233);
#8925=AXIS2_PLACEMENT_3D('',#13773,#11234,#11235);
#8926=AXIS2_PLACEMENT_3D('',#13775,#11237,#11238);
#8927=AXIS2_PLACEMENT_3D('',#13776,#11239,#11240);
#8928=AXIS2_PLACEMENT_3D('',#13777,#11241,#11242);
#8929=AXIS2_PLACEMENT_3D('',#13778,#11243,#11244);
#8930=AXIS2_PLACEMENT_3D('',#13779,#11245,#11246);
#8931=AXIS2_PLACEMENT_3D('',#13784,#11249,#11250);
#8932=AXIS2_PLACEMENT_3D('',#13785,#11251,#11252);
#8933=AXIS2_PLACEMENT_3D('',#13791,#11256,#11257);
#8934=AXIS2_PLACEMENT_3D('',#13793,#11259,#11260);
#8935=AXIS2_PLACEMENT_3D('',#13795,#11262,#11263);
#8936=AXIS2_PLACEMENT_3D('',#13797,#11265,#11266);
#8937=AXIS2_PLACEMENT_3D('',#13798,#11267,#11268);
#8938=DIRECTION('axis',(0.,0.,1.));
#8939=DIRECTION('refdir',(1.,0.,0.));
#8940=DIRECTION('axis',(0.,0.,1.));
#8941=DIRECTION('refdir',(1.,0.,0.));
#8942=DIRECTION('center_axis',(0.,1.,2.22044604925031E-16));
#8943=DIRECTION('ref_axis',(-1.,0.,0.));
#8944=DIRECTION('',(0.,1.,2.22044604925031E-16));
#8945=DIRECTION('center_axis',(-1.,0.,0.));
#8946=DIRECTION('ref_axis',(0.,-1.,-2.22044604925031E-16));
#8947=DIRECTION('',(-1.,0.,0.));
#8948=DIRECTION('',(1.,0.,0.));
#8949=DIRECTION('center_axis',(0.927510407402616,-8.29996805345619E-17,
0.373797330327323));
#8950=DIRECTION('ref_axis',(0.,1.,2.22044604925031E-16));
#8951=DIRECTION('center_axis',(0.927510407402616,-8.29996805345619E-17,
0.373797330327323));
#8952=DIRECTION('ref_axis',(-0.373797330327323,-2.05948681975569E-16,0.927510407402616));
#8953=DIRECTION('center_axis',(0.927510407402616,-8.29996805345619E-17,
0.373797330327323));
#8954=DIRECTION('ref_axis',(-0.373797330327323,-2.05948681975569E-16,0.927510407402615));
#8955=DIRECTION('',(0.373797330327322,2.05948681975569E-16,-0.927510407402616));
#8956=DIRECTION('',(0.,1.,2.22044604925031E-16));
#8957=DIRECTION('',(-0.373797330327328,-2.05948681975568E-16,0.927510407402614));
#8958=DIRECTION('center_axis',(0.927510407402616,-8.29996805345619E-17,
0.373797330327323));
#8959=DIRECTION('ref_axis',(-0.373797330327323,-2.05948681975569E-16,0.927510407402615));
#8960=DIRECTION('center_axis',(0.927510407402616,-8.29996805345619E-17,
0.373797330327323));
#8961=DIRECTION('ref_axis',(-0.373797330327323,-2.05948681975569E-16,0.927510407402616));
#8962=DIRECTION('center_axis',(0.,-1.,-2.22044604925031E-16));
#8963=DIRECTION('ref_axis',(1.,0.,0.));
#8964=DIRECTION('',(0.,2.22044604925031E-16,-1.));
#8965=DIRECTION('',(0.642787609686539,-1.70096035727369E-16,0.766044443118979));
#8966=DIRECTION('center_axis',(0.,-1.,-2.22044604925031E-16));
#8967=DIRECTION('ref_axis',(1.,0.,0.));
#8968=DIRECTION('',(-1.,0.,0.));
#8969=DIRECTION('center_axis',(0.,1.,2.22044604925031E-16));
#8970=DIRECTION('ref_axis',(0.987619989164381,3.48311180949408E-17,-0.156865410473273));
#8971=DIRECTION('',(0.,1.,2.22044604925031E-16));
#8972=DIRECTION('center_axis',(0.,-1.,-2.22044604925031E-16));
#8973=DIRECTION('ref_axis',(1.,0.,0.));
#8974=DIRECTION('center_axis',(-1.,0.,0.));
#8975=DIRECTION('ref_axis',(0.,-1.,-2.22044604925031E-16));
#8976=DIRECTION('center_axis',(1.,0.,0.));
#8977=DIRECTION('ref_axis',(0.,1.,2.22044604925031E-16));
#8978=DIRECTION('',(1.,0.,0.));
#8979=DIRECTION('center_axis',(-1.,0.,0.));
#8980=DIRECTION('ref_axis',(0.,-1.,-2.22044604925031E-16));
#8981=DIRECTION('center_axis',(1.,0.,0.));
#8982=DIRECTION('ref_axis',(0.,1.,2.22044604925031E-16));
#8983=DIRECTION('center_axis',(0.,1.,2.22044604925031E-16));
#8984=DIRECTION('ref_axis',(-1.,0.,0.));
#8985=DIRECTION('',(0.,-1.,-2.22044604925031E-16));
#8986=DIRECTION('center_axis',(-1.,0.,0.));
#8987=DIRECTION('ref_axis',(0.,-1.,-2.22044604925031E-16));
#8988=DIRECTION('',(-1.,0.,0.));
#8989=DIRECTION('center_axis',(1.,0.,0.));
#8990=DIRECTION('ref_axis',(0.,1.,2.22044604925031E-16));
#8991=DIRECTION('',(1.,0.,0.));
#8992=DIRECTION('center_axis',(0.,1.,2.22044604925031E-16));
#8993=DIRECTION('ref_axis',(-1.,0.,0.));
#8994=DIRECTION('',(0.,1.,2.22044604925031E-16));
#8995=DIRECTION('center_axis',(-1.,0.,0.));
#8996=DIRECTION('ref_axis',(0.,-1.,-2.22044604925031E-16));
#8997=DIRECTION('',(-1.,0.,0.));
#8998=DIRECTION('',(1.,0.,0.));
#8999=DIRECTION('center_axis',(0.,1.,2.22044604925031E-16));
#9000=DIRECTION('ref_axis',(-1.,0.,0.));
#9001=DIRECTION('',(0.,-2.22044604925031E-16,1.));
#9002=DIRECTION('',(-0.642787609686539,1.70096035727369E-16,-0.766044443118979));
#9003=DIRECTION('center_axis',(-1.,0.,0.));
#9004=DIRECTION('ref_axis',(0.,-1.,-2.22044604925031E-16));
#9005=DIRECTION('center_axis',(1.,0.,0.));
#9006=DIRECTION('ref_axis',(0.,1.,2.22044604925031E-16));
#9007=DIRECTION('center_axis',(0.,1.,2.22044604925031E-16));
#9008=DIRECTION('ref_axis',(-1.,0.,0.));
#9009=DIRECTION('',(0.,-2.22044604925031E-16,1.));
#9010=DIRECTION('',(1.,0.,0.));
#9011=DIRECTION('',(0.,2.22044604925031E-16,-1.));
#9012=DIRECTION('',(-1.,0.,0.));
#9013=DIRECTION('center_axis',(0.,-1.,-2.22044604925031E-16));
#9014=DIRECTION('ref_axis',(1.,0.,0.));
#9015=DIRECTION('',(0.,2.22044604925031E-16,-1.));
#9016=DIRECTION('',(1.,0.,0.));
#9017=DIRECTION('',(0.,-2.22044604925031E-16,1.));
#9018=DIRECTION('',(-1.,0.,0.));
#9019=DIRECTION('center_axis',(-1.,0.,0.));
#9020=DIRECTION('ref_axis',(0.,-1.,-2.22044604925031E-16));
#9021=DIRECTION('',(-1.,0.,0.));
#9022=DIRECTION('',(1.,0.,0.));
#9023=DIRECTION('center_axis',(-0.882947592858926,1.0424362768233E-16,-0.469471562785892));
#9024=DIRECTION('ref_axis',(0.,-1.,-2.22044604925031E-16));
#9025=DIRECTION('',(0.469471562785892,1.96053749425868E-16,-0.882947592858926));
#9026=DIRECTION('',(0.,-1.,-2.22044604925031E-16));
#9027=DIRECTION('',(-0.469471562785892,-1.96053749425868E-16,0.882947592858926));
#9028=DIRECTION('',(0.,1.,2.22044604925031E-16));
#9029=DIRECTION('center_axis',(0.766044443118979,1.42727520843553E-16,-0.642787609686539));
#9030=DIRECTION('ref_axis',(0.,1.,2.22044604925031E-16));
#9031=DIRECTION('',(0.,1.,2.22044604925031E-16));
#9032=DIRECTION('',(-0.642787609686539,1.70096035727369E-16,-0.766044443118978));
#9033=DIRECTION('',(0.,1.,2.22044604925031E-16));
#9034=DIRECTION('',(0.,1.,2.22044604925031E-16));
#9035=DIRECTION('',(0.642787609686539,-1.70096035727369E-16,0.766044443118978));
#9036=DIRECTION('center_axis',(0.,1.,2.22044604925031E-16));
#9037=DIRECTION('ref_axis',(-1.,0.,0.));
#9038=DIRECTION('',(0.,-1.,-2.22044604925031E-16));
#9039=DIRECTION('center_axis',(-1.,0.,0.));
#9040=DIRECTION('ref_axis',(0.,-1.,-2.22044604925031E-16));
#9041=DIRECTION('',(0.,2.22044604925031E-16,-1.));
#9042=DIRECTION('',(0.,-1.,-2.22044604925031E-16));
#9043=DIRECTION('',(0.,-2.22044604925031E-16,1.));
#9044=DIRECTION('center_axis',(0.,-1.,-2.22044604925031E-16));
#9045=DIRECTION('ref_axis',(1.,0.,0.));
#9046=DIRECTION('',(0.,-2.22044604925031E-16,1.));
#9047=DIRECTION('center_axis',(0.,-1.,-2.22044604925031E-16));
#9048=DIRECTION('ref_axis',(1.,0.,0.));
#9049=DIRECTION('center_axis',(0.,-1.,-2.22044604925031E-16));
#9050=DIRECTION('ref_axis',(1.,0.,0.));
#9051=DIRECTION('',(0.,-2.22044604925031E-16,1.));
#9052=DIRECTION('',(-1.,0.,0.));
#9053=DIRECTION('center_axis',(0.,2.22044604925031E-16,-1.));
#9054=DIRECTION('ref_axis',(0.,1.,2.22044604925031E-16));
#9055=DIRECTION('',(0.,1.,2.22044604925031E-16));
#9056=DIRECTION('',(1.,0.,0.));
#9057=DIRECTION('',(0.,-1.,-2.22044604925031E-16));
#9058=DIRECTION('',(-1.,0.,0.));
#9059=DIRECTION('center_axis',(0.,-1.,-2.22044604925031E-16));
#9060=DIRECTION('ref_axis',(1.,0.,0.));
#9061=DIRECTION('',(0.,2.22044604925031E-16,-1.));
#9062=DIRECTION('',(1.,0.,0.));
#9063=DIRECTION('',(0.,-2.22044604925031E-16,1.));
#9064=DIRECTION('',(-1.,0.,0.));
#9065=DIRECTION('center_axis',(0.,1.,2.22044604925031E-16));
#9066=DIRECTION('ref_axis',(-1.,0.,0.));
#9067=DIRECTION('center_axis',(0.,-1.,-2.22044604925031E-16));
#9068=DIRECTION('ref_axis',(1.,0.,0.));
#9069=DIRECTION('center_axis',(0.,1.,2.22044604925031E-16));
#9070=DIRECTION('ref_axis',(-1.,0.,0.));
#9071=DIRECTION('center_axis',(0.,-1.,-2.22044604925031E-16));
#9072=DIRECTION('ref_axis',(1.,0.,0.));
#9073=DIRECTION('',(0.,-1.,-2.22044604925031E-16));
#9074=DIRECTION('center_axis',(0.,-1.,-2.22044604925031E-16));
#9075=DIRECTION('ref_axis',(1.,0.,0.));
#9076=DIRECTION('',(0.,2.22044604925031E-16,-1.));
#9077=DIRECTION('',(0.642787609686539,-1.70096035727369E-16,0.766044443118979));
#9078=DIRECTION('center_axis',(0.,-1.,-2.22044604925031E-16));
#9079=DIRECTION('ref_axis',(1.,0.,0.));
#9080=DIRECTION('',(-0.373797330327322,-2.05948681975569E-16,0.927510407402616));
#9081=DIRECTION('',(-1.,0.,0.));
#9082=DIRECTION('center_axis',(1.,0.,0.));
#9083=DIRECTION('ref_axis',(0.,1.,2.22044604925031E-16));
#9084=DIRECTION('',(0.,-2.22044604925031E-16,1.));
#9085=DIRECTION('',(0.,-1.,-2.22044604925031E-16));
#9086=DIRECTION('',(0.,2.22044604925031E-16,-1.));
#9087=DIRECTION('',(0.,1.,2.22044604925031E-16));
#9088=DIRECTION('center_axis',(-1.,0.,0.));
#9089=DIRECTION('ref_axis',(0.,-1.,-2.22044604925031E-16));
#9090=DIRECTION('',(0.,1.,2.22044604925031E-16));
#9091=DIRECTION('',(0.,2.22044604925031E-16,-1.));
#9092=DIRECTION('',(0.,-1.,-2.22044604925031E-16));
#9093=DIRECTION('center_axis',(1.,0.,0.));
#9094=DIRECTION('ref_axis',(0.,1.,2.22044604925031E-16));
#9095=DIRECTION('',(0.,1.,2.22044604925031E-16));
#9096=DIRECTION('',(0.,-2.22044604925031E-16,1.));
#9097=DIRECTION('',(0.,-1.,-2.22044604925031E-16));
#9098=DIRECTION('center_axis',(0.,-1.,-2.22044604925031E-16));
#9099=DIRECTION('ref_axis',(1.,0.,0.));
#9100=DIRECTION('',(-0.642787609686539,1.70096035727369E-16,-0.766044443118978));
#9101=DIRECTION('',(0.,2.22044604925031E-16,-1.));
#9102=DIRECTION('center_axis',(0.,-1.,-2.22044604925031E-16));
#9103=DIRECTION('ref_axis',(1.,0.,0.));
#9104=DIRECTION('',(0.469471562785892,1.96053749425868E-16,-0.882947592858926));
#9105=DIRECTION('center_axis',(0.,-1.,-2.22044604925031E-16));
#9106=DIRECTION('ref_axis',(1.,0.,0.));
#9107=DIRECTION('',(0.,-2.22044604925031E-16,1.));
#9108=DIRECTION('',(-1.,0.,0.));
#9109=DIRECTION('center_axis',(-1.,0.,0.));
#9110=DIRECTION('ref_axis',(0.,-1.,-2.22044604925031E-16));
#9111=DIRECTION('',(-1.,0.,0.));
#9112=DIRECTION('center_axis',(1.,0.,0.));
#9113=DIRECTION('ref_axis',(0.,1.,2.22044604925031E-16));
#9114=DIRECTION('',(1.,0.,0.));
#9115=DIRECTION('center_axis',(-0.927510407402616,8.29996805345619E-17,
-0.373797330327323));
#9116=DIRECTION('ref_axis',(-0.373797330327323,-2.05948681975569E-16,0.927510407402616));
#9117=DIRECTION('center_axis',(-1.,0.,0.));
#9118=DIRECTION('ref_axis',(0.,-1.,-2.22044604925031E-16));
#9119=DIRECTION('center_axis',(1.,0.,0.));
#9120=DIRECTION('ref_axis',(0.,1.,2.22044604925031E-16));
#9121=DIRECTION('center_axis',(-0.927510407402616,8.29996805345619E-17,
-0.373797330327323));
#9122=DIRECTION('ref_axis',(-0.373797330327323,-2.05948681975569E-16,0.927510407402616));
#9123=DIRECTION('center_axis',(-1.,0.,0.));
#9124=DIRECTION('ref_axis',(0.,-1.,-2.22044604925031E-16));
#9125=DIRECTION('center_axis',(1.,0.,0.));
#9126=DIRECTION('ref_axis',(0.,1.,2.22044604925031E-16));
#9127=DIRECTION('',(1.,0.,0.));
#9128=DIRECTION('center_axis',(-0.927510407402616,8.29996805345619E-17,
-0.373797330327323));
#9129=DIRECTION('ref_axis',(-0.373797330327323,-2.05948681975569E-16,0.927510407402616));
#9130=DIRECTION('center_axis',(-1.,0.,0.));
#9131=DIRECTION('ref_axis',(0.,-1.,-2.22044604925031E-16));
#9132=DIRECTION('center_axis',(1.,0.,0.));
#9133=DIRECTION('ref_axis',(0.,1.,2.22044604925031E-16));
#9134=DIRECTION('center_axis',(-0.927510407402616,8.29996805345619E-17,
-0.373797330327323));
#9135=DIRECTION('ref_axis',(-0.373797330327323,-2.05948681975569E-16,0.927510407402615));
#9136=DIRECTION('center_axis',(0.,2.22044604925031E-16,-1.));
#9137=DIRECTION('ref_axis',(0.,1.,2.22044604925031E-16));
#9138=DIRECTION('',(1.,0.,0.));
#9139=DIRECTION('center_axis',(0.927510407402616,-8.29996805345619E-17,
0.373797330327323));
#9140=DIRECTION('ref_axis',(0.,1.,2.22044604925031E-16));
#9141=DIRECTION('',(0.,1.,2.22044604925031E-16));
#9142=DIRECTION('',(-0.373797330327328,-2.05948681975568E-16,0.927510407402614));
#9143=DIRECTION('center_axis',(1.,0.,0.));
#9144=DIRECTION('ref_axis',(0.,1.,2.22044604925031E-16));
#9145=DIRECTION('',(0.,-2.22044604925031E-16,1.));
#9146=DIRECTION('',(0.,1.,2.22044604925031E-16));
#9147=DIRECTION('center_axis',(0.,-2.22044604925031E-16,1.));
#9148=DIRECTION('ref_axis',(0.,-1.,-2.22044604925031E-16));
#9149=DIRECTION('',(0.,1.,2.22044604925031E-16));
#9150=DIRECTION('',(-1.,0.,0.));
#9151=DIRECTION('center_axis',(-1.,0.,0.));
#9152=DIRECTION('ref_axis',(0.,-1.,-2.22044604925031E-16));
#9153=DIRECTION('',(0.,2.22044604925031E-16,-1.));
#9154=DIRECTION('',(0.,-1.,-2.22044604925031E-16));
#9155=DIRECTION('',(0.,2.22044604925031E-16,-1.));
#9156=DIRECTION('',(0.,-1.,-2.22044604925031E-16));
#9157=DIRECTION('',(0.,-1.,-2.22044604925031E-16));
#9158=DIRECTION('center_axis',(0.,-2.22044604925031E-16,1.));
#9159=DIRECTION('ref_axis',(0.,-1.,-2.22044604925031E-16));
#9160=DIRECTION('',(0.,1.,2.22044604925031E-16));
#9161=DIRECTION('',(-1.,0.,0.));
#9162=DIRECTION('center_axis',(0.,1.,2.22044604925031E-16));
#9163=DIRECTION('ref_axis',(-1.,0.,0.));
#9164=DIRECTION('center_axis',(0.,1.,2.22044604925031E-16));
#9165=DIRECTION('ref_axis',(1.,0.,0.));
#9166=DIRECTION('',(-0.642787609686539,1.70096035727369E-16,-0.766044443118979));
#9167=DIRECTION('center_axis',(-1.,0.,0.));
#9168=DIRECTION('ref_axis',(0.,-1.,-2.22044604925031E-16));
#9169=DIRECTION('',(0.,1.,2.22044604925031E-16));
#9170=DIRECTION('',(0.,-1.,-2.22044604925031E-16));
#9171=DIRECTION('center_axis',(0.,1.,2.22044604925031E-16));
#9172=DIRECTION('ref_axis',(0.987619989164381,3.48311180949402E-17,-0.156865410473271));
#9173=DIRECTION('',(0.,1.,2.22044604925031E-16));
#9174=DIRECTION('center_axis',(0.,1.,2.22044604925031E-16));
#9175=DIRECTION('ref_axis',(-1.,0.,0.));
#9176=DIRECTION('',(0.,2.22044604925031E-16,-1.));
#9177=DIRECTION('center_axis',(0.,2.22044604925031E-16,-1.));
#9178=DIRECTION('ref_axis',(0.,1.,2.22044604925031E-16));
#9179=DIRECTION('',(0.,-1.,-2.22044604925031E-16));
#9180=DIRECTION('center_axis',(1.,0.,0.));
#9181=DIRECTION('ref_axis',(0.,1.,2.22044604925031E-16));
#9182=DIRECTION('',(0.,-1.,-2.22044604925031E-16));
#9183=DIRECTION('center_axis',(0.,1.,2.22044604925031E-16));
#9184=DIRECTION('ref_axis',(-1.,0.,0.));
#9185=DIRECTION('',(0.,1.,2.22044604925031E-16));
#9186=DIRECTION('center_axis',(0.,2.22044604925031E-16,-1.));
#9187=DIRECTION('ref_axis',(0.,1.,2.22044604925031E-16));
#9188=DIRECTION('',(1.,0.,0.));
#9189=DIRECTION('',(0.,-1.,-2.22044604925031E-16));
#9190=DIRECTION('',(-1.,0.,0.));
#9191=DIRECTION('',(0.,1.,2.22044604925031E-16));
#9192=DIRECTION('center_axis',(0.,1.,2.22044604925031E-16));
#9193=DIRECTION('ref_axis',(-1.,0.,0.));
#9194=DIRECTION('center_axis',(0.,1.,2.22044604925031E-16));
#9195=DIRECTION('ref_axis',(1.,0.,0.));
#9196=DIRECTION('',(0.,-1.,-2.22044604925031E-16));
#9197=DIRECTION('center_axis',(0.,-1.,-2.22044604925031E-16));
#9198=DIRECTION('ref_axis',(1.,0.,0.));
#9199=DIRECTION('center_axis',(0.,1.,2.22044604925031E-16));
#9200=DIRECTION('ref_axis',(-1.,0.,0.));
#9201=DIRECTION('',(1.,0.,0.));
#9202=DIRECTION('center_axis',(0.,1.,2.22044604925031E-16));
#9203=DIRECTION('ref_axis',(-1.,0.,0.));
#9204=DIRECTION('',(0.,-1.,-2.22044604925031E-16));
#9205=DIRECTION('center_axis',(-1.,0.,0.));
#9206=DIRECTION('ref_axis',(0.,-1.,-2.22044604925031E-16));
#9207=DIRECTION('',(-1.,0.,0.));
#9208=DIRECTION('center_axis',(1.,0.,0.));
#9209=DIRECTION('ref_axis',(0.,1.,2.22044604925031E-16));
#9210=DIRECTION('center_axis',(-0.927510407402616,8.29996805345619E-17,
-0.373797330327323));
#9211=DIRECTION('ref_axis',(-0.373797330327323,-2.05948681975569E-16,0.927510407402616));
#9212=DIRECTION('center_axis',(-1.,0.,0.));
#9213=DIRECTION('ref_axis',(0.,-1.,-2.22044604925031E-16));
#9214=DIRECTION('center_axis',(1.,0.,0.));
#9215=DIRECTION('ref_axis',(0.,1.,2.22044604925031E-16));
#9216=DIRECTION('',(1.,0.,0.));
#9217=DIRECTION('center_axis',(-0.927510407402616,8.29996805345619E-17,
-0.373797330327323));
#9218=DIRECTION('ref_axis',(-0.373797330327323,-2.05948681975569E-16,0.927510407402616));
#9219=DIRECTION('center_axis',(0.,-1.,-2.22044604925031E-16));
#9220=DIRECTION('ref_axis',(1.,0.,0.));
#9221=DIRECTION('',(0.,2.22044604925031E-16,-1.));
#9222=DIRECTION('',(1.,0.,0.));
#9223=DIRECTION('',(0.,-2.22044604925031E-16,1.));
#9224=DIRECTION('',(-1.,0.,0.));
#9225=DIRECTION('center_axis',(-1.,0.,0.));
#9226=DIRECTION('ref_axis',(0.,-1.,-2.22044604925031E-16));
#9227=DIRECTION('center_axis',(1.,0.,0.));
#9228=DIRECTION('ref_axis',(0.,1.,2.22044604925031E-16));
#9229=DIRECTION('',(1.,0.,0.));
#9230=DIRECTION('center_axis',(-0.927510407402616,8.29996805345619E-17,
-0.373797330327323));
#9231=DIRECTION('ref_axis',(-0.373797330327323,-2.05948681975569E-16,0.927510407402616));
#9232=DIRECTION('center_axis',(0.,2.22044604925031E-16,-1.));
#9233=DIRECTION('ref_axis',(0.,1.,2.22044604925031E-16));
#9234=DIRECTION('',(0.,1.,2.22044604925031E-16));
#9235=DIRECTION('',(1.,0.,0.));
#9236=DIRECTION('',(0.,-1.,-2.22044604925031E-16));
#9237=DIRECTION('',(-1.,0.,0.));
#9238=DIRECTION('center_axis',(1.,0.,0.));
#9239=DIRECTION('ref_axis',(0.,1.,2.22044604925031E-16));
#9240=DIRECTION('',(0.,1.,2.22044604925031E-16));
#9241=DIRECTION('',(0.,-2.22044604925031E-16,1.));
#9242=DIRECTION('',(0.,-1.,-2.22044604925031E-16));
#9243=DIRECTION('center_axis',(0.,1.,2.22044604925031E-16));
#9244=DIRECTION('ref_axis',(-1.,0.,0.));
#9245=DIRECTION('',(0.,-2.22044604925031E-16,1.));
#9246=DIRECTION('',(1.,0.,0.));
#9247=DIRECTION('',(0.373797330327328,2.05948681975568E-16,-0.927510407402614));
#9248=DIRECTION('center_axis',(0.,1.,2.22044604925031E-16));
#9249=DIRECTION('ref_axis',(1.,0.,0.));
#9250=DIRECTION('',(-0.642787609686539,1.70096035727369E-16,-0.766044443118979));
#9251=DIRECTION('center_axis',(-1.,0.,0.));
#9252=DIRECTION('ref_axis',(0.,-1.,-2.22044604925031E-16));
#9253=DIRECTION('center_axis',(1.,0.,0.));
#9254=DIRECTION('ref_axis',(0.,1.,2.22044604925031E-16));
#9255=DIRECTION('center_axis',(-0.927510407402616,8.29996805345619E-17,
-0.373797330327323));
#9256=DIRECTION('ref_axis',(-0.373797330327323,-2.05948681975569E-16,0.927510407402615));
#9257=DIRECTION('center_axis',(0.,1.,2.22044604925031E-16));
#9258=DIRECTION('ref_axis',(-1.,0.,0.));
#9259=DIRECTION('center_axis',(0.,1.,2.22044604925031E-16));
#9260=DIRECTION('ref_axis',(1.,0.,0.));
#9261=DIRECTION('',(0.,-1.,-2.22044604925031E-16));
#9262=DIRECTION('center_axis',(0.,-1.,-2.22044604925031E-16));
#9263=DIRECTION('ref_axis',(1.,0.,0.));
#9264=DIRECTION('',(0.,1.,2.22044604925031E-16));
#9265=DIRECTION('center_axis',(0.,2.22044604925031E-16,-1.));
#9266=DIRECTION('ref_axis',(0.,1.,2.22044604925031E-16));
#9267=DIRECTION('',(0.,1.,2.22044604925031E-16));
#9268=DIRECTION('',(1.,0.,0.));
#9269=DIRECTION('center_axis',(0.,2.22044604925031E-16,-1.));
#9270=DIRECTION('ref_axis',(0.,1.,2.22044604925031E-16));
#9271=DIRECTION('',(0.,1.,2.22044604925031E-16));
#9272=DIRECTION('',(1.,0.,0.));
#9273=DIRECTION('',(0.,-1.,-2.22044604925031E-16));
#9274=DIRECTION('',(-1.,0.,0.));
#9275=DIRECTION('center_axis',(0.,-1.,-2.22044604925031E-16));
#9276=DIRECTION('ref_axis',(1.,0.,0.));
#9277=DIRECTION('',(0.,2.22044604925031E-16,-1.));
#9278=DIRECTION('',(0.,-2.22044604925031E-16,1.));
#9279=DIRECTION('',(-1.,0.,0.));
#9280=DIRECTION('center_axis',(0.,1.,2.22044604925031E-16));
#9281=DIRECTION('ref_axis',(-1.,0.,0.));
#9282=DIRECTION('center_axis',(0.,-1.,-2.22044604925031E-16));
#9283=DIRECTION('ref_axis',(1.,0.,0.));
#9284=DIRECTION('',(0.,-1.,-2.22044604925031E-16));
#9285=DIRECTION('center_axis',(0.,1.,2.22044604925031E-16));
#9286=DIRECTION('ref_axis',(1.,0.,0.));
#9287=DIRECTION('',(0.,1.,2.22044604925031E-16));
#9288=DIRECTION('center_axis',(0.,1.,2.22044604925031E-16));
#9289=DIRECTION('ref_axis',(-1.,0.,0.));
#9290=DIRECTION('',(0.,-2.22044604925031E-16,1.));
#9291=DIRECTION('',(1.,0.,0.));
#9292=DIRECTION('center_axis',(-1.,0.,0.));
#9293=DIRECTION('ref_axis',(0.,-1.,-2.22044604925031E-16));
#9294=DIRECTION('',(0.,1.,2.22044604925031E-16));
#9295=DIRECTION('center_axis',(0.,1.,2.22044604925031E-16));
#9296=DIRECTION('ref_axis',(-1.,0.,0.));
#9297=DIRECTION('center_axis',(0.,-1.,-2.22044604925031E-16));
#9298=DIRECTION('ref_axis',(1.,0.,0.));
#9299=DIRECTION('',(0.,-1.,-2.22044604925031E-16));
#9300=DIRECTION('',(0.,1.,2.22044604925031E-16));
#9301=DIRECTION('center_axis',(0.,1.,2.22044604925031E-16));
#9302=DIRECTION('ref_axis',(-1.,0.,0.));
#9303=DIRECTION('',(0.,2.22044604925031E-16,-1.));
#9304=DIRECTION('',(-1.,0.,0.));
#9305=DIRECTION('',(0.,-2.22044604925031E-16,1.));
#9306=DIRECTION('',(0.642787609686549,-1.70096035727367E-16,0.76604444311897));
#9307=DIRECTION('center_axis',(0.,1.,2.22044604925031E-16));
#9308=DIRECTION('ref_axis',(-1.,0.,0.));
#9309=DIRECTION('center_axis',(0.,-1.,-2.22044604925031E-16));
#9310=DIRECTION('ref_axis',(1.,0.,0.));
#9311=DIRECTION('',(0.,-1.,-2.22044604925031E-16));
#9312=DIRECTION('center_axis',(0.,-2.22044604925031E-16,1.));
#9313=DIRECTION('ref_axis',(0.,-1.,-2.22044604925031E-16));
#9314=DIRECTION('',(0.,-1.,-2.22044604925031E-16));
#9315=DIRECTION('',(1.,0.,0.));
#9316=DIRECTION('',(0.,1.,2.22044604925031E-16));
#9317=DIRECTION('',(-1.,0.,0.));
#9318=DIRECTION('center_axis',(-0.882947592858926,1.0424362768233E-16,-0.469471562785892));
#9319=DIRECTION('ref_axis',(0.,-1.,-2.22044604925031E-16));
#9320=DIRECTION('',(0.469471562785892,1.96053749425868E-16,-0.882947592858926));
#9321=DIRECTION('center_axis',(-1.,0.,0.));
#9322=DIRECTION('ref_axis',(0.,-1.,-2.22044604925031E-16));
#9323=DIRECTION('',(0.,2.22044604925031E-16,-1.));
#9324=DIRECTION('center_axis',(-1.,0.,0.));
#9325=DIRECTION('ref_axis',(0.,1.,2.22044604925031E-16));
#9326=DIRECTION('',(0.,-2.22044604925031E-16,1.));
#9327=DIRECTION('',(0.,-1.,-2.22044604925031E-16));
#9328=DIRECTION('',(0.,-2.22044604925031E-16,1.));
#9329=DIRECTION('',(0.,1.,2.22044604925031E-16));
#9330=DIRECTION('center_axis',(0.,1.,2.22044604925031E-16));
#9331=DIRECTION('ref_axis',(-1.,0.,0.));
#9332=DIRECTION('center_axis',(0.,-1.,-2.22044604925031E-16));
#9333=DIRECTION('ref_axis',(1.,0.,0.));
#9334=DIRECTION('',(0.,-1.,-2.22044604925031E-16));
#9335=DIRECTION('center_axis',(0.,1.,2.22044604925031E-16));
#9336=DIRECTION('ref_axis',(1.,0.,0.));
#9337=DIRECTION('',(0.,1.,2.22044604925031E-16));
#9338=DIRECTION('center_axis',(0.,2.22044604925031E-16,-1.));
#9339=DIRECTION('ref_axis',(0.,1.,2.22044604925031E-16));
#9340=DIRECTION('',(1.,0.,0.));
#9341=DIRECTION('',(0.,-1.,-2.22044604925031E-16));
#9342=DIRECTION('',(-1.,0.,0.));
#9343=DIRECTION('',(0.,1.,2.22044604925031E-16));
#9344=DIRECTION('center_axis',(0.,-2.22044604925031E-16,1.));
#9345=DIRECTION('ref_axis',(0.,-1.,-2.22044604925031E-16));
#9346=DIRECTION('',(-0.825664548620667,0.564161371551642,1.25268988860148E-16));
#9347=DIRECTION('center_axis',(0.,2.22044604925031E-16,-1.));
#9348=DIRECTION('ref_axis',(1.,0.,0.));
#9349=DIRECTION('',(0.,-1.,-2.22044604925031E-16));
#9350=DIRECTION('',(1.,0.,0.));
#9351=DIRECTION('center_axis',(0.,-2.22044604925031E-16,1.));
#9352=DIRECTION('ref_axis',(0.,-1.,-2.22044604925031E-16));
#9353=DIRECTION('',(0.,2.22044604925031E-16,-1.));
#9354=DIRECTION('center_axis',(0.,2.22044604925031E-16,-1.));
#9355=DIRECTION('ref_axis',(1.,0.,0.));
#9356=DIRECTION('',(0.,-2.22044604925031E-16,1.));
#9357=DIRECTION('center_axis',(-0.766044443118978,-1.42727520843553E-16,
0.64278760968654));
#9358=DIRECTION('ref_axis',(0.64278760968654,-1.70096035727369E-16,0.766044443118978));
#9359=DIRECTION('center_axis',(1.,0.,0.));
#9360=DIRECTION('ref_axis',(0.,1.,2.22044604925031E-16));
#9361=DIRECTION('',(0.,-2.22044604925031E-16,1.));
#9362=DIRECTION('',(0.,2.22044604925031E-16,-1.));
#9363=DIRECTION('',(0.,1.,2.22044604925031E-16));
#9364=DIRECTION('center_axis',(0.,-2.22044604925031E-16,1.));
#9365=DIRECTION('ref_axis',(0.,-1.,-2.22044604925031E-16));
#9366=DIRECTION('',(0.,2.22044604925031E-16,-1.));
#9367=DIRECTION('center_axis',(0.,2.22044604925031E-16,-1.));
#9368=DIRECTION('ref_axis',(1.,0.,0.));
#9369=DIRECTION('',(0.,-2.22044604925031E-16,1.));
#9370=DIRECTION('center_axis',(-0.766044443118978,-1.42727520843553E-16,
0.64278760968654));
#9371=DIRECTION('ref_axis',(0.64278760968654,-1.70096035727369E-16,0.766044443118978));
#9372=DIRECTION('center_axis',(0.,2.22044604925031E-16,-1.));
#9373=DIRECTION('ref_axis',(0.,1.,2.22044604925031E-16));
#9374=DIRECTION('',(1.,0.,0.));
#9375=DIRECTION('',(0.,-1.,-2.22044604925031E-16));
#9376=DIRECTION('',(-1.,0.,0.));
#9377=DIRECTION('',(0.,1.,2.22044604925031E-16));
#9378=DIRECTION('center_axis',(-1.,0.,0.));
#9379=DIRECTION('ref_axis',(0.,-1.,-2.22044604925031E-16));
#9380=DIRECTION('center_axis',(-1.,0.,0.));
#9381=DIRECTION('ref_axis',(0.,1.,2.22044604925031E-16));
#9382=DIRECTION('',(1.,0.,0.));
#9383=DIRECTION('center_axis',(1.,0.,0.));
#9384=DIRECTION('ref_axis',(0.,1.,2.22044604925031E-16));
#9385=DIRECTION('',(0.,-2.22044604925031E-16,1.));
#9386=DIRECTION('',(0.,-1.,-2.22044604925031E-16));
#9387=DIRECTION('',(0.,2.22044604925031E-16,-1.));
#9388=DIRECTION('',(0.,1.,2.22044604925031E-16));
#9389=DIRECTION('center_axis',(0.,-2.22044604925031E-16,1.));
#9390=DIRECTION('ref_axis',(0.,-1.,-2.22044604925031E-16));
#9391=DIRECTION('center_axis',(0.766044443118978,1.42727520843553E-16,-0.64278760968654));
#9392=DIRECTION('ref_axis',(0.64278760968654,-1.70096035727369E-16,0.766044443118978));
#9393=DIRECTION('',(0.,2.22044604925031E-16,-1.));
#9394=DIRECTION('center_axis',(0.,-2.22044604925031E-16,1.));
#9395=DIRECTION('ref_axis',(1.,0.,0.));
#9396=DIRECTION('',(0.,-2.22044604925031E-16,1.));
#9397=DIRECTION('center_axis',(0.,-2.22044604925031E-16,1.));
#9398=DIRECTION('ref_axis',(0.,-1.,-2.22044604925031E-16));
#9399=DIRECTION('center_axis',(0.766044443118978,1.42727520843553E-16,-0.64278760968654));
#9400=DIRECTION('ref_axis',(0.64278760968654,-1.70096035727369E-16,0.766044443118978));
#9401=DIRECTION('',(0.,2.22044604925031E-16,-1.));
#9402=DIRECTION('center_axis',(0.,-2.22044604925031E-16,1.));
#9403=DIRECTION('ref_axis',(1.,0.,0.));
#9404=DIRECTION('',(0.,-2.22044604925031E-16,1.));
#9405=DIRECTION('center_axis',(0.766044443118979,1.42727520843553E-16,-0.642787609686539));
#9406=DIRECTION('ref_axis',(0.,1.,2.22044604925031E-16));
#9407=DIRECTION('',(-0.642787609686539,1.70096035727369E-16,-0.766044443118978));
#9408=DIRECTION('center_axis',(0.,1.,2.22044604925031E-16));
#9409=DIRECTION('ref_axis',(-1.,0.,0.));
#9410=DIRECTION('',(0.,2.22044604925031E-16,-1.));
#9411=DIRECTION('center_axis',(0.,-1.,-2.22044604925031E-16));
#9412=DIRECTION('ref_axis',(1.,0.,0.));
#9413=DIRECTION('',(0.,2.22044604925031E-16,-1.));
#9414=DIRECTION('',(-1.,0.,0.));
#9415=DIRECTION('',(0.,2.22044604925031E-16,-1.));
#9416=DIRECTION('',(1.,0.,0.));
#9417=DIRECTION('',(0.,-2.22044604925031E-16,1.));
#9418=DIRECTION('',(-0.642787609686534,1.7009603572737E-16,-0.766044443118982));
#9419=DIRECTION('',(0.,2.22044604925031E-16,-1.));
#9420=DIRECTION('',(-1.,0.,0.));
#9421=DIRECTION('',(-0.642787609686988,1.70096035727285E-16,-0.766044443118602));
#9422=DIRECTION('center_axis',(-1.,0.,0.));
#9423=DIRECTION('ref_axis',(0.,-1.,-2.22044604925031E-16));
#9424=DIRECTION('',(0.,-1.,-2.22044604925031E-16));
#9425=DIRECTION('center_axis',(-1.,0.,0.));
#9426=DIRECTION('ref_axis',(0.,1.,2.22044604925031E-16));
#9427=DIRECTION('',(0.,-2.22044604925031E-16,1.));
#9428=DIRECTION('',(0.,-1.,-2.22044604925031E-16));
#9429=DIRECTION('',(0.,-2.22044604925031E-16,1.));
#9430=DIRECTION('',(0.,1.,2.22044604925031E-16));
#9431=DIRECTION('center_axis',(0.,1.,2.22044604925031E-16));
#9432=DIRECTION('ref_axis',(-1.,0.,0.));
#9433=DIRECTION('center_axis',(0.,-1.,-2.22044604925031E-16));
#9434=DIRECTION('ref_axis',(1.,0.,0.));
#9435=DIRECTION('center_axis',(0.,1.,2.22044604925031E-16));
#9436=DIRECTION('ref_axis',(1.,0.,0.));
#9437=DIRECTION('',(0.,-2.22044604925031E-16,1.));
#9438=DIRECTION('center_axis',(0.,1.,2.22044604925031E-16));
#9439=DIRECTION('ref_axis',(1.,0.,0.));
#9440=DIRECTION('center_axis',(0.,-1.,-2.22044604925031E-16));
#9441=DIRECTION('ref_axis',(1.,0.,0.));
#9442=DIRECTION('',(0.,-2.22044604925031E-16,1.));
#9443=DIRECTION('center_axis',(0.,-1.,-2.22044604925031E-16));
#9444=DIRECTION('ref_axis',(1.,0.,0.));
#9445=DIRECTION('center_axis',(0.,1.,2.22044604925031E-16));
#9446=DIRECTION('ref_axis',(1.,0.,0.));
#9447=DIRECTION('center_axis',(0.,1.,2.22044604925031E-16));
#9448=DIRECTION('ref_axis',(1.,0.,0.));
#9449=DIRECTION('center_axis',(0.,-1.,-2.22044604925031E-16));
#9450=DIRECTION('ref_axis',(1.,0.,0.));
#9451=DIRECTION('',(0.,2.22044604925031E-16,-1.));
#9452=DIRECTION('center_axis',(0.894427190999911,-0.447213595499967,-9.9301366129893E-17));
#9453=DIRECTION('ref_axis',(0.447213595499967,0.894427190999911,1.98602732259781E-16));
#9454=DIRECTION('',(0.,2.22044604925031E-16,-1.));
#9455=DIRECTION('',(0.447213595499967,0.894427190999911,1.98602732259781E-16));
#9456=DIRECTION('',(0.,-2.22044604925031E-16,1.));
#9457=DIRECTION('',(-0.394660016502743,-0.789320033005466,-0.470337492520322));
#9458=DIRECTION('center_axis',(0.,-2.22044604925031E-16,1.));
#9459=DIRECTION('ref_axis',(0.,-1.,-2.22044604925031E-16));
#9460=DIRECTION('center_axis',(0.766044443118978,1.42727520843553E-16,-0.64278760968654));
#9461=DIRECTION('ref_axis',(0.64278760968654,-1.70096035727369E-16,0.766044443118978));
#9462=DIRECTION('',(0.,2.22044604925031E-16,-1.));
#9463=DIRECTION('center_axis',(0.,-2.22044604925031E-16,1.));
#9464=DIRECTION('ref_axis',(1.,0.,0.));
#9465=DIRECTION('',(0.,-2.22044604925031E-16,1.));
#9466=DIRECTION('center_axis',(0.,1.,2.22044604925031E-16));
#9467=DIRECTION('ref_axis',(-1.,0.,0.));
#9468=DIRECTION('center_axis',(0.,-1.,-2.22044604925031E-16));
#9469=DIRECTION('ref_axis',(1.,0.,0.));
#9470=DIRECTION('',(0.,-1.,-2.22044604925031E-16));
#9471=DIRECTION('center_axis',(0.,1.,2.22044604925031E-16));
#9472=DIRECTION('ref_axis',(1.,0.,0.));
#9473=DIRECTION('',(0.,1.,2.22044604925031E-16));
#9474=DIRECTION('center_axis',(0.,1.,2.22044604925031E-16));
#9475=DIRECTION('ref_axis',(-1.,0.,0.));
#9476=DIRECTION('',(0.,-2.22044604925031E-16,1.));
#9477=DIRECTION('',(1.,0.,0.));
#9478=DIRECTION('',(0.,2.22044604925031E-16,-1.));
#9479=DIRECTION('center_axis',(0.,-2.22044604925031E-16,1.));
#9480=DIRECTION('ref_axis',(0.,-1.,-2.22044604925031E-16));
#9481=DIRECTION('center_axis',(0.766044443118978,1.42727520843553E-16,-0.64278760968654));
#9482=DIRECTION('ref_axis',(0.64278760968654,-1.70096035727369E-16,0.766044443118978));
#9483=DIRECTION('',(0.,2.22044604925031E-16,-1.));
#9484=DIRECTION('center_axis',(0.,-2.22044604925031E-16,1.));
#9485=DIRECTION('ref_axis',(1.,0.,0.));
#9486=DIRECTION('',(0.,-2.22044604925031E-16,1.));
#9487=DIRECTION('center_axis',(1.,0.,0.));
#9488=DIRECTION('ref_axis',(0.,1.,2.22044604925031E-16));
#9489=DIRECTION('',(0.,-2.22044604925031E-16,1.));
#9490=DIRECTION('',(0.,-1.,-2.22044604925031E-16));
#9491=DIRECTION('',(0.,2.22044604925031E-16,-1.));
#9492=DIRECTION('',(0.,1.,2.22044604925031E-16));
#9493=DIRECTION('center_axis',(1.,0.,0.));
#9494=DIRECTION('ref_axis',(0.,1.,2.22044604925031E-16));
#9495=DIRECTION('',(0.,-2.22044604925031E-16,1.));
#9496=DIRECTION('',(0.,-1.,-2.22044604925031E-16));
#9497=DIRECTION('',(0.,2.22044604925031E-16,-1.));
#9498=DIRECTION('',(0.,1.,2.22044604925031E-16));
#9499=DIRECTION('center_axis',(0.,1.,2.22044604925031E-16));
#9500=DIRECTION('ref_axis',(-1.,0.,0.));
#9501=DIRECTION('center_axis',(0.,1.,2.22044604925031E-16));
#9502=DIRECTION('ref_axis',(1.,0.,0.));
#9503=DIRECTION('',(0.,-1.,-2.22044604925031E-16));
#9504=DIRECTION('center_axis',(0.,-1.,-2.22044604925031E-16));
#9505=DIRECTION('ref_axis',(1.,0.,0.));
#9506=DIRECTION('',(0.,1.,2.22044604925031E-16));
#9507=DIRECTION('center_axis',(0.,-1.,-2.22044604925031E-16));
#9508=DIRECTION('ref_axis',(1.,0.,0.));
#9509=DIRECTION('',(0.,2.22044604925031E-16,-1.));
#9510=DIRECTION('',(1.,0.,0.));
#9511=DIRECTION('',(0.,-2.22044604925031E-16,1.));
#9512=DIRECTION('',(-0.642787609686571,1.70096035727363E-16,-0.766044443118952));
#9513=DIRECTION('center_axis',(0.,1.,2.22044604925031E-16));
#9514=DIRECTION('ref_axis',(-1.,0.,0.));
#9515=DIRECTION('center_axis',(0.,1.,2.22044604925031E-16));
#9516=DIRECTION('ref_axis',(1.,0.,0.));
#9517=DIRECTION('',(0.,-1.,-2.22044604925031E-16));
#9518=DIRECTION('center_axis',(0.,-1.,-2.22044604925031E-16));
#9519=DIRECTION('ref_axis',(1.,0.,0.));
#9520=DIRECTION('',(0.,1.,2.22044604925031E-16));
#9521=DIRECTION('center_axis',(0.,1.,2.22044604925031E-16));
#9522=DIRECTION('ref_axis',(-1.,0.,0.));
#9523=DIRECTION('center_axis',(0.,1.,2.22044604925031E-16));
#9524=DIRECTION('ref_axis',(1.,0.,0.));
#9525=DIRECTION('',(0.,-1.,-2.22044604925031E-16));
#9526=DIRECTION('',(0.,1.,2.22044604925031E-16));
#9527=DIRECTION('center_axis',(0.,-1.,-2.22044604925031E-16));
#9528=DIRECTION('ref_axis',(1.,0.,0.));
#9529=DIRECTION('',(0.,2.22044604925031E-16,-1.));
#9530=DIRECTION('',(1.,0.,0.));
#9531=DIRECTION('',(-0.642787609686571,1.70096035727363E-16,-0.766044443118952));
#9532=DIRECTION('center_axis',(0.,-2.22044604925031E-16,1.));
#9533=DIRECTION('ref_axis',(0.,-1.,-2.22044604925031E-16));
#9534=DIRECTION('',(0.,2.22044604925031E-16,-1.));
#9535=DIRECTION('center_axis',(0.,2.22044604925031E-16,-1.));
#9536=DIRECTION('ref_axis',(1.,0.,0.));
#9537=DIRECTION('center_axis',(-0.766044443118978,-1.42727520843553E-16,
0.64278760968654));
#9538=DIRECTION('ref_axis',(0.64278760968654,-1.70096035727369E-16,0.766044443118978));
#9539=DIRECTION('center_axis',(0.,1.,2.22044604925031E-16));
#9540=DIRECTION('ref_axis',(-1.,0.,0.));
#9541=DIRECTION('',(0.,-2.22044604925031E-16,1.));
#9542=DIRECTION('',(1.,0.,0.));
#9543=DIRECTION('',(0.,2.22044604925031E-16,-1.));
#9544=DIRECTION('center_axis',(0.,1.,2.22044604925031E-16));
#9545=DIRECTION('ref_axis',(-1.,0.,0.));
#9546=DIRECTION('center_axis',(0.,1.,2.22044604925031E-16));
#9547=DIRECTION('ref_axis',(1.,0.,0.));
#9548=DIRECTION('',(0.,-1.,-2.22044604925031E-16));
#9549=DIRECTION('center_axis',(0.,-1.,-2.22044604925031E-16));
#9550=DIRECTION('ref_axis',(1.,0.,0.));
#9551=DIRECTION('',(0.,1.,2.22044604925031E-16));
#9552=DIRECTION('center_axis',(0.,1.,2.22044604925031E-16));
#9553=DIRECTION('ref_axis',(-1.,0.,0.));
#9554=DIRECTION('center_axis',(0.,1.,2.22044604925031E-16));
#9555=DIRECTION('ref_axis',(1.,0.,0.));
#9556=DIRECTION('',(0.,-1.,-2.22044604925031E-16));
#9557=DIRECTION('center_axis',(0.,-1.,-2.22044604925031E-16));
#9558=DIRECTION('ref_axis',(1.,0.,0.));
#9559=DIRECTION('',(0.,1.,2.22044604925031E-16));
#9560=DIRECTION('center_axis',(-1.,0.,0.));
#9561=DIRECTION('ref_axis',(0.,-1.,-2.22044604925031E-16));
#9562=DIRECTION('',(0.,-1.,-2.22044604925031E-16));
#9563=DIRECTION('',(0.,1.,2.22044604925031E-16));
#9564=DIRECTION('center_axis',(0.,1.,2.22044604925031E-16));
#9565=DIRECTION('ref_axis',(-1.,0.,0.));
#9566=DIRECTION('center_axis',(0.,1.,2.22044604925031E-16));
#9567=DIRECTION('ref_axis',(1.,0.,0.));
#9568=DIRECTION('center_axis',(0.,-1.,-2.22044604925031E-16));
#9569=DIRECTION('ref_axis',(1.,0.,0.));
#9570=DIRECTION('',(0.,1.,2.22044604925031E-16));
#9571=DIRECTION('center_axis',(0.,1.,2.22044604925031E-16));
#9572=DIRECTION('ref_axis',(-1.,0.,0.));
#9573=DIRECTION('',(-1.,0.,0.));
#9574=DIRECTION('',(0.,-2.22044604925031E-16,1.));
#9575=DIRECTION('',(0.642787609686549,-1.70096035727367E-16,0.76604444311897));
#9576=DIRECTION('center_axis',(1.,0.,0.));
#9577=DIRECTION('ref_axis',(0.,1.,2.22044604925031E-16));
#9578=DIRECTION('',(0.,-2.22044604925031E-16,1.));
#9579=DIRECTION('',(0.,1.,2.22044604925031E-16));
#9580=DIRECTION('center_axis',(0.,-1.,-2.22044604925031E-16));
#9581=DIRECTION('ref_axis',(1.,0.,0.));
#9582=DIRECTION('',(0.,2.22044604925031E-16,-1.));
#9583=DIRECTION('',(-1.,0.,0.));
#9584=DIRECTION('',(0.,2.22044604925031E-16,-1.));
#9585=DIRECTION('',(-0.642787609686534,1.7009603572737E-16,-0.766044443118982));
#9586=DIRECTION('',(0.,2.22044604925031E-16,-1.));
#9587=DIRECTION('',(-1.,0.,0.));
#9588=DIRECTION('',(0.,-2.22044604925031E-16,1.));
#9589=DIRECTION('',(-0.642787609686988,1.70096035727285E-16,-0.766044443118602));
#9590=DIRECTION('center_axis',(0.,1.,2.22044604925031E-16));
#9591=DIRECTION('ref_axis',(-1.,0.,0.));
#9592=DIRECTION('',(0.,2.22044604925031E-16,-1.));
#9593=DIRECTION('',(1.,0.,0.));
#9594=DIRECTION('',(0.,-2.22044604925031E-16,1.));
#9595=DIRECTION('',(0.642787609686534,-1.7009603572737E-16,0.766044443118982));
#9596=DIRECTION('',(-1.,0.,0.));
#9597=DIRECTION('',(0.,-2.22044604925031E-16,1.));
#9598=DIRECTION('',(1.,0.,0.));
#9599=DIRECTION('',(0.,-2.22044604925031E-16,1.));
#9600=DIRECTION('',(0.64278760968473,-1.70096035727706E-16,0.766044443120497));
#9601=DIRECTION('center_axis',(0.,2.22044604925031E-16,-1.));
#9602=DIRECTION('ref_axis',(0.,1.,2.22044604925031E-16));
#9603=DIRECTION('',(1.,0.,0.));
#9604=DIRECTION('',(0.,-1.,-2.22044604925031E-16));
#9605=DIRECTION('',(-1.,0.,0.));
#9606=DIRECTION('',(0.,1.,2.22044604925031E-16));
#9607=DIRECTION('center_axis',(0.,1.,2.22044604925031E-16));
#9608=DIRECTION('ref_axis',(-1.,0.,0.));
#9609=DIRECTION('center_axis',(0.,1.,2.22044604925031E-16));
#9610=DIRECTION('ref_axis',(1.,0.,0.));
#9611=DIRECTION('',(0.,1.,2.22044604925031E-16));
#9612=DIRECTION('center_axis',(0.,1.,2.22044604925031E-16));
#9613=DIRECTION('ref_axis',(-1.,0.,0.));
#9614=DIRECTION('',(0.,-2.22044604925031E-16,1.));
#9615=DIRECTION('',(1.,0.,0.));
#9616=DIRECTION('center_axis',(1.,0.,0.));
#9617=DIRECTION('ref_axis',(0.,1.,2.22044604925031E-16));
#9618=DIRECTION('',(0.,-2.22044604925031E-16,1.));
#9619=DIRECTION('',(0.,-1.,-2.22044604925031E-16));
#9620=DIRECTION('',(0.,2.22044604925031E-16,-1.));
#9621=DIRECTION('center_axis',(0.,-2.22044604925031E-16,1.));
#9622=DIRECTION('ref_axis',(0.,-1.,-2.22044604925031E-16));
#9623=DIRECTION('',(0.,1.,2.22044604925031E-16));
#9624=DIRECTION('center_axis',(0.,-2.22044604925031E-16,1.));
#9625=DIRECTION('ref_axis',(1.,0.,0.));
#9626=DIRECTION('',(-0.447213595499967,-0.894427190999911,-1.98602732259781E-16));
#9627=DIRECTION('center_axis',(0.,1.,2.22044604925031E-16));
#9628=DIRECTION('ref_axis',(-1.,0.,0.));
#9629=DIRECTION('center_axis',(0.,-1.,-2.22044604925031E-16));
#9630=DIRECTION('ref_axis',(1.,0.,0.));
#9631=DIRECTION('center_axis',(0.,-1.,-2.22044604925031E-16));
#9632=DIRECTION('ref_axis',(1.,0.,0.));
#9633=DIRECTION('',(0.,1.,2.22044604925031E-16));
#9634=DIRECTION('center_axis',(-1.,0.,0.));
#9635=DIRECTION('ref_axis',(0.,-1.,-2.22044604925031E-16));
#9636=DIRECTION('',(0.,2.22044604925031E-16,-1.));
#9637=DIRECTION('',(0.,-1.,-2.22044604925031E-16));
#9638=DIRECTION('',(0.,-2.22044604925031E-16,1.));
#9639=DIRECTION('',(0.,1.,2.22044604925031E-16));
#9640=DIRECTION('center_axis',(0.,1.,2.22044604925031E-16));
#9641=DIRECTION('ref_axis',(-1.,0.,0.));
#9642=DIRECTION('center_axis',(0.,1.,2.22044604925031E-16));
#9643=DIRECTION('ref_axis',(1.,0.,0.));
#9644=DIRECTION('',(0.,-1.,-2.22044604925031E-16));
#9645=DIRECTION('center_axis',(0.,-1.,-2.22044604925031E-16));
#9646=DIRECTION('ref_axis',(1.,0.,0.));
#9647=DIRECTION('',(0.,1.,2.22044604925031E-16));
#9648=DIRECTION('center_axis',(0.,-2.22044604925031E-16,1.));
#9649=DIRECTION('ref_axis',(0.,-1.,-2.22044604925031E-16));
#9650=DIRECTION('center_axis',(0.,2.22044604925031E-16,-1.));
#9651=DIRECTION('ref_axis',(1.,0.,0.));
#9652=DIRECTION('',(0.,-2.22044604925031E-16,1.));
#9653=DIRECTION('center_axis',(-0.766044443118978,-1.42727520843553E-16,
0.64278760968654));
#9654=DIRECTION('ref_axis',(0.64278760968654,-1.70096035727369E-16,0.766044443118978));
#9655=DIRECTION('center_axis',(0.894427190999967,0.447213595499856,9.93013661298682E-17));
#9656=DIRECTION('ref_axis',(-0.447213595499856,0.894427190999967,1.98602732259793E-16));
#9657=DIRECTION('',(0.,2.22044604925031E-16,-1.));
#9658=DIRECTION('',(-0.447213595499856,0.894427190999967,1.98602732259793E-16));
#9659=DIRECTION('',(0.,-2.22044604925031E-16,1.));
#9660=DIRECTION('',(0.394660016502612,-0.78932003300545,0.470337492520459));
#9661=DIRECTION('center_axis',(0.,-1.,-2.22044604925031E-16));
#9662=DIRECTION('ref_axis',(1.,0.,0.));
#9663=DIRECTION('center_axis',(0.,1.,2.22044604925031E-16));
#9664=DIRECTION('ref_axis',(1.,0.,0.));
#9665=DIRECTION('',(0.,-2.22044604925031E-16,1.));
#9666=DIRECTION('center_axis',(0.,-2.22044604925031E-16,1.));
#9667=DIRECTION('ref_axis',(0.,-1.,-2.22044604925031E-16));
#9668=DIRECTION('',(0.,2.22044604925031E-16,-1.));
#9669=DIRECTION('center_axis',(0.,2.22044604925031E-16,-1.));
#9670=DIRECTION('ref_axis',(1.,0.,0.));
#9671=DIRECTION('',(0.,-2.22044604925031E-16,1.));
#9672=DIRECTION('center_axis',(-0.766044443118978,-1.42727520843553E-16,
0.64278760968654));
#9673=DIRECTION('ref_axis',(0.64278760968654,-1.70096035727369E-16,0.766044443118978));
#9674=DIRECTION('center_axis',(0.,-1.,-2.22044604925031E-16));
#9675=DIRECTION('ref_axis',(1.,0.,0.));
#9676=DIRECTION('',(0.,-2.22044604925031E-16,1.));
#9677=DIRECTION('',(-1.,0.,0.));
#9678=DIRECTION('center_axis',(0.,1.,2.22044604925031E-16));
#9679=DIRECTION('ref_axis',(1.,0.,0.));
#9680=DIRECTION('center_axis',(-0.640184399664487,0.76822127959737,1.705793905232E-16));
#9681=DIRECTION('ref_axis',(-0.76822127959737,-0.640184399664487,-1.42149492102669E-16));
#9682=DIRECTION('',(0.,2.22044604925031E-16,-1.));
#9683=DIRECTION('',(-0.76822127959737,-0.640184399664487,-1.42149492102669E-16));
#9684=DIRECTION('',(0.566618068910766,0.472181724092314,0.675269119253238));
#9685=DIRECTION('center_axis',(0.894427190999972,0.447213595499846,9.93013661298661E-17));
#9686=DIRECTION('ref_axis',(-0.447213595499846,0.894427190999972,1.98602732259794E-16));
#9687=DIRECTION('',(-0.447213595499939,0.894427190999925,1.98602732259784E-16));
#9688=DIRECTION('',(0.,-2.22044604925031E-16,1.));
#9689=DIRECTION('',(0.394660016502606,-0.789320033005458,0.470337492520451));
#9690=DIRECTION('center_axis',(0.,-2.22044604925031E-16,1.));
#9691=DIRECTION('ref_axis',(0.,-1.,-2.22044604925031E-16));
#9692=DIRECTION('center_axis',(0.,2.22044604925031E-16,-1.));
#9693=DIRECTION('ref_axis',(1.,0.,0.));
#9694=DIRECTION('',(-1.,0.,0.));
#9695=DIRECTION('',(0.,-1.,-2.22044604925031E-16));
#9696=DIRECTION('center_axis',(0.,2.22044604925031E-16,-1.));
#9697=DIRECTION('ref_axis',(1.,0.,0.));
#9698=DIRECTION('',(-0.768221279597353,0.640184399664507,1.42149492102674E-16));
#9699=DIRECTION('center_axis',(0.,2.22044604925031E-16,-1.));
#9700=DIRECTION('ref_axis',(1.,0.,0.));
#9701=DIRECTION('center_axis',(0.,2.22044604925031E-16,-1.));
#9702=DIRECTION('ref_axis',(1.,0.,0.));
#9703=DIRECTION('',(0.768221279597373,0.640184399664483,1.42149492102669E-16));
#9704=DIRECTION('center_axis',(0.,-2.22044604925031E-16,1.));
#9705=DIRECTION('ref_axis',(0.,-1.,-2.22044604925031E-16));
#9706=DIRECTION('center_axis',(0.,2.22044604925031E-16,-1.));
#9707=DIRECTION('ref_axis',(1.,0.,0.));
#9708=DIRECTION('',(0.,1.,2.22044604925031E-16));
#9709=DIRECTION('center_axis',(0.,-2.22044604925031E-16,1.));
#9710=DIRECTION('ref_axis',(1.,0.,0.));
#9711=DIRECTION('center_axis',(0.,-2.22044604925031E-16,1.));
#9712=DIRECTION('ref_axis',(1.,0.,0.));
#9713=DIRECTION('center_axis',(-1.,0.,0.));
#9714=DIRECTION('ref_axis',(0.,-1.,-2.22044604925031E-16));
#9715=DIRECTION('',(0.,-1.,-2.22044604925031E-16));
#9716=DIRECTION('',(0.,1.,2.22044604925031E-16));
#9717=DIRECTION('center_axis',(-1.,0.,0.));
#9718=DIRECTION('ref_axis',(0.,-1.,-2.22044604925031E-16));
#9719=DIRECTION('',(0.,2.22044604925031E-16,-1.));
#9720=DIRECTION('',(0.,-1.,-2.22044604925031E-16));
#9721=DIRECTION('',(0.,1.,2.22044604925031E-16));
#9722=DIRECTION('center_axis',(-1.,0.,0.));
#9723=DIRECTION('ref_axis',(0.,-1.,-2.22044604925031E-16));
#9724=DIRECTION('',(0.,-2.22044604925031E-16,1.));
#9725=DIRECTION('',(0.,-1.,-2.22044604925031E-16));
#9726=DIRECTION('',(0.,2.22044604925031E-16,-1.));
#9727=DIRECTION('',(0.,-2.22044604925031E-16,1.));
#9728=DIRECTION('',(0.,-1.,-2.22044604925031E-16));
#9729=DIRECTION('center_axis',(0.,-1.,-2.22044604925031E-16));
#9730=DIRECTION('ref_axis',(1.,0.,0.));
#9731=DIRECTION('',(0.,-2.22044604925031E-16,1.));
#9732=DIRECTION('center_axis',(0.,1.,2.22044604925031E-16));
#9733=DIRECTION('ref_axis',(1.,0.,0.));
#9734=DIRECTION('center_axis',(0.,-1.,-2.22044604925031E-16));
#9735=DIRECTION('ref_axis',(1.,0.,0.));
#9736=DIRECTION('',(0.,2.22044604925031E-16,-1.));
#9737=DIRECTION('center_axis',(0.,1.,2.22044604925031E-16));
#9738=DIRECTION('ref_axis',(1.,0.,0.));
#9739=DIRECTION('',(0.,2.22044604925031E-16,-1.));
#9740=DIRECTION('center_axis',(0.,1.,2.22044604925031E-16));
#9741=DIRECTION('ref_axis',(1.,0.,0.));
#9742=DIRECTION('center_axis',(0.,-1.,-2.22044604925031E-16));
#9743=DIRECTION('ref_axis',(1.,0.,0.));
#9744=DIRECTION('center_axis',(0.,1.,2.22044604925031E-16));
#9745=DIRECTION('ref_axis',(1.,0.,0.));
#9746=DIRECTION('center_axis',(0.,-1.,-2.22044604925031E-16));
#9747=DIRECTION('ref_axis',(1.,0.,0.));
#9748=DIRECTION('',(-0.887640310405506,-1.02259840828172E-16,0.460537381048723));
#9749=DIRECTION('',(0.,2.22044604925031E-16,-1.));
#9750=DIRECTION('',(1.,0.,0.));
#9751=DIRECTION('',(0.,-2.22044604925031E-16,1.));
#9752=DIRECTION('',(-1.,0.,0.));
#9753=DIRECTION('center_axis',(0.,-2.22044604925031E-16,1.));
#9754=DIRECTION('ref_axis',(0.,-1.,-2.22044604925031E-16));
#9755=DIRECTION('',(-1.,0.,0.));
#9756=DIRECTION('center_axis',(0.,2.22044604925031E-16,-1.));
#9757=DIRECTION('ref_axis',(1.,0.,0.));
#9758=DIRECTION('center_axis',(0.,-2.22044604925031E-16,1.));
#9759=DIRECTION('ref_axis',(1.,0.,0.));
#9760=DIRECTION('center_axis',(0.,1.,2.22044604925031E-16));
#9761=DIRECTION('ref_axis',(-1.,0.,0.));
#9762=DIRECTION('',(0.,2.22044604925031E-16,-1.));
#9763=DIRECTION('',(0.642787609686534,-1.7009603572737E-16,0.766044443118982));
#9764=DIRECTION('',(-1.,0.,0.));
#9765=DIRECTION('',(0.,-2.22044604925031E-16,1.));
#9766=DIRECTION('',(0.,-2.22044604925031E-16,1.));
#9767=DIRECTION('',(0.64278760968473,-1.70096035727706E-16,0.766044443120497));
#9768=DIRECTION('center_axis',(1.,0.,0.));
#9769=DIRECTION('ref_axis',(0.,1.,2.22044604925031E-16));
#9770=DIRECTION('',(0.,2.22044604925031E-16,-1.));
#9771=DIRECTION('',(0.,-1.,-2.22044604925031E-16));
#9772=DIRECTION('center_axis',(1.,0.,0.));
#9773=DIRECTION('ref_axis',(0.,1.,2.22044604925031E-16));
#9774=DIRECTION('',(0.,-1.,-2.22044604925031E-16));
#9775=DIRECTION('',(0.,2.22044604925031E-16,-1.));
#9776=DIRECTION('',(0.,1.,2.22044604925031E-16));
#9777=DIRECTION('center_axis',(0.,1.,2.22044604925031E-16));
#9778=DIRECTION('ref_axis',(-1.,0.,0.));
#9779=DIRECTION('center_axis',(0.,-1.,-2.22044604925031E-16));
#9780=DIRECTION('ref_axis',(1.,0.,0.));
#9781=DIRECTION('center_axis',(0.,1.,2.22044604925031E-16));
#9782=DIRECTION('ref_axis',(1.,0.,0.));
#9783=DIRECTION('center_axis',(0.,1.,2.22044604925031E-16));
#9784=DIRECTION('ref_axis',(1.,0.,0.));
#9785=DIRECTION('',(0.,2.22044604925031E-16,-1.));
#9786=DIRECTION('center_axis',(1.,0.,0.));
#9787=DIRECTION('ref_axis',(0.,1.,2.22044604925031E-16));
#9788=DIRECTION('',(0.,-1.,-2.22044604925031E-16));
#9789=DIRECTION('',(0.,2.22044604925031E-16,-1.));
#9790=DIRECTION('center_axis',(0.,-2.22044604925031E-16,1.));
#9791=DIRECTION('ref_axis',(0.,-1.,-2.22044604925031E-16));
#9792=DIRECTION('',(1.,0.,0.));
#9793=DIRECTION('',(0.,1.,2.22044604925031E-16));
#9794=DIRECTION('',(-1.,0.,0.));
#9795=DIRECTION('',(0.,-1.,-2.22044604925031E-16));
#9796=DIRECTION('center_axis',(-0.640184399664507,-0.768221279597353,-1.70579390523196E-16));
#9797=DIRECTION('ref_axis',(0.768221279597353,-0.640184399664507,-1.42149492102674E-16));
#9798=DIRECTION('',(0.,2.22044604925031E-16,-1.));
#9799=DIRECTION('',(0.,-2.22044604925031E-16,1.));
#9800=DIRECTION('',(-0.566618068910768,0.472181724092311,-0.675269119253239));
#9801=DIRECTION('center_axis',(0.,-2.22044604925031E-16,1.));
#9802=DIRECTION('ref_axis',(0.,-1.,-2.22044604925031E-16));
#9803=DIRECTION('center_axis',(0.766044443118978,1.42727520843553E-16,-0.64278760968654));
#9804=DIRECTION('ref_axis',(0.64278760968654,-1.70096035727369E-16,0.766044443118978));
#9805=DIRECTION('center_axis',(1.,0.,0.));
#9806=DIRECTION('ref_axis',(0.,1.,2.22044604925031E-16));
#9807=DIRECTION('',(0.,-2.22044604925031E-16,1.));
#9808=DIRECTION('',(0.,2.22044604925031E-16,-1.));
#9809=DIRECTION('',(0.,1.,2.22044604925031E-16));
#9810=DIRECTION('center_axis',(0.,-2.22044604925031E-16,1.));
#9811=DIRECTION('ref_axis',(0.,-1.,-2.22044604925031E-16));
#9812=DIRECTION('center_axis',(0.,2.22044604925031E-16,-1.));
#9813=DIRECTION('ref_axis',(1.,0.,0.));
#9814=DIRECTION('center_axis',(0.,1.,2.22044604925031E-16));
#9815=DIRECTION('ref_axis',(-1.,0.,0.));
#9816=DIRECTION('center_axis',(0.,1.,2.22044604925031E-16));
#9817=DIRECTION('ref_axis',(1.,0.,0.));
#9818=DIRECTION('',(0.,-1.,-2.22044604925031E-16));
#9819=DIRECTION('center_axis',(0.,-1.,-2.22044604925031E-16));
#9820=DIRECTION('ref_axis',(1.,0.,0.));
#9821=DIRECTION('',(0.,1.,2.22044604925031E-16));
#9822=DIRECTION('center_axis',(0.,1.,2.22044604925031E-16));
#9823=DIRECTION('ref_axis',(-1.,0.,0.));
#9824=DIRECTION('center_axis',(0.,-1.,-2.22044604925031E-16));
#9825=DIRECTION('ref_axis',(1.,0.,0.));
#9826=DIRECTION('',(0.,-1.,-2.22044604925031E-16));
#9827=DIRECTION('center_axis',(0.,1.,2.22044604925031E-16));
#9828=DIRECTION('ref_axis',(1.,0.,0.));
#9829=DIRECTION('center_axis',(0.,-2.22044604925031E-16,1.));
#9830=DIRECTION('ref_axis',(0.,-1.,-2.22044604925031E-16));
#9831=DIRECTION('center_axis',(0.766044443118978,1.42727520843553E-16,-0.64278760968654));
#9832=DIRECTION('ref_axis',(0.64278760968654,-1.70096035727369E-16,0.766044443118978));
#9833=DIRECTION('',(0.,-2.22044604925031E-16,1.));
#9834=DIRECTION('center_axis',(0.,-1.,-2.22044604925031E-16));
#9835=DIRECTION('ref_axis',(1.,0.,0.));
#9836=DIRECTION('center_axis',(0.,-1.,-2.22044604925031E-16));
#9837=DIRECTION('ref_axis',(1.,0.,0.));
#9838=DIRECTION('',(0.,2.22044604925031E-16,-1.));
#9839=DIRECTION('',(1.,0.,0.));
#9840=DIRECTION('center_axis',(0.,-1.,-2.22044604925031E-16));
#9841=DIRECTION('ref_axis',(1.,0.,0.));
#9842=DIRECTION('',(0.,-2.22044604925031E-16,1.));
#9843=DIRECTION('center_axis',(0.,-1.,-2.22044604925031E-16));
#9844=DIRECTION('ref_axis',(1.,0.,0.));
#9845=DIRECTION('',(-0.70710678118656,1.57009245868375E-16,-0.707106781186535));
#9846=DIRECTION('center_axis',(0.,-2.22044604925031E-16,1.));
#9847=DIRECTION('ref_axis',(0.,-1.,-2.22044604925031E-16));
#9848=DIRECTION('center_axis',(0.766044443118978,1.42727520843553E-16,-0.64278760968654));
#9849=DIRECTION('ref_axis',(0.64278760968654,-1.70096035727369E-16,0.766044443118978));
#9850=DIRECTION('center_axis',(0.,1.,2.22044604925031E-16));
#9851=DIRECTION('ref_axis',(-1.,0.,0.));
#9852=DIRECTION('center_axis',(0.,1.,2.22044604925031E-16));
#9853=DIRECTION('ref_axis',(1.,0.,0.));
#9854=DIRECTION('',(0.,-1.,-2.22044604925031E-16));
#9855=DIRECTION('center_axis',(0.,-1.,-2.22044604925031E-16));
#9856=DIRECTION('ref_axis',(1.,0.,0.));
#9857=DIRECTION('center_axis',(0.,1.,2.22044604925031E-16));
#9858=DIRECTION('ref_axis',(-1.,0.,0.));
#9859=DIRECTION('center_axis',(0.,-1.,-2.22044604925031E-16));
#9860=DIRECTION('ref_axis',(1.,0.,0.));
#9861=DIRECTION('',(0.,-1.,-2.22044604925031E-16));
#9862=DIRECTION('center_axis',(0.,1.,2.22044604925031E-16));
#9863=DIRECTION('ref_axis',(1.,0.,0.));
#9864=DIRECTION('',(0.,1.,2.22044604925031E-16));
#9865=DIRECTION('center_axis',(0.,-1.,-2.22044604925031E-16));
#9866=DIRECTION('ref_axis',(1.,0.,0.));
#9867=DIRECTION('',(0.,2.22044604925031E-16,-1.));
#9868=DIRECTION('',(-1.,0.,0.));
#9869=DIRECTION('center_axis',(0.,-2.22044604925031E-16,1.));
#9870=DIRECTION('ref_axis',(0.,-1.,-2.22044604925031E-16));
#9871=DIRECTION('center_axis',(0.766044443118978,1.42727520843553E-16,-0.64278760968654));
#9872=DIRECTION('ref_axis',(0.64278760968654,-1.70096035727369E-16,0.766044443118978));
#9873=DIRECTION('',(0.,2.22044604925031E-16,-1.));
#9874=DIRECTION('center_axis',(0.,1.,2.22044604925031E-16));
#9875=DIRECTION('ref_axis',(-1.,0.,0.));
#9876=DIRECTION('',(0.,-1.,-2.22044604925031E-16));
#9877=DIRECTION('center_axis',(0.,1.,2.22044604925031E-16));
#9878=DIRECTION('ref_axis',(1.,0.,0.));
#9879=DIRECTION('',(0.,1.,2.22044604925031E-16));
#9880=DIRECTION('center_axis',(0.,-2.22044604925031E-16,1.));
#9881=DIRECTION('ref_axis',(0.,-1.,-2.22044604925031E-16));
#9882=DIRECTION('',(0.,-1.,-2.22044604925031E-16));
#9883=DIRECTION('center_axis',(1.,0.,0.));
#9884=DIRECTION('ref_axis',(0.,1.,2.22044604925031E-16));
#9885=DIRECTION('',(0.,-2.22044604925031E-16,1.));
#9886=DIRECTION('',(0.,2.22044604925031E-16,-1.));
#9887=DIRECTION('center_axis',(0.,-1.,-2.22044604925031E-16));
#9888=DIRECTION('ref_axis',(1.,0.,0.));
#9889=DIRECTION('center_axis',(0.,1.,2.22044604925031E-16));
#9890=DIRECTION('ref_axis',(1.,0.,0.));
#9891=DIRECTION('center_axis',(0.,-1.,-2.22044604925031E-16));
#9892=DIRECTION('ref_axis',(1.,0.,0.));
#9893=DIRECTION('center_axis',(0.,1.,2.22044604925031E-16));
#9894=DIRECTION('ref_axis',(1.,0.,0.));
#9895=DIRECTION('',(1.,0.,0.));
#9896=DIRECTION('center_axis',(0.,1.,2.22044604925031E-16));
#9897=DIRECTION('ref_axis',(1.,0.,0.));
#9898=DIRECTION('',(1.,0.,0.));
#9899=DIRECTION('center_axis',(0.,1.,2.22044604925031E-16));
#9900=DIRECTION('ref_axis',(1.,0.,0.));
#9901=DIRECTION('',(1.,0.,0.));
#9902=DIRECTION('center_axis',(0.,-2.22044604925031E-16,1.));
#9903=DIRECTION('ref_axis',(0.,-1.,-2.22044604925031E-16));
#9904=DIRECTION('center_axis',(-0.766044443118978,-1.42727520843553E-16,
0.64278760968654));
#9905=DIRECTION('ref_axis',(0.64278760968654,-1.70096035727369E-16,0.766044443118978));
#9906=DIRECTION('center_axis',(0.,2.22044604925031E-16,-1.));
#9907=DIRECTION('ref_axis',(0.,1.,2.22044604925031E-16));
#9908=DIRECTION('',(0.,1.,2.22044604925031E-16));
#9909=DIRECTION('',(1.,0.,0.));
#9910=DIRECTION('',(0.,-1.,-2.22044604925031E-16));
#9911=DIRECTION('center_axis',(0.,-1.,-2.22044604925031E-16));
#9912=DIRECTION('ref_axis',(1.,0.,0.));
#9913=DIRECTION('',(0.,2.22044604925031E-16,-1.));
#9914=DIRECTION('',(0.,-2.22044604925031E-16,1.));
#9915=DIRECTION('',(-1.,0.,0.));
#9916=DIRECTION('center_axis',(0.,-2.22044604925031E-16,1.));
#9917=DIRECTION('ref_axis',(0.,-1.,-2.22044604925031E-16));
#9918=DIRECTION('center_axis',(0.766044443118978,1.42727520843553E-16,-0.64278760968654));
#9919=DIRECTION('ref_axis',(0.64278760968654,-1.70096035727369E-16,0.766044443118978));
#9920=DIRECTION('',(0.,2.22044604925031E-16,-1.));
#9921=DIRECTION('center_axis',(0.,-2.22044604925031E-16,1.));
#9922=DIRECTION('ref_axis',(1.,0.,0.));
#9923=DIRECTION('center_axis',(0.,-2.22044604925031E-16,1.));
#9924=DIRECTION('ref_axis',(0.,-1.,-2.22044604925031E-16));
#9925=DIRECTION('center_axis',(0.766044443118978,1.42727520843553E-16,-0.64278760968654));
#9926=DIRECTION('ref_axis',(0.64278760968654,-1.70096035727369E-16,0.766044443118978));
#9927=DIRECTION('center_axis',(0.,-2.22044604925031E-16,1.));
#9928=DIRECTION('ref_axis',(0.,-1.,-2.22044604925031E-16));
#9929=DIRECTION('center_axis',(0.766044443118978,1.42727520843553E-16,-0.64278760968654));
#9930=DIRECTION('ref_axis',(0.64278760968654,-1.70096035727369E-16,0.766044443118978));
#9931=DIRECTION('center_axis',(0.,-2.22044604925031E-16,1.));
#9932=DIRECTION('ref_axis',(0.,-1.,-2.22044604925031E-16));
#9933=DIRECTION('center_axis',(-0.766044443118978,-1.42727520843553E-16,
0.64278760968654));
#9934=DIRECTION('ref_axis',(0.64278760968654,-1.70096035727369E-16,0.766044443118978));
#9935=DIRECTION('center_axis',(0.,1.,2.22044604925031E-16));
#9936=DIRECTION('ref_axis',(-1.,0.,0.));
#9937=DIRECTION('',(0.,-1.,-2.22044604925031E-16));
#9938=DIRECTION('center_axis',(0.,-1.,-2.22044604925031E-16));
#9939=DIRECTION('ref_axis',(1.,0.,0.));
#9940=DIRECTION('center_axis',(0.,1.,2.22044604925031E-16));
#9941=DIRECTION('ref_axis',(-1.,0.,0.));
#9942=DIRECTION('center_axis',(0.,-1.,-2.22044604925031E-16));
#9943=DIRECTION('ref_axis',(1.,0.,0.));
#9944=DIRECTION('center_axis',(0.,1.,2.22044604925031E-16));
#9945=DIRECTION('ref_axis',(1.,0.,0.));
#9946=DIRECTION('center_axis',(0.,-1.,-2.22044604925031E-16));
#9947=DIRECTION('ref_axis',(1.,0.,0.));
#9948=DIRECTION('',(1.,0.,0.));
#9949=DIRECTION('center_axis',(0.,-1.,-2.22044604925031E-16));
#9950=DIRECTION('ref_axis',(1.,0.,0.));
#9951=DIRECTION('center_axis',(0.,1.,2.22044604925031E-16));
#9952=DIRECTION('ref_axis',(1.,0.,0.));
#9953=DIRECTION('',(1.,0.,0.));
#9954=DIRECTION('center_axis',(0.,1.,2.22044604925031E-16));
#9955=DIRECTION('ref_axis',(1.,0.,0.));
#9956=DIRECTION('',(0.,2.22044604925031E-16,-1.));
#9957=DIRECTION('',(-1.,0.,0.));
#9958=DIRECTION('center_axis',(1.,0.,0.));
#9959=DIRECTION('ref_axis',(0.,1.,2.22044604925031E-16));
#9960=DIRECTION('',(0.,-1.,-2.22044604925031E-16));
#9961=DIRECTION('center_axis',(0.,-2.22044604925031E-16,1.));
#9962=DIRECTION('ref_axis',(0.,-1.,-2.22044604925031E-16));
#9963=DIRECTION('',(0.,-2.22044604925031E-16,1.));
#9964=DIRECTION('center_axis',(-0.766044443118978,-1.42727520843553E-16,
0.64278760968654));
#9965=DIRECTION('ref_axis',(0.64278760968654,-1.70096035727369E-16,0.766044443118978));
#9966=DIRECTION('center_axis',(0.,1.,2.22044604925031E-16));
#9967=DIRECTION('ref_axis',(-1.,0.,0.));
#9968=DIRECTION('center_axis',(0.,1.,2.22044604925031E-16));
#9969=DIRECTION('ref_axis',(1.,0.,0.));
#9970=DIRECTION('center_axis',(0.,1.,2.22044604925031E-16));
#9971=DIRECTION('ref_axis',(-1.,0.,0.));
#9972=DIRECTION('center_axis',(0.,1.,2.22044604925031E-16));
#9973=DIRECTION('ref_axis',(1.,0.,0.));
#9974=DIRECTION('center_axis',(0.,2.22044604925031E-16,-1.));
#9975=DIRECTION('ref_axis',(0.,1.,2.22044604925031E-16));
#9976=DIRECTION('',(1.,0.,0.));
#9977=DIRECTION('',(0.,-1.,-2.22044604925031E-16));
#9978=DIRECTION('',(-1.,0.,0.));
#9979=DIRECTION('',(0.,1.,2.22044604925031E-16));
#9980=DIRECTION('center_axis',(0.,1.,2.22044604925031E-16));
#9981=DIRECTION('ref_axis',(-1.,0.,0.));
#9982=DIRECTION('center_axis',(0.,-1.,-2.22044604925031E-16));
#9983=DIRECTION('ref_axis',(1.,0.,0.));
#9984=DIRECTION('',(0.,-1.,-2.22044604925031E-16));
#9985=DIRECTION('center_axis',(0.,1.,2.22044604925031E-16));
#9986=DIRECTION('ref_axis',(1.,0.,0.));
#9987=DIRECTION('',(0.,1.,2.22044604925031E-16));
#9988=DIRECTION('center_axis',(-1.,0.,0.));
#9989=DIRECTION('ref_axis',(0.,-1.,-2.22044604925031E-16));
#9990=DIRECTION('',(0.,1.,2.22044604925031E-16));
#9991=DIRECTION('center_axis',(0.,1.,2.22044604925031E-16));
#9992=DIRECTION('ref_axis',(-1.,0.,0.));
#9993=DIRECTION('',(0.,-2.22044604925031E-16,1.));
#9994=DIRECTION('',(1.,0.,0.));
#9995=DIRECTION('',(-1.,0.,0.));
#9996=DIRECTION('center_axis',(-0.640184399664483,0.768221279597373,1.70579390523201E-16));
#9997=DIRECTION('ref_axis',(-0.768221279597373,-0.640184399664483,-1.42149492102668E-16));
#9998=DIRECTION('',(0.56661806891076,0.472181724092333,0.67526911925323));
#9999=DIRECTION('center_axis',(-1.,0.,0.));
#10000=DIRECTION('ref_axis',(0.,-1.,-2.22044604925031E-16));
#10001=DIRECTION('',(0.,1.,2.22044604925031E-16));
#10002=DIRECTION('center_axis',(0.,-2.22044604925031E-16,1.));
#10003=DIRECTION('ref_axis',(0.,-1.,-2.22044604925031E-16));
#10004=DIRECTION('center_axis',(0.766044443118978,1.42727520843553E-16,
-0.64278760968654));
#10005=DIRECTION('ref_axis',(0.64278760968654,-1.70096035727369E-16,0.766044443118978));
#10006=DIRECTION('',(0.,2.22044604925031E-16,-1.));
#10007=DIRECTION('center_axis',(0.,-2.22044604925031E-16,1.));
#10008=DIRECTION('ref_axis',(1.,0.,0.));
#10009=DIRECTION('',(0.,-2.22044604925031E-16,1.));
#10010=DIRECTION('center_axis',(0.,-1.,-2.22044604925031E-16));
#10011=DIRECTION('ref_axis',(1.,0.,0.));
#10012=DIRECTION('',(0.,2.22044604925031E-16,-1.));
#10013=DIRECTION('',(1.,0.,0.));
#10014=DIRECTION('',(-0.642787609686571,1.70096035727363E-16,-0.766044443118952));
#10015=DIRECTION('center_axis',(0.894427190999916,-0.447213595499958,-9.93013661298909E-17));
#10016=DIRECTION('ref_axis',(0.447213595499958,0.894427190999916,1.98602732259782E-16));
#10017=DIRECTION('',(0.,2.22044604925031E-16,-1.));
#10018=DIRECTION('',(0.447213595499958,0.894427190999916,1.98602732259782E-16));
#10019=DIRECTION('',(0.,-2.22044604925031E-16,1.));
#10020=DIRECTION('',(-0.394660016502737,-0.789320033005474,-0.470337492520315));
#10021=DIRECTION('center_axis',(0.,-1.,-2.22044604925031E-16));
#10022=DIRECTION('ref_axis',(1.,0.,0.));
#10023=DIRECTION('center_axis',(0.,-1.,-2.22044604925031E-16));
#10024=DIRECTION('ref_axis',(1.,0.,0.));
#10025=DIRECTION('center_axis',(0.,1.,2.22044604925031E-16));
#10026=DIRECTION('ref_axis',(-1.,0.,0.));
#10027=DIRECTION('center_axis',(0.,1.,2.22044604925031E-16));
#10028=DIRECTION('ref_axis',(1.,0.,0.));
#10029=DIRECTION('',(0.,1.,2.22044604925031E-16));
#10030=DIRECTION('center_axis',(0.,-2.22044604925031E-16,1.));
#10031=DIRECTION('ref_axis',(0.,-1.,-2.22044604925031E-16));
#10032=DIRECTION('center_axis',(0.766044443118978,1.42727520843553E-16,
-0.64278760968654));
#10033=DIRECTION('ref_axis',(0.64278760968654,-1.70096035727369E-16,0.766044443118978));
#10034=DIRECTION('center_axis',(0.,-2.22044604925031E-16,1.));
#10035=DIRECTION('ref_axis',(0.,-1.,-2.22044604925031E-16));
#10036=DIRECTION('center_axis',(0.766044443118978,1.42727520843553E-16,
-0.64278760968654));
#10037=DIRECTION('ref_axis',(0.64278760968654,-1.70096035727369E-16,0.766044443118978));
#10038=DIRECTION('center_axis',(0.,-2.22044604925031E-16,1.));
#10039=DIRECTION('ref_axis',(1.,0.,0.));
#10040=DIRECTION('center_axis',(0.,1.,2.22044604925031E-16));
#10041=DIRECTION('ref_axis',(-1.,0.,0.));
#10042=DIRECTION('center_axis',(0.,-1.,-2.22044604925031E-16));
#10043=DIRECTION('ref_axis',(1.,0.,0.));
#10044=DIRECTION('',(0.,-1.,-2.22044604925031E-16));
#10045=DIRECTION('center_axis',(0.,1.,2.22044604925031E-16));
#10046=DIRECTION('ref_axis',(1.,0.,0.));
#10047=DIRECTION('',(0.,1.,2.22044604925031E-16));
#10048=DIRECTION('center_axis',(0.,1.,2.22044604925031E-16));
#10049=DIRECTION('ref_axis',(-1.,0.,0.));
#10050=DIRECTION('',(1.,0.,0.));
#10051=DIRECTION('',(0.,2.22044604925031E-16,-1.));
#10052=DIRECTION('center_axis',(0.,-1.,-2.22044604925031E-16));
#10053=DIRECTION('ref_axis',(1.,0.,0.));
#10054=DIRECTION('',(1.,0.,0.));
#10055=DIRECTION('',(0.,2.22044604925031E-16,-1.));
#10056=DIRECTION('',(-1.,0.,0.));
#10057=DIRECTION('center_axis',(0.,1.,2.22044604925031E-16));
#10058=DIRECTION('ref_axis',(1.,0.,0.));
#10059=DIRECTION('',(0.,-2.22044604925031E-16,1.));
#10060=DIRECTION('center_axis',(0.,-1.,-2.22044604925031E-16));
#10061=DIRECTION('ref_axis',(1.,0.,0.));
#10062=DIRECTION('',(0.,2.22044604925031E-16,-1.));
#10063=DIRECTION('',(1.,0.,0.));
#10064=DIRECTION('center_axis',(0.,1.,2.22044604925031E-16));
#10065=DIRECTION('ref_axis',(1.,0.,0.));
#10066=DIRECTION('center_axis',(0.,-1.,-2.22044604925031E-16));
#10067=DIRECTION('ref_axis',(1.,0.,0.));
#10068=DIRECTION('center_axis',(0.,-1.,-2.22044604925031E-16));
#10069=DIRECTION('ref_axis',(1.,0.,0.));
#10070=DIRECTION('',(0.,-2.22044604925031E-16,1.));
#10071=DIRECTION('center_axis',(0.,-1.,-2.22044604925031E-16));
#10072=DIRECTION('ref_axis',(1.,0.,0.));
#10073=DIRECTION('center_axis',(0.,1.,2.22044604925031E-16));
#10074=DIRECTION('ref_axis',(1.,0.,0.));
#10075=DIRECTION('center_axis',(0.,1.,2.22044604925031E-16));
#10076=DIRECTION('ref_axis',(-1.,0.,0.));
#10077=DIRECTION('',(0.,-1.,-2.22044604925031E-16));
#10078=DIRECTION('center_axis',(0.,1.,2.22044604925031E-16));
#10079=DIRECTION('ref_axis',(-1.,0.,0.));
#10080=DIRECTION('',(0.,1.,2.22044604925031E-16));
#10081=DIRECTION('center_axis',(1.,0.,0.));
#10082=DIRECTION('ref_axis',(0.,1.,2.22044604925031E-16));
#10083=DIRECTION('',(0.,-2.22044604925031E-16,1.));
#10084=DIRECTION('',(0.,2.22044604925031E-16,-1.));
#10085=DIRECTION('center_axis',(0.,-1.,-2.22044604925031E-16));
#10086=DIRECTION('ref_axis',(1.,0.,0.));
#10087=DIRECTION('',(0.,1.,2.22044604925031E-16));
#10088=DIRECTION('center_axis',(0.,1.,2.22044604925031E-16));
#10089=DIRECTION('ref_axis',(1.,0.,0.));
#10090=DIRECTION('center_axis',(0.,2.22044604925031E-16,-1.));
#10091=DIRECTION('ref_axis',(0.,1.,2.22044604925031E-16));
#10092=DIRECTION('',(0.,-1.,-2.22044604925031E-16));
#10093=DIRECTION('',(-1.,0.,0.));
#10094=DIRECTION('center_axis',(0.,1.,2.22044604925031E-16));
#10095=DIRECTION('ref_axis',(-1.,0.,0.));
#10096=DIRECTION('',(0.,-2.22044604925031E-16,1.));
#10097=DIRECTION('center_axis',(0.,1.,2.22044604925031E-16));
#10098=DIRECTION('ref_axis',(1.,0.,0.));
#10099=DIRECTION('center_axis',(0.,-1.,-2.22044604925031E-16));
#10100=DIRECTION('ref_axis',(1.,0.,0.));
#10101=DIRECTION('',(-1.,0.,0.));
#10102=DIRECTION('center_axis',(0.,2.22044604925031E-16,-1.));
#10103=DIRECTION('ref_axis',(0.,1.,2.22044604925031E-16));
#10104=DIRECTION('',(1.,0.,0.));
#10105=DIRECTION('',(0.,-1.,-2.22044604925031E-16));
#10106=DIRECTION('',(-1.,0.,0.));
#10107=DIRECTION('',(0.,1.,2.22044604925031E-16));
#10108=DIRECTION('center_axis',(0.,1.,2.22044604925031E-16));
#10109=DIRECTION('ref_axis',(-1.,0.,0.));
#10110=DIRECTION('center_axis',(0.,1.,2.22044604925031E-16));
#10111=DIRECTION('ref_axis',(1.,0.,0.));
#10112=DIRECTION('center_axis',(0.,-1.,-2.22044604925031E-16));
#10113=DIRECTION('ref_axis',(1.,0.,0.));
#10114=DIRECTION('center_axis',(0.,1.,2.22044604925031E-16));
#10115=DIRECTION('ref_axis',(-1.,0.,0.));
#10116=DIRECTION('center_axis',(0.,-1.,-2.22044604925031E-16));
#10117=DIRECTION('ref_axis',(1.,0.,0.));
#10118=DIRECTION('',(0.,-1.,-2.22044604925031E-16));
#10119=DIRECTION('',(0.,1.,2.22044604925031E-16));
#10120=DIRECTION('center_axis',(0.,1.,2.22044604925031E-16));
#10121=DIRECTION('ref_axis',(-1.,0.,0.));
#10122=DIRECTION('',(0.,-1.,-2.22044604925031E-16));
#10123=DIRECTION('center_axis',(0.894427190999972,0.447213595499846,9.93013661298661E-17));
#10124=DIRECTION('ref_axis',(-0.447213595499846,0.894427190999972,1.98602732259794E-16));
#10125=DIRECTION('',(0.,2.22044604925031E-16,-1.));
#10126=DIRECTION('',(-0.447213595499846,0.894427190999972,1.98602732259794E-16));
#10127=DIRECTION('',(0.,-2.22044604925031E-16,1.));
#10128=DIRECTION('',(0.394660016502679,-0.789320033005369,0.470337492520539));
#10129=DIRECTION('center_axis',(0.,1.,2.22044604925031E-16));
#10130=DIRECTION('ref_axis',(-1.,0.,0.));
#10131=DIRECTION('center_axis',(0.,-1.,-2.22044604925031E-16));
#10132=DIRECTION('ref_axis',(1.,0.,0.));
#10133=DIRECTION('',(0.,1.,2.22044604925031E-16));
#10134=DIRECTION('center_axis',(0.,-2.22044604925031E-16,1.));
#10135=DIRECTION('ref_axis',(0.,-1.,-2.22044604925031E-16));
#10136=DIRECTION('center_axis',(0.766044443118978,1.42727520843553E-16,
-0.64278760968654));
#10137=DIRECTION('ref_axis',(0.64278760968654,-1.70096035727369E-16,0.766044443118978));
#10138=DIRECTION('',(0.,2.22044604925031E-16,-1.));
#10139=DIRECTION('center_axis',(0.,-2.22044604925031E-16,1.));
#10140=DIRECTION('ref_axis',(1.,0.,0.));
#10141=DIRECTION('',(0.,-2.22044604925031E-16,1.));
#10142=DIRECTION('center_axis',(0.,2.22044604925031E-16,-1.));
#10143=DIRECTION('ref_axis',(0.,1.,2.22044604925031E-16));
#10144=DIRECTION('',(-1.,0.,0.));
#10145=DIRECTION('',(0.,1.,2.22044604925031E-16));
#10146=DIRECTION('',(1.,0.,0.));
#10147=DIRECTION('center_axis',(0.,1.,2.22044604925031E-16));
#10148=DIRECTION('ref_axis',(-1.,0.,0.));
#10149=DIRECTION('center_axis',(0.,1.,2.22044604925031E-16));
#10150=DIRECTION('ref_axis',(1.,0.,0.));
#10151=DIRECTION('',(0.,-1.,-2.22044604925031E-16));
#10152=DIRECTION('center_axis',(0.,-1.,-2.22044604925031E-16));
#10153=DIRECTION('ref_axis',(1.,0.,0.));
#10154=DIRECTION('',(0.,1.,2.22044604925031E-16));
#10155=DIRECTION('center_axis',(0.,-1.,-2.22044604925031E-16));
#10156=DIRECTION('ref_axis',(1.,0.,0.));
#10157=DIRECTION('',(1.,0.,0.));
#10158=DIRECTION('center_axis',(0.,1.,2.22044604925031E-16));
#10159=DIRECTION('ref_axis',(1.,0.,0.));
#10160=DIRECTION('center_axis',(0.,-1.,-2.22044604925031E-16));
#10161=DIRECTION('ref_axis',(1.,0.,0.));
#10162=DIRECTION('center_axis',(-1.,0.,0.));
#10163=DIRECTION('ref_axis',(0.,-1.,-2.22044604925031E-16));
#10164=DIRECTION('',(0.,2.22044604925031E-16,-1.));
#10165=DIRECTION('',(0.,-1.,-2.22044604925031E-16));
#10166=DIRECTION('',(0.,-2.22044604925031E-16,1.));
#10167=DIRECTION('',(0.,1.,2.22044604925031E-16));
#10168=DIRECTION('center_axis',(0.,1.,2.22044604925031E-16));
#10169=DIRECTION('ref_axis',(-1.,0.,0.));
#10170=DIRECTION('',(0.,2.22044604925031E-16,-1.));
#10171=DIRECTION('',(-1.,0.,0.));
#10172=DIRECTION('',(0.,-2.22044604925031E-16,1.));
#10173=DIRECTION('',(0.642787609686549,-1.70096035727367E-16,0.76604444311897));
#10174=DIRECTION('center_axis',(-1.,0.,0.));
#10175=DIRECTION('ref_axis',(0.,-1.,-2.22044604925031E-16));
#10176=DIRECTION('',(0.,1.,2.22044604925031E-16));
#10177=DIRECTION('center_axis',(0.,1.,2.22044604925031E-16));
#10178=DIRECTION('ref_axis',(-1.,0.,0.));
#10179=DIRECTION('',(0.,-1.,-2.22044604925031E-16));
#10180=DIRECTION('center_axis',(0.,-2.22044604925031E-16,1.));
#10181=DIRECTION('ref_axis',(0.,-1.,-2.22044604925031E-16));
#10182=DIRECTION('',(0.,2.22044604925031E-16,-1.));
#10183=DIRECTION('',(0.,-2.22044604925031E-16,1.));
#10184=DIRECTION('center_axis',(0.,1.,2.22044604925031E-16));
#10185=DIRECTION('ref_axis',(-1.,0.,0.));
#10186=DIRECTION('',(0.,1.,2.22044604925031E-16));
#10187=DIRECTION('center_axis',(0.,-2.22044604925031E-16,1.));
#10188=DIRECTION('ref_axis',(0.,-1.,-2.22044604925031E-16));
#10189=DIRECTION('center_axis',(0.766044443118978,1.42727520843553E-16,
-0.64278760968654));
#10190=DIRECTION('ref_axis',(0.64278760968654,-1.70096035727369E-16,0.766044443118978));
#10191=DIRECTION('center_axis',(0.,-2.22044604925031E-16,1.));
#10192=DIRECTION('ref_axis',(1.,0.,0.));
#10193=DIRECTION('',(0.,-2.22044604925031E-16,1.));
#10194=DIRECTION('center_axis',(-0.640184399664484,0.768221279597372,1.705793905232E-16));
#10195=DIRECTION('ref_axis',(-0.768221279597372,-0.640184399664484,-1.42149492102669E-16));
#10196=DIRECTION('',(-0.768221279597372,-0.640184399664484,-1.42149492102669E-16));
#10197=DIRECTION('',(0.56661806891076,0.472181724092332,0.675269119253231));
#10198=DIRECTION('center_axis',(0.,1.,2.22044604925031E-16));
#10199=DIRECTION('ref_axis',(-1.,0.,0.));
#10200=DIRECTION('center_axis',(0.,-1.,-2.22044604925031E-16));
#10201=DIRECTION('ref_axis',(1.,0.,0.));
#10202=DIRECTION('',(0.,-1.,-2.22044604925031E-16));
#10203=DIRECTION('center_axis',(0.,2.22044604925031E-16,-1.));
#10204=DIRECTION('ref_axis',(0.,1.,2.22044604925031E-16));
#10205=DIRECTION('',(1.,0.,0.));
#10206=DIRECTION('',(0.,-1.,-2.22044604925031E-16));
#10207=DIRECTION('',(-1.,0.,0.));
#10208=DIRECTION('',(0.,1.,2.22044604925031E-16));
#10209=DIRECTION('center_axis',(0.,1.,2.22044604925031E-16));
#10210=DIRECTION('ref_axis',(-1.,0.,0.));
#10211=DIRECTION('center_axis',(0.,-1.,-2.22044604925031E-16));
#10212=DIRECTION('ref_axis',(1.,0.,0.));
#10213=DIRECTION('',(0.,2.22044604925031E-16,-1.));
#10214=DIRECTION('center_axis',(0.,1.,2.22044604925031E-16));
#10215=DIRECTION('ref_axis',(-1.,0.,0.));
#10216=DIRECTION('center_axis',(0.,1.,2.22044604925031E-16));
#10217=DIRECTION('ref_axis',(1.,0.,0.));
#10218=DIRECTION('center_axis',(0.,-1.,-2.22044604925031E-16));
#10219=DIRECTION('ref_axis',(1.,0.,0.));
#10220=DIRECTION('',(0.642787609686539,-1.70096035727369E-16,0.766044443118979));
#10221=DIRECTION('center_axis',(0.,-1.,-2.22044604925031E-16));
#10222=DIRECTION('ref_axis',(1.,0.,0.));
#10223=DIRECTION('',(-0.373797330327322,-2.05948681975569E-16,0.927510407402616));
#10224=DIRECTION('center_axis',(-1.,0.,0.));
#10225=DIRECTION('ref_axis',(0.,-1.,-2.22044604925031E-16));
#10226=DIRECTION('',(0.,2.22044604925031E-16,-1.));
#10227=DIRECTION('',(0.,2.22044604925031E-16,-1.));
#10228=DIRECTION('',(0.,-1.,-2.22044604925031E-16));
#10229=DIRECTION('',(0.,1.,2.22044604925031E-16));
#10230=DIRECTION('center_axis',(0.,-1.,-2.22044604925031E-16));
#10231=DIRECTION('ref_axis',(1.,0.,0.));
#10232=DIRECTION('',(-0.642787609686531,1.70096035727371E-16,-0.766044443118985));
#10233=DIRECTION('',(0.,2.22044604925031E-16,-1.));
#10234=DIRECTION('',(1.,0.,0.));
#10235=DIRECTION('',(0.,-2.22044604925031E-16,1.));
#10236=DIRECTION('center_axis',(0.,1.,2.22044604925031E-16));
#10237=DIRECTION('ref_axis',(-1.,0.,0.));
#10238=DIRECTION('center_axis',(0.,1.,2.22044604925031E-16));
#10239=DIRECTION('ref_axis',(1.,0.,0.));
#10240=DIRECTION('',(0.,1.,2.22044604925031E-16));
#10241=DIRECTION('center_axis',(0.,1.,2.22044604925031E-16));
#10242=DIRECTION('ref_axis',(-1.,0.,0.));
#10243=DIRECTION('center_axis',(0.,1.,2.22044604925031E-16));
#10244=DIRECTION('ref_axis',(1.,0.,0.));
#10245=DIRECTION('center_axis',(0.,-1.,-2.22044604925031E-16));
#10246=DIRECTION('ref_axis',(1.,0.,0.));
#10247=DIRECTION('',(0.,1.,2.22044604925031E-16));
#10248=DIRECTION('center_axis',(0.,1.,2.22044604925031E-16));
#10249=DIRECTION('ref_axis',(-1.,0.,0.));
#10250=DIRECTION('',(1.,0.,0.));
#10251=DIRECTION('center_axis',(0.,-1.,-2.22044604925031E-16));
#10252=DIRECTION('ref_axis',(1.,0.,0.));
#10253=DIRECTION('',(0.,-2.22044604925031E-16,1.));
#10254=DIRECTION('',(0.,2.22044604925031E-16,-1.));
#10255=DIRECTION('center_axis',(0.,1.,2.22044604925031E-16));
#10256=DIRECTION('ref_axis',(1.,0.,0.));
#10257=DIRECTION('',(-1.,0.,0.));
#10258=DIRECTION('center_axis',(0.,1.,2.22044604925031E-16));
#10259=DIRECTION('ref_axis',(-1.,0.,0.));
#10260=DIRECTION('center_axis',(0.,-1.,-2.22044604925031E-16));
#10261=DIRECTION('ref_axis',(1.,0.,0.));
#10262=DIRECTION('center_axis',(0.,-2.22044604925031E-16,1.));
#10263=DIRECTION('ref_axis',(0.,-1.,-2.22044604925031E-16));
#10264=DIRECTION('center_axis',(0.,2.22044604925031E-16,-1.));
#10265=DIRECTION('ref_axis',(1.,0.,0.));
#10266=DIRECTION('center_axis',(-0.766044443118978,-1.42727520843553E-16,
0.64278760968654));
#10267=DIRECTION('ref_axis',(0.64278760968654,-1.70096035727369E-16,0.766044443118978));
#10268=DIRECTION('center_axis',(0.,1.,2.22044604925031E-16));
#10269=DIRECTION('ref_axis',(-1.,0.,0.));
#10270=DIRECTION('',(0.,1.,2.22044604925031E-16));
#10271=DIRECTION('center_axis',(1.,0.,0.));
#10272=DIRECTION('ref_axis',(0.,1.,2.22044604925031E-16));
#10273=DIRECTION('',(0.,1.,2.22044604925031E-16));
#10274=DIRECTION('center_axis',(0.,-2.22044604925031E-16,1.));
#10275=DIRECTION('ref_axis',(0.,-1.,-2.22044604925031E-16));
#10276=DIRECTION('',(0.,2.22044604925031E-16,-1.));
#10277=DIRECTION('center_axis',(0.,-2.22044604925031E-16,1.));
#10278=DIRECTION('ref_axis',(1.,0.,0.));
#10279=DIRECTION('',(0.,-2.22044604925031E-16,1.));
#10280=DIRECTION('center_axis',(0.766044443118978,1.42727520843553E-16,
-0.64278760968654));
#10281=DIRECTION('ref_axis',(0.64278760968654,-1.70096035727369E-16,0.766044443118978));
#10282=DIRECTION('center_axis',(0.927510407402616,-8.29996805345619E-17,
0.373797330327323));
#10283=DIRECTION('ref_axis',(0.,1.,2.22044604925031E-16));
#10284=DIRECTION('',(0.,1.,2.22044604925031E-16));
#10285=DIRECTION('center_axis',(0.,-1.,-2.22044604925031E-16));
#10286=DIRECTION('ref_axis',(1.,0.,0.));
#10287=DIRECTION('',(0.,1.,2.22044604925031E-16));
#10288=DIRECTION('center_axis',(0.,-1.,-2.22044604925031E-16));
#10289=DIRECTION('ref_axis',(1.,0.,0.));
#10290=DIRECTION('center_axis',(-1.,0.,0.));
#10291=DIRECTION('ref_axis',(0.,-1.,-2.22044604925031E-16));
#10292=DIRECTION('',(0.,-2.22044604925031E-16,1.));
#10293=DIRECTION('',(0.,1.,2.22044604925031E-16));
#10294=DIRECTION('',(0.,2.22044604925031E-16,-1.));
#10295=DIRECTION('',(0.,-1.,-2.22044604925031E-16));
#10296=DIRECTION('center_axis',(0.,1.,2.22044604925031E-16));
#10297=DIRECTION('ref_axis',(-1.,0.,0.));
#10298=DIRECTION('center_axis',(0.,1.,2.22044604925031E-16));
#10299=DIRECTION('ref_axis',(1.,0.,0.));
#10300=DIRECTION('',(0.,-1.,-2.22044604925031E-16));
#10301=DIRECTION('center_axis',(0.,1.,2.22044604925031E-16));
#10302=DIRECTION('ref_axis',(0.987619989164381,3.48311180949402E-17,-0.156865410473271));
#10303=DIRECTION('',(0.,1.,2.22044604925031E-16));
#10304=DIRECTION('center_axis',(-0.564161371551642,-0.825664548620667,-1.8333435849908E-16));
#10305=DIRECTION('ref_axis',(0.825664548620667,-0.564161371551642,-1.25268988860148E-16));
#10306=DIRECTION('',(-0.58852552164593,0.402128644180741,-0.701377404754919));
#10307=DIRECTION('center_axis',(-0.564161371551642,-0.825664548620667,-1.8333435849908E-16));
#10308=DIRECTION('ref_axis',(0.825664548620667,-0.564161371551642,-1.25268988860148E-16));
#10309=DIRECTION('',(0.,-2.22044604925031E-16,1.));
#10310=DIRECTION('center_axis',(0.,1.,2.22044604925031E-16));
#10311=DIRECTION('ref_axis',(-1.,0.,0.));
#10312=DIRECTION('',(0.,1.,2.22044604925031E-16));
#10313=DIRECTION('center_axis',(1.,0.,0.));
#10314=DIRECTION('ref_axis',(0.,1.,2.22044604925031E-16));
#10315=DIRECTION('',(0.,-2.22044604925031E-16,1.));
#10316=DIRECTION('',(0.,-1.,-2.22044604925031E-16));
#10317=DIRECTION('center_axis',(0.766044443118979,1.42727520843553E-16,
-0.642787609686539));
#10318=DIRECTION('ref_axis',(0.,1.,2.22044604925031E-16));
#10319=DIRECTION('',(0.,1.,2.22044604925031E-16));
#10320=DIRECTION('',(-0.642787609686539,1.70096035727369E-16,-0.766044443118978));
#10321=DIRECTION('',(0.642787609686539,-1.70096035727369E-16,0.766044443118978));
#10322=DIRECTION('center_axis',(-0.640184399664507,-0.768221279597353,-1.70579390523196E-16));
#10323=DIRECTION('ref_axis',(0.768221279597353,-0.640184399664507,-1.42149492102674E-16));
#10324=DIRECTION('',(0.768221279597353,-0.640184399664507,-1.42149492102674E-16));
#10325=DIRECTION('',(-0.56661806891076,0.472181724092334,-0.67526911925323));
#10326=DIRECTION('center_axis',(0.,-1.,-2.22044604925031E-16));
#10327=DIRECTION('ref_axis',(1.,0.,0.));
#10328=DIRECTION('center_axis',(0.,1.,2.22044604925031E-16));
#10329=DIRECTION('ref_axis',(1.,0.,0.));
#10330=DIRECTION('',(0.,-1.,-2.22044604925031E-16));
#10331=DIRECTION('center_axis',(0.,1.,2.22044604925031E-16));
#10332=DIRECTION('ref_axis',(-1.,0.,0.));
#10333=DIRECTION('center_axis',(0.,-1.,-2.22044604925031E-16));
#10334=DIRECTION('ref_axis',(1.,0.,0.));
#10335=DIRECTION('center_axis',(0.,1.,2.22044604925031E-16));
#10336=DIRECTION('ref_axis',(1.,0.,0.));
#10337=DIRECTION('center_axis',(0.,1.,2.22044604925031E-16));
#10338=DIRECTION('ref_axis',(-1.,0.,0.));
#10339=DIRECTION('center_axis',(0.,1.,2.22044604925031E-16));
#10340=DIRECTION('ref_axis',(1.,0.,0.));
#10341=DIRECTION('',(0.,-1.,-2.22044604925031E-16));
#10342=DIRECTION('center_axis',(0.,-1.,-2.22044604925031E-16));
#10343=DIRECTION('ref_axis',(1.,0.,0.));
#10344=DIRECTION('',(0.,1.,2.22044604925031E-16));
#10345=DIRECTION('center_axis',(0.,1.,2.22044604925031E-16));
#10346=DIRECTION('ref_axis',(-1.,0.,0.));
#10347=DIRECTION('',(-1.,0.,0.));
#10348=DIRECTION('center_axis',(0.,-1.,-2.22044604925031E-16));
#10349=DIRECTION('ref_axis',(1.,0.,0.));
#10350=DIRECTION('',(0.,1.,2.22044604925031E-16));
#10351=DIRECTION('center_axis',(0.,-1.,-2.22044604925031E-16));
#10352=DIRECTION('ref_axis',(1.,0.,0.));
#10353=DIRECTION('',(0.,-1.,-2.22044604925031E-16));
#10354=DIRECTION('center_axis',(0.,-2.22044604925031E-16,1.));
#10355=DIRECTION('ref_axis',(0.,-1.,-2.22044604925031E-16));
#10356=DIRECTION('center_axis',(0.,2.22044604925031E-16,-1.));
#10357=DIRECTION('ref_axis',(1.,0.,0.));
#10358=DIRECTION('center_axis',(-0.766044443118978,-1.42727520843553E-16,
0.64278760968654));
#10359=DIRECTION('ref_axis',(0.64278760968654,-1.70096035727369E-16,0.766044443118978));
#10360=DIRECTION('center_axis',(-1.,0.,0.));
#10361=DIRECTION('ref_axis',(0.,-1.,-2.22044604925031E-16));
#10362=DIRECTION('',(0.,1.,2.22044604925031E-16));
#10363=DIRECTION('center_axis',(0.894427190999911,-0.447213595499967,-9.9301366129893E-17));
#10364=DIRECTION('ref_axis',(0.447213595499967,0.894427190999911,1.98602732259781E-16));
#10365=DIRECTION('',(0.,-2.22044604925031E-16,1.));
#10366=DIRECTION('',(-0.394660016502743,-0.789320033005466,-0.470337492520322));
#10367=DIRECTION('center_axis',(0.,1.,2.22044604925031E-16));
#10368=DIRECTION('ref_axis',(-1.,0.,0.));
#10369=DIRECTION('center_axis',(0.,1.,2.22044604925031E-16));
#10370=DIRECTION('ref_axis',(1.,0.,0.));
#10371=DIRECTION('center_axis',(0.,-1.,-2.22044604925031E-16));
#10372=DIRECTION('ref_axis',(1.,0.,0.));
#10373=DIRECTION('',(0.,1.,2.22044604925031E-16));
#10374=DIRECTION('center_axis',(-1.,0.,0.));
#10375=DIRECTION('ref_axis',(0.,-1.,-2.22044604925031E-16));
#10376=DIRECTION('',(0.,2.22044604925031E-16,-1.));
#10377=DIRECTION('',(0.,-1.,-2.22044604925031E-16));
#10378=DIRECTION('',(0.,-2.22044604925031E-16,1.));
#10379=DIRECTION('center_axis',(0.,1.,2.22044604925031E-16));
#10380=DIRECTION('ref_axis',(-1.,0.,0.));
#10381=DIRECTION('',(0.,-2.22044604925031E-16,1.));
#10382=DIRECTION('',(1.,0.,0.));
#10383=DIRECTION('center_axis',(-1.,0.,0.));
#10384=DIRECTION('ref_axis',(0.,-1.,-2.22044604925031E-16));
#10385=DIRECTION('',(0.,2.22044604925031E-16,-1.));
#10386=DIRECTION('',(0.,-1.,-2.22044604925031E-16));
#10387=DIRECTION('',(0.,-2.22044604925031E-16,1.));
#10388=DIRECTION('center_axis',(-1.,0.,0.));
#10389=DIRECTION('ref_axis',(0.,-1.,-2.22044604925031E-16));
#10390=DIRECTION('',(0.,1.,2.22044604925031E-16));
#10391=DIRECTION('center_axis',(0.,1.,2.22044604925031E-16));
#10392=DIRECTION('ref_axis',(-1.,0.,0.));
#10393=DIRECTION('center_axis',(0.,-1.,-2.22044604925031E-16));
#10394=DIRECTION('ref_axis',(1.,0.,0.));
#10395=DIRECTION('center_axis',(0.,1.,2.22044604925031E-16));
#10396=DIRECTION('ref_axis',(1.,0.,0.));
#10397=DIRECTION('center_axis',(0.,1.,2.22044604925031E-16));
#10398=DIRECTION('ref_axis',(-1.,0.,0.));
#10399=DIRECTION('center_axis',(0.,-1.,-2.22044604925031E-16));
#10400=DIRECTION('ref_axis',(1.,0.,0.));
#10401=DIRECTION('center_axis',(0.,-1.,-2.22044604925031E-16));
#10402=DIRECTION('ref_axis',(1.,0.,0.));
#10403=DIRECTION('',(0.,-1.,-2.22044604925031E-16));
#10404=DIRECTION('center_axis',(0.,1.,2.22044604925031E-16));
#10405=DIRECTION('ref_axis',(-1.,0.,0.));
#10406=DIRECTION('center_axis',(0.,1.,2.22044604925031E-16));
#10407=DIRECTION('ref_axis',(1.,0.,0.));
#10408=DIRECTION('center_axis',(-1.,0.,0.));
#10409=DIRECTION('ref_axis',(0.,-1.,-2.22044604925031E-16));
#10410=DIRECTION('',(0.,-1.,-2.22044604925031E-16));
#10411=DIRECTION('',(0.,1.,2.22044604925031E-16));
#10412=DIRECTION('center_axis',(0.,1.,2.22044604925031E-16));
#10413=DIRECTION('ref_axis',(-1.,0.,0.));
#10414=DIRECTION('center_axis',(0.,1.,2.22044604925031E-16));
#10415=DIRECTION('ref_axis',(1.,0.,0.));
#10416=DIRECTION('',(0.,-1.,-2.22044604925031E-16));
#10417=DIRECTION('center_axis',(0.,1.,2.22044604925031E-16));
#10418=DIRECTION('ref_axis',(-1.,0.,0.));
#10419=DIRECTION('center_axis',(0.,-1.,-2.22044604925031E-16));
#10420=DIRECTION('ref_axis',(1.,0.,0.));
#10421=DIRECTION('center_axis',(0.,1.,2.22044604925031E-16));
#10422=DIRECTION('ref_axis',(1.,0.,0.));
#10423=DIRECTION('',(0.,1.,2.22044604925031E-16));
#10424=DIRECTION('center_axis',(0.,-2.22044604925031E-16,1.));
#10425=DIRECTION('ref_axis',(0.,-1.,-2.22044604925031E-16));
#10426=DIRECTION('center_axis',(-0.766044443118978,-1.42727520843553E-16,
0.64278760968654));
#10427=DIRECTION('ref_axis',(0.64278760968654,-1.70096035727369E-16,0.766044443118978));
#10428=DIRECTION('center_axis',(0.,-1.,-2.22044604925031E-16));
#10429=DIRECTION('ref_axis',(1.,0.,0.));
#10430=DIRECTION('',(0.,1.,2.22044604925031E-16));
#10431=DIRECTION('center_axis',(0.,-1.,-2.22044604925031E-16));
#10432=DIRECTION('ref_axis',(1.,0.,0.));
#10433=DIRECTION('',(0.,-1.,-2.22044604925031E-16));
#10434=DIRECTION('center_axis',(0.,1.,2.22044604925031E-16));
#10435=DIRECTION('ref_axis',(-1.,0.,0.));
#10436=DIRECTION('center_axis',(0.,-1.,-2.22044604925031E-16));
#10437=DIRECTION('ref_axis',(1.,0.,0.));
#10438=DIRECTION('center_axis',(0.,1.,2.22044604925031E-16));
#10439=DIRECTION('ref_axis',(1.,0.,0.));
#10440=DIRECTION('',(0.,1.,2.22044604925031E-16));
#10441=DIRECTION('center_axis',(0.,2.22044604925031E-16,-1.));
#10442=DIRECTION('ref_axis',(0.,1.,2.22044604925031E-16));
#10443=DIRECTION('',(1.,0.,0.));
#10444=DIRECTION('center_axis',(0.,2.22044604925031E-16,-1.));
#10445=DIRECTION('ref_axis',(0.,1.,2.22044604925031E-16));
#10446=DIRECTION('',(1.,0.,0.));
#10447=DIRECTION('',(-1.,0.,0.));
#10448=DIRECTION('center_axis',(0.,-1.,-2.22044604925031E-16));
#10449=DIRECTION('ref_axis',(1.,0.,0.));
#10450=DIRECTION('',(1.,0.,0.));
#10451=DIRECTION('center_axis',(1.,0.,0.));
#10452=DIRECTION('ref_axis',(0.,1.,2.22044604925031E-16));
#10453=DIRECTION('',(0.,-2.22044604925031E-16,1.));
#10454=DIRECTION('',(0.,2.22044604925031E-16,-1.));
#10455=DIRECTION('center_axis',(0.,1.,2.22044604925031E-16));
#10456=DIRECTION('ref_axis',(-1.,0.,0.));
#10457=DIRECTION('',(0.,-1.,-2.22044604925031E-16));
#10458=DIRECTION('center_axis',(0.,-1.,-2.22044604925031E-16));
#10459=DIRECTION('ref_axis',(1.,0.,0.));
#10460=DIRECTION('center_axis',(0.,1.,2.22044604925031E-16));
#10461=DIRECTION('ref_axis',(-1.,0.,0.));
#10462=DIRECTION('center_axis',(0.,-1.,-2.22044604925031E-16));
#10463=DIRECTION('ref_axis',(1.,0.,0.));
#10464=DIRECTION('',(0.,1.,2.22044604925031E-16));
#10465=DIRECTION('center_axis',(0.,-2.22044604925031E-16,1.));
#10466=DIRECTION('ref_axis',(0.,-1.,-2.22044604925031E-16));
#10467=DIRECTION('center_axis',(0.766044443118978,1.42727520843553E-16,
-0.64278760968654));
#10468=DIRECTION('ref_axis',(0.64278760968654,-1.70096035727369E-16,0.766044443118978));
#10469=DIRECTION('',(0.,2.22044604925031E-16,-1.));
#10470=DIRECTION('center_axis',(0.,-2.22044604925031E-16,1.));
#10471=DIRECTION('ref_axis',(1.,0.,0.));
#10472=DIRECTION('center_axis',(0.,1.,2.22044604925031E-16));
#10473=DIRECTION('ref_axis',(-1.,0.,0.));
#10474=DIRECTION('center_axis',(0.,1.,2.22044604925031E-16));
#10475=DIRECTION('ref_axis',(1.,0.,0.));
#10476=DIRECTION('',(0.,-1.,-2.22044604925031E-16));
#10477=DIRECTION('center_axis',(0.,-1.,-2.22044604925031E-16));
#10478=DIRECTION('ref_axis',(1.,0.,0.));
#10479=DIRECTION('center_axis',(0.,-2.22044604925031E-16,1.));
#10480=DIRECTION('ref_axis',(0.,-1.,-2.22044604925031E-16));
#10481=DIRECTION('',(0.,-1.,-2.22044604925031E-16));
#10482=DIRECTION('center_axis',(0.,-2.22044604925031E-16,1.));
#10483=DIRECTION('ref_axis',(0.,-1.,-2.22044604925031E-16));
#10484=DIRECTION('',(0.,-1.,-2.22044604925031E-16));
#10485=DIRECTION('',(1.,0.,0.));
#10486=DIRECTION('center_axis',(0.,1.,2.22044604925031E-16));
#10487=DIRECTION('ref_axis',(-1.,0.,0.));
#10488=DIRECTION('center_axis',(0.,-1.,-2.22044604925031E-16));
#10489=DIRECTION('ref_axis',(1.,0.,0.));
#10490=DIRECTION('',(0.,-1.,-2.22044604925031E-16));
#10491=DIRECTION('center_axis',(0.,1.,2.22044604925031E-16));
#10492=DIRECTION('ref_axis',(-1.,0.,0.));
#10493=DIRECTION('center_axis',(0.,-1.,-2.22044604925031E-16));
#10494=DIRECTION('ref_axis',(1.,0.,0.));
#10495=DIRECTION('',(0.,-1.,-2.22044604925031E-16));
#10496=DIRECTION('',(0.,1.,2.22044604925031E-16));
#10497=DIRECTION('center_axis',(-0.766044443118978,-1.42727520843553E-16,
0.64278760968654));
#10498=DIRECTION('ref_axis',(0.,-1.,-2.22044604925031E-16));
#10499=DIRECTION('',(0.56661806891076,-0.472181724092334,0.67526911925323));
#10500=DIRECTION('center_axis',(-0.766044443118978,-1.42727520843553E-16,
0.64278760968654));
#10501=DIRECTION('ref_axis',(0.64278760968654,-1.70096035727369E-16,0.766044443118978));
#10502=DIRECTION('',(0.642787609685859,-1.70096035727496E-16,0.766044443119549));
#10503=DIRECTION('center_axis',(0.766044443118978,1.42727520843553E-16,
-0.64278760968654));
#10504=DIRECTION('ref_axis',(0.64278760968654,-1.70096035727369E-16,0.766044443118978));
#10505=DIRECTION('',(0.,-1.,-2.22044604925031E-16));
#10506=DIRECTION('',(0.64278760968654,-1.70096035727369E-16,0.766044443118977));
#10507=DIRECTION('',(0.,1.,2.22044604925031E-16));
#10508=DIRECTION('',(-0.642787609686541,1.70096035727369E-16,-0.766044443118976));
#10509=DIRECTION('',(0.,-1.,-2.22044604925031E-16));
#10510=DIRECTION('',(-0.642787609686534,1.7009603572737E-16,-0.766044443118982));
#10511=DIRECTION('',(-0.64278760968473,1.70096035727706E-16,-0.766044443120497));
#10512=DIRECTION('center_axis',(-0.640184399664507,-0.768221279597353,-1.70579390523196E-16));
#10513=DIRECTION('ref_axis',(0.768221279597353,-0.640184399664507,-1.42149492102674E-16));
#10514=DIRECTION('',(0.768221279597353,-0.640184399664507,-1.42149492102674E-16));
#10515=DIRECTION('',(0.,-2.22044604925031E-16,1.));
#10516=DIRECTION('center_axis',(-1.,0.,0.));
#10517=DIRECTION('ref_axis',(0.,-1.,-2.22044604925031E-16));
#10518=DIRECTION('',(0.,-1.,-2.22044604925031E-16));
#10519=DIRECTION('',(0.,-2.22044604925031E-16,1.));
#10520=DIRECTION('center_axis',(-1.,0.,0.));
#10521=DIRECTION('ref_axis',(0.,-1.,-2.22044604925031E-16));
#10522=DIRECTION('center_axis',(-1.,0.,0.));
#10523=DIRECTION('ref_axis',(0.,1.,2.22044604925031E-16));
#10524=DIRECTION('center_axis',(0.,1.,2.22044604925031E-16));
#10525=DIRECTION('ref_axis',(-1.,0.,0.));
#10526=DIRECTION('center_axis',(0.,-1.,-2.22044604925031E-16));
#10527=DIRECTION('ref_axis',(1.,0.,0.));
#10528=DIRECTION('',(0.,-1.,-2.22044604925031E-16));
#10529=DIRECTION('center_axis',(0.,1.,2.22044604925031E-16));
#10530=DIRECTION('ref_axis',(1.,0.,0.));
#10531=DIRECTION('center_axis',(-1.,0.,0.));
#10532=DIRECTION('ref_axis',(0.,-1.,-2.22044604925031E-16));
#10533=DIRECTION('',(0.,1.,2.22044604925031E-16));
#10534=DIRECTION('',(0.,2.22044604925031E-16,-1.));
#10535=DIRECTION('',(0.,1.,2.22044604925031E-16));
#10536=DIRECTION('',(0.,2.22044604925031E-16,-1.));
#10537=DIRECTION('center_axis',(1.,0.,0.));
#10538=DIRECTION('ref_axis',(0.,1.,2.22044604925031E-16));
#10539=DIRECTION('',(0.,1.,2.22044604925031E-16));
#10540=DIRECTION('',(0.,-1.,-2.22044604925031E-16));
#10541=DIRECTION('',(0.,-2.22044604925031E-16,1.));
#10542=DIRECTION('',(0.,1.,2.22044604925031E-16));
#10543=DIRECTION('center_axis',(0.,-1.,-2.22044604925031E-16));
#10544=DIRECTION('ref_axis',(1.,0.,0.));
#10545=DIRECTION('',(0.,-2.22044604925031E-16,1.));
#10546=DIRECTION('center_axis',(0.,-2.22044604925031E-16,1.));
#10547=DIRECTION('ref_axis',(0.,-1.,-2.22044604925031E-16));
#10548=DIRECTION('center_axis',(0.,2.22044604925031E-16,-1.));
#10549=DIRECTION('ref_axis',(1.,0.,0.));
#10550=DIRECTION('center_axis',(0.,2.22044604925031E-16,-1.));
#10551=DIRECTION('ref_axis',(0.,1.,2.22044604925031E-16));
#10552=DIRECTION('',(1.,0.,0.));
#10553=DIRECTION('center_axis',(0.,1.,2.22044604925031E-16));
#10554=DIRECTION('ref_axis',(-1.,0.,0.));
#10555=DIRECTION('',(1.,0.,0.));
#10556=DIRECTION('',(0.,2.22044604925031E-16,-1.));
#10557=DIRECTION('',(-1.,0.,0.));
#10558=DIRECTION('center_axis',(0.,1.,2.22044604925031E-16));
#10559=DIRECTION('ref_axis',(-1.,0.,0.));
#10560=DIRECTION('center_axis',(0.,-1.,-2.22044604925031E-16));
#10561=DIRECTION('ref_axis',(1.,0.,0.));
#10562=DIRECTION('center_axis',(0.,-1.,-2.22044604925031E-16));
#10563=DIRECTION('ref_axis',(1.,0.,0.));
#10564=DIRECTION('',(-1.,0.,0.));
#10565=DIRECTION('center_axis',(0.,1.,2.22044604925031E-16));
#10566=DIRECTION('ref_axis',(-1.,0.,0.));
#10567=DIRECTION('center_axis',(0.,-1.,-2.22044604925031E-16));
#10568=DIRECTION('ref_axis',(1.,0.,0.));
#10569=DIRECTION('center_axis',(-0.882947592858926,1.0424362768233E-16,
-0.469471562785892));
#10570=DIRECTION('ref_axis',(0.,-1.,-2.22044604925031E-16));
#10571=DIRECTION('',(0.469471562785892,1.96053749425868E-16,-0.882947592858926));
#10572=DIRECTION('',(0.,-1.,-2.22044604925031E-16));
#10573=DIRECTION('',(-0.469471562785892,-1.96053749425868E-16,0.882947592858926));
#10574=DIRECTION('center_axis',(0.,-1.,-2.22044604925031E-16));
#10575=DIRECTION('ref_axis',(1.,0.,0.));
#10576=DIRECTION('',(1.,0.,0.));
#10577=DIRECTION('center_axis',(0.,1.,2.22044604925031E-16));
#10578=DIRECTION('ref_axis',(1.,0.,0.));
#10579=DIRECTION('center_axis',(-1.,0.,0.));
#10580=DIRECTION('ref_axis',(0.,-1.,-2.22044604925031E-16));
#10581=DIRECTION('',(0.,2.22044604925031E-16,-1.));
#10582=DIRECTION('',(0.,-1.,-2.22044604925031E-16));
#10583=DIRECTION('',(0.,1.,2.22044604925031E-16));
#10584=DIRECTION('center_axis',(1.,0.,0.));
#10585=DIRECTION('ref_axis',(0.,1.,2.22044604925031E-16));
#10586=DIRECTION('',(0.,-2.22044604925031E-16,1.));
#10587=DIRECTION('',(0.,-1.,-2.22044604925031E-16));
#10588=DIRECTION('',(0.,2.22044604925031E-16,-1.));
#10589=DIRECTION('',(0.,2.22044604925031E-16,-1.));
#10590=DIRECTION('',(0.,2.22044604925031E-16,-1.));
#10591=DIRECTION('center_axis',(-1.,0.,0.));
#10592=DIRECTION('ref_axis',(0.,-1.,-2.22044604925031E-16));
#10593=DIRECTION('',(0.,2.22044604925031E-16,-1.));
#10594=DIRECTION('',(0.,-2.22044604925031E-16,1.));
#10595=DIRECTION('center_axis',(0.,-1.,-2.22044604925031E-16));
#10596=DIRECTION('ref_axis',(1.,0.,0.));
#10597=DIRECTION('center_axis',(0.,-1.,-2.22044604925031E-16));
#10598=DIRECTION('ref_axis',(1.,0.,0.));
#10599=DIRECTION('',(0.,-2.22044604925031E-16,1.));
#10600=DIRECTION('center_axis',(0.,1.,2.22044604925031E-16));
#10601=DIRECTION('ref_axis',(-1.,0.,0.));
#10602=DIRECTION('',(0.,2.22044604925031E-16,-1.));
#10603=DIRECTION('center_axis',(0.,1.,2.22044604925031E-16));
#10604=DIRECTION('ref_axis',(1.,0.,0.));
#10605=DIRECTION('center_axis',(0.,-1.,-2.22044604925031E-16));
#10606=DIRECTION('ref_axis',(1.,0.,0.));
#10607=DIRECTION('',(0.,-2.22044604925031E-16,1.));
#10608=DIRECTION('center_axis',(0.,-1.,-2.22044604925031E-16));
#10609=DIRECTION('ref_axis',(1.,0.,0.));
#10610=DIRECTION('center_axis',(0.,-1.,-2.22044604925031E-16));
#10611=DIRECTION('ref_axis',(1.,0.,0.));
#10612=DIRECTION('',(-1.,0.,0.));
#10613=DIRECTION('',(-0.642787609686527,1.70096035727371E-16,-0.766044443118989));
#10614=DIRECTION('',(1.,0.,0.));
#10615=DIRECTION('',(0.,-2.22044604925031E-16,1.));
#10616=DIRECTION('',(-0.642787609686538,1.70096035727369E-16,-0.766044443118979));
#10617=DIRECTION('center_axis',(0.,1.,2.22044604925031E-16));
#10618=DIRECTION('ref_axis',(-1.,0.,0.));
#10619=DIRECTION('',(0.,2.22044604925031E-16,-1.));
#10620=DIRECTION('center_axis',(0.,1.,2.22044604925031E-16));
#10621=DIRECTION('ref_axis',(-1.,0.,0.));
#10622=DIRECTION('center_axis',(0.,-1.,-2.22044604925031E-16));
#10623=DIRECTION('ref_axis',(1.,0.,0.));
#10624=DIRECTION('',(-1.,0.,0.));
#10625=DIRECTION('center_axis',(0.,-2.22044604925031E-16,1.));
#10626=DIRECTION('ref_axis',(0.,-1.,-2.22044604925031E-16));
#10627=DIRECTION('',(1.,0.,0.));
#10628=DIRECTION('',(0.,1.,2.22044604925031E-16));
#10629=DIRECTION('center_axis',(0.,1.,2.22044604925031E-16));
#10630=DIRECTION('ref_axis',(-1.,0.,0.));
#10631=DIRECTION('center_axis',(0.,-1.,-2.22044604925031E-16));
#10632=DIRECTION('ref_axis',(1.,0.,0.));
#10633=DIRECTION('center_axis',(0.,1.,2.22044604925031E-16));
#10634=DIRECTION('ref_axis',(1.,0.,0.));
#10635=DIRECTION('',(0.,1.,2.22044604925031E-16));
#10636=DIRECTION('center_axis',(0.,-2.22044604925031E-16,1.));
#10637=DIRECTION('ref_axis',(0.,-1.,-2.22044604925031E-16));
#10638=DIRECTION('',(1.,0.,0.));
#10639=DIRECTION('center_axis',(0.,2.22044604925031E-16,-1.));
#10640=DIRECTION('ref_axis',(1.,0.,0.));
#10641=DIRECTION('center_axis',(0.,1.,2.22044604925031E-16));
#10642=DIRECTION('ref_axis',(-1.,0.,0.));
#10643=DIRECTION('center_axis',(0.,-1.,-2.22044604925031E-16));
#10644=DIRECTION('ref_axis',(1.,0.,0.));
#10645=DIRECTION('center_axis',(0.,2.22044604925031E-16,-1.));
#10646=DIRECTION('ref_axis',(0.,1.,2.22044604925031E-16));
#10647=DIRECTION('',(1.,0.,0.));
#10648=DIRECTION('',(-1.,0.,0.));
#10649=DIRECTION('center_axis',(0.,1.,2.22044604925031E-16));
#10650=DIRECTION('ref_axis',(-1.,0.,0.));
#10651=DIRECTION('',(0.,-1.,-2.22044604925031E-16));
#10652=DIRECTION('center_axis',(0.,1.,2.22044604925031E-16));
#10653=DIRECTION('ref_axis',(1.,0.,0.));
#10654=DIRECTION('center_axis',(0.,1.,2.22044604925031E-16));
#10655=DIRECTION('ref_axis',(-1.,0.,0.));
#10656=DIRECTION('',(1.,0.,0.));
#10657=DIRECTION('',(-1.,0.,0.));
#10658=DIRECTION('center_axis',(-1.,0.,0.));
#10659=DIRECTION('ref_axis',(0.,-1.,-2.22044604925031E-16));
#10660=DIRECTION('',(0.,2.22044604925031E-16,-1.));
#10661=DIRECTION('',(0.,-1.,-2.22044604925031E-16));
#10662=DIRECTION('',(0.,1.,2.22044604925031E-16));
#10663=DIRECTION('center_axis',(0.,1.,2.22044604925031E-16));
#10664=DIRECTION('ref_axis',(-1.,0.,0.));
#10665=DIRECTION('',(0.,1.,2.22044604925031E-16));
#10666=DIRECTION('center_axis',(1.,0.,0.));
#10667=DIRECTION('ref_axis',(0.,1.,2.22044604925031E-16));
#10668=DIRECTION('',(0.,-2.22044604925031E-16,1.));
#10669=DIRECTION('',(0.,-1.,-2.22044604925031E-16));
#10670=DIRECTION('',(0.,2.22044604925031E-16,-1.));
#10671=DIRECTION('',(0.,1.,2.22044604925031E-16));
#10672=DIRECTION('center_axis',(0.,-2.22044604925031E-16,1.));
#10673=DIRECTION('ref_axis',(0.,-1.,-2.22044604925031E-16));
#10674=DIRECTION('center_axis',(0.,-2.22044604925031E-16,1.));
#10675=DIRECTION('ref_axis',(1.,0.,0.));
#10676=DIRECTION('center_axis',(0.,-2.22044604925031E-16,1.));
#10677=DIRECTION('ref_axis',(1.,0.,0.));
#10678=DIRECTION('center_axis',(-1.,0.,0.));
#10679=DIRECTION('ref_axis',(0.,-1.,-2.22044604925031E-16));
#10680=DIRECTION('center_axis',(1.,0.,0.));
#10681=DIRECTION('ref_axis',(0.,1.,2.22044604925031E-16));
#10682=DIRECTION('',(-1.,0.,0.));
#10683=DIRECTION('center_axis',(0.,-2.22044604925031E-16,1.));
#10684=DIRECTION('ref_axis',(0.,-1.,-2.22044604925031E-16));
#10685=DIRECTION('',(-1.,0.,0.));
#10686=DIRECTION('center_axis',(0.,1.,2.22044604925031E-16));
#10687=DIRECTION('ref_axis',(-1.,0.,0.));
#10688=DIRECTION('',(0.,2.22044604925031E-16,-1.));
#10689=DIRECTION('center_axis',(1.,0.,0.));
#10690=DIRECTION('ref_axis',(0.,1.,2.22044604925031E-16));
#10691=DIRECTION('',(0.,1.,2.22044604925031E-16));
#10692=DIRECTION('',(0.,-2.22044604925031E-16,1.));
#10693=DIRECTION('',(0.,-1.,-2.22044604925031E-16));
#10694=DIRECTION('',(0.,-2.22044604925031E-16,1.));
#10695=DIRECTION('',(0.,1.,2.22044604925031E-16));
#10696=DIRECTION('',(0.,-2.22044604925031E-16,1.));
#10697=DIRECTION('',(0.,-1.,-2.22044604925031E-16));
#10698=DIRECTION('',(0.,2.22044604925031E-16,-1.));
#10699=DIRECTION('center_axis',(0.,1.,2.22044604925031E-16));
#10700=DIRECTION('ref_axis',(-1.,0.,0.));
#10701=DIRECTION('',(0.,-1.,-2.22044604925031E-16));
#10702=DIRECTION('center_axis',(0.,1.,2.22044604925031E-16));
#10703=DIRECTION('ref_axis',(-1.,0.,0.));
#10704=DIRECTION('center_axis',(0.,1.,2.22044604925031E-16));
#10705=DIRECTION('ref_axis',(1.,0.,0.));
#10706=DIRECTION('',(0.,1.,2.22044604925031E-16));
#10707=DIRECTION('center_axis',(0.,1.,2.22044604925031E-16));
#10708=DIRECTION('ref_axis',(-1.,0.,0.));
#10709=DIRECTION('',(1.,0.,0.));
#10710=DIRECTION('center_axis',(0.,1.,2.22044604925031E-16));
#10711=DIRECTION('ref_axis',(1.,0.,0.));
#10712=DIRECTION('',(-1.,0.,0.));
#10713=DIRECTION('center_axis',(0.,1.,2.22044604925031E-16));
#10714=DIRECTION('ref_axis',(-1.,0.,0.));
#10715=DIRECTION('center_axis',(0.,1.,2.22044604925031E-16));
#10716=DIRECTION('ref_axis',(1.,0.,0.));
#10717=DIRECTION('',(0.,1.,2.22044604925031E-16));
#10718=DIRECTION('center_axis',(0.,2.22044604925031E-16,-1.));
#10719=DIRECTION('ref_axis',(0.,1.,2.22044604925031E-16));
#10720=DIRECTION('',(1.,0.,0.));
#10721=DIRECTION('center_axis',(0.,-2.22044604925031E-16,1.));
#10722=DIRECTION('ref_axis',(0.,-1.,-2.22044604925031E-16));
#10723=DIRECTION('',(0.,1.,2.22044604925031E-16));
#10724=DIRECTION('center_axis',(0.,2.22044604925031E-16,-1.));
#10725=DIRECTION('ref_axis',(0.,1.,2.22044604925031E-16));
#10726=DIRECTION('',(1.,0.,0.));
#10727=DIRECTION('',(0.,-1.,-2.22044604925031E-16));
#10728=DIRECTION('center_axis',(0.,1.,2.22044604925031E-16));
#10729=DIRECTION('ref_axis',(-1.,0.,0.));
#10730=DIRECTION('',(0.64278760968654,-1.70096035727369E-16,0.766044443118978));
#10731=DIRECTION('center_axis',(0.,1.,2.22044604925031E-16));
#10732=DIRECTION('ref_axis',(1.,0.,0.));
#10733=DIRECTION('',(1.,0.,0.));
#10734=DIRECTION('center_axis',(0.,1.,2.22044604925031E-16));
#10735=DIRECTION('ref_axis',(1.,0.,0.));
#10736=DIRECTION('center_axis',(0.,-1.,-2.22044604925031E-16));
#10737=DIRECTION('ref_axis',(1.,0.,0.));
#10738=DIRECTION('',(1.,0.,0.));
#10739=DIRECTION('center_axis',(1.,0.,0.));
#10740=DIRECTION('ref_axis',(0.,1.,2.22044604925031E-16));
#10741=DIRECTION('',(0.,-2.22044604925031E-16,1.));
#10742=DIRECTION('',(0.,1.,2.22044604925031E-16));
#10743=DIRECTION('center_axis',(0.,-2.22044604925031E-16,1.));
#10744=DIRECTION('ref_axis',(0.,-1.,-2.22044604925031E-16));
#10745=DIRECTION('',(1.,0.,0.));
#10746=DIRECTION('center_axis',(0.,-2.22044604925031E-16,1.));
#10747=DIRECTION('ref_axis',(0.,-1.,-2.22044604925031E-16));
#10748=DIRECTION('',(-1.,0.,0.));
#10749=DIRECTION('center_axis',(0.,2.22044604925031E-16,-1.));
#10750=DIRECTION('ref_axis',(0.,1.,2.22044604925031E-16));
#10751=DIRECTION('',(1.,0.,0.));
#10752=DIRECTION('center_axis',(0.,1.,2.22044604925031E-16));
#10753=DIRECTION('ref_axis',(-1.,0.,0.));
#10754=DIRECTION('center_axis',(0.,-1.,-2.22044604925031E-16));
#10755=DIRECTION('ref_axis',(1.,0.,0.));
#10756=DIRECTION('',(0.,1.,2.22044604925031E-16));
#10757=DIRECTION('center_axis',(0.,-1.,-2.22044604925031E-16));
#10758=DIRECTION('ref_axis',(1.,0.,0.));
#10759=DIRECTION('',(1.,0.,0.));
#10760=DIRECTION('center_axis',(0.,2.22044604925031E-16,-1.));
#10761=DIRECTION('ref_axis',(0.,1.,2.22044604925031E-16));
#10762=DIRECTION('',(1.,0.,0.));
#10763=DIRECTION('',(0.,-1.,-2.22044604925031E-16));
#10764=DIRECTION('center_axis',(0.,1.,2.22044604925031E-16));
#10765=DIRECTION('ref_axis',(-1.,0.,0.));
#10766=DIRECTION('',(0.,-1.,-2.22044604925031E-16));
#10767=DIRECTION('center_axis',(0.,1.,2.22044604925031E-16));
#10768=DIRECTION('ref_axis',(-1.,0.,0.));
#10769=DIRECTION('',(0.,2.22044604925031E-16,-1.));
#10770=DIRECTION('center_axis',(-1.,0.,0.));
#10771=DIRECTION('ref_axis',(0.,-1.,-2.22044604925031E-16));
#10772=DIRECTION('',(0.,2.22044604925031E-16,-1.));
#10773=DIRECTION('center_axis',(0.,2.22044604925031E-16,-1.));
#10774=DIRECTION('ref_axis',(0.,1.,2.22044604925031E-16));
#10775=DIRECTION('',(-1.,0.,0.));
#10776=DIRECTION('center_axis',(0.,-2.22044604925031E-16,1.));
#10777=DIRECTION('ref_axis',(0.,-1.,-2.22044604925031E-16));
#10778=DIRECTION('',(0.,-2.22044604925031E-16,1.));
#10779=DIRECTION('center_axis',(0.460537381048723,-1.97095742039523E-16,
0.887640310405506));
#10780=DIRECTION('ref_axis',(0.,-1.,-2.22044604925031E-16));
#10781=DIRECTION('',(-0.887640310405506,-1.02259840828172E-16,0.460537381048723));
#10782=DIRECTION('',(0.,1.,2.22044604925031E-16));
#10783=DIRECTION('center_axis',(0.,1.,2.22044604925031E-16));
#10784=DIRECTION('ref_axis',(-1.,0.,0.));
#10785=DIRECTION('center_axis',(0.,-1.,-2.22044604925031E-16));
#10786=DIRECTION('ref_axis',(1.,0.,0.));
#10787=DIRECTION('center_axis',(1.,0.,0.));
#10788=DIRECTION('ref_axis',(0.,1.,2.22044604925031E-16));
#10789=DIRECTION('',(0.,-2.22044604925031E-16,1.));
#10790=DIRECTION('',(0.,-1.,-2.22044604925031E-16));
#10791=DIRECTION('center_axis',(-0.707106781186535,-1.5700924586838E-16,
0.70710678118656));
#10792=DIRECTION('ref_axis',(0.,-1.,-2.22044604925031E-16));
#10793=DIRECTION('',(-0.70710678118656,1.57009245868375E-16,-0.707106781186535));
#10794=DIRECTION('center_axis',(0.,-2.22044604925031E-16,1.));
#10795=DIRECTION('ref_axis',(0.,-1.,-2.22044604925031E-16));
#10796=DIRECTION('center_axis',(-0.766044443118978,-1.42727520843553E-16,
0.64278760968654));
#10797=DIRECTION('ref_axis',(0.64278760968654,-1.70096035727369E-16,0.766044443118978));
#10798=DIRECTION('center_axis',(0.,1.,2.22044604925031E-16));
#10799=DIRECTION('ref_axis',(-1.,0.,0.));
#10800=DIRECTION('center_axis',(0.,1.,2.22044604925031E-16));
#10801=DIRECTION('ref_axis',(1.,0.,0.));
#10802=DIRECTION('center_axis',(0.,-2.22044604925031E-16,1.));
#10803=DIRECTION('ref_axis',(0.,-1.,-2.22044604925031E-16));
#10804=DIRECTION('center_axis',(-0.766044443118978,-1.42727520843553E-16,
0.64278760968654));
#10805=DIRECTION('ref_axis',(0.64278760968654,-1.70096035727369E-16,0.766044443118978));
#10806=DIRECTION('center_axis',(-0.766044443118978,-1.42727520843553E-16,
0.64278760968654));
#10807=DIRECTION('ref_axis',(0.,-1.,-2.22044604925031E-16));
#10808=DIRECTION('',(0.642787609686538,-1.70096035727369E-16,0.766044443118979));
#10809=DIRECTION('',(0.,1.,2.22044604925031E-16));
#10810=DIRECTION('center_axis',(0.,1.,2.22044604925031E-16));
#10811=DIRECTION('ref_axis',(-1.,0.,0.));
#10812=DIRECTION('center_axis',(0.,1.,2.22044604925031E-16));
#10813=DIRECTION('ref_axis',(1.,0.,0.));
#10814=DIRECTION('',(0.,-1.,-2.22044604925031E-16));
#10815=DIRECTION('center_axis',(0.,-1.,-2.22044604925031E-16));
#10816=DIRECTION('ref_axis',(1.,0.,0.));
#10817=DIRECTION('',(0.,1.,2.22044604925031E-16));
#10818=DIRECTION('center_axis',(0.,-2.22044604925031E-16,1.));
#10819=DIRECTION('ref_axis',(0.,-1.,-2.22044604925031E-16));
#10820=DIRECTION('',(-1.,0.,0.));
#10821=DIRECTION('center_axis',(0.,-1.,-2.22044604925031E-16));
#10822=DIRECTION('ref_axis',(1.,0.,0.));
#10823=DIRECTION('center_axis',(0.,1.,2.22044604925031E-16));
#10824=DIRECTION('ref_axis',(1.,0.,0.));
#10825=DIRECTION('',(0.,1.,2.22044604925031E-16));
#10826=DIRECTION('center_axis',(0.,-1.,-2.22044604925031E-16));
#10827=DIRECTION('ref_axis',(1.,0.,0.));
#10828=DIRECTION('',(-0.371390676354103,-2.06163240009718E-16,0.928476690885259));
#10829=DIRECTION('',(0.,2.22044604925031E-16,-1.));
#10830=DIRECTION('',(1.,0.,0.));
#10831=DIRECTION('',(0.,-2.22044604925031E-16,1.));
#10832=DIRECTION('center_axis',(0.,1.,2.22044604925031E-16));
#10833=DIRECTION('ref_axis',(-1.,0.,0.));
#10834=DIRECTION('center_axis',(0.,-1.,-2.22044604925031E-16));
#10835=DIRECTION('ref_axis',(1.,0.,0.));
#10836=DIRECTION('center_axis',(0.,1.,2.22044604925031E-16));
#10837=DIRECTION('ref_axis',(1.,0.,0.));
#10838=DIRECTION('center_axis',(-1.,0.,0.));
#10839=DIRECTION('ref_axis',(0.,-1.,-2.22044604925031E-16));
#10840=DIRECTION('',(0.,-2.22044604925031E-16,1.));
#10841=DIRECTION('',(0.,1.,2.22044604925031E-16));
#10842=DIRECTION('',(0.,2.22044604925031E-16,-1.));
#10843=DIRECTION('',(0.,-1.,-2.22044604925031E-16));
#10844=DIRECTION('center_axis',(0.,-1.,-2.22044604925031E-16));
#10845=DIRECTION('ref_axis',(1.,0.,0.));
#10846=DIRECTION('',(0.,2.22044604925031E-16,-1.));
#10847=DIRECTION('',(1.,0.,0.));
#10848=DIRECTION('',(0.,-2.22044604925031E-16,1.));
#10849=DIRECTION('',(-0.371390676354104,2.06163240009718E-16,-0.928476690885259));
#10850=DIRECTION('center_axis',(0.,1.,2.22044604925031E-16));
#10851=DIRECTION('ref_axis',(-1.,0.,0.));
#10852=DIRECTION('center_axis',(0.,1.,2.22044604925031E-16));
#10853=DIRECTION('ref_axis',(1.,0.,0.));
#10854=DIRECTION('',(0.,-1.,-2.22044604925031E-16));
#10855=DIRECTION('center_axis',(0.,-1.,-2.22044604925031E-16));
#10856=DIRECTION('ref_axis',(1.,0.,0.));
#10857=DIRECTION('',(0.,1.,2.22044604925031E-16));
#10858=DIRECTION('center_axis',(0.,-1.,-2.22044604925031E-16));
#10859=DIRECTION('ref_axis',(1.,0.,0.));
#10860=DIRECTION('',(1.,0.,0.));
#10861=DIRECTION('',(0.,-2.22044604925031E-16,1.));
#10862=DIRECTION('',(-0.371390676354104,2.06163240009718E-16,-0.928476690885259));
#10863=DIRECTION('center_axis',(0.,-1.,-2.22044604925031E-16));
#10864=DIRECTION('ref_axis',(1.,0.,0.));
#10865=DIRECTION('center_axis',(0.,1.,2.22044604925031E-16));
#10866=DIRECTION('ref_axis',(1.,0.,0.));
#10867=DIRECTION('',(0.,-1.,-2.22044604925031E-16));
#10868=DIRECTION('center_axis',(-1.,0.,0.));
#10869=DIRECTION('ref_axis',(0.,-1.,-2.22044604925031E-16));
#10870=DIRECTION('',(0.,1.,2.22044604925031E-16));
#10871=DIRECTION('',(0.,2.22044604925031E-16,-1.));
#10872=DIRECTION('',(0.,-1.,-2.22044604925031E-16));
#10873=DIRECTION('center_axis',(0.,1.,2.22044604925031E-16));
#10874=DIRECTION('ref_axis',(-1.,0.,0.));
#10875=DIRECTION('',(1.,0.,0.));
#10876=DIRECTION('',(0.,2.22044604925031E-16,-1.));
#10877=DIRECTION('',(-1.,0.,0.));
#10878=DIRECTION('',(0.,-2.22044604925031E-16,1.));
#10879=DIRECTION('center_axis',(0.,-2.22044604925031E-16,1.));
#10880=DIRECTION('ref_axis',(0.,-1.,-2.22044604925031E-16));
#10881=DIRECTION('',(-1.,0.,0.));
#10882=DIRECTION('',(0.,-1.,-2.22044604925031E-16));
#10883=DIRECTION('center_axis',(0.,-2.22044604925031E-16,1.));
#10884=DIRECTION('ref_axis',(1.,0.,0.));
#10885=DIRECTION('',(0.,-1.,-2.22044604925031E-16));
#10886=DIRECTION('center_axis',(0.,2.22044604925031E-16,-1.));
#10887=DIRECTION('ref_axis',(1.,0.,0.));
#10888=DIRECTION('',(-1.,0.,0.));
#10889=DIRECTION('center_axis',(0.,-2.22044604925031E-16,1.));
#10890=DIRECTION('ref_axis',(1.,0.,0.));
#10891=DIRECTION('',(0.,-1.,-2.22044604925031E-16));
#10892=DIRECTION('center_axis',(0.,-2.22044604925031E-16,1.));
#10893=DIRECTION('ref_axis',(1.,0.,0.));
#10894=DIRECTION('',(1.,0.,0.));
#10895=DIRECTION('center_axis',(0.,2.22044604925031E-16,-1.));
#10896=DIRECTION('ref_axis',(1.,0.,0.));
#10897=DIRECTION('',(0.,-1.,-2.22044604925031E-16));
#10898=DIRECTION('center_axis',(0.,-2.22044604925031E-16,1.));
#10899=DIRECTION('ref_axis',(1.,0.,0.));
#10900=DIRECTION('',(1.,0.,0.));
#10901=DIRECTION('center_axis',(0.,-2.22044604925031E-16,1.));
#10902=DIRECTION('ref_axis',(1.,0.,0.));
#10903=DIRECTION('',(0.,1.,2.22044604925031E-16));
#10904=DIRECTION('center_axis',(0.,-2.22044604925031E-16,1.));
#10905=DIRECTION('ref_axis',(1.,0.,0.));
#10906=DIRECTION('center_axis',(0.,1.,2.22044604925031E-16));
#10907=DIRECTION('ref_axis',(-1.,0.,0.));
#10908=DIRECTION('center_axis',(0.,-1.,-2.22044604925031E-16));
#10909=DIRECTION('ref_axis',(1.,0.,0.));
#10910=DIRECTION('',(0.,-1.,-2.22044604925031E-16));
#10911=DIRECTION('center_axis',(0.,1.,2.22044604925031E-16));
#10912=DIRECTION('ref_axis',(1.,0.,0.));
#10913=DIRECTION('center_axis',(1.,0.,0.));
#10914=DIRECTION('ref_axis',(0.,1.,2.22044604925031E-16));
#10915=DIRECTION('',(0.,-1.,-2.22044604925031E-16));
#10916=DIRECTION('',(0.,2.22044604925031E-16,-1.));
#10917=DIRECTION('',(0.,-2.22044604925031E-16,1.));
#10918=DIRECTION('center_axis',(0.92847669088526,-8.2465296003887E-17,0.371390676354103));
#10919=DIRECTION('ref_axis',(0.,1.,2.22044604925031E-16));
#10920=DIRECTION('',(0.,1.,2.22044604925031E-16));
#10921=DIRECTION('',(-0.371390676354103,-2.06163240009718E-16,0.928476690885259));
#10922=DIRECTION('',(0.,-1.,-2.22044604925031E-16));
#10923=DIRECTION('center_axis',(1.,0.,0.));
#10924=DIRECTION('ref_axis',(0.,1.,2.22044604925031E-16));
#10925=DIRECTION('',(0.,-1.,-2.22044604925031E-16));
#10926=DIRECTION('',(0.,2.22044604925031E-16,-1.));
#10927=DIRECTION('',(0.,1.,2.22044604925031E-16));
#10928=DIRECTION('',(0.,-2.22044604925031E-16,1.));
#10929=DIRECTION('center_axis',(0.,1.,2.22044604925031E-16));
#10930=DIRECTION('ref_axis',(-1.,0.,0.));
#10931=DIRECTION('center_axis',(0.,-1.,-2.22044604925031E-16));
#10932=DIRECTION('ref_axis',(1.,0.,0.));
#10933=DIRECTION('center_axis',(0.,1.,2.22044604925031E-16));
#10934=DIRECTION('ref_axis',(1.,0.,0.));
#10935=DIRECTION('',(0.,1.,2.22044604925031E-16));
#10936=DIRECTION('center_axis',(0.,-2.22044604925031E-16,1.));
#10937=DIRECTION('ref_axis',(0.,-1.,-2.22044604925031E-16));
#10938=DIRECTION('center_axis',(0.,-2.22044604925031E-16,1.));
#10939=DIRECTION('ref_axis',(1.,0.,0.));
#10940=DIRECTION('',(0.,2.22044604925031E-16,-1.));
#10941=DIRECTION('center_axis',(0.,2.22044604925031E-16,-1.));
#10942=DIRECTION('ref_axis',(1.,0.,0.));
#10943=DIRECTION('',(0.,-2.22044604925031E-16,1.));
#10944=DIRECTION('center_axis',(0.,-2.22044604925031E-16,1.));
#10945=DIRECTION('ref_axis',(0.,-1.,-2.22044604925031E-16));
#10946=DIRECTION('center_axis',(0.,-2.22044604925031E-16,1.));
#10947=DIRECTION('ref_axis',(1.,0.,0.));
#10948=DIRECTION('',(0.,2.22044604925031E-16,-1.));
#10949=DIRECTION('center_axis',(0.,2.22044604925031E-16,-1.));
#10950=DIRECTION('ref_axis',(1.,0.,0.));
#10951=DIRECTION('',(0.,-2.22044604925031E-16,1.));
#10952=DIRECTION('center_axis',(0.,-2.22044604925031E-16,1.));
#10953=DIRECTION('ref_axis',(0.,-1.,-2.22044604925031E-16));
#10954=DIRECTION('center_axis',(0.,2.22044604925031E-16,-1.));
#10955=DIRECTION('ref_axis',(1.,0.,0.));
#10956=DIRECTION('center_axis',(0.,-2.22044604925031E-16,1.));
#10957=DIRECTION('ref_axis',(1.,0.,0.));
#10958=DIRECTION('',(0.,-2.22044604925031E-16,1.));
#10959=DIRECTION('center_axis',(-1.,0.,0.));
#10960=DIRECTION('ref_axis',(0.,-1.,-2.22044604925031E-16));
#10961=DIRECTION('',(0.,1.,2.22044604925031E-16));
#10962=DIRECTION('',(0.,2.22044604925031E-16,-1.));
#10963=DIRECTION('',(0.,-2.22044604925031E-16,1.));
#10964=DIRECTION('center_axis',(0.,-2.22044604925031E-16,1.));
#10965=DIRECTION('ref_axis',(0.,-1.,-2.22044604925031E-16));
#10966=DIRECTION('center_axis',(0.,2.22044604925031E-16,-1.));
#10967=DIRECTION('ref_axis',(1.,0.,0.));
#10968=DIRECTION('',(0.,2.22044604925031E-16,-1.));
#10969=DIRECTION('center_axis',(0.,-2.22044604925031E-16,1.));
#10970=DIRECTION('ref_axis',(1.,0.,0.));
#10971=DIRECTION('',(0.,-2.22044604925031E-16,1.));
#10972=DIRECTION('center_axis',(1.,0.,0.));
#10973=DIRECTION('ref_axis',(0.,1.,2.22044604925031E-16));
#10974=DIRECTION('',(0.,-2.22044604925031E-16,1.));
#10975=DIRECTION('center_axis',(0.,-1.,-2.22044604925031E-16));
#10976=DIRECTION('ref_axis',(1.,0.,0.));
#10977=DIRECTION('',(-1.,0.,0.));
#10978=DIRECTION('',(0.371390676354104,-2.06163240009718E-16,0.928476690885259));
#10979=DIRECTION('center_axis',(0.,-2.22044604925031E-16,1.));
#10980=DIRECTION('ref_axis',(0.,-1.,-2.22044604925031E-16));
#10981=DIRECTION('',(1.,0.,0.));
#10982=DIRECTION('',(1.,0.,0.));
#10983=DIRECTION('',(1.,0.,0.));
#10984=DIRECTION('center_axis',(0.,-1.,-2.22044604925031E-16));
#10985=DIRECTION('ref_axis',(1.,0.,0.));
#10986=DIRECTION('',(0.371390676354103,2.06163240009718E-16,-0.92847669088526));
#10987=DIRECTION('',(0.,2.22044604925031E-16,-1.));
#10988=DIRECTION('',(1.,0.,0.));
#10989=DIRECTION('',(0.371390676354103,-2.06163240009718E-16,0.928476690885259));
#10990=DIRECTION('center_axis',(0.,-2.22044604925031E-16,1.));
#10991=DIRECTION('ref_axis',(0.,-1.,-2.22044604925031E-16));
#10992=DIRECTION('center_axis',(0.,-2.22044604925031E-16,1.));
#10993=DIRECTION('ref_axis',(1.,0.,0.));
#10994=DIRECTION('',(0.,2.22044604925031E-16,-1.));
#10995=DIRECTION('center_axis',(0.,2.22044604925031E-16,-1.));
#10996=DIRECTION('ref_axis',(1.,0.,0.));
#10997=DIRECTION('',(0.,-2.22044604925031E-16,1.));
#10998=DIRECTION('center_axis',(0.,-2.22044604925031E-16,1.));
#10999=DIRECTION('ref_axis',(0.,-1.,-2.22044604925031E-16));
#11000=DIRECTION('',(0.,-1.,-2.22044604925031E-16));
#11001=DIRECTION('',(-1.,0.,0.));
#11002=DIRECTION('center_axis',(0.,-2.22044604925031E-16,1.));
#11003=DIRECTION('ref_axis',(1.,0.,0.));
#11004=DIRECTION('',(0.,-1.,-2.22044604925031E-16));
#11005=DIRECTION('center_axis',(0.,2.22044604925031E-16,-1.));
#11006=DIRECTION('ref_axis',(1.,0.,0.));
#11007=DIRECTION('',(-1.,0.,0.));
#11008=DIRECTION('',(0.,-1.,-2.22044604925031E-16));
#11009=DIRECTION('',(1.,0.,0.));
#11010=DIRECTION('center_axis',(0.,2.22044604925031E-16,-1.));
#11011=DIRECTION('ref_axis',(1.,0.,0.));
#11012=DIRECTION('',(0.,-1.,-2.22044604925031E-16));
#11013=DIRECTION('center_axis',(0.,-2.22044604925031E-16,1.));
#11014=DIRECTION('ref_axis',(1.,0.,0.));
#11015=DIRECTION('',(1.,0.,0.));
#11016=DIRECTION('center_axis',(0.,-2.22044604925031E-16,1.));
#11017=DIRECTION('ref_axis',(1.,0.,0.));
#11018=DIRECTION('',(0.,1.,2.22044604925031E-16));
#11019=DIRECTION('center_axis',(0.,-2.22044604925031E-16,1.));
#11020=DIRECTION('ref_axis',(1.,0.,0.));
#11021=DIRECTION('center_axis',(1.,0.,0.));
#11022=DIRECTION('ref_axis',(0.,1.,2.22044604925031E-16));
#11023=DIRECTION('',(0.,-1.,-2.22044604925031E-16));
#11024=DIRECTION('',(0.,2.22044604925031E-16,-1.));
#11025=DIRECTION('',(0.,1.,2.22044604925031E-16));
#11026=DIRECTION('center_axis',(0.,-2.22044604925031E-16,1.));
#11027=DIRECTION('ref_axis',(0.,-1.,-2.22044604925031E-16));
#11028=DIRECTION('center_axis',(0.,-2.22044604925031E-16,1.));
#11029=DIRECTION('ref_axis',(1.,0.,0.));
#11030=DIRECTION('',(0.,-2.22044604925031E-16,1.));
#11031=DIRECTION('center_axis',(1.,0.,0.));
#11032=DIRECTION('ref_axis',(0.,1.,2.22044604925031E-16));
#11033=DIRECTION('',(0.,-1.,-2.22044604925031E-16));
#11034=DIRECTION('center_axis',(0.,1.,2.22044604925031E-16));
#11035=DIRECTION('ref_axis',(-1.,0.,0.));
#11036=DIRECTION('',(1.,0.,0.));
#11037=DIRECTION('',(-1.,0.,0.));
#11038=DIRECTION('',(0.,-2.22044604925031E-16,1.));
#11039=DIRECTION('center_axis',(0.,-2.22044604925031E-16,1.));
#11040=DIRECTION('ref_axis',(0.,-1.,-2.22044604925031E-16));
#11041=DIRECTION('center_axis',(0.,-2.22044604925031E-16,1.));
#11042=DIRECTION('ref_axis',(1.,0.,0.));
#11043=DIRECTION('',(0.,2.22044604925031E-16,-1.));
#11044=DIRECTION('center_axis',(0.,-2.22044604925031E-16,1.));
#11045=DIRECTION('ref_axis',(0.,-1.,-2.22044604925031E-16));
#11046=DIRECTION('center_axis',(0.,2.22044604925031E-16,-1.));
#11047=DIRECTION('ref_axis',(1.,0.,0.));
#11048=DIRECTION('',(0.,2.22044604925031E-16,-1.));
#11049=DIRECTION('',(0.,-2.22044604925031E-16,1.));
#11050=DIRECTION('center_axis',(0.,-2.22044604925031E-16,1.));
#11051=DIRECTION('ref_axis',(0.,-1.,-2.22044604925031E-16));
#11052=DIRECTION('center_axis',(0.,-2.22044604925031E-16,1.));
#11053=DIRECTION('ref_axis',(1.,0.,0.));
#11054=DIRECTION('',(0.,2.22044604925031E-16,-1.));
#11055=DIRECTION('center_axis',(0.,-2.22044604925031E-16,1.));
#11056=DIRECTION('ref_axis',(0.,-1.,-2.22044604925031E-16));
#11057=DIRECTION('center_axis',(0.,-2.22044604925031E-16,1.));
#11058=DIRECTION('ref_axis',(1.,0.,0.));
#11059=DIRECTION('',(0.,2.22044604925031E-16,-1.));
#11060=DIRECTION('',(0.,-2.22044604925031E-16,1.));
#11061=DIRECTION('center_axis',(1.,0.,0.));
#11062=DIRECTION('ref_axis',(0.,1.,2.22044604925031E-16));
#11063=DIRECTION('',(0.,2.22044604925031E-16,-1.));
#11064=DIRECTION('',(0.,-1.,-2.22044604925031E-16));
#11065=DIRECTION('center_axis',(0.,-1.,-2.22044604925031E-16));
#11066=DIRECTION('ref_axis',(1.,0.,0.));
#11067=DIRECTION('',(-1.,0.,0.));
#11068=DIRECTION('',(1.,0.,0.));
#11069=DIRECTION('center_axis',(0.,1.,2.22044604925031E-16));
#11070=DIRECTION('ref_axis',(-1.,0.,0.));
#11071=DIRECTION('',(1.,0.,0.));
#11072=DIRECTION('',(0.,2.22044604925031E-16,-1.));
#11073=DIRECTION('center_axis',(1.,0.,0.));
#11074=DIRECTION('ref_axis',(0.,1.,2.22044604925031E-16));
#11075=DIRECTION('',(0.,-1.,-2.22044604925031E-16));
#11076=DIRECTION('',(0.,2.22044604925031E-16,-1.));
#11077=DIRECTION('center_axis',(0.,1.,2.22044604925031E-16));
#11078=DIRECTION('ref_axis',(-1.,0.,0.));
#11079=DIRECTION('',(0.371390676354105,2.06163240009718E-16,-0.928476690885259));
#11080=DIRECTION('',(1.,0.,0.));
#11081=DIRECTION('center_axis',(0.,-1.,-2.22044604925031E-16));
#11082=DIRECTION('ref_axis',(1.,0.,0.));
#11083=DIRECTION('',(-0.371390676354103,-2.06163240009718E-16,0.928476690885259));
#11084=DIRECTION('center_axis',(1.,0.,0.));
#11085=DIRECTION('ref_axis',(0.,1.,2.22044604925031E-16));
#11086=DIRECTION('',(0.,-1.,-2.22044604925031E-16));
#11087=DIRECTION('',(0.,1.,2.22044604925031E-16));
#11088=DIRECTION('',(0.,-2.22044604925031E-16,1.));
#11089=DIRECTION('center_axis',(0.,-2.22044604925031E-16,1.));
#11090=DIRECTION('ref_axis',(0.,-1.,-2.22044604925031E-16));
#11091=DIRECTION('center_axis',(0.,-2.22044604925031E-16,1.));
#11092=DIRECTION('ref_axis',(1.,0.,0.));
#11093=DIRECTION('center_axis',(0.,2.22044604925031E-16,-1.));
#11094=DIRECTION('ref_axis',(1.,0.,0.));
#11095=DIRECTION('center_axis',(0.,-2.22044604925031E-16,1.));
#11096=DIRECTION('ref_axis',(0.,-1.,-2.22044604925031E-16));
#11097=DIRECTION('center_axis',(0.,2.22044604925031E-16,-1.));
#11098=DIRECTION('ref_axis',(1.,0.,0.));
#11099=DIRECTION('',(0.,2.22044604925031E-16,-1.));
#11100=DIRECTION('center_axis',(0.,-2.22044604925031E-16,1.));
#11101=DIRECTION('ref_axis',(0.,-1.,-2.22044604925031E-16));
#11102=DIRECTION('center_axis',(0.,2.22044604925031E-16,-1.));
#11103=DIRECTION('ref_axis',(1.,0.,0.));
#11104=DIRECTION('',(0.,2.22044604925031E-16,-1.));
#11105=DIRECTION('',(0.,-2.22044604925031E-16,1.));
#11106=DIRECTION('center_axis',(0.,-1.,-2.22044604925031E-16));
#11107=DIRECTION('ref_axis',(1.,0.,0.));
#11108=DIRECTION('',(0.,2.22044604925031E-16,-1.));
#11109=DIRECTION('',(1.,0.,0.));
#11110=DIRECTION('',(0.,-2.22044604925031E-16,1.));
#11111=DIRECTION('',(-0.371390676354104,2.06163240009718E-16,-0.928476690885259));
#11112=DIRECTION('center_axis',(0.,1.,2.22044604925031E-16));
#11113=DIRECTION('ref_axis',(-1.,0.,0.));
#11114=DIRECTION('',(1.,0.,0.));
#11115=DIRECTION('center_axis',(-0.928476690885259,-8.24652960038871E-17,
0.371390676354104));
#11116=DIRECTION('ref_axis',(0.,-1.,-2.22044604925031E-16));
#11117=DIRECTION('',(0.,1.,2.22044604925031E-16));
#11118=DIRECTION('',(-0.371390676354105,2.06163240009718E-16,-0.928476690885259));
#11119=DIRECTION('center_axis',(0.,-2.22044604925031E-16,1.));
#11120=DIRECTION('ref_axis',(0.,-1.,-2.22044604925031E-16));
#11121=DIRECTION('center_axis',(0.,-2.22044604925031E-16,1.));
#11122=DIRECTION('ref_axis',(1.,0.,0.));
#11123=DIRECTION('',(0.,2.22044604925031E-16,-1.));
#11124=DIRECTION('center_axis',(1.,0.,0.));
#11125=DIRECTION('ref_axis',(0.,1.,2.22044604925031E-16));
#11126=DIRECTION('',(0.,-1.,-2.22044604925031E-16));
#11127=DIRECTION('center_axis',(0.,-2.22044604925031E-16,1.));
#11128=DIRECTION('ref_axis',(0.,-1.,-2.22044604925031E-16));
#11129=DIRECTION('center_axis',(0.,-2.22044604925031E-16,1.));
#11130=DIRECTION('ref_axis',(1.,0.,0.));
#11131=DIRECTION('center_axis',(0.,2.22044604925031E-16,-1.));
#11132=DIRECTION('ref_axis',(1.,0.,0.));
#11133=DIRECTION('center_axis',(0.,-2.22044604925031E-16,1.));
#11134=DIRECTION('ref_axis',(0.,-1.,-2.22044604925031E-16));
#11135=DIRECTION('',(0.,1.,2.22044604925031E-16));
#11136=DIRECTION('',(-1.,0.,0.));
#11137=DIRECTION('',(0.,-1.,-2.22044604925031E-16));
#11138=DIRECTION('',(-1.,0.,0.));
#11139=DIRECTION('center_axis',(0.,-2.22044604925031E-16,1.));
#11140=DIRECTION('ref_axis',(1.,0.,0.));
#11141=DIRECTION('center_axis',(0.,-2.22044604925031E-16,1.));
#11142=DIRECTION('ref_axis',(1.,0.,0.));
#11143=DIRECTION('',(0.,1.,2.22044604925031E-16));
#11144=DIRECTION('center_axis',(0.,-2.22044604925031E-16,1.));
#11145=DIRECTION('ref_axis',(1.,0.,0.));
#11146=DIRECTION('center_axis',(0.,1.,2.22044604925031E-16));
#11147=DIRECTION('ref_axis',(-1.,0.,0.));
#11148=DIRECTION('',(1.,0.,0.));
#11149=DIRECTION('',(0.,2.22044604925031E-16,-1.));
#11150=DIRECTION('',(0.,-2.22044604925031E-16,1.));
#11151=DIRECTION('center_axis',(0.,-2.22044604925031E-16,1.));
#11152=DIRECTION('ref_axis',(0.,-1.,-2.22044604925031E-16));
#11153=DIRECTION('center_axis',(0.,2.22044604925031E-16,-1.));
#11154=DIRECTION('ref_axis',(1.,0.,0.));
#11155=DIRECTION('',(0.,2.22044604925031E-16,-1.));
#11156=DIRECTION('',(0.,-2.22044604925031E-16,1.));
#11157=DIRECTION('center_axis',(0.92847669088526,-8.2465296003887E-17,0.371390676354103));
#11158=DIRECTION('ref_axis',(0.,1.,2.22044604925031E-16));
#11159=DIRECTION('',(0.,-1.,-2.22044604925031E-16));
#11160=DIRECTION('center_axis',(0.,-1.,-2.22044604925031E-16));
#11161=DIRECTION('ref_axis',(1.,0.,0.));
#11162=DIRECTION('',(-1.,0.,0.));
#11163=DIRECTION('center_axis',(0.,1.,2.22044604925031E-16));
#11164=DIRECTION('ref_axis',(-1.,0.,0.));
#11165=DIRECTION('',(1.,0.,0.));
#11166=DIRECTION('',(0.,2.22044604925031E-16,-1.));
#11167=DIRECTION('center_axis',(1.,0.,0.));
#11168=DIRECTION('ref_axis',(0.,1.,2.22044604925031E-16));
#11169=DIRECTION('',(0.,-1.,-2.22044604925031E-16));
#11170=DIRECTION('',(0.,2.22044604925031E-16,-1.));
#11171=DIRECTION('center_axis',(1.,0.,0.));
#11172=DIRECTION('ref_axis',(0.,1.,2.22044604925031E-16));
#11173=DIRECTION('',(0.,-1.,-2.22044604925031E-16));
#11174=DIRECTION('center_axis',(0.,-1.,-2.22044604925031E-16));
#11175=DIRECTION('ref_axis',(1.,0.,0.));
#11176=DIRECTION('',(-1.,0.,0.));
#11177=DIRECTION('center_axis',(0.,-2.22044604925031E-16,1.));
#11178=DIRECTION('ref_axis',(0.,-1.,-2.22044604925031E-16));
#11179=DIRECTION('center_axis',(0.,-2.22044604925031E-16,1.));
#11180=DIRECTION('ref_axis',(1.,0.,0.));
#11181=DIRECTION('',(0.,2.22044604925031E-16,-1.));
#11182=DIRECTION('center_axis',(0.,1.,2.22044604925031E-16));
#11183=DIRECTION('ref_axis',(-1.,0.,0.));
#11184=DIRECTION('',(0.,-2.22044604925031E-16,1.));
#11185=DIRECTION('',(1.,0.,0.));
#11186=DIRECTION('center_axis',(0.,-2.22044604925031E-16,1.));
#11187=DIRECTION('ref_axis',(0.,-1.,-2.22044604925031E-16));
#11188=DIRECTION('center_axis',(0.,-2.22044604925031E-16,1.));
#11189=DIRECTION('ref_axis',(1.,0.,0.));
#11190=DIRECTION('center_axis',(-0.928476690885259,-8.24652960038871E-17,
0.371390676354104));
#11191=DIRECTION('ref_axis',(0.,-1.,-2.22044604925031E-16));
#11192=DIRECTION('',(0.,1.,2.22044604925031E-16));
#11193=DIRECTION('',(-0.371390676354104,2.06163240009718E-16,-0.928476690885259));
#11194=DIRECTION('',(0.,-1.,-2.22044604925031E-16));
#11195=DIRECTION('center_axis',(1.,0.,0.));
#11196=DIRECTION('ref_axis',(0.,1.,2.22044604925031E-16));
#11197=DIRECTION('',(0.,-2.22044604925031E-16,1.));
#11198=DIRECTION('center_axis',(-1.,0.,0.));
#11199=DIRECTION('ref_axis',(0.,-1.,-2.22044604925031E-16));
#11200=DIRECTION('',(0.,2.22044604925031E-16,-1.));
#11201=DIRECTION('center_axis',(-1.,0.,0.));
#11202=DIRECTION('ref_axis',(0.,-1.,-2.22044604925031E-16));
#11203=DIRECTION('',(0.,1.,2.22044604925031E-16));
#11204=DIRECTION('',(0.,2.22044604925031E-16,-1.));
#11205=DIRECTION('center_axis',(-0.928476690885259,-8.24652960038871E-17,
0.371390676354104));
#11206=DIRECTION('ref_axis',(0.,-1.,-2.22044604925031E-16));
#11207=DIRECTION('',(0.,1.,2.22044604925031E-16));
#11208=DIRECTION('center_axis',(0.,-2.22044604925031E-16,1.));
#11209=DIRECTION('ref_axis',(0.,-1.,-2.22044604925031E-16));
#11210=DIRECTION('center_axis',(0.,-2.22044604925031E-16,1.));
#11211=DIRECTION('ref_axis',(1.,0.,0.));
#11212=DIRECTION('',(0.,-2.22044604925031E-16,1.));
#11213=DIRECTION('center_axis',(0.,-1.,-2.22044604925031E-16));
#11214=DIRECTION('ref_axis',(1.,0.,0.));
#11215=DIRECTION('',(-1.,0.,0.));
#11216=DIRECTION('center_axis',(0.,-2.22044604925031E-16,1.));
#11217=DIRECTION('ref_axis',(0.,-1.,-2.22044604925031E-16));
#11218=DIRECTION('center_axis',(0.,-2.22044604925031E-16,1.));
#11219=DIRECTION('ref_axis',(1.,0.,0.));
#11220=DIRECTION('center_axis',(0.,2.22044604925031E-16,-1.));
#11221=DIRECTION('ref_axis',(0.,1.,2.22044604925031E-16));
#11222=DIRECTION('',(1.,0.,0.));
#11223=DIRECTION('center_axis',(-1.,0.,0.));
#11224=DIRECTION('ref_axis',(0.,-1.,-2.22044604925031E-16));
#11225=DIRECTION('',(0.,1.,2.22044604925031E-16));
#11226=DIRECTION('',(0.,-2.22044604925031E-16,1.));
#11227=DIRECTION('center_axis',(0.,1.,2.22044604925031E-16));
#11228=DIRECTION('ref_axis',(-1.,0.,0.));
#11229=DIRECTION('',(1.,0.,0.));
#11230=DIRECTION('center_axis',(0.,-2.22044604925031E-16,1.));
#11231=DIRECTION('ref_axis',(0.,-1.,-2.22044604925031E-16));
#11232=DIRECTION('center_axis',(0.,-2.22044604925031E-16,1.));
#11233=DIRECTION('ref_axis',(1.,0.,0.));
#11234=DIRECTION('center_axis',(0.,-1.,-2.22044604925031E-16));
#11235=DIRECTION('ref_axis',(1.,0.,0.));
#11236=DIRECTION('',(-1.,0.,0.));
#11237=DIRECTION('center_axis',(0.,-2.22044604925031E-16,1.));
#11238=DIRECTION('ref_axis',(0.,-1.,-2.22044604925031E-16));
#11239=DIRECTION('center_axis',(0.,-2.22044604925031E-16,1.));
#11240=DIRECTION('ref_axis',(1.,0.,0.));
#11241=DIRECTION('center_axis',(0.,-2.22044604925031E-16,1.));
#11242=DIRECTION('ref_axis',(0.,-1.,-2.22044604925031E-16));
#11243=DIRECTION('center_axis',(0.,-2.22044604925031E-16,1.));
#11244=DIRECTION('ref_axis',(1.,0.,0.));
#11245=DIRECTION('center_axis',(0.,-2.22044604925031E-16,1.));
#11246=DIRECTION('ref_axis',(0.,-1.,-2.22044604925031E-16));
#11247=DIRECTION('',(0.,1.,2.22044604925031E-16));
#11248=DIRECTION('',(1.,0.,0.));
#11249=DIRECTION('center_axis',(0.,2.22044604925031E-16,-1.));
#11250=DIRECTION('ref_axis',(1.,0.,0.));
#11251=DIRECTION('center_axis',(1.,0.,0.));
#11252=DIRECTION('ref_axis',(0.,1.,2.22044604925031E-16));
#11253=DIRECTION('',(0.,2.22044604925031E-16,-1.));
#11254=DIRECTION('',(0.,-2.22044604925031E-16,1.));
#11255=DIRECTION('',(0.,-1.,-2.22044604925031E-16));
#11256=DIRECTION('center_axis',(0.,-2.22044604925031E-16,1.));
#11257=DIRECTION('ref_axis',(0.,-1.,-2.22044604925031E-16));
#11258=DIRECTION('',(0.,-2.22044604925031E-16,1.));
#11259=DIRECTION('center_axis',(0.,-1.,-2.22044604925031E-16));
#11260=DIRECTION('ref_axis',(1.,0.,0.));
#11261=DIRECTION('',(-0.371390676354103,-2.06163240009718E-16,0.928476690885259));
#11262=DIRECTION('center_axis',(0.,-1.,-2.22044604925031E-16));
#11263=DIRECTION('ref_axis',(1.,0.,0.));
#11264=DIRECTION('',(0.371390676354103,2.06163240009718E-16,-0.928476690885259));
#11265=DIRECTION('center_axis',(0.92847669088526,-8.2465296003887E-17,0.371390676354103));
#11266=DIRECTION('ref_axis',(0.,1.,2.22044604925031E-16));
#11267=DIRECTION('',(0.,0.,1.));
#11268=DIRECTION('',(1.,0.,0.));
#11269=CARTESIAN_POINT('',(0.,0.,0.));
#11270=CARTESIAN_POINT('',(0.,0.,0.));
#11271=CARTESIAN_POINT('Origin',(-9.42174709155714,16.5,10.63));
#11272=CARTESIAN_POINT('',(-9.42174709155714,16.5,10.93));
#11273=CARTESIAN_POINT('',(-9.15905625566522,15.396908916759,10.7748914239643));
#11274=CARTESIAN_POINT('Ctrl Pts',(-9.42174709155714,16.5,10.93));
#11275=CARTESIAN_POINT('Ctrl Pts',(-9.35532623263406,16.2574653151931,10.93));
#11276=CARTESIAN_POINT('Ctrl Pts',(-9.28210970039071,15.9926632922729,10.9066128615664));
#11277=CARTESIAN_POINT('Ctrl Pts',(-9.19870933543019,15.6187145439908,10.8334005132129));
#11278=CARTESIAN_POINT('Ctrl Pts',(-9.17641173212598,15.5065848879902,10.8063572243135));
#11279=CARTESIAN_POINT('Ctrl Pts',(-9.15905625566523,15.396908916759,10.7748914239643));
#11280=CARTESIAN_POINT('',(-9.14349396933636,15.3167419351236,10.7421391990982));
#11281=CARTESIAN_POINT('Ctrl Pts',(-9.14349396933637,15.3167419351236,10.7421391990982));
#11282=CARTESIAN_POINT('Ctrl Pts',(-9.14516083200197,15.3243795877388,10.746275217054));
#11283=CARTESIAN_POINT('Ctrl Pts',(-9.146835720202,15.3321570619139,10.750165039995));
#11284=CARTESIAN_POINT('Ctrl Pts',(-9.15231127936276,15.3584321680817,10.7622516270918));
#11285=CARTESIAN_POINT('Ctrl Pts',(-9.15598136504977,15.377477493171,10.7693165903133));
#11286=CARTESIAN_POINT('Ctrl Pts',(-9.15905625566523,15.396908916759,10.7748914239643));
#11287=CARTESIAN_POINT('',(-9.14349396933636,17.6832580648764,10.7421391990982));
#11288=CARTESIAN_POINT('',(-9.14349396933635,15.3167419351236,10.7421391990982));
#11289=CARTESIAN_POINT('',(-9.15905625566522,17.603091083241,10.7748914239643));
#11290=CARTESIAN_POINT('Ctrl Pts',(-9.15905625566523,17.603091083241,10.7748914239643));
#11291=CARTESIAN_POINT('Ctrl Pts',(-9.15598136504977,17.622522506829,10.7693165903133));
#11292=CARTESIAN_POINT('Ctrl Pts',(-9.15231127936276,17.6415678319183,10.7622516270918));
#11293=CARTESIAN_POINT('Ctrl Pts',(-9.14683572020199,17.6678429380861,10.750165039995));
#11294=CARTESIAN_POINT('Ctrl Pts',(-9.14516083200197,17.6756204122612,10.746275217054));
#11295=CARTESIAN_POINT('Ctrl Pts',(-9.14349396933637,17.6832580648764,10.7421391990982));
#11296=CARTESIAN_POINT('Ctrl Pts',(-9.15905625566523,17.603091083241,10.7748914239643));
#11297=CARTESIAN_POINT('Ctrl Pts',(-9.17641173212597,17.4934151120098,10.8063572243135));
#11298=CARTESIAN_POINT('Ctrl Pts',(-9.19870933543019,17.3812854560092,10.8334005132129));
#11299=CARTESIAN_POINT('Ctrl Pts',(-9.28210970039071,17.0073367077271,10.9066128615664));
#11300=CARTESIAN_POINT('Ctrl Pts',(-9.35532623263406,16.7425346848069,10.93));
#11301=CARTESIAN_POINT('Ctrl Pts',(-9.42174709155714,16.5,10.93));
#11302=CARTESIAN_POINT('Origin',(-9.78587354577857,16.5,6.92999999999995));
#11303=CARTESIAN_POINT('',(-10.4126908358919,17.603091083241,10.7748914239643));
#11304=CARTESIAN_POINT('',(-9.15905625566522,17.603091083241,10.7748914239643));
#11305=CARTESIAN_POINT('',(-10.15,16.5,10.93));
#11306=CARTESIAN_POINT('Ctrl Pts',(-10.4126908358919,17.603091083241,10.7748914239643));
#11307=CARTESIAN_POINT('Ctrl Pts',(-10.3953353594312,17.4934151120098,10.8063572243135));
#11308=CARTESIAN_POINT('Ctrl Pts',(-10.373037756127,17.3812854560092,10.8334005132129));
#11309=CARTESIAN_POINT('Ctrl Pts',(-10.2896373911665,17.0073367077271,10.9066128615664));
#11310=CARTESIAN_POINT('Ctrl Pts',(-10.2164208589231,16.742534684807,10.93));
#11311=CARTESIAN_POINT('Ctrl Pts',(-10.15,16.5,10.93));
#11312=CARTESIAN_POINT('',(-10.4126908358919,15.3969089167591,10.7748914239643));
#11313=CARTESIAN_POINT('Ctrl Pts',(-10.15,16.5,10.93));
#11314=CARTESIAN_POINT('Ctrl Pts',(-10.2164208589231,16.2574653151931,10.93));
#11315=CARTESIAN_POINT('Ctrl Pts',(-10.2896373911664,15.9926632922729,10.9066128615664));
#11316=CARTESIAN_POINT('Ctrl Pts',(-10.373037756127,15.6187145439908,10.8334005132129));
#11317=CARTESIAN_POINT('Ctrl Pts',(-10.3953353594312,15.5065848879902,10.8063572243135));
#11318=CARTESIAN_POINT('Ctrl Pts',(-10.4126908358919,15.3969089167591,10.7748914239643));
#11319=CARTESIAN_POINT('',(-10.4126908358919,15.396908916759,10.7748914239643));
#11320=CARTESIAN_POINT('Origin',(-8.66486938281752,18.05,9.55451893213093));
#11321=CARTESIAN_POINT('',(-9.05694647037972,15.1314054135575,10.5273872479629));
#11322=CARTESIAN_POINT('Origin',(-9.00173995805944,15.5072180250832,10.3904022815679));
#11323=CARTESIAN_POINT('',(-8.64289762797769,14.95,9.5));
#11324=CARTESIAN_POINT('Origin',(-8.64289762797769,17.95,9.49999999999999));
#11325=CARTESIAN_POINT('',(-8.18624479629869,14.95,8.36689866516366));
#11326=CARTESIAN_POINT('',(-8.64289762797769,14.95,9.5));
#11327=CARTESIAN_POINT('',(-8.18624479629869,18.05,8.36689866516366));
#11328=CARTESIAN_POINT('',(-8.18624479629869,14.95,8.36689866516366));
#11329=CARTESIAN_POINT('',(-8.6428976279777,18.05,9.5));
#11330=CARTESIAN_POINT('',(-8.18624479629869,18.05,8.36689866516366));
#11331=CARTESIAN_POINT('',(-9.05694647037972,17.8685945864425,10.5273872479629));
#11332=CARTESIAN_POINT('Origin',(-8.64289762797769,15.05,9.5));
#11333=CARTESIAN_POINT('Origin',(-9.00173995805944,17.4927819749169,10.3904022815679));
#11334=CARTESIAN_POINT('Origin',(-9.2931,14.95,5.23152350961961));
#11335=CARTESIAN_POINT('',(-10.45,14.95,9.49999999999999));
#11336=CARTESIAN_POINT('',(-10.45,14.95,5.25698161990021));
#11337=CARTESIAN_POINT('',(-10.45,14.95,9.49999999999999));
#11338=CARTESIAN_POINT('',(-8.26697777844051,14.95,7.85860619515673));
#11339=CARTESIAN_POINT('',(-10.45,14.95,5.25698161990021));
#11340=CARTESIAN_POINT('Origin',(-8.65000000000001,14.95,8.18));
#11341=CARTESIAN_POINT('',(-8.64289762797769,14.95,9.49999999999999));
#11342=CARTESIAN_POINT('Origin',(-8.65000000000001,16.5,8.18));
#11343=CARTESIAN_POINT('',(-8.26697777844051,18.05,7.85860619515673));
#11344=CARTESIAN_POINT('',(-8.26697777844051,14.95,7.85860619515673));
#11345=CARTESIAN_POINT('Origin',(-8.65000000000001,18.05,8.18));
#11346=CARTESIAN_POINT('Origin',(-9.749294074601,15.5072180250832,10.3904022815679));
#11347=CARTESIAN_POINT('',(-10.45,15.1869167086292,10.63));
#11348=CARTESIAN_POINT('Ctrl Pts',(-10.4126908358919,15.3969089167591,10.7748914239643));
#11349=CARTESIAN_POINT('Ctrl Pts',(-10.4157657265074,15.377477493171,10.7693165903133));
#11350=CARTESIAN_POINT('Ctrl Pts',(-10.4194358121944,15.3584321680818,10.7622516270918));
#11351=CARTESIAN_POINT('Ctrl Pts',(-10.4342177100806,15.2874995153758,10.729622503561));
#11352=CARTESIAN_POINT('Ctrl Pts',(-10.4462653271304,15.2404306303147,10.6937016696431));
#11353=CARTESIAN_POINT('Ctrl Pts',(-10.449729979004,15.1980590319418,10.6443659805268));
#11354=CARTESIAN_POINT('Ctrl Pts',(-10.45,15.1924047035148,10.6373365138785));
#11355=CARTESIAN_POINT('Ctrl Pts',(-10.45,15.1869167086292,10.63));
#11356=CARTESIAN_POINT('',(-10.45,15.1314054135575,10.5273872479629));
#11357=CARTESIAN_POINT('Origin',(-10.45,15.5072180250832,10.3904022815679));
#11358=CARTESIAN_POINT('',(-10.45,15.1314054135575,10.5273872479629));
#11359=CARTESIAN_POINT('Origin',(-9.54102750687278,17.95,9.49999999999999));
#11360=CARTESIAN_POINT('Origin',(-10.45,17.95,9.49999999999999));
#11361=CARTESIAN_POINT('Origin',(-10.15,16.5,10.63));
#11362=CARTESIAN_POINT('',(-10.45,17.8130832913708,10.63));
#11363=CARTESIAN_POINT('',(-10.45,17.8130832913708,10.63));
#11364=CARTESIAN_POINT('Ctrl Pts',(-10.4126908358919,17.603091083241,10.7748914239643));
#11365=CARTESIAN_POINT('Ctrl Pts',(-10.4164105488771,17.6265973888888,10.7681475154112));
#11366=CARTESIAN_POINT('Ctrl Pts',(-10.4209998160132,17.6495119319764,10.7592295423368));
#11367=CARTESIAN_POINT('Ctrl Pts',(-10.4375477324295,17.7267811033865,10.7206699080368));
#11368=CARTESIAN_POINT('Ctrl Pts',(-10.4498064722107,17.7755214727362,10.679834282157));
#11369=CARTESIAN_POINT('Ctrl Pts',(-10.449999223287,17.8124933562607,10.6307871259737));
#11370=CARTESIAN_POINT('Ctrl Pts',(-10.45,17.8127884646982,10.6303941330159));
#11371=CARTESIAN_POINT('Ctrl Pts',(-10.45,17.8130832913708,10.63));
#11372=CARTESIAN_POINT('Origin',(-9.54102750687278,15.05,9.5));
#11373=CARTESIAN_POINT('',(-10.45,18.05,9.5));
#11374=CARTESIAN_POINT('',(-8.6428976279777,18.05,9.5));
#11375=CARTESIAN_POINT('',(-10.45,17.8685945864425,10.5273872479629));
#11376=CARTESIAN_POINT('Origin',(-10.45,15.05,9.5));
#11377=CARTESIAN_POINT('',(-10.45,17.8685945864425,10.5273872479629));
#11378=CARTESIAN_POINT('Origin',(-9.42174709155714,13.,10.63));
#11379=CARTESIAN_POINT('',(-9.42174709155714,13.,10.93));
#11380=CARTESIAN_POINT('',(-9.15905625566522,11.896908916759,10.7748914239643));
#11381=CARTESIAN_POINT('Ctrl Pts',(-9.42174709155714,13.,10.93));
#11382=CARTESIAN_POINT('Ctrl Pts',(-9.35532623263406,12.7574653151931,10.93));
#11383=CARTESIAN_POINT('Ctrl Pts',(-9.28210970039071,12.4926632922729,10.9066128615664));
#11384=CARTESIAN_POINT('Ctrl Pts',(-9.19870933543019,12.1187145439908,10.8334005132129));
#11385=CARTESIAN_POINT('Ctrl Pts',(-9.17641173212598,12.0065848879902,10.8063572243135));
#11386=CARTESIAN_POINT('Ctrl Pts',(-9.15905625566524,11.896908916759,10.7748914239643));
#11387=CARTESIAN_POINT('',(-9.14349396933636,11.8167419351236,10.7421391990982));
#11388=CARTESIAN_POINT('Ctrl Pts',(-9.14349396933637,11.8167419351236,10.7421391990982));
#11389=CARTESIAN_POINT('Ctrl Pts',(-9.14516083200197,11.8243795877388,10.746275217054));
#11390=CARTESIAN_POINT('Ctrl Pts',(-9.146835720202,11.8321570619139,10.750165039995));
#11391=CARTESIAN_POINT('Ctrl Pts',(-9.15231127936276,11.8584321680817,10.7622516270918));
#11392=CARTESIAN_POINT('Ctrl Pts',(-9.15598136504977,11.877477493171,10.7693165903133));
#11393=CARTESIAN_POINT('Ctrl Pts',(-9.15905625566523,11.896908916759,10.7748914239643));
#11394=CARTESIAN_POINT('',(-9.14349396933636,14.1832580648764,10.7421391990982));
#11395=CARTESIAN_POINT('',(-9.14349396933635,11.8167419351236,10.7421391990982));
#11396=CARTESIAN_POINT('',(-9.15905625566522,14.103091083241,10.7748914239643));
#11397=CARTESIAN_POINT('Ctrl Pts',(-9.15905625566523,14.103091083241,10.7748914239643));
#11398=CARTESIAN_POINT('Ctrl Pts',(-9.15598136504977,14.122522506829,10.7693165903133));
#11399=CARTESIAN_POINT('Ctrl Pts',(-9.15231127936276,14.1415678319183,10.7622516270918));
#11400=CARTESIAN_POINT('Ctrl Pts',(-9.146835720202,14.1678429380861,10.750165039995));
#11401=CARTESIAN_POINT('Ctrl Pts',(-9.14516083200197,14.1756204122612,10.746275217054));
#11402=CARTESIAN_POINT('Ctrl Pts',(-9.14349396933637,14.1832580648764,10.7421391990982));
#11403=CARTESIAN_POINT('Ctrl Pts',(-9.15905625566524,14.103091083241,10.7748914239643));
#11404=CARTESIAN_POINT('Ctrl Pts',(-9.17641173212598,13.9934151120098,10.8063572243135));
#11405=CARTESIAN_POINT('Ctrl Pts',(-9.19870933543019,13.8812854560092,10.8334005132129));
#11406=CARTESIAN_POINT('Ctrl Pts',(-9.28210970039071,13.5073367077271,10.9066128615664));
#11407=CARTESIAN_POINT('Ctrl Pts',(-9.35532623263406,13.242534684807,10.93));
#11408=CARTESIAN_POINT('Ctrl Pts',(-9.42174709155714,13.,10.93));
#11409=CARTESIAN_POINT('Origin',(-9.78587354577857,13.,6.92999999999995));
#11410=CARTESIAN_POINT('',(-10.4126908358919,14.103091083241,10.7748914239643));
#11411=CARTESIAN_POINT('',(-9.15905625566522,14.103091083241,10.7748914239643));
#11412=CARTESIAN_POINT('',(-10.15,13.,10.93));
#11413=CARTESIAN_POINT('Ctrl Pts',(-10.4126908358919,14.103091083241,10.7748914239643));
#11414=CARTESIAN_POINT('Ctrl Pts',(-10.3953353594312,13.9934151120098,10.8063572243135));
#11415=CARTESIAN_POINT('Ctrl Pts',(-10.373037756127,13.8812854560092,10.8334005132129));
#11416=CARTESIAN_POINT('Ctrl Pts',(-10.2896373911664,13.5073367077271,10.9066128615664));
#11417=CARTESIAN_POINT('Ctrl Pts',(-10.2164208589231,13.242534684807,10.93));
#11418=CARTESIAN_POINT('Ctrl Pts',(-10.15,13.,10.93));
#11419=CARTESIAN_POINT('',(-10.4126908358919,11.8969089167591,10.7748914239643));
#11420=CARTESIAN_POINT('Ctrl Pts',(-10.15,13.,10.93));
#11421=CARTESIAN_POINT('Ctrl Pts',(-10.2164208589231,12.7574653151931,10.93));
#11422=CARTESIAN_POINT('Ctrl Pts',(-10.2896373911664,12.4926632922729,10.9066128615664));
#11423=CARTESIAN_POINT('Ctrl Pts',(-10.373037756127,12.1187145439908,10.8334005132129));
#11424=CARTESIAN_POINT('Ctrl Pts',(-10.3953353594312,12.0065848879902,10.8063572243135));
#11425=CARTESIAN_POINT('Ctrl Pts',(-10.4126908358919,11.8969089167591,10.7748914239643));
#11426=CARTESIAN_POINT('',(-10.4126908358919,11.896908916759,10.7748914239643));
#11427=CARTESIAN_POINT('Origin',(-9.2931,18.05,5.23152350961961));
#11428=CARTESIAN_POINT('',(-10.45,18.05,5.25698161990021));
#11429=CARTESIAN_POINT('',(-10.45,18.05,5.25698161990021));
#11430=CARTESIAN_POINT('',(-8.26697777844051,18.05,7.85860619515673));
#11431=CARTESIAN_POINT('Origin',(-9.749294074601,17.4927819749169,10.3904022815679));
#11432=CARTESIAN_POINT('Origin',(-10.45,17.4927819749169,10.3904022815679));
#11433=CARTESIAN_POINT('Origin',(-5.,20.79,-9.25));
#11434=CARTESIAN_POINT('',(-5.25,20.79,-9.25));
#11435=CARTESIAN_POINT('',(-5.25,20.79,-4.45));
#11436=CARTESIAN_POINT('',(-5.25,20.79,-9.25));
#11437=CARTESIAN_POINT('',(-4.75,20.79,-4.45));
#11438=CARTESIAN_POINT('',(-5.25,20.79,-4.45));
#11439=CARTESIAN_POINT('',(-4.75,20.79,-9.25));
#11440=CARTESIAN_POINT('',(-4.75,20.79,-4.45));
#11441=CARTESIAN_POINT('',(-4.75,20.79,-9.25));
#11442=CARTESIAN_POINT('Origin',(-5.,19.79,-9.25));
#11443=CARTESIAN_POINT('',(-5.25,19.79,-4.45));
#11444=CARTESIAN_POINT('',(-5.25,19.79,-9.25));
#11445=CARTESIAN_POINT('',(-5.25,19.79,-4.45));
#11446=CARTESIAN_POINT('',(-4.75,19.79,-9.25));
#11447=CARTESIAN_POINT('',(-5.25,19.79,-9.25));
#11448=CARTESIAN_POINT('',(-4.75,19.79,-4.45));
#11449=CARTESIAN_POINT('',(-4.75,19.79,-9.25));
#11450=CARTESIAN_POINT('',(-4.75,19.79,-4.45));
#11451=CARTESIAN_POINT('Origin',(-9.78587354577857,20.,6.92999999999995));
#11452=CARTESIAN_POINT('',(-9.15905625566522,21.103091083241,10.7748914239643));
#11453=CARTESIAN_POINT('',(-10.4126908358919,21.103091083241,10.7748914239643));
#11454=CARTESIAN_POINT('',(-9.15905625566522,21.103091083241,10.7748914239643));
#11455=CARTESIAN_POINT('',(-10.15,20.,10.93));
#11456=CARTESIAN_POINT('Ctrl Pts',(-10.4126908358919,21.103091083241,10.7748914239643));
#11457=CARTESIAN_POINT('Ctrl Pts',(-10.3953353594312,20.9934151120098,10.8063572243135));
#11458=CARTESIAN_POINT('Ctrl Pts',(-10.373037756127,20.8812854560092,10.8334005132129));
#11459=CARTESIAN_POINT('Ctrl Pts',(-10.2896373911665,20.5073367077271,10.9066128615664));
#11460=CARTESIAN_POINT('Ctrl Pts',(-10.2164208589231,20.242534684807,10.93));
#11461=CARTESIAN_POINT('Ctrl Pts',(-10.15,20.,10.93));
#11462=CARTESIAN_POINT('',(-10.4126908358919,18.8969089167591,10.7748914239643));
#11463=CARTESIAN_POINT('Ctrl Pts',(-10.15,20.,10.93));
#11464=CARTESIAN_POINT('Ctrl Pts',(-10.2164208589231,19.7574653151931,10.93));
#11465=CARTESIAN_POINT('Ctrl Pts',(-10.2896373911664,19.4926632922729,10.9066128615664));
#11466=CARTESIAN_POINT('Ctrl Pts',(-10.373037756127,19.1187145439908,10.8334005132129));
#11467=CARTESIAN_POINT('Ctrl Pts',(-10.3953353594312,19.0065848879902,10.8063572243135));
#11468=CARTESIAN_POINT('Ctrl Pts',(-10.4126908358919,18.8969089167591,10.7748914239643));
#11469=CARTESIAN_POINT('',(-9.15905625566522,18.896908916759,10.7748914239643));
#11470=CARTESIAN_POINT('',(-10.4126908358919,18.896908916759,10.7748914239643));
#11471=CARTESIAN_POINT('',(-9.42174709155713,20.,10.93));
#11472=CARTESIAN_POINT('Ctrl Pts',(-9.15905625566523,18.896908916759,10.7748914239643));
#11473=CARTESIAN_POINT('Ctrl Pts',(-9.17641173212597,19.0065848879902,10.8063572243135));
#11474=CARTESIAN_POINT('Ctrl Pts',(-9.19870933543019,19.1187145439908,10.8334005132129));
#11475=CARTESIAN_POINT('Ctrl Pts',(-9.28210970039071,19.4926632922729,10.9066128615664));
#11476=CARTESIAN_POINT('Ctrl Pts',(-9.35532623263406,19.7574653151931,10.93));
#11477=CARTESIAN_POINT('Ctrl Pts',(-9.42174709155714,20.,10.93));
#11478=CARTESIAN_POINT('Ctrl Pts',(-9.42174709155714,20.,10.93));
#11479=CARTESIAN_POINT('Ctrl Pts',(-9.35532623263405,20.242534684807,10.93));
#11480=CARTESIAN_POINT('Ctrl Pts',(-9.28210970039071,20.5073367077271,10.9066128615664));
#11481=CARTESIAN_POINT('Ctrl Pts',(-9.19870933543019,20.8812854560092,10.8334005132129));
#11482=CARTESIAN_POINT('Ctrl Pts',(-9.17641173212597,20.9934151120098,10.8063572243135));
#11483=CARTESIAN_POINT('Ctrl Pts',(-9.15905625566523,21.103091083241,10.7748914239643));
#11484=CARTESIAN_POINT('Origin',(-9.56167496472888,17.8,-0.320024406507301));
#11485=CARTESIAN_POINT('',(-10.3329475928589,17.8,1.13052843721411));
#11486=CARTESIAN_POINT('',(-8.79040233659882,17.8,-1.77057725022871));
#11487=CARTESIAN_POINT('',(-10.3329475928589,17.8,1.13052843721411));
#11488=CARTESIAN_POINT('',(-8.79040233659882,15.2,-1.77057725022871));
#11489=CARTESIAN_POINT('',(-8.79040233659882,17.8,-1.77057725022871));
#11490=CARTESIAN_POINT('',(-10.3329475928589,15.2,1.13052843721411));
#11491=CARTESIAN_POINT('',(-8.79040233659882,15.2,-1.77057725022871));
#11492=CARTESIAN_POINT('',(-10.3329475928589,15.2,1.13052843721411));
#11493=CARTESIAN_POINT('Origin',(-9.35848888922025,18.05,6.55779390752847));
#11494=CARTESIAN_POINT('',(-8.7,15.2,7.34255040694008));
#11495=CARTESIAN_POINT('',(-8.7,17.8,7.34255040694008));
#11496=CARTESIAN_POINT('',(-8.7,15.2,7.34255040694008));
#11497=CARTESIAN_POINT('',(-10.45,17.8,5.25698161990021));
#11498=CARTESIAN_POINT('',(-8.7,17.8,7.34255040694008));
#11499=CARTESIAN_POINT('',(-10.45,17.8,5.25698161990021));
#11500=CARTESIAN_POINT('',(-10.45,15.2,5.25698161990021));
#11501=CARTESIAN_POINT('',(-10.45,14.95,5.25698161990021));
#11502=CARTESIAN_POINT('',(-10.45,15.2,5.25698161990021));
#11503=CARTESIAN_POINT('Origin',(-10.15,13.,10.63));
#11504=CARTESIAN_POINT('',(-10.45,14.3130832913708,10.63));
#11505=CARTESIAN_POINT('',(-10.45,11.6869167086292,10.63));
#11506=CARTESIAN_POINT('',(-10.45,14.3130832913708,10.63));
#11507=CARTESIAN_POINT('Ctrl Pts',(-10.45,11.6869167086292,10.63));
#11508=CARTESIAN_POINT('Ctrl Pts',(-10.45,11.6872115353018,10.6303941330159));
#11509=CARTESIAN_POINT('Ctrl Pts',(-10.449999223287,11.6875066437393,10.6307871259737));
#11510=CARTESIAN_POINT('Ctrl Pts',(-10.4498064722107,11.7244785272638,10.679834282157));
#11511=CARTESIAN_POINT('Ctrl Pts',(-10.4375477324295,11.7732188966135,10.7206699080368));
#11512=CARTESIAN_POINT('Ctrl Pts',(-10.4209998160132,11.8504880680236,10.7592295423368));
#11513=CARTESIAN_POINT('Ctrl Pts',(-10.4164105488771,11.8734026111113,10.7681475154112));
#11514=CARTESIAN_POINT('Ctrl Pts',(-10.4126908358919,11.8969089167591,10.7748914239643));
#11515=CARTESIAN_POINT('Ctrl Pts',(-10.4126908358919,14.103091083241,10.7748914239643));
#11516=CARTESIAN_POINT('Ctrl Pts',(-10.4164105488771,14.1265973888888,10.7681475154112));
#11517=CARTESIAN_POINT('Ctrl Pts',(-10.4209998160132,14.1495119319764,10.7592295423368));
#11518=CARTESIAN_POINT('Ctrl Pts',(-10.4375477324295,14.2267811033865,10.7206699080368));
#11519=CARTESIAN_POINT('Ctrl Pts',(-10.4498064722107,14.2755214727362,10.679834282157));
#11520=CARTESIAN_POINT('Ctrl Pts',(-10.449999223287,14.3124933562607,10.6307871259737));
#11521=CARTESIAN_POINT('Ctrl Pts',(-10.45,14.3127884646982,10.6303941330159));
#11522=CARTESIAN_POINT('Ctrl Pts',(-10.45,14.3130832913708,10.63));
#11523=CARTESIAN_POINT('Origin',(-10.45,16.5,1.6));
#11524=CARTESIAN_POINT('',(-10.45,17.8,1.6));
#11525=CARTESIAN_POINT('',(-10.45,17.8,5.25698161990021));
#11526=CARTESIAN_POINT('',(-10.45,15.2,1.6));
#11527=CARTESIAN_POINT('',(-10.45,17.8,1.6));
#11528=CARTESIAN_POINT('',(-10.45,15.2,1.6));
#11529=CARTESIAN_POINT('Origin',(-9.525,15.2,-2.06247701514214));
#11530=CARTESIAN_POINT('',(-8.7,15.2,1.43));
#11531=CARTESIAN_POINT('',(-8.7,15.2,1.43));
#11532=CARTESIAN_POINT('Origin',(-9.44999999999999,15.2,1.6));
#11533=CARTESIAN_POINT('',(-8.6,15.2,-2.00638341222714));
#11534=CARTESIAN_POINT('Origin',(-8.08404426231168,15.2,-1.395));
#11535=CARTESIAN_POINT('',(-8.6,15.2,1.43));
#11536=CARTESIAN_POINT('',(-8.6,15.2,-2.00638341222714));
#11537=CARTESIAN_POINT('',(-8.6,15.2,1.43));
#11538=CARTESIAN_POINT('Origin',(-5.25,13.29,-9.25));
#11539=CARTESIAN_POINT('',(-5.25,12.79,-9.25));
#11540=CARTESIAN_POINT('',(-5.25,13.79,-9.25));
#11541=CARTESIAN_POINT('',(-5.25,12.79,-9.25));
#11542=CARTESIAN_POINT('',(-4.75,13.79,-9.25));
#11543=CARTESIAN_POINT('',(-5.25,13.79,-9.25));
#11544=CARTESIAN_POINT('',(-4.75,12.79,-9.25));
#11545=CARTESIAN_POINT('',(-4.75,13.79,-9.25));
#11546=CARTESIAN_POINT('',(-4.75,12.79,-9.25));
#11547=CARTESIAN_POINT('Origin',(-5.,16.29,-9.25));
#11548=CARTESIAN_POINT('',(-5.25,16.29,-4.45));
#11549=CARTESIAN_POINT('',(-5.25,16.29,-9.25));
#11550=CARTESIAN_POINT('',(-5.25,16.29,-4.45));
#11551=CARTESIAN_POINT('',(-4.75,16.29,-9.25));
#11552=CARTESIAN_POINT('',(-5.25,16.29,-9.25));
#11553=CARTESIAN_POINT('',(-4.75,16.29,-4.45));
#11554=CARTESIAN_POINT('',(-4.75,16.29,-9.25));
#11555=CARTESIAN_POINT('',(-4.75,16.29,-4.45));
#11556=CARTESIAN_POINT('Origin',(-9.44999999999999,16.5,1.6));
#11557=CARTESIAN_POINT('Origin',(-9.44999999999999,17.8,1.6));
#11558=CARTESIAN_POINT('Origin',(-8.08404426231168,16.5,-1.395));
#11559=CARTESIAN_POINT('',(-8.6,17.8,-2.00638341222714));
#11560=CARTESIAN_POINT('Origin',(-8.08404426231168,17.8,-1.395));
#11561=CARTESIAN_POINT('',(-8.6,17.8,-2.00638341222714));
#11562=CARTESIAN_POINT('Origin',(-9.2931,11.45,5.23152350961961));
#11563=CARTESIAN_POINT('',(-10.45,11.45,9.49999999999999));
#11564=CARTESIAN_POINT('',(-10.45,11.45,5.25698161990021));
#11565=CARTESIAN_POINT('',(-10.45,11.45,9.49999999999999));
#11566=CARTESIAN_POINT('',(-8.26697777844051,11.45,7.85860619515673));
#11567=CARTESIAN_POINT('',(-10.45,11.45,5.25698161990021));
#11568=CARTESIAN_POINT('',(-8.18624479629869,11.45,8.36689866516366));
#11569=CARTESIAN_POINT('Origin',(-8.65000000000001,11.45,8.18));
#11570=CARTESIAN_POINT('',(-8.64289762797769,11.45,9.5));
#11571=CARTESIAN_POINT('',(-8.18624479629869,11.45,8.36689866516366));
#11572=CARTESIAN_POINT('',(-8.64289762797769,11.45,9.49999999999999));
#11573=CARTESIAN_POINT('Origin',(-8.7,13.,1.43));
#11574=CARTESIAN_POINT('',(-8.7,14.3,1.43));
#11575=CARTESIAN_POINT('',(-8.7,14.3,7.34255040694008));
#11576=CARTESIAN_POINT('',(-8.7,14.3,1.43));
#11577=CARTESIAN_POINT('',(-8.7,11.7,7.34255040694008));
#11578=CARTESIAN_POINT('',(-8.7,14.3,7.34255040694008));
#11579=CARTESIAN_POINT('',(-8.7,11.7,1.43));
#11580=CARTESIAN_POINT('',(-8.7,11.7,7.34255040694008));
#11581=CARTESIAN_POINT('',(-8.7,11.7,1.43));
#11582=CARTESIAN_POINT('Origin',(-5.25,16.79,-9.25));
#11583=CARTESIAN_POINT('',(-5.25,17.29,-4.45));
#11584=CARTESIAN_POINT('',(-5.25,16.29,-4.45));
#11585=CARTESIAN_POINT('',(-5.25,17.29,-9.25));
#11586=CARTESIAN_POINT('',(-5.25,17.29,-4.45));
#11587=CARTESIAN_POINT('',(-5.25,17.29,-9.25));
#11588=CARTESIAN_POINT('Origin',(-4.75,16.79,-9.25));
#11589=CARTESIAN_POINT('',(-4.75,17.29,-9.25));
#11590=CARTESIAN_POINT('',(-4.75,16.29,-9.25));
#11591=CARTESIAN_POINT('',(-4.75,17.29,-4.45));
#11592=CARTESIAN_POINT('',(-4.75,17.29,-9.25));
#11593=CARTESIAN_POINT('',(-4.75,17.29,-4.45));
#11594=CARTESIAN_POINT('Origin',(-9.525,11.7,-2.06247701514214));
#11595=CARTESIAN_POINT('',(-10.45,11.7,5.25698161990021));
#11596=CARTESIAN_POINT('',(-8.7,11.7,7.34255040694008));
#11597=CARTESIAN_POINT('',(-10.45,11.7,1.6));
#11598=CARTESIAN_POINT('',(-10.45,11.7,5.25698161990021));
#11599=CARTESIAN_POINT('',(-10.3329475928589,11.7,1.1305284372141));
#11600=CARTESIAN_POINT('Origin',(-9.44999999999999,11.7,1.6));
#11601=CARTESIAN_POINT('',(-8.79040233659882,11.7,-1.77057725022871));
#11602=CARTESIAN_POINT('',(-10.3329475928589,11.7,1.13052843721411));
#11603=CARTESIAN_POINT('',(-8.6,11.7,-2.00638341222714));
#11604=CARTESIAN_POINT('Origin',(-8.08404426231168,11.7,-1.395));
#11605=CARTESIAN_POINT('',(-8.6,11.7,1.43));
#11606=CARTESIAN_POINT('',(-8.6,11.7,-2.00638341222714));
#11607=CARTESIAN_POINT('',(-8.6,11.7,1.43));
#11608=CARTESIAN_POINT('Origin',(-9.54102750687278,11.55,9.5));
#11609=CARTESIAN_POINT('',(-8.64289762797769,14.55,9.50000000000001));
#11610=CARTESIAN_POINT('',(-10.45,14.55,9.5));
#11611=CARTESIAN_POINT('',(-8.6428976279777,14.55,9.5));
#11612=CARTESIAN_POINT('',(-10.45,14.3685945864425,10.5273872479629));
#11613=CARTESIAN_POINT('Origin',(-10.45,11.55,9.5));
#11614=CARTESIAN_POINT('',(-9.05694647037972,14.3685945864425,10.5273872479629));
#11615=CARTESIAN_POINT('',(-10.45,14.3685945864425,10.5273872479629));
#11616=CARTESIAN_POINT('Origin',(-8.64289762797769,11.55,9.5));
#11617=CARTESIAN_POINT('Origin',(-9.749294074601,13.9927819749169,10.3904022815679));
#11618=CARTESIAN_POINT('Origin',(-10.45,13.9927819749169,10.3904022815679));
#11619=CARTESIAN_POINT('Origin',(-9.00173995805944,13.9927819749169,10.3904022815679));
#11620=CARTESIAN_POINT('Origin',(-9.749294074601,12.0072180250832,10.3904022815679));
#11621=CARTESIAN_POINT('',(-10.45,11.6314054135575,10.5273872479629));
#11622=CARTESIAN_POINT('Origin',(-10.45,12.0072180250832,10.3904022815679));
#11623=CARTESIAN_POINT('',(-9.05694647037972,11.6314054135575,10.5273872479629));
#11624=CARTESIAN_POINT('',(-10.45,11.6314054135575,10.5273872479629));
#11625=CARTESIAN_POINT('Origin',(-9.00173995805944,12.0072180250832,10.3904022815679));
#11626=CARTESIAN_POINT('Origin',(-9.54102750687278,14.45,9.49999999999999));
#11627=CARTESIAN_POINT('Origin',(-10.45,14.45,9.49999999999999));
#11628=CARTESIAN_POINT('Origin',(-8.64289762797769,14.45,9.49999999999999));
#11629=CARTESIAN_POINT('Origin',(-5.25,16.79,-9.25));
#11630=CARTESIAN_POINT('',(-5.25,17.29,-9.25));
#11631=CARTESIAN_POINT('Origin',(-8.66486938281752,14.55,9.55451893213093));
#11632=CARTESIAN_POINT('',(-8.18624479629869,14.55,8.36689866516366));
#11633=CARTESIAN_POINT('',(-8.18624479629869,11.45,8.36689866516366));
#11634=CARTESIAN_POINT('',(-8.18624479629869,14.55,8.36689866516366));
#11635=CARTESIAN_POINT('Origin',(-8.7,16.5,1.43));
#11636=CARTESIAN_POINT('',(-8.7,17.8,1.43));
#11637=CARTESIAN_POINT('',(-8.7,17.8,1.43));
#11638=CARTESIAN_POINT('',(-8.7,15.2,1.43));
#11639=CARTESIAN_POINT('Origin',(-8.7,13.,1.43));
#11640=CARTESIAN_POINT('',(-8.6,14.3,1.43));
#11641=CARTESIAN_POINT('',(-8.6,11.7,1.43));
#11642=CARTESIAN_POINT('',(-8.6,14.3,1.43));
#11643=CARTESIAN_POINT('Origin',(-10.45,13.,1.6));
#11644=CARTESIAN_POINT('',(-10.45,14.55,5.25698161990021));
#11645=CARTESIAN_POINT('',(-10.45,14.55,9.5));
#11646=CARTESIAN_POINT('',(-10.45,14.3,5.25698161990021));
#11647=CARTESIAN_POINT('',(-10.45,14.55,5.25698161990021));
#11648=CARTESIAN_POINT('',(-10.45,14.3,1.6));
#11649=CARTESIAN_POINT('',(-10.45,14.3,5.25698161990021));
#11650=CARTESIAN_POINT('',(-10.45,14.3,1.6));
#11651=CARTESIAN_POINT('',(-10.45,11.7,5.25698161990021));
#11652=CARTESIAN_POINT('Origin',(-8.7,16.5,1.43));
#11653=CARTESIAN_POINT('',(-8.6,17.8,1.43));
#11654=CARTESIAN_POINT('',(-8.6,15.2,1.43));
#11655=CARTESIAN_POINT('',(-8.6,17.8,1.43));
#11656=CARTESIAN_POINT('Origin',(-9.2931,14.55,5.23152350961961));
#11657=CARTESIAN_POINT('',(-8.26697777844051,14.55,7.85860619515673));
#11658=CARTESIAN_POINT('Origin',(-8.65000000000001,14.55,8.18));
#11659=CARTESIAN_POINT('',(-8.26697777844051,14.55,7.85860619515673));
#11660=CARTESIAN_POINT('Origin',(-5.25,20.29,-9.25));
#11661=CARTESIAN_POINT('',(-5.25,19.79,-4.45));
#11662=CARTESIAN_POINT('',(-5.25,20.79,-9.25));
#11663=CARTESIAN_POINT('Origin',(-8.65000000000001,13.,8.18));
#11664=CARTESIAN_POINT('',(-8.26697777844051,11.45,7.85860619515673));
#11665=CARTESIAN_POINT('Origin',(-9.525,17.8,-2.06247701514214));
#11666=CARTESIAN_POINT('',(-8.6,17.8,1.43));
#11667=CARTESIAN_POINT('Origin',(-5.25,20.29,-9.25));
#11668=CARTESIAN_POINT('',(-4.75,20.79,-9.25));
#11669=CARTESIAN_POINT('Origin',(-4.75,20.29,-9.25));
#11670=CARTESIAN_POINT('',(-4.75,20.79,-4.45));
#11671=CARTESIAN_POINT('Origin',(-9.42174709155714,20.,10.63));
#11672=CARTESIAN_POINT('',(-9.14349396933636,18.8167419351236,10.7421391990982));
#11673=CARTESIAN_POINT('Ctrl Pts',(-9.14349396933637,18.8167419351236,10.7421391990982));
#11674=CARTESIAN_POINT('Ctrl Pts',(-9.14516083200197,18.8243795877388,10.746275217054));
#11675=CARTESIAN_POINT('Ctrl Pts',(-9.146835720202,18.8321570619139,10.750165039995));
#11676=CARTESIAN_POINT('Ctrl Pts',(-9.15231127936276,18.8584321680817,10.7622516270918));
#11677=CARTESIAN_POINT('Ctrl Pts',(-9.15598136504977,18.877477493171,10.7693165903133));
#11678=CARTESIAN_POINT('Ctrl Pts',(-9.15905625566523,18.896908916759,10.7748914239643));
#11679=CARTESIAN_POINT('',(-9.14349396933636,21.1832580648764,10.7421391990982));
#11680=CARTESIAN_POINT('',(-9.14349396933635,18.8167419351236,10.7421391990982));
#11681=CARTESIAN_POINT('Ctrl Pts',(-9.15905625566523,21.103091083241,10.7748914239643));
#11682=CARTESIAN_POINT('Ctrl Pts',(-9.15598136504977,21.122522506829,10.7693165903133));
#11683=CARTESIAN_POINT('Ctrl Pts',(-9.15231127936276,21.1415678319183,10.7622516270918));
#11684=CARTESIAN_POINT('Ctrl Pts',(-9.146835720202,21.1678429380861,10.750165039995));
#11685=CARTESIAN_POINT('Ctrl Pts',(-9.14516083200197,21.1756204122612,10.746275217054));
#11686=CARTESIAN_POINT('Ctrl Pts',(-9.14349396933637,21.1832580648764,10.7421391990982));
#11687=CARTESIAN_POINT('Origin',(-6.30089314203668,19.925,-4.45));
#11688=CARTESIAN_POINT('',(-6.30089314203668,21.35,-4.45));
#11689=CARTESIAN_POINT('',(-4.25,21.35,-4.45));
#11690=CARTESIAN_POINT('',(-6.30089314203668,21.35,-4.45));
#11691=CARTESIAN_POINT('',(-4.25,18.5,-4.45));
#11692=CARTESIAN_POINT('',(-4.25,21.35,-4.45));
#11693=CARTESIAN_POINT('',(-6.30089314203668,18.5,-4.45));
#11694=CARTESIAN_POINT('',(-4.25,18.5,-4.45));
#11695=CARTESIAN_POINT('',(-6.30089314203668,18.5,-4.45));
#11696=CARTESIAN_POINT('Origin',(-4.25,19.925,-4.55));
#11697=CARTESIAN_POINT('',(-4.15,21.35,-4.55));
#11698=CARTESIAN_POINT('Origin',(-4.25,21.35,-4.55));
#11699=CARTESIAN_POINT('',(-4.15,18.5,-4.55));
#11700=CARTESIAN_POINT('',(-4.15,21.35,-4.55));
#11701=CARTESIAN_POINT('Origin',(-4.25,18.5,-4.55));
#11702=CARTESIAN_POINT('Origin',(-5.,17.29,-9.25));
#11703=CARTESIAN_POINT('',(-5.25,17.29,-4.45));
#11704=CARTESIAN_POINT('Origin',(-10.15,20.,10.63));
#11705=CARTESIAN_POINT('',(-10.45,21.3130832913708,10.63));
#11706=CARTESIAN_POINT('',(-10.45,18.6869167086292,10.63));
#11707=CARTESIAN_POINT('',(-10.45,21.3130832913708,10.63));
#11708=CARTESIAN_POINT('Ctrl Pts',(-10.45,18.6869167086292,10.63));
#11709=CARTESIAN_POINT('Ctrl Pts',(-10.45,18.6872115353018,10.6303941330159));
#11710=CARTESIAN_POINT('Ctrl Pts',(-10.449999223287,18.6875066437393,10.6307871259737));
#11711=CARTESIAN_POINT('Ctrl Pts',(-10.4498064722107,18.7244785272638,10.679834282157));
#11712=CARTESIAN_POINT('Ctrl Pts',(-10.4375477324295,18.7732188966135,10.7206699080368));
#11713=CARTESIAN_POINT('Ctrl Pts',(-10.4209998160132,18.8504880680236,10.7592295423368));
#11714=CARTESIAN_POINT('Ctrl Pts',(-10.4164105488771,18.8734026111113,10.7681475154112));
#11715=CARTESIAN_POINT('Ctrl Pts',(-10.4126908358919,18.8969089167591,10.7748914239643));
#11716=CARTESIAN_POINT('Ctrl Pts',(-10.4126908358919,21.103091083241,10.7748914239643));
#11717=CARTESIAN_POINT('Ctrl Pts',(-10.4164105488771,21.1265973888888,10.7681475154112));
#11718=CARTESIAN_POINT('Ctrl Pts',(-10.4209998160132,21.1495119319764,10.7592295423368));
#11719=CARTESIAN_POINT('Ctrl Pts',(-10.4375477324295,21.2267811033865,10.7206699080368));
#11720=CARTESIAN_POINT('Ctrl Pts',(-10.4498064722107,21.2755214727362,10.679834282157));
#11721=CARTESIAN_POINT('Ctrl Pts',(-10.449999223287,21.3124933562607,10.6307871259737));
#11722=CARTESIAN_POINT('Ctrl Pts',(-10.45,21.3127884646982,10.6303941330159));
#11723=CARTESIAN_POINT('Ctrl Pts',(-10.45,21.3130832913708,10.63));
#11724=CARTESIAN_POINT('Origin',(-9.749294074601,20.9927819749169,10.3904022815679));
#11725=CARTESIAN_POINT('',(-9.05694647037972,21.3685945864425,10.5273872479629));
#11726=CARTESIAN_POINT('',(-10.45,21.3685945864425,10.5273872479629));
#11727=CARTESIAN_POINT('',(-9.05694647037972,21.3685945864425,10.5273872479629));
#11728=CARTESIAN_POINT('Origin',(-10.45,20.9927819749169,10.3904022815679));
#11729=CARTESIAN_POINT('Origin',(-9.00173995805944,20.9927819749169,10.3904022815679));
#11730=CARTESIAN_POINT('Origin',(-9.749294074601,19.0072180250832,10.3904022815679));
#11731=CARTESIAN_POINT('',(-10.45,18.6314054135575,10.5273872479629));
#11732=CARTESIAN_POINT('Origin',(-10.45,19.0072180250832,10.3904022815679));
#11733=CARTESIAN_POINT('',(-9.05694647037972,18.6314054135575,10.5273872479629));
#11734=CARTESIAN_POINT('',(-10.45,18.6314054135575,10.5273872479629));
#11735=CARTESIAN_POINT('Origin',(-9.00173995805944,19.0072180250832,10.3904022815679));
#11736=CARTESIAN_POINT('Origin',(0.,12.79,-9.25));
#11737=CARTESIAN_POINT('',(-0.25,12.79,-4.45));
#11738=CARTESIAN_POINT('',(-0.25,12.79,-9.25));
#11739=CARTESIAN_POINT('',(-0.25,12.79,-4.45));
#11740=CARTESIAN_POINT('',(0.25,12.79,-9.25));
#11741=CARTESIAN_POINT('',(-0.25,12.79,-9.25));
#11742=CARTESIAN_POINT('',(0.25,12.79,-4.45));
#11743=CARTESIAN_POINT('',(0.25,12.79,-9.25));
#11744=CARTESIAN_POINT('',(0.25,12.79,-4.45));
#11745=CARTESIAN_POINT('Origin',(-9.54102750687278,21.45,9.49999999999999));
#11746=CARTESIAN_POINT('',(-10.45,18.45,9.49999999999999));
#11747=CARTESIAN_POINT('Origin',(-10.45,21.45,9.49999999999999));
#11748=CARTESIAN_POINT('',(-8.64289762797769,18.45,9.49999999999999));
#11749=CARTESIAN_POINT('',(-10.45,18.45,9.49999999999999));
#11750=CARTESIAN_POINT('Origin',(-8.64289762797769,21.45,9.49999999999999));
#11751=CARTESIAN_POINT('Origin',(-0.25,20.29,-9.25));
#11752=CARTESIAN_POINT('',(-0.25,19.79,-9.25));
#11753=CARTESIAN_POINT('',(-0.25,20.79,-9.25));
#11754=CARTESIAN_POINT('',(-0.25,19.79,-9.25));
#11755=CARTESIAN_POINT('',(0.25,20.79,-9.25));
#11756=CARTESIAN_POINT('',(-0.25,20.79,-9.25));
#11757=CARTESIAN_POINT('',(0.25,19.79,-9.25));
#11758=CARTESIAN_POINT('',(0.25,20.79,-9.25));
#11759=CARTESIAN_POINT('',(0.25,19.79,-9.25));
#11760=CARTESIAN_POINT('Origin',(0.25,13.29,-9.25));
#11761=CARTESIAN_POINT('',(0.25,13.79,-9.25));
#11762=CARTESIAN_POINT('',(0.25,12.79,-9.25));
#11763=CARTESIAN_POINT('',(0.25,13.79,-4.45));
#11764=CARTESIAN_POINT('',(0.25,13.79,-9.25));
#11765=CARTESIAN_POINT('',(0.25,13.79,-4.45));
#11766=CARTESIAN_POINT('Origin',(-9.2931,21.55,5.23152350961961));
#11767=CARTESIAN_POINT('',(-10.45,21.55,5.25698161990021));
#11768=CARTESIAN_POINT('',(-10.45,21.55,9.5));
#11769=CARTESIAN_POINT('',(-10.45,21.55,5.25698161990021));
#11770=CARTESIAN_POINT('',(-8.6428976279777,21.55,9.5));
#11771=CARTESIAN_POINT('',(-10.45,21.55,9.5));
#11772=CARTESIAN_POINT('',(-8.18624479629869,21.55,8.36689866516366));
#11773=CARTESIAN_POINT('',(-8.6428976279777,21.55,9.5));
#11774=CARTESIAN_POINT('',(-8.26697777844051,21.55,7.85860619515673));
#11775=CARTESIAN_POINT('Origin',(-8.65000000000001,21.55,8.18));
#11776=CARTESIAN_POINT('',(-8.26697777844051,21.55,7.85860619515673));
#11777=CARTESIAN_POINT('Origin',(-9.54102750687278,18.55,9.5));
#11778=CARTESIAN_POINT('Origin',(-10.45,18.55,9.5));
#11779=CARTESIAN_POINT('Origin',(-8.64289762797769,18.55,9.5));
#11780=CARTESIAN_POINT('Origin',(1.25,12.925,8.1));
#11781=CARTESIAN_POINT('',(1.1,14.35,8.1));
#11782=CARTESIAN_POINT('',(1.25,14.35,8.25));
#11783=CARTESIAN_POINT('Origin',(1.25,14.35,8.1));
#11784=CARTESIAN_POINT('',(1.25,11.5,8.25));
#11785=CARTESIAN_POINT('',(1.25,14.35,8.25));
#11786=CARTESIAN_POINT('',(1.1,11.5,8.1));
#11787=CARTESIAN_POINT('Origin',(1.25,11.5,8.1));
#11788=CARTESIAN_POINT('',(1.1,11.5,8.1));
#11789=CARTESIAN_POINT('Origin',(-0.25,13.29,-9.25));
#11790=CARTESIAN_POINT('',(-0.25,13.79,-9.25));
#11791=CARTESIAN_POINT('',(-0.25,12.79,-9.25));
#11792=CARTESIAN_POINT('',(-0.25,13.79,-9.25));
#11793=CARTESIAN_POINT('Origin',(-0.25,16.79,-9.25));
#11794=CARTESIAN_POINT('',(-0.25,16.29,-9.25));
#11795=CARTESIAN_POINT('',(-0.25,17.29,-9.25));
#11796=CARTESIAN_POINT('',(-0.25,16.29,-9.25));
#11797=CARTESIAN_POINT('',(0.25,17.29,-9.25));
#11798=CARTESIAN_POINT('',(-0.25,17.29,-9.25));
#11799=CARTESIAN_POINT('',(0.25,16.29,-9.25));
#11800=CARTESIAN_POINT('',(0.25,17.29,-9.25));
#11801=CARTESIAN_POINT('',(0.25,16.29,-9.25));
#11802=CARTESIAN_POINT('Origin',(0.,16.29,-9.25));
#11803=CARTESIAN_POINT('',(-0.25,16.29,-4.45));
#11804=CARTESIAN_POINT('',(-0.25,16.29,-4.45));
#11805=CARTESIAN_POINT('',(0.25,16.29,-4.45));
#11806=CARTESIAN_POINT('',(0.25,16.29,-9.25));
#11807=CARTESIAN_POINT('',(0.25,16.29,-4.45));
#11808=CARTESIAN_POINT('Origin',(1.3,19.925,-4.15));
#11809=CARTESIAN_POINT('',(0.34606079858305,21.35,-4.45));
#11810=CARTESIAN_POINT('',(1.34347825594613,21.35,-5.14905437352523));
#11811=CARTESIAN_POINT('Origin',(1.3,21.35,-4.15));
#11812=CARTESIAN_POINT('',(1.34347825594613,18.5,-5.14905437352523));
#11813=CARTESIAN_POINT('',(1.34347825594613,21.35,-5.14905437352523));
#11814=CARTESIAN_POINT('',(0.346060798583051,18.5,-4.45));
#11815=CARTESIAN_POINT('Origin',(1.3,18.5,-4.15));
#11816=CARTESIAN_POINT('',(0.34606079858305,18.5,-4.45));
#11817=CARTESIAN_POINT('Origin',(0.,13.79,-9.25));
#11818=CARTESIAN_POINT('',(-0.25,13.79,-4.45));
#11819=CARTESIAN_POINT('',(-0.25,13.79,-9.25));
#11820=CARTESIAN_POINT('',(-0.25,13.79,-4.45));
#11821=CARTESIAN_POINT('Origin',(-0.25,13.29,-9.25));
#11822=CARTESIAN_POINT('',(-0.25,12.79,-4.45));
#11823=CARTESIAN_POINT('Origin',(-8.08404426231168,13.,-1.395));
#11824=CARTESIAN_POINT('',(-8.79040233659882,14.3,-1.77057725022871));
#11825=CARTESIAN_POINT('',(-8.6,14.3,-2.00638341222714));
#11826=CARTESIAN_POINT('Origin',(-8.08404426231168,14.3,-1.395));
#11827=CARTESIAN_POINT('',(-8.6,14.3,-2.00638341222714));
#11828=CARTESIAN_POINT('',(-8.79040233659882,11.7,-1.77057725022871));
#11829=CARTESIAN_POINT('Origin',(-9.67864745084376,11.45,3.25));
#11830=CARTESIAN_POINT('',(-9.6,11.45,6.16855441666302));
#11831=CARTESIAN_POINT('',(-9.6,11.45,3.25));
#11832=CARTESIAN_POINT('',(-9.6,11.45,6.16855441666302));
#11833=CARTESIAN_POINT('',(-9.75729490168752,11.45,3.25));
#11834=CARTESIAN_POINT('',(-9.6,11.45,3.25));
#11835=CARTESIAN_POINT('',(-9.75729490168752,11.45,5.98109765248017));
#11836=CARTESIAN_POINT('',(-9.75729490168752,11.45,3.25));
#11837=CARTESIAN_POINT('',(-9.75729490168752,11.45,5.98109765248017));
#11838=CARTESIAN_POINT('Origin',(-9.44999999999999,13.,1.6));
#11839=CARTESIAN_POINT('',(-10.3329475928589,14.3,1.1305284372141));
#11840=CARTESIAN_POINT('Origin',(-9.44999999999999,14.3,1.6));
#11841=CARTESIAN_POINT('',(-10.3329475928589,14.3,1.13052843721411));
#11842=CARTESIAN_POINT('Origin',(-10.45,17.45,-3.5));
#11843=CARTESIAN_POINT('',(-10.45,17.85,-3.5));
#11844=CARTESIAN_POINT('',(-10.45,17.05,-3.5));
#11845=CARTESIAN_POINT('',(-10.45,17.85,-3.5));
#11846=CARTESIAN_POINT('',(-8.6,17.05,-3.5));
#11847=CARTESIAN_POINT('',(-10.45,17.05,-3.5));
#11848=CARTESIAN_POINT('',(-8.6,17.85,-3.5));
#11849=CARTESIAN_POINT('',(-8.6,17.05,-3.5));
#11850=CARTESIAN_POINT('',(-8.6,17.85,-3.5));
#11851=CARTESIAN_POINT('Origin',(-9.56167496472888,14.3,-0.320024406507301));
#11852=CARTESIAN_POINT('',(-10.3329475928589,14.3,1.13052843721411));
#11853=CARTESIAN_POINT('Origin',(-8.6,16.5,-3.5));
#11854=CARTESIAN_POINT('',(-8.6,17.85,7.36030800925724));
#11855=CARTESIAN_POINT('',(-8.6,17.85,7.36030800925724));
#11856=CARTESIAN_POINT('',(-8.6,16.75,-3.2));
#11857=CARTESIAN_POINT('Origin',(-8.6,17.05,-3.2));
#11858=CARTESIAN_POINT('',(-8.6,16.75,-2.2));
#11859=CARTESIAN_POINT('',(-8.6,16.75,-3.2));
#11860=CARTESIAN_POINT('',(-8.6,15.15,-2.2));
#11861=CARTESIAN_POINT('',(-8.6,16.75,-2.2));
#11862=CARTESIAN_POINT('',(-8.6,15.15,7.36030800925724));
#11863=CARTESIAN_POINT('',(-8.6,15.15,-2.2));
#11864=CARTESIAN_POINT('',(-8.6,15.15,7.36030800925724));
#11865=CARTESIAN_POINT('Origin',(-9.44999999999999,20.,1.6));
#11866=CARTESIAN_POINT('',(-10.45,21.3,1.6));
#11867=CARTESIAN_POINT('',(-10.3329475928589,21.3,1.1305284372141));
#11868=CARTESIAN_POINT('Origin',(-9.44999999999999,21.3,1.6));
#11869=CARTESIAN_POINT('',(-10.3329475928589,18.7,1.13052843721411));
#11870=CARTESIAN_POINT('',(-10.3329475928589,21.3,1.13052843721411));
#11871=CARTESIAN_POINT('',(-10.45,18.7,1.6));
#11872=CARTESIAN_POINT('Origin',(-9.44999999999999,18.7,1.6));
#11873=CARTESIAN_POINT('',(-10.45,18.7,1.6));
#11874=CARTESIAN_POINT('Origin',(-9.85,16.425,-4.45));
#11875=CARTESIAN_POINT('',(-9.85,17.85,-4.45));
#11876=CARTESIAN_POINT('',(-9.09910685796332,17.85,-4.45));
#11877=CARTESIAN_POINT('',(-9.85,17.85,-4.45));
#11878=CARTESIAN_POINT('',(-9.09910685796332,15.,-4.45));
#11879=CARTESIAN_POINT('',(-9.09910685796332,17.85,-4.45));
#11880=CARTESIAN_POINT('',(-9.85,15.,-4.45));
#11881=CARTESIAN_POINT('',(-9.09910685796332,15.,-4.45));
#11882=CARTESIAN_POINT('',(-9.85,15.,-4.45));
#11883=CARTESIAN_POINT('Origin',(-10.35,21.47575,3.25));
#11884=CARTESIAN_POINT('',(-10.1,21.35,3.25));
#11885=CARTESIAN_POINT('',(-10.2846242057328,21.4761503177069,3.25));
#11886=CARTESIAN_POINT('',(-10.1,21.35,3.25));
#11887=CARTESIAN_POINT('',(-10.35,21.6,3.25));
#11888=CARTESIAN_POINT('Origin',(-10.2,21.6,3.25));
#11889=CARTESIAN_POINT('',(-10.35,21.35,3.25));
#11890=CARTESIAN_POINT('',(-10.35,21.6,3.25));
#11891=CARTESIAN_POINT('',(-10.35,21.35,3.25));
#11892=CARTESIAN_POINT('Origin',(-9.6,15.1,4.80795068014273));
#11893=CARTESIAN_POINT('',(-9.45,15.1,6.34731745555215));
#11894=CARTESIAN_POINT('',(-9.45,15.1,3.25));
#11895=CARTESIAN_POINT('',(-9.45,15.1,6.34731745555216));
#11896=CARTESIAN_POINT('',(-9.6,14.95,3.25));
#11897=CARTESIAN_POINT('Origin',(-9.6,15.1,3.25));
#11898=CARTESIAN_POINT('',(-9.6,14.95,6.16855441666302));
#11899=CARTESIAN_POINT('',(-9.6,14.95,3.25));
#11900=CARTESIAN_POINT('Origin',(-9.6,15.1,6.16855441666302));
#11901=CARTESIAN_POINT('Origin',(1.1,12.925,6.5919410907075));
#11902=CARTESIAN_POINT('',(1.1,14.35,6.5919410907075));
#11903=CARTESIAN_POINT('',(1.1,14.35,6.5919410907075));
#11904=CARTESIAN_POINT('',(1.1,11.5,6.5919410907075));
#11905=CARTESIAN_POINT('',(1.1,11.5,8.1));
#11906=CARTESIAN_POINT('',(1.1,11.5,6.5919410907075));
#11907=CARTESIAN_POINT('Origin',(-9.6,14.4,4.80795068014273));
#11908=CARTESIAN_POINT('',(-9.6,14.55,6.16855441666302));
#11909=CARTESIAN_POINT('',(-9.6,14.55,3.25));
#11910=CARTESIAN_POINT('',(-9.6,14.55,6.16855441666302));
#11911=CARTESIAN_POINT('',(-9.45,14.4,3.25));
#11912=CARTESIAN_POINT('Origin',(-9.6,14.4,3.25));
#11913=CARTESIAN_POINT('',(-9.45,14.4,6.34731745555215));
#11914=CARTESIAN_POINT('',(-9.45,14.4,3.25));
#11915=CARTESIAN_POINT('Origin',(-9.6,14.4,6.16855441666302));
#11916=CARTESIAN_POINT('Origin',(-6.30089314203668,16.425,-4.45));
#11917=CARTESIAN_POINT('',(-6.30089314203668,17.85,-4.45));
#11918=CARTESIAN_POINT('',(-4.25,17.85,-4.45));
#11919=CARTESIAN_POINT('',(-6.30089314203668,17.85,-4.45));
#11920=CARTESIAN_POINT('',(-4.25,15.,-4.45));
#11921=CARTESIAN_POINT('',(-4.25,17.85,-4.45));
#11922=CARTESIAN_POINT('',(-6.30089314203668,15.,-4.45));
#11923=CARTESIAN_POINT('',(-4.25,15.,-4.45));
#11924=CARTESIAN_POINT('',(-6.30089314203668,15.,-4.45));
#11925=CARTESIAN_POINT('Origin',(-9.525,17.05,-3.2));
#11926=CARTESIAN_POINT('',(-10.45,16.75,-3.2));
#11927=CARTESIAN_POINT('Origin',(-10.45,17.05,-3.2));
#11928=CARTESIAN_POINT('',(-10.45,16.75,-3.2));
#11929=CARTESIAN_POINT('Origin',(1.1,19.925,2.24910685796332));
#11930=CARTESIAN_POINT('',(1.1,21.35,2.24910685796332));
#11931=CARTESIAN_POINT('',(1.1,21.35,3.86489700771813));
#11932=CARTESIAN_POINT('',(1.1,21.35,2.24910685796332));
#11933=CARTESIAN_POINT('',(1.1,18.5,3.86489700771813));
#11934=CARTESIAN_POINT('',(1.1,21.35,3.86489700771813));
#11935=CARTESIAN_POINT('',(1.1,18.5,2.24910685796332));
#11936=CARTESIAN_POINT('',(1.1,18.5,3.86489700771813));
#11937=CARTESIAN_POINT('',(1.1,18.5,2.24910685796332));
#11938=CARTESIAN_POINT('Origin',(-10.25,11.3297437581023,4.2708250561899));
#11939=CARTESIAN_POINT('',(-10.4,11.3297437581023,5.21515154258766));
#11940=CARTESIAN_POINT('',(-10.3460276599497,11.4449769500419,5.27947327274335));
#11941=CARTESIAN_POINT('Origin',(-10.25,11.3297437581023,5.39391458147679));
#11942=CARTESIAN_POINT('',(-10.3460276599497,11.4449769500419,3.25));
#11943=CARTESIAN_POINT('',(-10.3460276599497,11.4449769500419,5.27947327274335));
#11944=CARTESIAN_POINT('',(-10.4,11.3297437581023,3.25));
#11945=CARTESIAN_POINT('Origin',(-10.25,11.3297437581023,3.25));
#11946=CARTESIAN_POINT('',(-10.4,11.3297437581023,3.25));
#11947=CARTESIAN_POINT('Origin',(-10.0427050983125,14.5,4.53307732265283));
#11948=CARTESIAN_POINT('',(-9.9085410196625,14.432917960675,5.80084954801756));
#11949=CARTESIAN_POINT('',(-10.0427050983125,14.35,5.64095902528934));
#11950=CARTESIAN_POINT('Origin',(-10.0427050983125,14.5,5.64095902528934));
#11951=CARTESIAN_POINT('',(-10.0427050983125,14.35,3.25));
#11952=CARTESIAN_POINT('',(-10.0427050983125,14.35,5.64095902528934));
#11953=CARTESIAN_POINT('',(-9.9085410196625,14.432917960675,3.25));
#11954=CARTESIAN_POINT('Origin',(-10.0427050983125,14.5,3.25));
#11955=CARTESIAN_POINT('',(-9.9085410196625,14.432917960675,3.25));
#11956=CARTESIAN_POINT('Origin',(-9.35848888922025,14.55,6.55779390752847));
#11957=CARTESIAN_POINT('',(-8.7,14.3,7.34255040694008));
#11958=CARTESIAN_POINT('Origin',(-9.525,14.3,-2.06247701514214));
#11959=CARTESIAN_POINT('',(-8.6,14.3,1.43));
#11960=CARTESIAN_POINT('Origin',(-9.525,14.35,-3.5));
#11961=CARTESIAN_POINT('',(-10.0456925097228,14.35,5.63739876700855));
#11962=CARTESIAN_POINT('',(-10.0456925097228,14.35,3.25));
#11963=CARTESIAN_POINT('',(-10.0456925097228,14.35,5.63739876700855));
#11964=CARTESIAN_POINT('',(-10.45,14.35,3.25));
#11965=CARTESIAN_POINT('',(-10.0456925097228,14.35,3.25));
#11966=CARTESIAN_POINT('',(-10.45,14.35,-3.5));
#11967=CARTESIAN_POINT('',(-10.45,14.35,3.25));
#11968=CARTESIAN_POINT('',(-8.6,14.35,-3.5));
#11969=CARTESIAN_POINT('',(-10.45,14.35,-3.5));
#11970=CARTESIAN_POINT('',(-8.6,14.35,7.36030800925724));
#11971=CARTESIAN_POINT('',(-8.6,14.35,-3.5));
#11972=CARTESIAN_POINT('',(-9.45,14.35,6.34731745555215));
#11973=CARTESIAN_POINT('',(-8.6,14.35,7.36030800925724));
#11974=CARTESIAN_POINT('',(-9.45,14.35,3.25));
#11975=CARTESIAN_POINT('',(-9.45,14.35,6.34731745555216));
#11976=CARTESIAN_POINT('',(-9.45,14.35,3.25));
#11977=CARTESIAN_POINT('',(-10.0427050983125,14.35,5.64095902528934));
#11978=CARTESIAN_POINT('Origin',(-8.6,13.,-3.5));
#11979=CARTESIAN_POINT('',(-8.6,13.55,-3.5));
#11980=CARTESIAN_POINT('',(-8.6,14.35,-3.5));
#11981=CARTESIAN_POINT('',(-8.6,13.25,-3.2));
#11982=CARTESIAN_POINT('Origin',(-8.6,13.55,-3.2));
#11983=CARTESIAN_POINT('',(-8.6,13.25,-2.2));
#11984=CARTESIAN_POINT('',(-8.6,13.25,-3.2));
#11985=CARTESIAN_POINT('',(-8.6,11.65,-2.2));
#11986=CARTESIAN_POINT('',(-8.6,13.25,-2.2));
#11987=CARTESIAN_POINT('',(-8.6,11.65,7.36030800925724));
#11988=CARTESIAN_POINT('',(-8.6,11.65,-2.2));
#11989=CARTESIAN_POINT('',(-8.6,11.65,7.36030800925724));
#11990=CARTESIAN_POINT('Origin',(1.7,18.5,-4.20089519452813));
#11991=CARTESIAN_POINT('',(2.3,18.5,-4.15));
#11992=CARTESIAN_POINT('',(1.25652173913043,18.5,-3.15094562668904));
#11993=CARTESIAN_POINT('Origin',(1.3,18.5,-4.15));
#11994=CARTESIAN_POINT('',(1.1,18.5,-3.00108747069239));
#11995=CARTESIAN_POINT('Origin',(1.25,18.5,-3.00108747069239));
#11996=CARTESIAN_POINT('',(1.1,18.5,-0.549106857963322));
#11997=CARTESIAN_POINT('',(1.1,18.5,-3.00108747069239));
#11998=CARTESIAN_POINT('',(1.25535714285714,18.5,-0.399202551752965));
#11999=CARTESIAN_POINT('Origin',(1.25,18.5,-0.549106857963321));
#12000=CARTESIAN_POINT('',(2.2,18.5,-0.0174675786448686));
#12001=CARTESIAN_POINT('Origin',(1.3,18.5,0.849999999999999));
#12002=CARTESIAN_POINT('',(2.2,18.5,1.71746757864487));
#12003=CARTESIAN_POINT('',(2.2,18.5,-0.0174675786448719));
#12004=CARTESIAN_POINT('',(1.25535714285714,18.5,2.09920255175297));
#12005=CARTESIAN_POINT('Origin',(1.3,18.5,0.849999999999999));
#12006=CARTESIAN_POINT('Origin',(1.25,18.5,2.24910685796333));
#12007=CARTESIAN_POINT('',(1.21481481481481,18.5,3.96379352566493));
#12008=CARTESIAN_POINT('Origin',(1.2,18.5,3.86489700771813));
#12009=CARTESIAN_POINT('',(2.3,18.5,4.33253242135513));
#12010=CARTESIAN_POINT('Origin',(1.4,18.5,5.2));
#12011=CARTESIAN_POINT('',(2.3,18.5,4.33253242135513));
#12012=CARTESIAN_POINT('Origin',(-9.9,17.95,3.25));
#12013=CARTESIAN_POINT('',(-9.9085410196625,17.932917960675,5.80084954801756));
#12014=CARTESIAN_POINT('',(-9.9085410196625,17.932917960675,3.25));
#12015=CARTESIAN_POINT('',(-9.9085410196625,17.932917960675,5.80084954801756));
#12016=CARTESIAN_POINT('',(-9.8914589803375,17.967082039325,3.25));
#12017=CARTESIAN_POINT('',(-9.9085410196625,17.932917960675,3.25));
#12018=CARTESIAN_POINT('',(-9.8914589803375,17.967082039325,5.82120712975196));
#12019=CARTESIAN_POINT('',(-9.8914589803375,17.967082039325,3.25));
#12020=CARTESIAN_POINT('',(-9.8914589803375,17.967082039325,5.82120712975196));
#12021=CARTESIAN_POINT('Origin',(-10.25,18.3297437581023,4.2708250561899));
#12022=CARTESIAN_POINT('',(-10.4,18.3297437581023,5.21515154258766));
#12023=CARTESIAN_POINT('',(-10.3460276599497,18.4449769500419,5.27947327274335));
#12024=CARTESIAN_POINT('Origin',(-10.25,18.3297437581023,5.39391458147679));
#12025=CARTESIAN_POINT('',(-10.3460276599497,18.4449769500419,3.25));
#12026=CARTESIAN_POINT('',(-10.3460276599497,18.4449769500419,5.27947327274335));
#12027=CARTESIAN_POINT('',(-10.4,18.3297437581023,3.25));
#12028=CARTESIAN_POINT('Origin',(-10.25,18.3297437581023,3.25));
#12029=CARTESIAN_POINT('',(-10.4,18.3297437581023,3.25));
#12030=CARTESIAN_POINT('Origin',(1.3,12.925,0.849999999999997));
#12031=CARTESIAN_POINT('',(2.2,14.35,1.71746757864487));
#12032=CARTESIAN_POINT('',(1.25535714285714,14.35,2.09920255175297));
#12033=CARTESIAN_POINT('Origin',(1.3,14.35,0.849999999999999));
#12034=CARTESIAN_POINT('',(1.25535714285714,11.5,2.09920255175297));
#12035=CARTESIAN_POINT('',(1.25535714285714,14.35,2.09920255175297));
#12036=CARTESIAN_POINT('',(2.2,11.5,1.71746757864488));
#12037=CARTESIAN_POINT('Origin',(1.3,11.5,0.849999999999997));
#12038=CARTESIAN_POINT('',(2.2,11.5,1.71746757864487));
#12039=CARTESIAN_POINT('Origin',(0.,17.29,-9.25));
#12040=CARTESIAN_POINT('',(-0.25,17.29,-4.45));
#12041=CARTESIAN_POINT('',(-0.25,17.29,-9.25));
#12042=CARTESIAN_POINT('',(0.25,17.29,-4.45));
#12043=CARTESIAN_POINT('',(-0.25,17.29,-4.45));
#12044=CARTESIAN_POINT('',(0.25,17.29,-4.45));
#12045=CARTESIAN_POINT('Origin',(-10.25,18.1702562418977,4.2708250561899));
#12046=CARTESIAN_POINT('',(-10.3460276599497,18.0550230499581,5.27947327274335));
#12047=CARTESIAN_POINT('',(-10.4,18.1702562418977,5.21515154258765));
#12048=CARTESIAN_POINT('Origin',(-10.25,18.1702562418977,5.39391458147679));
#12049=CARTESIAN_POINT('',(-10.4,18.1702562418977,3.25));
#12050=CARTESIAN_POINT('',(-10.4,18.1702562418977,5.21515154258766));
#12051=CARTESIAN_POINT('',(-10.3460276599497,18.0550230499581,3.25));
#12052=CARTESIAN_POINT('Origin',(-10.25,18.1702562418977,3.25));
#12053=CARTESIAN_POINT('',(-10.3460276599497,18.0550230499581,3.25));
#12054=CARTESIAN_POINT('Origin',(1.1,12.925,-3.00108747069239));
#12055=CARTESIAN_POINT('',(1.1,14.35,-3.00108747069239));
#12056=CARTESIAN_POINT('',(1.1,14.35,-0.549106857963322));
#12057=CARTESIAN_POINT('',(1.1,14.35,-3.00108747069239));
#12058=CARTESIAN_POINT('',(1.1,11.5,-0.549106857963322));
#12059=CARTESIAN_POINT('',(1.1,14.35,-0.549106857963321));
#12060=CARTESIAN_POINT('',(1.1,11.5,-3.00108747069239));
#12061=CARTESIAN_POINT('',(1.1,11.5,-0.549106857963322));
#12062=CARTESIAN_POINT('',(1.1,11.5,-3.00108747069239));
#12063=CARTESIAN_POINT('Origin',(1.1,16.425,6.5919410907075));
#12064=CARTESIAN_POINT('',(1.1,17.85,6.5919410907075));
#12065=CARTESIAN_POINT('',(1.1,17.85,8.1));
#12066=CARTESIAN_POINT('',(1.1,17.85,6.5919410907075));
#12067=CARTESIAN_POINT('',(1.1,15.,8.1));
#12068=CARTESIAN_POINT('',(1.1,17.85,8.1));
#12069=CARTESIAN_POINT('',(1.1,15.,6.5919410907075));
#12070=CARTESIAN_POINT('',(1.1,15.,8.1));
#12071=CARTESIAN_POINT('',(1.1,15.,6.5919410907075));
#12072=CARTESIAN_POINT('Origin',(1.25,16.425,2.24910685796333));
#12073=CARTESIAN_POINT('',(1.25535714285714,17.85,2.09920255175297));
#12074=CARTESIAN_POINT('',(1.1,17.85,2.24910685796333));
#12075=CARTESIAN_POINT('Origin',(1.25,17.85,2.24910685796333));
#12076=CARTESIAN_POINT('',(1.1,15.,2.24910685796332));
#12077=CARTESIAN_POINT('',(1.1,17.85,2.24910685796332));
#12078=CARTESIAN_POINT('',(1.25535714285714,15.,2.09920255175297));
#12079=CARTESIAN_POINT('Origin',(1.25,15.,2.24910685796333));
#12080=CARTESIAN_POINT('',(1.25535714285714,15.,2.09920255175297));
#12081=CARTESIAN_POINT('Origin',(-9.67864745084376,18.05,3.25));
#12082=CARTESIAN_POINT('',(-9.75729490168752,18.05,5.98109765248018));
#12083=CARTESIAN_POINT('',(-9.75729490168752,18.05,3.25));
#12084=CARTESIAN_POINT('',(-9.75729490168752,18.05,5.98109765248018));
#12085=CARTESIAN_POINT('',(-9.6,18.05,3.25));
#12086=CARTESIAN_POINT('',(-9.75729490168752,18.05,3.25));
#12087=CARTESIAN_POINT('',(-9.6,18.05,6.16855441666302));
#12088=CARTESIAN_POINT('',(-9.6,18.05,3.25));
#12089=CARTESIAN_POINT('',(-9.6,18.05,6.16855441666302));
#12090=CARTESIAN_POINT('Origin',(1.2,12.925,3.86489700771813));
#12091=CARTESIAN_POINT('',(1.1,14.35,3.86489700771813));
#12092=CARTESIAN_POINT('',(1.21481481481481,14.35,3.96379352566493));
#12093=CARTESIAN_POINT('Origin',(1.2,14.35,3.86489700771813));
#12094=CARTESIAN_POINT('',(1.21481481481481,11.5,3.96379352566494));
#12095=CARTESIAN_POINT('',(1.21481481481481,14.35,3.96379352566494));
#12096=CARTESIAN_POINT('',(1.1,11.5,3.86489700771813));
#12097=CARTESIAN_POINT('Origin',(1.2,11.5,3.86489700771813));
#12098=CARTESIAN_POINT('',(1.1,11.5,3.86489700771813));
#12099=CARTESIAN_POINT('Origin',(1.25,19.925,-0.54910685796332));
#12100=CARTESIAN_POINT('',(1.1,21.35,-0.54910685796332));
#12101=CARTESIAN_POINT('',(1.25535714285714,21.35,-0.399202551752964));
#12102=CARTESIAN_POINT('Origin',(1.25,21.35,-0.54910685796332));
#12103=CARTESIAN_POINT('',(1.25535714285714,21.35,-0.399202551752971));
#12104=CARTESIAN_POINT('',(1.1,18.5,-0.549106857963321));
#12105=CARTESIAN_POINT('Origin',(-9.67864745084376,14.55,3.25));
#12106=CARTESIAN_POINT('',(-9.75729490168752,14.55,5.98109765248018));
#12107=CARTESIAN_POINT('',(-9.75729490168752,14.55,3.25));
#12108=CARTESIAN_POINT('',(-9.75729490168752,14.55,5.98109765248018));
#12109=CARTESIAN_POINT('',(-9.75729490168752,14.55,3.25));
#12110=CARTESIAN_POINT('',(-9.6,14.55,6.16855441666302));
#12111=CARTESIAN_POINT('Origin',(-9.6,11.6,4.80795068014273));
#12112=CARTESIAN_POINT('',(-9.45,11.6,6.34731745555215));
#12113=CARTESIAN_POINT('',(-9.45,11.6,3.25));
#12114=CARTESIAN_POINT('',(-9.45,11.6,6.34731745555216));
#12115=CARTESIAN_POINT('Origin',(-9.6,11.6,3.25));
#12116=CARTESIAN_POINT('Origin',(-9.6,11.6,6.16855441666302));
#12117=CARTESIAN_POINT('Origin',(-5.,13.79,-9.25));
#12118=CARTESIAN_POINT('',(-5.25,13.79,-4.45));
#12119=CARTESIAN_POINT('',(-5.25,13.79,-9.25));
#12120=CARTESIAN_POINT('',(-4.75,13.79,-4.45));
#12121=CARTESIAN_POINT('',(-5.25,13.79,-4.45));
#12122=CARTESIAN_POINT('',(-4.75,13.79,-4.45));
#12123=CARTESIAN_POINT('Origin',(1.25,16.425,-3.00108747069239));
#12124=CARTESIAN_POINT('',(1.25652173913043,17.85,-3.15094562668904));
#12125=CARTESIAN_POINT('',(1.1,17.85,-3.00108747069239));
#12126=CARTESIAN_POINT('Origin',(1.25,17.85,-3.00108747069239));
#12127=CARTESIAN_POINT('',(1.1,15.,-3.00108747069239));
#12128=CARTESIAN_POINT('',(1.1,17.85,-3.00108747069239));
#12129=CARTESIAN_POINT('',(1.25652173913043,15.,-3.15094562668904));
#12130=CARTESIAN_POINT('Origin',(1.25,15.,-3.00108747069239));
#12131=CARTESIAN_POINT('',(1.25652173913043,15.,-3.15094562668904));
#12132=CARTESIAN_POINT('Origin',(-1.55,16.425,-4.55));
#12133=CARTESIAN_POINT('',(-1.65,17.85,-4.55));
#12134=CARTESIAN_POINT('',(-1.55,17.85,-4.45));
#12135=CARTESIAN_POINT('Origin',(-1.55,17.85,-4.55));
#12136=CARTESIAN_POINT('',(-1.55,15.,-4.45));
#12137=CARTESIAN_POINT('',(-1.55,17.85,-4.45));
#12138=CARTESIAN_POINT('',(-1.65,15.,-4.55));
#12139=CARTESIAN_POINT('Origin',(-1.55,15.,-4.55));
#12140=CARTESIAN_POINT('',(-1.65,15.,-4.55));
#12141=CARTESIAN_POINT('Origin',(-10.4,18.25,3.25));
#12142=CARTESIAN_POINT('',(-10.4,18.3297437581023,3.25));
#12143=CARTESIAN_POINT('',(-10.4,18.1702562418977,5.21515154258766));
#12144=CARTESIAN_POINT('Origin',(1.25,12.925,6.5919410907075));
#12145=CARTESIAN_POINT('',(1.2660714144676,14.35,6.44280454375468));
#12146=CARTESIAN_POINT('Origin',(1.25,14.35,6.5919410907075));
#12147=CARTESIAN_POINT('',(1.2660714144676,11.5,6.44280454375468));
#12148=CARTESIAN_POINT('Origin',(1.25,11.5,6.5919410907075));
#12149=CARTESIAN_POINT('',(1.2660714144676,11.5,6.44280454375468));
#12150=CARTESIAN_POINT('Origin',(-9.67864745084376,14.95,3.25));
#12151=CARTESIAN_POINT('',(-9.75729490168752,14.95,3.25));
#12152=CARTESIAN_POINT('',(-9.6,14.95,3.25));
#12153=CARTESIAN_POINT('',(-9.75729490168752,14.95,5.98109765248017));
#12154=CARTESIAN_POINT('',(-9.75729490168752,14.95,3.25));
#12155=CARTESIAN_POINT('',(-9.75729490168752,14.95,5.98109765248017));
#12156=CARTESIAN_POINT('Origin',(1.1,19.925,-3.00108747069239));
#12157=CARTESIAN_POINT('',(1.1,21.35,-3.00108747069239));
#12158=CARTESIAN_POINT('',(1.1,21.35,-3.00108747069239));
#12159=CARTESIAN_POINT('',(1.1,18.5,-3.00108747069239));
#12160=CARTESIAN_POINT('Origin',(-9.525,17.85,-3.5));
#12161=CARTESIAN_POINT('',(-10.0456925097228,17.85,5.63739876700855));
#12162=CARTESIAN_POINT('',(-10.0456925097228,17.85,3.25));
#12163=CARTESIAN_POINT('',(-10.0456925097228,17.85,5.63739876700855));
#12164=CARTESIAN_POINT('',(-10.45,17.85,3.25));
#12165=CARTESIAN_POINT('',(-10.0456925097228,17.85,3.25));
#12166=CARTESIAN_POINT('',(-10.45,17.85,3.25));
#12167=CARTESIAN_POINT('',(-9.45,17.85,6.34731745555215));
#12168=CARTESIAN_POINT('',(-8.6,17.85,7.36030800925724));
#12169=CARTESIAN_POINT('',(-9.45,17.85,3.25));
#12170=CARTESIAN_POINT('',(-9.45,17.85,6.34731745555216));
#12171=CARTESIAN_POINT('',(-10.0427050983125,17.85,3.25));
#12172=CARTESIAN_POINT('',(-9.45,17.85,3.25));
#12173=CARTESIAN_POINT('',(-10.0427050983125,17.85,5.64095902528934));
#12174=CARTESIAN_POINT('',(-10.0427050983125,17.85,3.25));
#12175=CARTESIAN_POINT('',(-10.0427050983125,17.85,5.64095902528934));
#12176=CARTESIAN_POINT('Origin',(-9.525,11.65,-2.2));
#12177=CARTESIAN_POINT('',(-10.0427050983125,11.65,5.64095902528935));
#12178=CARTESIAN_POINT('',(-10.0427050983125,11.65,3.25));
#12179=CARTESIAN_POINT('',(-10.0427050983125,11.65,5.64095902528935));
#12180=CARTESIAN_POINT('',(-9.45,11.65,3.25));
#12181=CARTESIAN_POINT('',(-10.0427050983125,11.65,3.25));
#12182=CARTESIAN_POINT('',(-9.45,11.65,6.34731745555216));
#12183=CARTESIAN_POINT('',(-9.45,11.65,3.25));
#12184=CARTESIAN_POINT('',(-9.45,11.65,6.34731745555215));
#12185=CARTESIAN_POINT('',(-10.45,11.65,-2.2));
#12186=CARTESIAN_POINT('',(-8.6,11.65,-2.2));
#12187=CARTESIAN_POINT('',(-10.45,11.65,3.25));
#12188=CARTESIAN_POINT('',(-10.45,11.65,-2.2));
#12189=CARTESIAN_POINT('',(-10.0456925097228,11.65,3.25));
#12190=CARTESIAN_POINT('',(-10.45,11.65,3.25));
#12191=CARTESIAN_POINT('',(-10.0456925097228,11.65,5.63739876700854));
#12192=CARTESIAN_POINT('',(-10.0456925097228,11.65,3.25));
#12193=CARTESIAN_POINT('',(-10.0456925097228,11.65,5.63739876700854));
#12194=CARTESIAN_POINT('Origin',(1.25,16.425,8.25));
#12195=CARTESIAN_POINT('',(1.25,17.85,8.25));
#12196=CARTESIAN_POINT('',(2.3,17.85,8.25));
#12197=CARTESIAN_POINT('',(1.25,17.85,8.25));
#12198=CARTESIAN_POINT('',(2.3,15.,8.25));
#12199=CARTESIAN_POINT('',(2.3,17.85,8.25));
#12200=CARTESIAN_POINT('',(1.25,15.,8.25));
#12201=CARTESIAN_POINT('',(2.3,15.,8.25));
#12202=CARTESIAN_POINT('',(1.25,15.,8.25));
#12203=CARTESIAN_POINT('Origin',(1.25,19.925,-3.00108747069239));
#12204=CARTESIAN_POINT('',(1.25652173913043,21.35,-3.15094562668904));
#12205=CARTESIAN_POINT('Origin',(1.25,21.35,-3.00108747069239));
#12206=CARTESIAN_POINT('',(1.25652173913043,18.5,-3.15094562668904));
#12207=CARTESIAN_POINT('Origin',(-9.525,16.75,-3.2));
#12208=CARTESIAN_POINT('',(-10.45,16.75,-2.2));
#12209=CARTESIAN_POINT('',(-10.45,16.75,-3.2));
#12210=CARTESIAN_POINT('',(-10.45,16.75,-2.2));
#12211=CARTESIAN_POINT('Origin',(1.1,16.425,-3.00108747069239));
#12212=CARTESIAN_POINT('',(1.1,17.85,-0.549106857963322));
#12213=CARTESIAN_POINT('',(1.1,17.85,-3.00108747069239));
#12214=CARTESIAN_POINT('',(1.1,15.,-0.549106857963321));
#12215=CARTESIAN_POINT('',(1.1,17.85,-0.549106857963321));
#12216=CARTESIAN_POINT('',(1.1,15.,-0.549106857963321));
#12217=CARTESIAN_POINT('Origin',(-10.0462613289024,14.45,3.25));
#12218=CARTESIAN_POINT('',(-9.45,14.35,3.25));
#12219=CARTESIAN_POINT('',(-9.89145898033751,14.467082039325,3.25));
#12220=CARTESIAN_POINT('Origin',(-9.75729490168751,14.4,3.25));
#12221=CARTESIAN_POINT('',(-9.8914589803375,14.467082039325,3.25));
#12222=CARTESIAN_POINT('Origin',(1.3,19.925,-4.15));
#12223=CARTESIAN_POINT('',(2.3,21.35,-4.15));
#12224=CARTESIAN_POINT('',(2.2,21.35,-3.71411010564593));
#12225=CARTESIAN_POINT('Origin',(1.3,21.35,-4.15));
#12226=CARTESIAN_POINT('Origin',(1.3,21.35,-4.15));
#12227=CARTESIAN_POINT('',(2.3,18.5,-4.15));
#12228=CARTESIAN_POINT('Origin',(-10.4,14.75,3.25));
#12229=CARTESIAN_POINT('',(-10.4,14.8297437581023,5.21515154258766));
#12230=CARTESIAN_POINT('',(-10.4,14.8297437581023,3.25));
#12231=CARTESIAN_POINT('',(-10.4,14.8297437581023,5.21515154258766));
#12232=CARTESIAN_POINT('',(-10.4,14.6702562418977,3.25));
#12233=CARTESIAN_POINT('',(-10.4,14.8297437581023,3.25));
#12234=CARTESIAN_POINT('',(-10.4,14.6702562418977,5.21515154258766));
#12235=CARTESIAN_POINT('',(-10.4,14.6702562418977,3.25));
#12236=CARTESIAN_POINT('',(-10.4,14.6702562418977,5.21515154258766));
#12237=CARTESIAN_POINT('Origin',(-6.30089314203668,12.925,-4.6));
#12238=CARTESIAN_POINT('',(-6.45079744824703,14.35,-4.59464285714286));
#12239=CARTESIAN_POINT('',(-6.30089314203668,14.35,-4.45000000000001));
#12240=CARTESIAN_POINT('Origin',(-6.30089314203668,14.35,-4.6));
#12241=CARTESIAN_POINT('',(-6.30089314203668,11.5,-4.45));
#12242=CARTESIAN_POINT('',(-6.30089314203668,14.35,-4.45));
#12243=CARTESIAN_POINT('',(-6.45079744824704,11.5,-4.59464285714286));
#12244=CARTESIAN_POINT('Origin',(-6.30089314203668,11.5,-4.6));
#12245=CARTESIAN_POINT('',(-6.45079744824703,11.5,-4.59464285714286));
#12246=CARTESIAN_POINT('Origin',(-9.75729490168753,11.6,4.62374211919752));
#12247=CARTESIAN_POINT('',(-9.89145898033751,11.532917960675,3.25));
#12248=CARTESIAN_POINT('Origin',(-9.75729490168753,11.6,3.25));
#12249=CARTESIAN_POINT('',(-9.89145898033751,11.532917960675,5.82120712975196));
#12250=CARTESIAN_POINT('',(-9.89145898033751,11.532917960675,3.25));
#12251=CARTESIAN_POINT('Origin',(-9.75729490168753,11.6,5.98109765248016));
#12252=CARTESIAN_POINT('Origin',(-9.90000000000001,15.05,3.25));
#12253=CARTESIAN_POINT('',(-9.89145898033751,15.032917960675,5.82120712975196));
#12254=CARTESIAN_POINT('',(-9.89145898033751,15.032917960675,3.25));
#12255=CARTESIAN_POINT('',(-9.89145898033751,15.032917960675,5.82120712975196));
#12256=CARTESIAN_POINT('',(-9.9085410196625,15.067082039325,3.25));
#12257=CARTESIAN_POINT('',(-9.89145898033751,15.032917960675,3.25));
#12258=CARTESIAN_POINT('',(-9.9085410196625,15.067082039325,5.80084954801756));
#12259=CARTESIAN_POINT('',(-9.9085410196625,15.067082039325,3.25));
#12260=CARTESIAN_POINT('',(-9.9085410196625,15.067082039325,5.80084954801756));
#12261=CARTESIAN_POINT('Origin',(1.65,21.35,-3.73628996080794));
#12262=CARTESIAN_POINT('',(2.2,21.35,-0.0174675786448708));
#12263=CARTESIAN_POINT('Origin',(1.3,21.35,0.85));
#12264=CARTESIAN_POINT('',(2.2,21.35,-3.71411010564593));
#12265=CARTESIAN_POINT('Origin',(-9.6,10.9,4.80795068014273));
#12266=CARTESIAN_POINT('',(-9.6,11.05,6.16855441666302));
#12267=CARTESIAN_POINT('',(-9.6,11.05,3.25));
#12268=CARTESIAN_POINT('',(-9.6,11.05,6.16855441666302));
#12269=CARTESIAN_POINT('',(-9.45,10.9,3.25));
#12270=CARTESIAN_POINT('Origin',(-9.6,10.9,3.25));
#12271=CARTESIAN_POINT('',(-9.45,10.9,6.34731745555215));
#12272=CARTESIAN_POINT('',(-9.45,10.9,3.25));
#12273=CARTESIAN_POINT('Origin',(-9.6,10.9,6.16855441666302));
#12274=CARTESIAN_POINT('Origin',(1.7,14.35,6.05437238411674));
#12275=CARTESIAN_POINT('',(2.3,14.35,6.06746757864487));
#12276=CARTESIAN_POINT('',(2.3,14.35,8.25));
#12277=CARTESIAN_POINT('',(2.3,14.35,6.06746757864487));
#12278=CARTESIAN_POINT('',(2.3,14.35,8.25));
#12279=CARTESIAN_POINT('Origin',(1.4,14.35,5.2));
#12280=CARTESIAN_POINT('Origin',(-10.2438739148111,11.5301050709908,3.25));
#12281=CARTESIAN_POINT('',(-10.1417201696725,11.6152331919396,5.52295745827511));
#12282=CARTESIAN_POINT('',(-10.1417201696725,11.6152331919396,3.25));
#12283=CARTESIAN_POINT('',(-10.1417201696725,11.6152331919396,5.52295745827511));
#12284=CARTESIAN_POINT('',(-10.1417201696725,11.6152331919396,3.25));
#12285=CARTESIAN_POINT('',(-10.3460276599497,11.4449769500419,5.27947327274335));
#12286=CARTESIAN_POINT('Origin',(-9.90000000000001,11.55,3.25));
#12287=CARTESIAN_POINT('',(-9.9085410196625,11.567082039325,3.25));
#12288=CARTESIAN_POINT('',(-9.89145898033751,11.532917960675,3.25));
#12289=CARTESIAN_POINT('',(-9.9085410196625,11.567082039325,5.80084954801756));
#12290=CARTESIAN_POINT('',(-9.9085410196625,11.567082039325,3.25));
#12291=CARTESIAN_POINT('',(-9.9085410196625,11.567082039325,5.80084954801756));
#12292=CARTESIAN_POINT('Origin',(-10.45,14.75,3.25));
#12293=CARTESIAN_POINT('',(-10.1417201696725,15.1152331919396,3.25));
#12294=CARTESIAN_POINT('',(-10.0456925097228,15.15,3.25));
#12295=CARTESIAN_POINT('Origin',(-10.0456925097228,15.,3.25));
#12296=CARTESIAN_POINT('',(-10.45,15.15,3.25));
#12297=CARTESIAN_POINT('',(-10.0456925097228,15.15,3.25));
#12298=CARTESIAN_POINT('',(-10.45,15.15,3.25));
#12299=CARTESIAN_POINT('',(-10.1417201696725,14.3847668080604,3.25));
#12300=CARTESIAN_POINT('Origin',(-10.0456925097228,14.5,3.25));
#12301=CARTESIAN_POINT('',(-10.3460276599497,14.5550230499581,3.25));
#12302=CARTESIAN_POINT('',(-10.1417201696725,14.3847668080604,3.25));
#12303=CARTESIAN_POINT('Origin',(-10.25,14.6702562418977,3.25));
#12304=CARTESIAN_POINT('',(-10.3460276599497,14.9449769500419,3.25));
#12305=CARTESIAN_POINT('Origin',(-10.25,14.8297437581023,3.25));
#12306=CARTESIAN_POINT('',(-10.3460276599497,14.9449769500419,3.25));
#12307=CARTESIAN_POINT('Origin',(-10.0462613289024,17.95,3.25));
#12308=CARTESIAN_POINT('Origin',(-10.0427050983125,18.,3.25));
#12309=CARTESIAN_POINT('',(-9.45,17.9,3.25));
#12310=CARTESIAN_POINT('',(-9.45,17.85,3.25));
#12311=CARTESIAN_POINT('Origin',(-9.6,17.9,3.25));
#12312=CARTESIAN_POINT('Origin',(-9.75729490168751,17.9,3.25));
#12313=CARTESIAN_POINT('Origin',(-9.45,11.625,3.25));
#12314=CARTESIAN_POINT('',(-9.45,11.65,3.25));
#12315=CARTESIAN_POINT('',(-9.45,11.6,6.34731745555216));
#12316=CARTESIAN_POINT('Origin',(-9.45,15.125,3.25));
#12317=CARTESIAN_POINT('',(-9.45,15.15,6.34731745555216));
#12318=CARTESIAN_POINT('',(-9.45,15.15,3.25));
#12319=CARTESIAN_POINT('',(-9.45,15.15,6.34731745555216));
#12320=CARTESIAN_POINT('',(-9.45,15.15,3.25));
#12321=CARTESIAN_POINT('',(-9.45,15.1,6.34731745555216));
#12322=CARTESIAN_POINT('Origin',(-10.45,20.,1.6));
#12323=CARTESIAN_POINT('',(-10.45,18.45,5.25698161990021));
#12324=CARTESIAN_POINT('',(-10.45,18.45,5.25698161990021));
#12325=CARTESIAN_POINT('',(-10.45,21.3,5.25698161990021));
#12326=CARTESIAN_POINT('',(-10.45,21.55,5.25698161990021));
#12327=CARTESIAN_POINT('',(-10.45,21.3,5.25698161990021));
#12328=CARTESIAN_POINT('',(-10.45,18.7,5.25698161990021));
#12329=CARTESIAN_POINT('',(-10.45,18.7,1.6));
#12330=CARTESIAN_POINT('',(-10.45,18.7,5.25698161990021));
#12331=CARTESIAN_POINT('Origin',(1.7,17.85,-4.20089519452813));
#12332=CARTESIAN_POINT('',(2.3,17.85,-4.15));
#12333=CARTESIAN_POINT('',(2.3,17.85,4.33253242135513));
#12334=CARTESIAN_POINT('',(2.3,17.85,-4.15));
#12335=CARTESIAN_POINT('',(1.21481481481481,17.85,3.96379352566494));
#12336=CARTESIAN_POINT('Origin',(1.4,17.85,5.2));
#12337=CARTESIAN_POINT('',(1.1,17.85,3.86489700771813));
#12338=CARTESIAN_POINT('Origin',(1.2,17.85,3.86489700771813));
#12339=CARTESIAN_POINT('',(1.1,17.85,3.86489700771813));
#12340=CARTESIAN_POINT('',(2.2,17.85,1.71746757864488));
#12341=CARTESIAN_POINT('Origin',(1.3,17.85,0.849999999999999));
#12342=CARTESIAN_POINT('',(2.2,17.85,-0.0174675786448719));
#12343=CARTESIAN_POINT('',(2.2,17.85,1.71746757864487));
#12344=CARTESIAN_POINT('',(1.25535714285714,17.85,-0.399202551752965));
#12345=CARTESIAN_POINT('Origin',(1.3,17.85,0.849999999999999));
#12346=CARTESIAN_POINT('Origin',(1.25,17.85,-0.549106857963321));
#12347=CARTESIAN_POINT('Origin',(1.3,17.85,-4.15));
#12348=CARTESIAN_POINT('Origin',(-1.075,10.35,1.8));
#12349=CARTESIAN_POINT('',(-0.55,10.35,2.6));
#12350=CARTESIAN_POINT('',(-2.35,10.35,3.5339));
#12351=CARTESIAN_POINT('',(-0.55,10.35,2.6));
#12352=CARTESIAN_POINT('',(-2.35,10.35,1.8));
#12353=CARTESIAN_POINT('',(-2.35,10.35,3.5339));
#12354=CARTESIAN_POINT('',(0.2,10.35,1.8));
#12355=CARTESIAN_POINT('',(-2.35,10.35,1.8));
#12356=CARTESIAN_POINT('',(0.2,10.35,2.6));
#12357=CARTESIAN_POINT('',(0.2,10.35,1.8));
#12358=CARTESIAN_POINT('',(0.2,10.35,2.6));
#12359=CARTESIAN_POINT('Origin',(-10.0462613289024,15.05,3.25));
#12360=CARTESIAN_POINT('',(-10.0427050983125,15.15,3.25));
#12361=CARTESIAN_POINT('',(-9.45,15.15,3.25));
#12362=CARTESIAN_POINT('Origin',(-10.0427050983125,15.,3.25));
#12363=CARTESIAN_POINT('Origin',(-9.75729490168753,15.1,3.25));
#12364=CARTESIAN_POINT('Origin',(-9.525,15.15,-2.2));
#12365=CARTESIAN_POINT('',(-10.0427050983125,15.15,5.64095902528935));
#12366=CARTESIAN_POINT('',(-10.0427050983125,15.15,5.64095902528935));
#12367=CARTESIAN_POINT('',(-9.45,15.15,6.34731745555215));
#12368=CARTESIAN_POINT('',(-10.45,15.15,-2.2));
#12369=CARTESIAN_POINT('',(-8.6,15.15,-2.2));
#12370=CARTESIAN_POINT('',(-10.45,15.15,-2.2));
#12371=CARTESIAN_POINT('',(-10.0456925097228,15.15,5.63739876700854));
#12372=CARTESIAN_POINT('',(-10.0456925097228,15.15,3.25));
#12373=CARTESIAN_POINT('',(-10.0456925097228,15.15,5.63739876700854));
#12374=CARTESIAN_POINT('Origin',(-4.75,13.29,-9.25));
#12375=CARTESIAN_POINT('',(-4.75,12.79,-4.45));
#12376=CARTESIAN_POINT('',(-4.75,12.79,-4.45));
#12377=CARTESIAN_POINT('',(-4.75,13.79,-4.45));
#12378=CARTESIAN_POINT('Origin',(2.2,16.425,-0.0174675786448719));
#12379=CARTESIAN_POINT('',(2.2,15.,1.71746757864487));
#12380=CARTESIAN_POINT('',(2.2,17.85,1.71746757864487));
#12381=CARTESIAN_POINT('',(2.2,15.,-0.0174675786448719));
#12382=CARTESIAN_POINT('',(2.2,15.,1.71746757864487));
#12383=CARTESIAN_POINT('',(2.2,15.,-0.0174675786448719));
#12384=CARTESIAN_POINT('Origin',(1.7,15.,6.05437238411674));
#12385=CARTESIAN_POINT('',(2.3,15.,6.06746757864487));
#12386=CARTESIAN_POINT('',(1.2660714144676,15.,6.44280454375468));
#12387=CARTESIAN_POINT('Origin',(1.4,15.,5.2));
#12388=CARTESIAN_POINT('Origin',(1.25,15.,6.5919410907075));
#12389=CARTESIAN_POINT('Origin',(1.25,15.,8.1));
#12390=CARTESIAN_POINT('',(2.3,15.,8.25));
#12391=CARTESIAN_POINT('Origin',(1.1,16.425,2.24910685796332));
#12392=CARTESIAN_POINT('',(1.1,15.,3.86489700771813));
#12393=CARTESIAN_POINT('',(1.1,17.85,3.86489700771813));
#12394=CARTESIAN_POINT('',(1.1,15.,3.86489700771813));
#12395=CARTESIAN_POINT('Origin',(-8.7,20.,1.43));
#12396=CARTESIAN_POINT('',(-8.7,18.7,1.43));
#12397=CARTESIAN_POINT('',(-8.6,18.7,1.43));
#12398=CARTESIAN_POINT('',(-8.7,18.7,1.43));
#12399=CARTESIAN_POINT('',(-8.6,21.3,1.43));
#12400=CARTESIAN_POINT('',(-8.6,18.7,1.43));
#12401=CARTESIAN_POINT('',(-8.7,21.3,1.43));
#12402=CARTESIAN_POINT('',(-8.6,21.3,1.43));
#12403=CARTESIAN_POINT('',(-8.7,21.3,1.43));
#12404=CARTESIAN_POINT('Origin',(-10.2438739148111,14.4698949290092,3.25));
#12405=CARTESIAN_POINT('',(-10.3460276599497,14.5550230499581,5.27947327274335));
#12406=CARTESIAN_POINT('',(-10.3460276599497,14.5550230499581,5.27947327274335));
#12407=CARTESIAN_POINT('',(-10.1417201696725,14.3847668080604,5.52295745827511));
#12408=CARTESIAN_POINT('',(-10.1417201696725,14.3847668080604,3.25));
#12409=CARTESIAN_POINT('',(-10.1417201696725,14.3847668080604,5.52295745827511));
#12410=CARTESIAN_POINT('Origin',(-10.0456925097228,14.5,4.4508615798053));
#12411=CARTESIAN_POINT('Origin',(-10.0456925097228,14.5,5.63739876700855));
#12412=CARTESIAN_POINT('Origin',(-9.85,16.425,-5.65));
#12413=CARTESIAN_POINT('',(-9.85,17.85,-5.65));
#12414=CARTESIAN_POINT('',(-9.85,17.85,-5.65));
#12415=CARTESIAN_POINT('',(-9.85,15.,-5.65));
#12416=CARTESIAN_POINT('',(-9.85,15.,-4.45));
#12417=CARTESIAN_POINT('',(-9.85,15.,-5.65));
#12418=CARTESIAN_POINT('Origin',(-10.0462613289024,11.55,3.25));
#12419=CARTESIAN_POINT('Origin',(-10.0427050983125,11.5,3.25));
#12420=CARTESIAN_POINT('Origin',(-4.25,12.925,-4.55));
#12421=CARTESIAN_POINT('',(-4.25,14.35,-4.45));
#12422=CARTESIAN_POINT('',(-4.15,14.35,-4.55));
#12423=CARTESIAN_POINT('Origin',(-4.25,14.35,-4.55));
#12424=CARTESIAN_POINT('',(-4.15,11.5,-4.55));
#12425=CARTESIAN_POINT('',(-4.15,14.35,-4.55));
#12426=CARTESIAN_POINT('',(-4.25,11.5,-4.45));
#12427=CARTESIAN_POINT('Origin',(-4.25,11.5,-4.55));
#12428=CARTESIAN_POINT('',(-4.25,11.5,-4.45));
#12429=CARTESIAN_POINT('Origin',(1.4,12.925,5.2));
#12430=CARTESIAN_POINT('',(2.3,14.35,4.33253242135513));
#12431=CARTESIAN_POINT('Origin',(1.4,14.35,5.2));
#12432=CARTESIAN_POINT('',(2.3,11.5,4.33253242135513));
#12433=CARTESIAN_POINT('',(2.3,14.35,4.33253242135513));
#12434=CARTESIAN_POINT('Origin',(1.4,11.5,5.2));
#12435=CARTESIAN_POINT('Origin',(-10.0456925097228,15.,4.4508615798053));
#12436=CARTESIAN_POINT('',(-10.1417201696725,15.1152331919396,5.52295745827511));
#12437=CARTESIAN_POINT('Origin',(-10.0456925097228,15.,5.63739876700855));
#12438=CARTESIAN_POINT('',(-10.1417201696725,15.1152331919396,3.25));
#12439=CARTESIAN_POINT('Origin',(-5.35,10.3,-2.2));
#12440=CARTESIAN_POINT('',(-5.38137084989848,10.3,-0.269238815542513));
#12441=CARTESIAN_POINT('',(-5.85000000000001,10.3,-1.40060966544099));
#12442=CARTESIAN_POINT('Origin',(-4.25,10.3,-1.40060966544099));
#12443=CARTESIAN_POINT('',(-5.85,10.3,-2.2));
#12444=CARTESIAN_POINT('',(-5.85,10.3,-1.40060966544099));
#12445=CARTESIAN_POINT('',(-5.35,10.3,-2.2));
#12446=CARTESIAN_POINT('',(-5.85,10.3,-2.2));
#12447=CARTESIAN_POINT('',(-4.85,10.3,-1.7));
#12448=CARTESIAN_POINT('Origin',(-5.35,10.3,-1.7));
#12449=CARTESIAN_POINT('',(-4.85,10.3,-0.100000000000003));
#12450=CARTESIAN_POINT('',(-4.85,10.3,-1.7));
#12451=CARTESIAN_POINT('',(-5.10606601717798,10.3,0.00606601717798028));
#12452=CARTESIAN_POINT('Origin',(-5.,10.3,-0.100000000000002));
#12453=CARTESIAN_POINT('',(-5.10606601717798,10.3,0.00606601717797695));
#12454=CARTESIAN_POINT('Origin',(-10.25,14.6702562418977,4.2708250561899));
#12455=CARTESIAN_POINT('Origin',(-10.25,14.6702562418977,5.39391458147679));
#12456=CARTESIAN_POINT('Origin',(1.25,12.925,2.24910685796333));
#12457=CARTESIAN_POINT('',(1.1,14.35,2.24910685796333));
#12458=CARTESIAN_POINT('Origin',(1.25,14.35,2.24910685796333));
#12459=CARTESIAN_POINT('',(1.1,11.5,2.24910685796332));
#12460=CARTESIAN_POINT('',(1.1,14.35,2.24910685796332));
#12461=CARTESIAN_POINT('Origin',(1.25,11.5,2.24910685796333));
#12462=CARTESIAN_POINT('Origin',(-7.69999999999999,12.925,-4.55));
#12463=CARTESIAN_POINT('',(-8.94920255175296,14.35,-4.59464285714286));
#12464=CARTESIAN_POINT('',(-8.29371710435189,14.35,-5.65));
#12465=CARTESIAN_POINT('Origin',(-7.69999999999999,14.35,-4.55));
#12466=CARTESIAN_POINT('',(-8.2937171043519,11.5,-5.65));
#12467=CARTESIAN_POINT('',(-8.2937171043519,14.35,-5.65));
#12468=CARTESIAN_POINT('',(-8.94920255175296,11.5,-4.59464285714286));
#12469=CARTESIAN_POINT('Origin',(-7.69999999999999,11.5,-4.55));
#12470=CARTESIAN_POINT('',(-8.94920255175296,11.5,-4.59464285714286));
#12471=CARTESIAN_POINT('Origin',(-5.,12.79,-9.25));
#12472=CARTESIAN_POINT('',(-5.25,12.79,-4.45));
#12473=CARTESIAN_POINT('',(-5.25,12.79,-4.45));
#12474=CARTESIAN_POINT('',(-4.75,12.79,-4.45));
#12475=CARTESIAN_POINT('Origin',(-10.25,14.8297437581023,4.2708250561899));
#12476=CARTESIAN_POINT('',(-10.3460276599497,14.9449769500419,5.27947327274335));
#12477=CARTESIAN_POINT('Origin',(-10.25,14.8297437581023,5.39391458147679));
#12478=CARTESIAN_POINT('',(-10.3460276599497,14.9449769500419,5.27947327274335));
#12479=CARTESIAN_POINT('Origin',(1.4,16.425,5.2));
#12480=CARTESIAN_POINT('',(2.3,15.,4.33253242135513));
#12481=CARTESIAN_POINT('',(2.3,17.85,4.33253242135513));
#12482=CARTESIAN_POINT('',(1.21481481481481,15.,3.96379352566494));
#12483=CARTESIAN_POINT('Origin',(1.4,15.,5.2));
#12484=CARTESIAN_POINT('',(1.21481481481481,15.,3.96379352566494));
#12485=CARTESIAN_POINT('Origin',(-10.45,15.95,-2.2));
#12486=CARTESIAN_POINT('',(-10.45,16.75,-2.2));
#12487=CARTESIAN_POINT('Origin',(1.1,12.925,2.24910685796332));
#12488=CARTESIAN_POINT('',(1.1,14.35,2.24910685796332));
#12489=CARTESIAN_POINT('',(1.1,11.5,3.86489700771813));
#12490=CARTESIAN_POINT('Origin',(-5.3,21.35,-5.55));
#12491=CARTESIAN_POINT('',(-3.65,21.35,-5.55));
#12492=CARTESIAN_POINT('Origin',(-2.9,21.35,-4.55));
#12493=CARTESIAN_POINT('',(-6.45079744824704,21.35,-4.59464285714286));
#12494=CARTESIAN_POINT('Origin',(-6.30089314203668,21.35,-4.6));
#12495=CARTESIAN_POINT('',(-6.95,21.35,-5.55));
#12496=CARTESIAN_POINT('Origin',(-7.7,21.35,-4.55));
#12497=CARTESIAN_POINT('',(-6.2,21.35,-5.55));
#12498=CARTESIAN_POINT('',(-6.95,21.35,-5.55));
#12499=CARTESIAN_POINT('',(-6.,21.35,-5.35));
#12500=CARTESIAN_POINT('Origin',(-6.,21.35,-5.55));
#12501=CARTESIAN_POINT('',(-4.7,21.35,-5.35));
#12502=CARTESIAN_POINT('',(-6.,21.35,-5.35));
#12503=CARTESIAN_POINT('',(-4.5,21.35,-5.55));
#12504=CARTESIAN_POINT('Origin',(-4.7,21.35,-5.55));
#12505=CARTESIAN_POINT('',(-4.5,21.35,-5.55));
#12506=CARTESIAN_POINT('Origin',(-9.75729490168753,15.1,4.62374211919752));
#12507=CARTESIAN_POINT('Origin',(-9.75729490168753,15.1,5.98109765248016));
#12508=CARTESIAN_POINT('Origin',(-6.,22.1,-5.35));
#12509=CARTESIAN_POINT('',(-6.,22.85,-5.35));
#12510=CARTESIAN_POINT('',(-6.,21.35,-5.35));
#12511=CARTESIAN_POINT('',(-4.7,22.85,-5.35));
#12512=CARTESIAN_POINT('',(-6.,22.85,-5.35));
#12513=CARTESIAN_POINT('',(-4.7,22.85,-5.35));
#12514=CARTESIAN_POINT('Origin',(0.,19.79,-9.25));
#12515=CARTESIAN_POINT('',(-0.25,19.79,-4.45));
#12516=CARTESIAN_POINT('',(-0.25,19.79,-4.45));
#12517=CARTESIAN_POINT('',(0.25,19.79,-4.45));
#12518=CARTESIAN_POINT('',(0.25,19.79,-9.25));
#12519=CARTESIAN_POINT('',(0.25,19.79,-4.45));
#12520=CARTESIAN_POINT('Origin',(-10.0456925097228,18.,4.4508615798053));
#12521=CARTESIAN_POINT('',(-10.1417201696725,17.8847668080604,5.52295745827512));
#12522=CARTESIAN_POINT('Origin',(-10.0456925097228,18.,5.63739876700855));
#12523=CARTESIAN_POINT('',(-10.1417201696725,17.8847668080604,3.25));
#12524=CARTESIAN_POINT('',(-10.1417201696725,17.8847668080604,5.52295745827511));
#12525=CARTESIAN_POINT('Origin',(-10.0456925097228,18.,3.25));
#12526=CARTESIAN_POINT('Origin',(-10.0427050983125,18.,4.53307732265284));
#12527=CARTESIAN_POINT('Origin',(-10.0427050983125,18.,5.64095902528935));
#12528=CARTESIAN_POINT('Origin',(-10.0427050983125,15.,4.53307732265283));
#12529=CARTESIAN_POINT('Origin',(-10.0427050983125,15.,5.64095902528934));
#12530=CARTESIAN_POINT('Origin',(-9.75729490168751,17.9,4.62374211919753));
#12531=CARTESIAN_POINT('Origin',(-9.75729490168751,17.9,5.98109765248018));
#12532=CARTESIAN_POINT('Origin',(1.25,16.425,-0.549106857963321));
#12533=CARTESIAN_POINT('',(1.25535714285714,15.,-0.399202551752972));
#12534=CARTESIAN_POINT('',(1.25535714285714,17.85,-0.399202551752972));
#12535=CARTESIAN_POINT('Origin',(1.25,15.,-0.549106857963321));
#12536=CARTESIAN_POINT('Origin',(-2.82896029651099,18.5,-5.65));
#12537=CARTESIAN_POINT('',(-7.1062828956481,18.5,-5.65));
#12538=CARTESIAN_POINT('',(-6.45079744824703,18.5,-4.59464285714286));
#12539=CARTESIAN_POINT('Origin',(-7.7,18.5,-4.55));
#12540=CARTESIAN_POINT('Origin',(-6.30089314203668,18.5,-4.6));
#12541=CARTESIAN_POINT('',(-3.65,18.5,-5.55));
#12542=CARTESIAN_POINT('Origin',(-2.9,18.5,-4.55));
#12543=CARTESIAN_POINT('',(-2.15,18.5,-5.55));
#12544=CARTESIAN_POINT('',(-3.65,18.5,-5.55));
#12545=CARTESIAN_POINT('',(-1.65,18.5,-4.55));
#12546=CARTESIAN_POINT('Origin',(-2.9,18.5,-4.55));
#12547=CARTESIAN_POINT('',(-1.55,18.5,-4.45));
#12548=CARTESIAN_POINT('Origin',(-1.55,18.5,-4.55));
#12549=CARTESIAN_POINT('',(-1.55,18.5,-4.45));
#12550=CARTESIAN_POINT('',(1.5,18.5,-5.29891252930761));
#12551=CARTESIAN_POINT('Origin',(1.35,18.5,-5.29891252930761));
#12552=CARTESIAN_POINT('',(1.5,18.5,-5.65));
#12553=CARTESIAN_POINT('',(1.5,18.5,-5.29891252930761));
#12554=CARTESIAN_POINT('',(1.5,18.5,-5.65));
#12555=CARTESIAN_POINT('Origin',(0.25,16.79,-9.25));
#12556=CARTESIAN_POINT('',(0.25,17.29,-4.45));
#12557=CARTESIAN_POINT('Origin',(-9.6,17.9,4.80795068014273));
#12558=CARTESIAN_POINT('',(-9.45,17.9,6.34731745555215));
#12559=CARTESIAN_POINT('',(-9.45,17.9,3.25));
#12560=CARTESIAN_POINT('Origin',(-9.6,17.9,6.16855441666303));
#12561=CARTESIAN_POINT('Origin',(1.3,16.425,0.849999999999999));
#12562=CARTESIAN_POINT('Origin',(1.3,15.,0.849999999999999));
#12563=CARTESIAN_POINT('Origin',(1.25,16.425,8.1));
#12564=CARTESIAN_POINT('Origin',(1.25,17.85,8.1));
#12565=CARTESIAN_POINT('Origin',(-9.85,19.925,-4.45));
#12566=CARTESIAN_POINT('',(-9.85,21.35,-4.45));
#12567=CARTESIAN_POINT('',(-9.09910685796332,21.35,-4.45));
#12568=CARTESIAN_POINT('',(-9.85,21.35,-4.45));
#12569=CARTESIAN_POINT('',(-9.09910685796332,18.5,-4.45));
#12570=CARTESIAN_POINT('',(-9.09910685796332,21.35,-4.45));
#12571=CARTESIAN_POINT('',(-9.85,18.5,-4.45));
#12572=CARTESIAN_POINT('',(-9.09910685796332,18.5,-4.45));
#12573=CARTESIAN_POINT('',(-9.85,18.5,-4.45));
#12574=CARTESIAN_POINT('Origin',(1.3,12.925,-4.15));
#12575=CARTESIAN_POINT('',(2.3,14.35,-4.15));
#12576=CARTESIAN_POINT('',(1.25652173913043,14.35,-3.15094562668904));
#12577=CARTESIAN_POINT('Origin',(1.3,14.35,-4.15));
#12578=CARTESIAN_POINT('',(1.25652173913043,11.5,-3.15094562668904));
#12579=CARTESIAN_POINT('',(1.25652173913043,14.35,-3.15094562668904));
#12580=CARTESIAN_POINT('',(2.3,11.5,-4.15));
#12581=CARTESIAN_POINT('Origin',(1.3,11.5,-4.15));
#12582=CARTESIAN_POINT('',(2.3,11.5,-4.15));
#12583=CARTESIAN_POINT('Origin',(-9.45,14.375,3.25));
#12584=CARTESIAN_POINT('',(-9.45,14.35,6.34731745555216));
#12585=CARTESIAN_POINT('Origin',(-9.525,13.25,-3.2));
#12586=CARTESIAN_POINT('',(-10.45,13.25,-3.2));
#12587=CARTESIAN_POINT('',(-10.45,13.25,-2.2));
#12588=CARTESIAN_POINT('',(-10.45,13.25,-3.2));
#12589=CARTESIAN_POINT('',(-10.45,13.25,-2.2));
#12590=CARTESIAN_POINT('',(-8.6,13.25,-3.2));
#12591=CARTESIAN_POINT('Origin',(-10.2438739148111,15.0301050709908,3.25));
#12592=CARTESIAN_POINT('',(-10.3460276599497,14.9449769500419,5.27947327274335));
#12593=CARTESIAN_POINT('Origin',(-5.25,13.29,-9.25));
#12594=CARTESIAN_POINT('',(-5.25,12.79,-4.45));
#12595=CARTESIAN_POINT('Origin',(-10.25,11.1702562418977,4.2708250561899));
#12596=CARTESIAN_POINT('',(-10.3460276599497,11.0550230499581,5.27947327274335));
#12597=CARTESIAN_POINT('',(-10.4,11.1702562418977,5.21515154258765));
#12598=CARTESIAN_POINT('Origin',(-10.25,11.1702562418977,5.39391458147679));
#12599=CARTESIAN_POINT('',(-10.4,11.1702562418977,3.25));
#12600=CARTESIAN_POINT('',(-10.4,11.1702562418977,5.21515154258766));
#12601=CARTESIAN_POINT('',(-10.3460276599497,11.0550230499581,3.25));
#12602=CARTESIAN_POINT('Origin',(-10.25,11.1702562418977,3.25));
#12603=CARTESIAN_POINT('',(-10.3460276599497,11.0550230499581,3.25));
#12604=CARTESIAN_POINT('Origin',(-9.67864745084376,11.05,3.25));
#12605=CARTESIAN_POINT('',(-9.75729490168752,11.05,5.98109765248018));
#12606=CARTESIAN_POINT('',(-9.75729490168752,11.05,3.25));
#12607=CARTESIAN_POINT('',(-9.75729490168752,11.05,5.98109765248018));
#12608=CARTESIAN_POINT('',(-9.75729490168752,11.05,3.25));
#12609=CARTESIAN_POINT('',(-9.6,11.05,6.16855441666302));
#12610=CARTESIAN_POINT('Origin',(-9.9,10.95,3.25));
#12611=CARTESIAN_POINT('',(-9.9085410196625,10.932917960675,5.80084954801756));
#12612=CARTESIAN_POINT('',(-9.9085410196625,10.932917960675,3.25));
#12613=CARTESIAN_POINT('',(-9.9085410196625,10.932917960675,5.80084954801756));
#12614=CARTESIAN_POINT('',(-9.8914589803375,10.967082039325,3.25));
#12615=CARTESIAN_POINT('',(-9.9085410196625,10.932917960675,3.25));
#12616=CARTESIAN_POINT('',(-9.8914589803375,10.967082039325,5.82120712975196));
#12617=CARTESIAN_POINT('',(-9.8914589803375,10.967082039325,3.25));
#12618=CARTESIAN_POINT('',(-9.8914589803375,10.967082039325,5.82120712975196));
#12619=CARTESIAN_POINT('Origin',(-7.4,10.1,-0.705400000000002));
#12620=CARTESIAN_POINT('',(-6.95,10.1,-0.250000000000003));
#12621=CARTESIAN_POINT('Origin',(-7.4,10.1,-0.250000000000002));
#12622=CARTESIAN_POINT('Origin',(1.25,19.925,2.24910685796333));
#12623=CARTESIAN_POINT('',(1.25535714285714,21.35,2.09920255175297));
#12624=CARTESIAN_POINT('Origin',(1.25,21.35,2.24910685796333));
#12625=CARTESIAN_POINT('',(1.25535714285714,18.5,2.09920255175297));
#12626=CARTESIAN_POINT('Origin',(-10.0427050983125,11.5,4.53307732265283));
#12627=CARTESIAN_POINT('Origin',(-10.0427050983125,11.5,5.64095902528934));
#12628=CARTESIAN_POINT('Origin',(-10.0456925097228,11.5,4.4508615798053));
#12629=CARTESIAN_POINT('Origin',(-10.0456925097228,11.5,5.63739876700855));
#12630=CARTESIAN_POINT('Origin',(-10.0456925097228,11.5,3.25));
#12631=CARTESIAN_POINT('Origin',(1.3,12.925,0.849999999999997));
#12632=CARTESIAN_POINT('',(1.25535714285714,14.35,-0.399202551752972));
#12633=CARTESIAN_POINT('',(2.2,14.35,-0.0174675786448686));
#12634=CARTESIAN_POINT('Origin',(1.3,14.35,0.849999999999999));
#12635=CARTESIAN_POINT('',(2.2,11.5,-0.017467578644873));
#12636=CARTESIAN_POINT('',(2.2,14.35,-0.0174675786448719));
#12637=CARTESIAN_POINT('',(1.25535714285714,11.5,-0.399202551752966));
#12638=CARTESIAN_POINT('Origin',(1.3,11.5,0.849999999999997));
#12639=CARTESIAN_POINT('',(1.25535714285714,11.5,-0.399202551752973));
#12640=CARTESIAN_POINT('Origin',(-10.15,21.35,-5.65));
#12641=CARTESIAN_POINT('',(-10.45,21.35,-3.5));
#12642=CARTESIAN_POINT('',(-10.35,21.35,-3.5));
#12643=CARTESIAN_POINT('',(-10.45,21.35,-3.5));
#12644=CARTESIAN_POINT('',(-10.35,21.35,-5.25));
#12645=CARTESIAN_POINT('',(-10.35,21.35,-3.5));
#12646=CARTESIAN_POINT('',(-10.05,21.35,-5.55));
#12647=CARTESIAN_POINT('Origin',(-10.05,21.35,-5.25));
#12648=CARTESIAN_POINT('',(-9.85,21.35,-5.55));
#12649=CARTESIAN_POINT('',(-10.05,21.35,-5.55));
#12650=CARTESIAN_POINT('',(-9.85,21.35,-5.65));
#12651=CARTESIAN_POINT('',(-9.85,21.35,-5.55));
#12652=CARTESIAN_POINT('',(-10.15,21.35,-5.65));
#12653=CARTESIAN_POINT('',(-9.85,21.35,-5.65));
#12654=CARTESIAN_POINT('',(-10.45,21.35,-5.35));
#12655=CARTESIAN_POINT('Origin',(-10.15,21.35,-5.35));
#12656=CARTESIAN_POINT('',(-10.45,21.35,-5.35));
#12657=CARTESIAN_POINT('Origin',(-9.1458,21.35,-5.55));
#12658=CARTESIAN_POINT('',(-9.85,21.35,-4.45));
#12659=CARTESIAN_POINT('',(-8.45,21.35,-5.55));
#12660=CARTESIAN_POINT('',(-9.85,21.35,-5.55));
#12661=CARTESIAN_POINT('',(-8.94920255175296,21.35,-4.59464285714286));
#12662=CARTESIAN_POINT('Origin',(-7.69999999999999,21.35,-4.55));
#12663=CARTESIAN_POINT('Origin',(-9.09910685796332,21.35,-4.6));
#12664=CARTESIAN_POINT('Origin',(1.7,17.85,6.05437238411674));
#12665=CARTESIAN_POINT('',(2.3,17.85,6.06746757864487));
#12666=CARTESIAN_POINT('',(2.3,17.85,6.06746757864487));
#12667=CARTESIAN_POINT('',(1.2660714144676,17.85,6.44280454375468));
#12668=CARTESIAN_POINT('Origin',(1.25,17.85,6.5919410907075));
#12669=CARTESIAN_POINT('Origin',(1.4,17.85,5.2));
#12670=CARTESIAN_POINT('Origin',(-2.9,19.925,-4.55));
#12671=CARTESIAN_POINT('',(-3.65,21.35,-5.55));
#12672=CARTESIAN_POINT('Origin',(-6.30089314203668,19.925,-4.6));
#12673=CARTESIAN_POINT('',(-6.45079744824703,18.5,-4.59464285714286));
#12674=CARTESIAN_POINT('Origin',(2.2,12.925,-0.017467578644873));
#12675=CARTESIAN_POINT('',(2.2,14.35,-0.0174675786448719));
#12676=CARTESIAN_POINT('',(2.2,11.5,1.71746757864487));
#12677=CARTESIAN_POINT('Origin',(-6.,22.1,-5.55));
#12678=CARTESIAN_POINT('',(-6.2,22.85,-5.55));
#12679=CARTESIAN_POINT('',(-6.2,21.35,-5.55));
#12680=CARTESIAN_POINT('Origin',(-6.,22.85,-5.55));
#12681=CARTESIAN_POINT('Origin',(1.25,12.925,8.25));
#12682=CARTESIAN_POINT('',(2.3,11.5,8.25));
#12683=CARTESIAN_POINT('',(2.3,14.35,8.25));
#12684=CARTESIAN_POINT('',(2.3,11.5,8.25));
#12685=CARTESIAN_POINT('Origin',(-9.06718970348901,18.5,-5.65));
#12686=CARTESIAN_POINT('',(-9.85,18.5,-5.65));
#12687=CARTESIAN_POINT('',(-9.85,18.5,-5.65));
#12688=CARTESIAN_POINT('',(-8.94920255175297,18.5,-4.59464285714285));
#12689=CARTESIAN_POINT('Origin',(-9.09910685796332,18.5,-4.6));
#12690=CARTESIAN_POINT('',(-8.29371710435189,18.5,-5.65));
#12691=CARTESIAN_POINT('Origin',(-7.69999999999999,18.5,-4.55));
#12692=CARTESIAN_POINT('',(-8.2937171043519,18.5,-5.65));
#12693=CARTESIAN_POINT('Origin',(-1.55,12.925,-4.45));
#12694=CARTESIAN_POINT('',(-1.55,14.35,-4.45));
#12695=CARTESIAN_POINT('',(0.34606079858305,14.35,-4.45));
#12696=CARTESIAN_POINT('',(-1.55,14.35,-4.45));
#12697=CARTESIAN_POINT('',(0.34606079858305,11.5,-4.45));
#12698=CARTESIAN_POINT('',(0.34606079858305,14.35,-4.45));
#12699=CARTESIAN_POINT('',(-1.55,11.5,-4.45));
#12700=CARTESIAN_POINT('',(0.34606079858305,11.5,-4.45));
#12701=CARTESIAN_POINT('',(-1.55,11.5,-4.45));
#12702=CARTESIAN_POINT('Origin',(1.25,12.925,-3.00108747069239));
#12703=CARTESIAN_POINT('Origin',(1.25,14.35,-3.00108747069239));
#12704=CARTESIAN_POINT('Origin',(1.25,11.5,-3.00108747069239));
#12705=CARTESIAN_POINT('Origin',(-2.9,19.925,-4.55));
#12706=CARTESIAN_POINT('',(-2.15,21.35,-5.55));
#12707=CARTESIAN_POINT('',(-1.65,21.35,-4.55));
#12708=CARTESIAN_POINT('Origin',(-2.9,21.35,-4.55));
#12709=CARTESIAN_POINT('',(-1.65,21.35,-4.55));
#12710=CARTESIAN_POINT('',(-2.15,18.5,-5.55));
#12711=CARTESIAN_POINT('Origin',(-9.09910685796332,19.925,-4.6));
#12712=CARTESIAN_POINT('',(-8.94920255175296,21.35,-4.59464285714286));
#12713=CARTESIAN_POINT('Origin',(-9.90000000000001,18.55,3.25));
#12714=CARTESIAN_POINT('',(-9.89145898033751,18.532917960675,5.82120712975196));
#12715=CARTESIAN_POINT('',(-9.89145898033751,18.532917960675,3.25));
#12716=CARTESIAN_POINT('',(-9.89145898033751,18.532917960675,5.82120712975196));
#12717=CARTESIAN_POINT('',(-9.9085410196625,18.567082039325,3.25));
#12718=CARTESIAN_POINT('',(-9.89145898033751,18.532917960675,3.25));
#12719=CARTESIAN_POINT('',(-9.9085410196625,18.567082039325,5.80084954801756));
#12720=CARTESIAN_POINT('',(-9.9085410196625,18.567082039325,3.25));
#12721=CARTESIAN_POINT('',(-9.9085410196625,18.567082039325,5.80084954801756));
#12722=CARTESIAN_POINT('Origin',(-7.7,19.925,-4.55));
#12723=CARTESIAN_POINT('',(-7.1062828956481,21.35,-5.65));
#12724=CARTESIAN_POINT('Origin',(-7.7,21.35,-4.55));
#12725=CARTESIAN_POINT('',(-7.1062828956481,18.5,-5.65));
#12726=CARTESIAN_POINT('Origin',(-10.0456925097228,18.5,4.4508615798053));
#12727=CARTESIAN_POINT('',(-10.1417201696725,18.6152331919396,5.52295745827511));
#12728=CARTESIAN_POINT('',(-10.0456925097228,18.65,5.63739876700855));
#12729=CARTESIAN_POINT('Origin',(-10.0456925097228,18.5,5.63739876700855));
#12730=CARTESIAN_POINT('',(-10.0456925097228,18.65,3.25));
#12731=CARTESIAN_POINT('',(-10.0456925097228,18.65,5.63739876700854));
#12732=CARTESIAN_POINT('',(-10.1417201696725,18.6152331919396,3.25));
#12733=CARTESIAN_POINT('Origin',(-10.0456925097228,18.5,3.25));
#12734=CARTESIAN_POINT('',(-10.1417201696725,18.6152331919396,3.25));
#12735=CARTESIAN_POINT('Origin',(-10.05,22.1,-5.55));
#12736=CARTESIAN_POINT('',(-6.2,21.35,-5.55));
#12737=CARTESIAN_POINT('',(-10.05,22.85,-5.55));
#12738=CARTESIAN_POINT('',(-10.05,21.35,-5.55));
#12739=CARTESIAN_POINT('',(-10.05,22.85,-5.55));
#12740=CARTESIAN_POINT('Origin',(1.35,16.425,-5.29891252930761));
#12741=CARTESIAN_POINT('',(1.34347825594613,17.85,-5.14905437352523));
#12742=CARTESIAN_POINT('',(1.5,17.85,-5.29891252930761));
#12743=CARTESIAN_POINT('Origin',(1.35,17.85,-5.29891252930761));
#12744=CARTESIAN_POINT('',(1.5,15.,-5.29891252930761));
#12745=CARTESIAN_POINT('',(1.5,17.85,-5.29891252930761));
#12746=CARTESIAN_POINT('',(1.34347825594613,15.,-5.14905437352523));
#12747=CARTESIAN_POINT('Origin',(1.35,15.,-5.29891252930761));
#12748=CARTESIAN_POINT('',(1.34347825594613,15.,-5.14905437352523));
#12749=CARTESIAN_POINT('Origin',(-9.067189703489,17.85,-5.65));
#12750=CARTESIAN_POINT('',(-8.2937171043519,17.85,-5.65));
#12751=CARTESIAN_POINT('',(-9.85,17.85,-5.65));
#12752=CARTESIAN_POINT('',(-8.94920255175296,17.85,-4.59464285714286));
#12753=CARTESIAN_POINT('Origin',(-7.69999999999999,17.85,-4.55));
#12754=CARTESIAN_POINT('Origin',(-9.09910685796332,17.85,-4.6));
#12755=CARTESIAN_POINT('Origin',(-9.45,18.625,3.25));
#12756=CARTESIAN_POINT('',(-9.45,18.65,6.34731745555216));
#12757=CARTESIAN_POINT('',(-9.45,18.65,3.25));
#12758=CARTESIAN_POINT('',(-9.45,18.65,6.34731745555216));
#12759=CARTESIAN_POINT('',(-9.45,18.6,3.25));
#12760=CARTESIAN_POINT('',(-9.45,18.65,3.25));
#12761=CARTESIAN_POINT('',(-9.45,18.6,6.34731745555216));
#12762=CARTESIAN_POINT('',(-9.45,18.6,3.25));
#12763=CARTESIAN_POINT('',(-9.45,18.6,6.34731745555216));
#12764=CARTESIAN_POINT('Origin',(-9.67864745084376,18.45,3.25));
#12765=CARTESIAN_POINT('',(-9.6,18.45,6.16855441666302));
#12766=CARTESIAN_POINT('',(-9.6,18.45,3.25));
#12767=CARTESIAN_POINT('',(-9.6,18.45,6.16855441666302));
#12768=CARTESIAN_POINT('',(-9.75729490168752,18.45,3.25));
#12769=CARTESIAN_POINT('',(-9.6,18.45,3.25));
#12770=CARTESIAN_POINT('',(-9.75729490168752,18.45,5.98109765248017));
#12771=CARTESIAN_POINT('',(-9.75729490168752,18.45,3.25));
#12772=CARTESIAN_POINT('',(-9.75729490168752,18.45,5.98109765248017));
#12773=CARTESIAN_POINT('Origin',(-0.25,16.79,-9.25));
#12774=CARTESIAN_POINT('',(-0.25,16.29,-4.45));
#12775=CARTESIAN_POINT('Origin',(1.3,19.925,0.85));
#12776=CARTESIAN_POINT('',(2.2,21.35,-0.0174675786448708));
#12777=CARTESIAN_POINT('Origin',(-10.2,21.6,4.28723076013545));
#12778=CARTESIAN_POINT('',(-10.35,21.6,5.12513583156721));
#12779=CARTESIAN_POINT('',(-10.35,21.6,5.12513583156722));
#12780=CARTESIAN_POINT('',(-10.2846242057328,21.4761503177069,5.31208898635273));
#12781=CARTESIAN_POINT('',(-10.2846242057328,21.4761503177069,3.25));
#12782=CARTESIAN_POINT('Ctrl Pts',(-10.2846242057328,21.4761503177069,5.31208898635275));
#12783=CARTESIAN_POINT('Ctrl Pts',(-10.2898410834221,21.4797149141006,5.30554186076041));
#12784=CARTESIAN_POINT('Ctrl Pts',(-10.2946260532973,21.483470344221,5.2989702707484));
#12785=CARTESIAN_POINT('Ctrl Pts',(-10.3156276349744,21.5019072257908,5.26773444893962));
#12786=CARTESIAN_POINT('Ctrl Pts',(-10.3289344891052,21.52042890368,5.2395911595974));
#12787=CARTESIAN_POINT('Ctrl Pts',(-10.3461327903172,21.559829371854,5.18184602208466));
#12788=CARTESIAN_POINT('Ctrl Pts',(-10.35,21.5807947854302,5.15229610648014));
#12789=CARTESIAN_POINT('Ctrl Pts',(-10.35,21.6,5.12513583156722));
#12790=CARTESIAN_POINT('Origin',(1.25,16.425,6.5919410907075));
#12791=CARTESIAN_POINT('',(1.2660714144676,15.,6.44280454375468));
#12792=CARTESIAN_POINT('Origin',(-10.0427050983125,18.5,4.53307732265284));
#12793=CARTESIAN_POINT('',(-10.0427050983125,18.65,5.64095902528935));
#12794=CARTESIAN_POINT('Origin',(-10.0427050983125,18.5,5.64095902528935));
#12795=CARTESIAN_POINT('',(-10.0427050983125,18.65,3.25));
#12796=CARTESIAN_POINT('Origin',(-10.0427050983125,18.5,3.25));
#12797=CARTESIAN_POINT('',(-10.0427050983125,18.65,3.25));
#12798=CARTESIAN_POINT('Origin',(-10.2438739148111,18.5301050709908,3.25));
#12799=CARTESIAN_POINT('',(-10.1417201696725,18.6152331919396,3.25));
#12800=CARTESIAN_POINT('',(-10.3460276599497,18.4449769500419,5.27947327274335));
#12801=CARTESIAN_POINT('Origin',(-7.69999999999999,19.925,-4.55));
#12802=CARTESIAN_POINT('',(-8.29371710435189,21.35,-5.65));
#12803=CARTESIAN_POINT('Origin',(-7.69999999999999,21.35,-4.55));
#12804=CARTESIAN_POINT('',(-8.2937171043519,21.35,-5.65));
#12805=CARTESIAN_POINT('Origin',(-3.65,16.425,-5.55));
#12806=CARTESIAN_POINT('',(-3.65,17.85,-5.55));
#12807=CARTESIAN_POINT('',(-2.15,17.85,-5.55));
#12808=CARTESIAN_POINT('',(-3.65,17.85,-5.55));
#12809=CARTESIAN_POINT('',(-2.15,15.,-5.55));
#12810=CARTESIAN_POINT('',(-2.15,17.85,-5.55));
#12811=CARTESIAN_POINT('',(-3.65,15.,-5.55));
#12812=CARTESIAN_POINT('',(-2.15,15.,-5.55));
#12813=CARTESIAN_POINT('',(-3.65,15.,-5.55));
#12814=CARTESIAN_POINT('Origin',(1.7,11.5,6.05437238411674));
#12815=CARTESIAN_POINT('',(2.3,11.5,6.06746757864487));
#12816=CARTESIAN_POINT('Origin',(1.4,11.5,5.2));
#12817=CARTESIAN_POINT('',(2.3,11.5,8.25));
#12818=CARTESIAN_POINT('Origin',(1.3,16.425,0.849999999999999));
#12819=CARTESIAN_POINT('Origin',(1.3,15.,0.849999999999999));
#12820=CARTESIAN_POINT('Origin',(-9.2931,18.45,5.23152350961961));
#12821=CARTESIAN_POINT('',(-8.26697777844051,18.45,7.85860619515673));
#12822=CARTESIAN_POINT('',(-10.45,18.45,5.25698161990021));
#12823=CARTESIAN_POINT('',(-8.18624479629869,18.45,8.36689866516366));
#12824=CARTESIAN_POINT('Origin',(-8.65000000000001,18.45,8.18));
#12825=CARTESIAN_POINT('',(-8.18624479629869,18.45,8.36689866516366));
#12826=CARTESIAN_POINT('Origin',(1.5,21.35,-5.47445626465381));
#12827=CARTESIAN_POINT('',(1.5,21.35,-5.29891252930761));
#12828=CARTESIAN_POINT('',(1.5,21.35,-5.55));
#12829=CARTESIAN_POINT('',(1.5,21.35,-5.55));
#12830=CARTESIAN_POINT('',(1.5,21.35,-5.65));
#12831=CARTESIAN_POINT('',(1.5,21.35,-5.55));
#12832=CARTESIAN_POINT('',(1.5,21.35,-5.65));
#12833=CARTESIAN_POINT('',(1.5,18.5,-5.29891252930761));
#12834=CARTESIAN_POINT('Origin',(-9.68357864376269,21.55,3.25));
#12835=CARTESIAN_POINT('',(-9.6,21.55,6.12814209629274));
#12836=CARTESIAN_POINT('',(-9.76715728752538,21.55,5.92893179835606));
#12837=CARTESIAN_POINT('',(-9.6,21.55,6.12814209629274));
#12838=CARTESIAN_POINT('',(-9.76715728752538,21.55,3.25));
#12839=CARTESIAN_POINT('',(-9.76715728752538,21.55,5.92893179835606));
#12840=CARTESIAN_POINT('',(-9.6,21.55,3.25));
#12841=CARTESIAN_POINT('',(-9.76715728752538,21.55,3.25));
#12842=CARTESIAN_POINT('',(-9.6,21.55,3.25));
#12843=CARTESIAN_POINT('Origin',(1.3,16.425,-4.15));
#12844=CARTESIAN_POINT('',(2.3,15.,-4.15));
#12845=CARTESIAN_POINT('Origin',(1.3,15.,-4.15));
#12846=CARTESIAN_POINT('',(2.3,15.,-4.15));
#12847=CARTESIAN_POINT('Origin',(-6.30089314203668,16.425,-4.6));
#12848=CARTESIAN_POINT('',(-6.45079744824703,17.85,-4.59464285714286));
#12849=CARTESIAN_POINT('Origin',(-6.30089314203668,17.85,-4.6));
#12850=CARTESIAN_POINT('',(-6.45079744824704,15.,-4.59464285714286));
#12851=CARTESIAN_POINT('Origin',(-6.30089314203668,15.,-4.6));
#12852=CARTESIAN_POINT('',(-6.45079744824703,15.,-4.59464285714286));
#12853=CARTESIAN_POINT('Origin',(1.9,21.35,-5.65));
#12854=CARTESIAN_POINT('',(1.9,21.35,-5.55));
#12855=CARTESIAN_POINT('',(1.5,21.35,-5.55));
#12856=CARTESIAN_POINT('',(2.2,21.35,-5.25));
#12857=CARTESIAN_POINT('Origin',(1.9,21.35,-5.25));
#12858=CARTESIAN_POINT('',(2.2,21.35,-5.25));
#12859=CARTESIAN_POINT('',(2.3,21.35,-5.35));
#12860=CARTESIAN_POINT('',(2.3,21.35,-4.15));
#12861=CARTESIAN_POINT('',(2.,21.35,-5.65));
#12862=CARTESIAN_POINT('Origin',(2.,21.35,-5.35));
#12863=CARTESIAN_POINT('',(2.,21.35,-5.65));
#12864=CARTESIAN_POINT('Origin',(1.2,16.425,3.86489700771813));
#12865=CARTESIAN_POINT('Origin',(1.2,15.,3.86489700771813));
#12866=CARTESIAN_POINT('Origin',(-9.6,18.6,4.80795068014273));
#12867=CARTESIAN_POINT('Origin',(-9.6,18.6,3.25));
#12868=CARTESIAN_POINT('Origin',(-9.6,18.6,6.16855441666303));
#12869=CARTESIAN_POINT('Origin',(1.4,16.425,5.2));
#12870=CARTESIAN_POINT('',(2.3,15.,6.06746757864487));
#12871=CARTESIAN_POINT('Origin',(-9.85,19.925,-5.65));
#12872=CARTESIAN_POINT('',(-9.85,18.5,-5.65));
#12873=CARTESIAN_POINT('Origin',(-10.05,21.5,4.5127273699166));
#12874=CARTESIAN_POINT('',(-10.05,21.35,5.59185297962533));
#12875=CARTESIAN_POINT('',(-10.05,21.35,3.25));
#12876=CARTESIAN_POINT('',(-10.05,21.35,5.59185297962534));
#12877=CARTESIAN_POINT('',(-9.90857864667489,21.4499999917631,3.25));
#12878=CARTESIAN_POINT('Origin',(-10.05,21.5,3.25));
#12879=CARTESIAN_POINT('',(-9.90857864667488,21.4499999917631,5.76039238552009));
#12880=CARTESIAN_POINT('',(-9.90857864667488,21.4499999917631,3.25));
#12881=CARTESIAN_POINT('Origin',(-10.05,21.5,5.59185297962534));
#12882=CARTESIAN_POINT('Origin',(-8.66486938281752,21.55,9.55451893213093));
#12883=CARTESIAN_POINT('',(-8.18624479629869,18.45,8.36689866516366));
#12884=CARTESIAN_POINT('Origin',(-10.05,22.1,-5.25));
#12885=CARTESIAN_POINT('',(-10.35,22.85,-5.25));
#12886=CARTESIAN_POINT('',(-10.35,21.35,-5.25));
#12887=CARTESIAN_POINT('Origin',(-10.05,22.85,-5.25));
#12888=CARTESIAN_POINT('Origin',(-9.45,21.375,3.25));
#12889=CARTESIAN_POINT('',(-9.45,21.35,3.25));
#12890=CARTESIAN_POINT('',(-9.45,21.35,6.30690513518187));
#12891=CARTESIAN_POINT('',(-9.45,21.35,3.25));
#12892=CARTESIAN_POINT('',(-9.45,21.4,6.30690513518187));
#12893=CARTESIAN_POINT('',(-9.45,21.35,6.30690513518187));
#12894=CARTESIAN_POINT('',(-9.45,21.4,3.25));
#12895=CARTESIAN_POINT('',(-9.45,21.4,6.30690513518187));
#12896=CARTESIAN_POINT('',(-9.45,21.4,3.25));
#12897=CARTESIAN_POINT('Origin',(1.2,19.925,3.86489700771813));
#12898=CARTESIAN_POINT('',(1.21481481481481,21.35,3.96379352566494));
#12899=CARTESIAN_POINT('Origin',(1.2,21.35,3.86489700771813));
#12900=CARTESIAN_POINT('',(1.21481481481481,21.35,3.96379352566494));
#12901=CARTESIAN_POINT('Origin',(-8.65000000000001,20.,8.18));
#12902=CARTESIAN_POINT('',(-8.26697777844051,18.45,7.85860619515673));
#12903=CARTESIAN_POINT('Origin',(-10.1923121028664,21.4130751588535,3.25));
#12904=CARTESIAN_POINT('',(-10.1,21.35,5.53226529999563));
#12905=CARTESIAN_POINT('',(-10.2798133329357,21.4728631369746,5.31797211447318));
#12906=CARTESIAN_POINT('',(-10.1,21.35,5.53226529999563));
#12907=CARTESIAN_POINT('Origin',(-10.05,21.31583592135,5.12513583156722));
#12908=CARTESIAN_POINT('',(-10.1,21.35,3.25));
#12909=CARTESIAN_POINT('Origin',(1.4,12.925,5.2));
#12910=CARTESIAN_POINT('',(2.3,11.5,6.06746757864487));
#12911=CARTESIAN_POINT('Origin',(0.25,20.29,-9.25));
#12912=CARTESIAN_POINT('',(0.25,20.79,-4.45));
#12913=CARTESIAN_POINT('',(0.25,20.79,-9.25));
#12914=CARTESIAN_POINT('',(0.25,20.79,-4.45));
#12915=CARTESIAN_POINT('Origin',(-9.35848888922025,21.55,6.55779390752847));
#12916=CARTESIAN_POINT('',(-8.7,18.7,7.34255040694008));
#12917=CARTESIAN_POINT('',(-8.7,21.3,7.34255040694008));
#12918=CARTESIAN_POINT('',(-8.7,18.7,7.34255040694008));
#12919=CARTESIAN_POINT('',(-8.7,21.3,7.34255040694008));
#12920=CARTESIAN_POINT('',(-10.45,18.7,5.25698161990021));
#12921=CARTESIAN_POINT('Origin',(-10.2438739148111,17.9698949290092,3.25));
#12922=CARTESIAN_POINT('',(-10.3460276599497,18.0550230499581,3.25));
#12923=CARTESIAN_POINT('',(-10.1417201696725,17.8847668080604,5.52295745827511));
#12924=CARTESIAN_POINT('Origin',(-4.7,22.1,-5.55));
#12925=CARTESIAN_POINT('',(-4.5,22.85,-5.55));
#12926=CARTESIAN_POINT('Origin',(-4.7,22.85,-5.55));
#12927=CARTESIAN_POINT('',(-4.5,22.85,-5.55));
#12928=CARTESIAN_POINT('Origin',(-2.9,16.425,-4.55));
#12929=CARTESIAN_POINT('Origin',(-2.9,17.85,-4.55));
#12930=CARTESIAN_POINT('Origin',(-2.9,15.,-4.55));
#12931=CARTESIAN_POINT('Origin',(1.35,12.925,-5.29891252930761));
#12932=CARTESIAN_POINT('',(1.34347825594613,14.35,-5.14905437352523));
#12933=CARTESIAN_POINT('',(1.5,14.35,-5.29891252930761));
#12934=CARTESIAN_POINT('Origin',(1.35,14.35,-5.29891252930761));
#12935=CARTESIAN_POINT('',(1.5,11.5,-5.29891252930761));
#12936=CARTESIAN_POINT('',(1.5,14.35,-5.29891252930761));
#12937=CARTESIAN_POINT('',(1.34347825594613,11.5,-5.14905437352523));
#12938=CARTESIAN_POINT('Origin',(1.35,11.5,-5.29891252930761));
#12939=CARTESIAN_POINT('',(1.34347825594613,11.5,-5.14905437352523));
#12940=CARTESIAN_POINT('Origin',(-7.7,21.35,-5.65));
#12941=CARTESIAN_POINT('',(-7.1062828956481,21.35,-5.65));
#12942=CARTESIAN_POINT('Origin',(-10.05,22.1573001578982,5.12513583156722));
#12943=CARTESIAN_POINT('',(-10.2798133329357,22.85,5.31797211447318));
#12944=CARTESIAN_POINT('',(-10.2798133329357,21.4728631369746,5.31797211447318));
#12945=CARTESIAN_POINT('',(-10.35,22.85,5.12513583156722));
#12946=CARTESIAN_POINT('Origin',(-10.05,22.85,5.12513583156722));
#12947=CARTESIAN_POINT('',(-10.35,22.85,5.12513583156722));
#12948=CARTESIAN_POINT('Origin',(-9.75729490168753,18.6,4.62374211919753));
#12949=CARTESIAN_POINT('Origin',(-9.75729490168753,18.6,3.25));
#12950=CARTESIAN_POINT('Origin',(-9.75729490168753,18.6,5.98109765248016));
#12951=CARTESIAN_POINT('Origin',(-9.45,17.875,3.25));
#12952=CARTESIAN_POINT('',(-9.45,17.85,6.34731745555216));
#12953=CARTESIAN_POINT('Origin',(-9.9,14.45,3.25));
#12954=CARTESIAN_POINT('',(-9.8914589803375,14.467082039325,5.82120712975196));
#12955=CARTESIAN_POINT('',(-9.8914589803375,14.467082039325,3.25));
#12956=CARTESIAN_POINT('',(-9.8914589803375,14.467082039325,5.82120712975196));
#12957=CARTESIAN_POINT('Origin',(-1.55,12.925,-4.55));
#12958=CARTESIAN_POINT('',(-1.65,14.35,-4.55));
#12959=CARTESIAN_POINT('Origin',(-1.55,14.35,-4.55));
#12960=CARTESIAN_POINT('',(-1.65,11.5,-4.55));
#12961=CARTESIAN_POINT('Origin',(-1.55,11.5,-4.55));
#12962=CARTESIAN_POINT('',(-1.65,11.5,-4.55));
#12963=CARTESIAN_POINT('Origin',(1.5,17.85,-5.47445626465381));
#12964=CARTESIAN_POINT('',(1.5,17.85,-5.65));
#12965=CARTESIAN_POINT('',(1.5,17.85,-5.29891252930761));
#12966=CARTESIAN_POINT('',(1.5,15.,-5.65));
#12967=CARTESIAN_POINT('',(1.5,17.85,-5.65));
#12968=CARTESIAN_POINT('',(1.5,15.,-5.65));
#12969=CARTESIAN_POINT('Origin',(0.,20.79,-9.25));
#12970=CARTESIAN_POINT('',(-0.25,20.79,-4.45));
#12971=CARTESIAN_POINT('',(-0.25,20.79,-9.25));
#12972=CARTESIAN_POINT('',(-0.25,20.79,-4.45));
#12973=CARTESIAN_POINT('Origin',(1.5,14.35,-5.47445626465381));
#12974=CARTESIAN_POINT('',(1.5,14.35,-5.65));
#12975=CARTESIAN_POINT('',(1.5,14.35,-5.29891252930761));
#12976=CARTESIAN_POINT('',(1.5,11.5,-5.65));
#12977=CARTESIAN_POINT('',(1.5,14.35,-5.65));
#12978=CARTESIAN_POINT('',(1.5,11.5,-5.65));
#12979=CARTESIAN_POINT('Origin',(-0.25,20.29,-9.25));
#12980=CARTESIAN_POINT('',(-0.25,19.79,-4.45));
#12981=CARTESIAN_POINT('Origin',(1.3,12.925,-4.15));
#12982=CARTESIAN_POINT('Origin',(1.3,14.35,-4.15));
#12983=CARTESIAN_POINT('Origin',(1.3,11.5,-4.15));
#12984=CARTESIAN_POINT('Origin',(1.4,19.925,5.2));
#12985=CARTESIAN_POINT('',(2.2,21.35,4.23953136438507));
#12986=CARTESIAN_POINT('Origin',(1.4,21.35,5.2));
#12987=CARTESIAN_POINT('',(2.3,21.35,4.33253242135513));
#12988=CARTESIAN_POINT('Origin',(1.4,21.35,5.2));
#12989=CARTESIAN_POINT('',(2.3,21.35,4.33253242135513));
#12990=CARTESIAN_POINT('Origin',(1.35,19.925,-5.29891252930761));
#12991=CARTESIAN_POINT('Origin',(1.35,21.35,-5.29891252930761));
#12992=CARTESIAN_POINT('Origin',(-10.4,11.25,3.25));
#12993=CARTESIAN_POINT('',(-10.4,11.3297437581023,3.25));
#12994=CARTESIAN_POINT('',(-10.4,11.1702562418977,5.21515154258766));
#12995=CARTESIAN_POINT('Origin',(-1.55,19.925,-4.55));
#12996=CARTESIAN_POINT('',(-1.55,21.35,-4.45));
#12997=CARTESIAN_POINT('Origin',(-1.55,21.35,-4.55));
#12998=CARTESIAN_POINT('',(-1.55,21.35,-4.45));
#12999=CARTESIAN_POINT('Origin',(1.3,16.425,-4.15));
#13000=CARTESIAN_POINT('',(0.34606079858305,17.85,-4.45));
#13001=CARTESIAN_POINT('Origin',(1.3,17.85,-4.15));
#13002=CARTESIAN_POINT('',(0.346060798583051,15.,-4.45));
#13003=CARTESIAN_POINT('Origin',(1.3,15.,-4.15));
#13004=CARTESIAN_POINT('',(0.34606079858305,15.,-4.45));
#13005=CARTESIAN_POINT('Origin',(-9.75729490168751,14.4,4.62374211919753));
#13006=CARTESIAN_POINT('Origin',(-9.75729490168751,14.4,5.98109765248018));
#13007=CARTESIAN_POINT('Origin',(1.9,22.1,-5.25));
#13008=CARTESIAN_POINT('',(1.9,22.85,-5.55));
#13009=CARTESIAN_POINT('',(1.9,21.35,-5.55));
#13010=CARTESIAN_POINT('',(2.2,22.85,-5.25));
#13011=CARTESIAN_POINT('Origin',(1.9,22.85,-5.25));
#13012=CARTESIAN_POINT('',(2.2,22.85,-5.25));
#13013=CARTESIAN_POINT('Origin',(-2.9,12.925,-4.55));
#13014=CARTESIAN_POINT('',(-2.15,14.35,-5.55));
#13015=CARTESIAN_POINT('Origin',(-2.9,14.35,-4.55));
#13016=CARTESIAN_POINT('',(-2.15,11.5,-5.55));
#13017=CARTESIAN_POINT('Origin',(-2.9,11.5,-4.55));
#13018=CARTESIAN_POINT('',(-2.15,11.5,-5.55));
#13019=CARTESIAN_POINT('Origin',(-1.55,19.925,-4.45));
#13020=CARTESIAN_POINT('',(-1.55,21.35,-4.45));
#13021=CARTESIAN_POINT('Origin',(-1.55,16.425,-4.45));
#13022=CARTESIAN_POINT('',(-1.55,17.85,-4.45));
#13023=CARTESIAN_POINT('',(0.34606079858305,15.,-4.45));
#13024=CARTESIAN_POINT('Origin',(-0.33595,21.35,-5.55));
#13025=CARTESIAN_POINT('',(-2.15,21.35,-5.55));
#13026=CARTESIAN_POINT('Origin',(-8.7,20.,1.43));
#13027=CARTESIAN_POINT('',(-8.7,21.3,1.43));
#13028=CARTESIAN_POINT('',(-8.7,18.7,7.34255040694008));
#13029=CARTESIAN_POINT('Origin',(-9.09910685796332,16.425,-4.6));
#13030=CARTESIAN_POINT('',(-8.94920255175296,15.,-4.59464285714286));
#13031=CARTESIAN_POINT('',(-8.94920255175296,17.85,-4.59464285714286));
#13032=CARTESIAN_POINT('Origin',(-9.09910685796332,15.,-4.6));
#13033=CARTESIAN_POINT('Origin',(1.3,19.925,0.85));
#13034=CARTESIAN_POINT('',(2.2,21.35,1.71746757864487));
#13035=CARTESIAN_POINT('Origin',(1.3,21.35,0.85));
#13036=CARTESIAN_POINT('',(2.2,18.5,1.71746757864487));
#13037=CARTESIAN_POINT('Origin',(-10.0427050983125,11.,4.53307732265283));
#13038=CARTESIAN_POINT('',(-10.0427050983125,10.85,5.64095902528934));
#13039=CARTESIAN_POINT('Origin',(-10.0427050983125,11.,5.64095902528934));
#13040=CARTESIAN_POINT('',(-10.0427050983125,10.85,3.25));
#13041=CARTESIAN_POINT('',(-10.0427050983125,10.85,5.64095902528935));
#13042=CARTESIAN_POINT('Origin',(-10.0427050983125,11.,3.25));
#13043=CARTESIAN_POINT('Origin',(-4.25,16.425,-4.55));
#13044=CARTESIAN_POINT('',(-4.15,17.85,-4.55));
#13045=CARTESIAN_POINT('Origin',(-4.25,17.85,-4.55));
#13046=CARTESIAN_POINT('',(-4.15,15.,-4.55));
#13047=CARTESIAN_POINT('',(-4.15,17.85,-4.55));
#13048=CARTESIAN_POINT('Origin',(-4.25,15.,-4.55));
#13049=CARTESIAN_POINT('Origin',(-10.45,12.45,-2.2));
#13050=CARTESIAN_POINT('',(-10.45,13.25,-2.2));
#13051=CARTESIAN_POINT('Origin',(-10.45,13.95,-3.5));
#13052=CARTESIAN_POINT('',(-10.45,13.55,-3.5));
#13053=CARTESIAN_POINT('',(-10.45,14.35,-3.5));
#13054=CARTESIAN_POINT('',(-10.45,13.55,-3.5));
#13055=CARTESIAN_POINT('Origin',(-7.4,10.475,-0.250000000000002));
#13056=CARTESIAN_POINT('',(-6.95,10.85,-0.250000000000002));
#13057=CARTESIAN_POINT('Origin',(-7.4,10.85,-0.250000000000002));
#13058=CARTESIAN_POINT('',(-6.95,10.475,-0.250000000000002));
#13059=CARTESIAN_POINT('Origin',(-5.,10.575,-0.100000000000002));
#13060=CARTESIAN_POINT('',(-4.85,10.85,-0.100000000000002));
#13061=CARTESIAN_POINT('',(-5.10606601717798,10.85,0.00606601717798028));
#13062=CARTESIAN_POINT('Origin',(-5.,10.85,-0.100000000000002));
#13063=CARTESIAN_POINT('',(-5.10606601717798,10.85,0.00606601717797695));
#13064=CARTESIAN_POINT('',(-4.85,10.3,-0.100000000000002));
#13065=CARTESIAN_POINT('Origin',(-8.9199605177446,21.35,6.97899391274681));
#13066=CARTESIAN_POINT('',(-10.1417201696725,10.8847668080604,5.52295745827511));
#13067=CARTESIAN_POINT('',(-10.3460276599497,11.0550230499581,5.27947327274335));
#13068=CARTESIAN_POINT('',(-10.0456925097228,10.85,5.63739876700856));
#13069=CARTESIAN_POINT('Origin',(-10.0456925097228,11.,5.63739876700855));
#13070=CARTESIAN_POINT('',(-10.0456925097228,10.85,5.63739876700855));
#13071=CARTESIAN_POINT('Origin',(-9.75729490168751,10.9,5.98109765248018));
#13072=CARTESIAN_POINT('',(-9.45,10.85,6.34731745555216));
#13073=CARTESIAN_POINT('',(-9.45,10.9,6.34731745555216));
#13074=CARTESIAN_POINT('',(-7.43992103548919,10.85,8.74283628290596));
#13075=CARTESIAN_POINT('',(-9.45,10.85,6.34731745555216));
#13076=CARTESIAN_POINT('',(-7.4399210354892,21.35,8.74283628290596));
#13077=CARTESIAN_POINT('',(-7.4399210354892,10.85,8.74283628290596));
#13078=CARTESIAN_POINT('',(-8.6,21.35,7.36030800925724));
#13079=CARTESIAN_POINT('',(-7.43992103548919,21.35,8.74283628290596));
#13080=CARTESIAN_POINT('',(-8.6,18.65,7.36030800925724));
#13081=CARTESIAN_POINT('',(-8.6,21.35,7.36030800925724));
#13082=CARTESIAN_POINT('',(-8.6,18.65,7.36030800925724));
#13083=CARTESIAN_POINT('',(-10.0427050983125,18.65,5.64095902528935));
#13084=CARTESIAN_POINT('Origin',(-10.2438739148111,10.9698949290092,3.25));
#13085=CARTESIAN_POINT('',(-10.1417201696725,10.8847668080604,3.25));
#13086=CARTESIAN_POINT('',(-10.3460276599497,11.0550230499581,3.25));
#13087=CARTESIAN_POINT('',(-10.1417201696725,10.8847668080604,3.25));
#13088=CARTESIAN_POINT('Origin',(-9.45,10.875,3.25));
#13089=CARTESIAN_POINT('',(-9.45,10.85,3.25));
#13090=CARTESIAN_POINT('',(-9.45,10.9,3.25));
#13091=CARTESIAN_POINT('',(-9.45,10.85,3.25));
#13092=CARTESIAN_POINT('Origin',(-9.525,13.55,-3.2));
#13093=CARTESIAN_POINT('Origin',(-10.45,13.55,-3.2));
#13094=CARTESIAN_POINT('Origin',(-2.9,12.925,-4.55));
#13095=CARTESIAN_POINT('',(-3.65,14.35,-5.55));
#13096=CARTESIAN_POINT('Origin',(-2.9,14.35,-4.55));
#13097=CARTESIAN_POINT('',(-3.65,11.5,-5.55));
#13098=CARTESIAN_POINT('',(-3.65,14.35,-5.55));
#13099=CARTESIAN_POINT('Origin',(-2.9,11.5,-4.55));
#13100=CARTESIAN_POINT('Origin',(-10.45,16.1,-5.34999999999999));
#13101=CARTESIAN_POINT('',(-10.45,18.65,3.25));
#13102=CARTESIAN_POINT('',(-10.45,17.85,3.25));
#13103=CARTESIAN_POINT('',(-10.45,18.65,-2.2));
#13104=CARTESIAN_POINT('',(-10.45,18.65,3.25));
#13105=CARTESIAN_POINT('',(-10.45,20.25,-2.2));
#13106=CARTESIAN_POINT('',(-10.45,18.65,-2.2));
#13107=CARTESIAN_POINT('',(-10.45,20.25,-3.2));
#13108=CARTESIAN_POINT('',(-10.45,20.25,-2.2));
#13109=CARTESIAN_POINT('',(-10.45,20.55,-3.5));
#13110=CARTESIAN_POINT('Origin',(-10.45,20.55,-3.2));
#13111=CARTESIAN_POINT('',(-10.45,20.55,-3.5));
#13112=CARTESIAN_POINT('',(-10.45,10.85,-5.35));
#13113=CARTESIAN_POINT('',(-10.45,21.35,-5.35));
#13114=CARTESIAN_POINT('',(-10.45,10.85,3.25));
#13115=CARTESIAN_POINT('',(-10.45,10.85,-5.35));
#13116=CARTESIAN_POINT('',(-10.45,10.85,3.25));
#13117=CARTESIAN_POINT('Origin',(1.65,21.35,1.70233519593043));
#13118=CARTESIAN_POINT('',(2.2,21.35,1.71746757864487));
#13119=CARTESIAN_POINT('Origin',(-9.75729490168751,10.9,4.62374211919753));
#13120=CARTESIAN_POINT('Origin',(-9.75729490168751,10.9,3.25));
#13121=CARTESIAN_POINT('Origin',(-4.5,20.675,-5.55));
#13122=CARTESIAN_POINT('',(-4.5,22.85,-5.55));
#13123=CARTESIAN_POINT('Origin',(-9.525,20.25,-3.2));
#13124=CARTESIAN_POINT('',(-8.6,20.25,-2.2));
#13125=CARTESIAN_POINT('',(-10.45,20.25,-2.2));
#13126=CARTESIAN_POINT('',(-8.6,20.25,-3.2));
#13127=CARTESIAN_POINT('',(-8.6,20.25,-2.2));
#13128=CARTESIAN_POINT('',(-8.6,20.25,-3.2));
#13129=CARTESIAN_POINT('Origin',(-2.82896029651099,15.,-5.65));
#13130=CARTESIAN_POINT('',(-7.1062828956481,15.,-5.65));
#13131=CARTESIAN_POINT('Origin',(-7.7,15.,-4.55));
#13132=CARTESIAN_POINT('Origin',(-2.9,15.,-4.55));
#13133=CARTESIAN_POINT('',(1.5,15.,-5.65));
#13134=CARTESIAN_POINT('Origin',(-2.9,16.425,-4.55));
#13135=CARTESIAN_POINT('Origin',(-2.9,17.85,-4.55));
#13136=CARTESIAN_POINT('Origin',(-9.56167496472888,21.3,-0.3200244065073));
#13137=CARTESIAN_POINT('',(-8.79040233659882,21.3,-1.77057725022871));
#13138=CARTESIAN_POINT('',(-10.3329475928589,21.3,1.13052843721411));
#13139=CARTESIAN_POINT('',(-8.79040233659882,18.7,-1.77057725022871));
#13140=CARTESIAN_POINT('',(-8.79040233659882,21.3,-1.77057725022871));
#13141=CARTESIAN_POINT('',(-8.79040233659882,18.7,-1.77057725022871));
#13142=CARTESIAN_POINT('Origin',(-2.82896029651099,17.85,-5.65));
#13143=CARTESIAN_POINT('',(-7.1062828956481,17.85,-5.65));
#13144=CARTESIAN_POINT('',(-7.1062828956481,17.85,-5.65));
#13145=CARTESIAN_POINT('Origin',(-7.7,17.85,-4.55));
#13146=CARTESIAN_POINT('Origin',(-2.35,10.6,1.8));
#13147=CARTESIAN_POINT('',(-2.35,10.85,3.5339));
#13148=CARTESIAN_POINT('',(-2.35,10.85,1.8));
#13149=CARTESIAN_POINT('',(-2.35,10.85,3.5339));
#13150=CARTESIAN_POINT('',(-2.35,10.85,1.8));
#13151=CARTESIAN_POINT('',(-2.35,10.35,3.5339));
#13152=CARTESIAN_POINT('Origin',(2.2,20.675,-5.25));
#13153=CARTESIAN_POINT('',(2.2,22.85,8.45));
#13154=CARTESIAN_POINT('',(2.2,22.85,-5.25));
#13155=CARTESIAN_POINT('',(2.2,21.35,8.45));
#13156=CARTESIAN_POINT('',(2.2,22.85,8.45));
#13157=CARTESIAN_POINT('',(2.2,21.35,8.25));
#13158=CARTESIAN_POINT('',(2.2,21.35,8.45));
#13159=CARTESIAN_POINT('',(2.2,21.35,6.16046863561493));
#13160=CARTESIAN_POINT('',(2.2,21.35,8.45));
#13161=CARTESIAN_POINT('',(2.2,21.35,8.45));
#13162=CARTESIAN_POINT('Origin',(-10.35,22.1,-5.25));
#13163=CARTESIAN_POINT('',(-10.35,22.85,5.12513583156722));
#13164=CARTESIAN_POINT('',(-10.35,21.35,-5.25));
#13165=CARTESIAN_POINT('Origin',(-9.525,18.7,-2.06247701514214));
#13166=CARTESIAN_POINT('',(-8.6,18.7,-2.00638341222714));
#13167=CARTESIAN_POINT('Origin',(-8.08404426231168,18.7,-1.395));
#13168=CARTESIAN_POINT('',(-8.6,18.7,-2.00638341222714));
#13169=CARTESIAN_POINT('Origin',(-9.525,21.3,-2.06247701514214));
#13170=CARTESIAN_POINT('',(-8.6,21.3,-2.00638341222714));
#13171=CARTESIAN_POINT('',(-8.6,21.3,1.43));
#13172=CARTESIAN_POINT('Origin',(-8.08404426231168,21.3,-1.395));
#13173=CARTESIAN_POINT('Origin',(1.7,14.35,-4.20089519452813));
#13174=CARTESIAN_POINT('',(2.3,14.35,-4.15));
#13175=CARTESIAN_POINT('Origin',(1.25,14.35,-0.549106857963321));
#13176=CARTESIAN_POINT('Origin',(-9.475,21.35,-3.5));
#13177=CARTESIAN_POINT('',(-9.45,21.35,3.25));
#13178=CARTESIAN_POINT('',(-10.05,21.35,5.59185297962534));
#13179=CARTESIAN_POINT('',(-8.6,21.35,-3.5));
#13180=CARTESIAN_POINT('',(-10.35,21.35,-3.5));
#13181=CARTESIAN_POINT('',(-8.6,21.35,7.31989568888695));
#13182=CARTESIAN_POINT('',(-8.6,21.35,-3.5));
#13183=CARTESIAN_POINT('',(-8.6,21.35,7.31989568888695));
#13184=CARTESIAN_POINT('Origin',(1.7,15.,-4.20089519452813));
#13185=CARTESIAN_POINT('',(2.3,15.,4.33253242135513));
#13186=CARTESIAN_POINT('Origin',(-9.06718970348901,15.,-5.65));
#13187=CARTESIAN_POINT('',(-8.29371710435189,15.,-5.65));
#13188=CARTESIAN_POINT('Origin',(-7.69999999999999,15.,-4.55));
#13189=CARTESIAN_POINT('',(-8.2937171043519,15.,-5.65));
#13190=CARTESIAN_POINT('Origin',(-10.45,19.45,-2.2));
#13191=CARTESIAN_POINT('',(-8.6,18.65,-2.2));
#13192=CARTESIAN_POINT('',(-10.45,18.65,-2.2));
#13193=CARTESIAN_POINT('',(-8.6,18.65,-2.2));
#13194=CARTESIAN_POINT('Origin',(-7.7,12.925,-4.55));
#13195=CARTESIAN_POINT('',(-7.1062828956481,14.35,-5.65));
#13196=CARTESIAN_POINT('Origin',(-7.7,14.35,-4.55));
#13197=CARTESIAN_POINT('',(-7.1062828956481,11.5,-5.65));
#13198=CARTESIAN_POINT('Origin',(-7.7,11.5,-4.55));
#13199=CARTESIAN_POINT('',(-7.1062828956481,11.5,-5.65));
#13200=CARTESIAN_POINT('Origin',(-10.45,11.25,3.25));
#13201=CARTESIAN_POINT('',(-10.0456925097228,10.85,3.25));
#13202=CARTESIAN_POINT('',(-10.45,10.85,3.25));
#13203=CARTESIAN_POINT('Origin',(-10.0456925097228,11.,3.25));
#13204=CARTESIAN_POINT('Origin',(1.25,12.925,-0.549106857963322));
#13205=CARTESIAN_POINT('Origin',(1.25,11.5,-0.549106857963322));
#13206=CARTESIAN_POINT('Origin',(-6.30089314203668,12.925,-4.45));
#13207=CARTESIAN_POINT('',(-6.30089314203668,14.35,-4.45));
#13208=CARTESIAN_POINT('',(-4.25,11.5,-4.45));
#13209=CARTESIAN_POINT('Origin',(-10.15,16.1,-5.35));
#13210=CARTESIAN_POINT('',(-10.15,10.85,-5.65));
#13211=CARTESIAN_POINT('',(-10.15,21.35,-5.65));
#13212=CARTESIAN_POINT('Origin',(-10.15,10.85,-5.35));
#13213=CARTESIAN_POINT('Origin',(-2.82896029651099,11.5,-5.65));
#13214=CARTESIAN_POINT('',(-3.65,11.5,-5.55));
#13215=CARTESIAN_POINT('',(1.5,11.5,-5.65));
#13216=CARTESIAN_POINT('Origin',(-5.85,10.575,-2.2));
#13217=CARTESIAN_POINT('',(-5.85,10.85,-1.40060966544099));
#13218=CARTESIAN_POINT('',(-5.85,10.85,-2.2));
#13219=CARTESIAN_POINT('',(-5.85,10.85,-1.40060966544099));
#13220=CARTESIAN_POINT('',(-5.85,10.85,-2.2));
#13221=CARTESIAN_POINT('',(-5.85,10.3,-1.40060966544099));
#13222=CARTESIAN_POINT('Origin',(-7.7,16.425,-4.55));
#13223=CARTESIAN_POINT('',(-7.1062828956481,15.,-5.65));
#13224=CARTESIAN_POINT('Origin',(-9.85,12.925,-5.65));
#13225=CARTESIAN_POINT('',(-9.85,14.35,-5.65));
#13226=CARTESIAN_POINT('',(-9.85,14.35,-4.45));
#13227=CARTESIAN_POINT('',(-9.85,14.35,-5.65));
#13228=CARTESIAN_POINT('',(-9.85,11.5,-4.45));
#13229=CARTESIAN_POINT('',(-9.85,14.35,-4.45));
#13230=CARTESIAN_POINT('',(-9.85,11.5,-5.65));
#13231=CARTESIAN_POINT('',(-9.85,11.5,-4.45));
#13232=CARTESIAN_POINT('',(-9.85,11.5,-5.65));
#13233=CARTESIAN_POINT('Origin',(-10.0536,21.45,3.25));
#13234=CARTESIAN_POINT('Origin',(-9.6,21.4,3.25));
#13235=CARTESIAN_POINT('Origin',(-9.76715728752538,21.4,3.25));
#13236=CARTESIAN_POINT('Origin',(-9.525,20.55,-3.2));
#13237=CARTESIAN_POINT('',(-8.6,20.55,-3.5));
#13238=CARTESIAN_POINT('Origin',(-8.6,20.55,-3.2));
#13239=CARTESIAN_POINT('',(-8.6,20.55,-3.5));
#13240=CARTESIAN_POINT('Origin',(-10.45,18.25,3.25));
#13241=CARTESIAN_POINT('',(-10.0456925097228,18.65,3.25));
#13242=CARTESIAN_POINT('Origin',(1.7,11.5,-4.20089519452813));
#13243=CARTESIAN_POINT('',(2.3,11.5,4.33253242135513));
#13244=CARTESIAN_POINT('Origin',(2.3,16.1,-5.35));
#13245=CARTESIAN_POINT('',(2.3,10.85,-5.35));
#13246=CARTESIAN_POINT('',(2.3,10.85,-5.35));
#13247=CARTESIAN_POINT('',(2.3,21.35,6.06746757864487));
#13248=CARTESIAN_POINT('',(2.3,21.35,4.33253242135513));
#13249=CARTESIAN_POINT('',(2.3,18.5,6.06746757864487));
#13250=CARTESIAN_POINT('',(2.3,21.35,6.06746757864487));
#13251=CARTESIAN_POINT('',(2.3,18.5,8.25));
#13252=CARTESIAN_POINT('',(2.3,18.5,6.06746757864487));
#13253=CARTESIAN_POINT('',(2.3,21.35,8.25));
#13254=CARTESIAN_POINT('',(2.3,18.5,8.25));
#13255=CARTESIAN_POINT('',(2.3,21.35,8.55));
#13256=CARTESIAN_POINT('',(2.3,21.35,8.25));
#13257=CARTESIAN_POINT('',(2.3,10.85,8.55));
#13258=CARTESIAN_POINT('',(2.3,21.35,8.55));
#13259=CARTESIAN_POINT('',(2.3,10.85,8.55));
#13260=CARTESIAN_POINT('Origin',(-7.69999999999999,16.425,-4.55));
#13261=CARTESIAN_POINT('',(-8.2937171043519,17.85,-5.65));
#13262=CARTESIAN_POINT('Origin',(2.,16.1,-5.35));
#13263=CARTESIAN_POINT('',(2.,10.85,-5.65));
#13264=CARTESIAN_POINT('Origin',(2.,10.85,-5.35));
#13265=CARTESIAN_POINT('',(2.,10.85,-5.65));
#13266=CARTESIAN_POINT('Origin',(-9.06718970348901,11.5,-5.65));
#13267=CARTESIAN_POINT('',(-9.09910685796332,11.5,-4.45));
#13268=CARTESIAN_POINT('',(-9.85,11.5,-4.45));
#13269=CARTESIAN_POINT('Origin',(-9.09910685796332,11.5,-4.6));
#13270=CARTESIAN_POINT('',(-8.2937171043519,11.5,-5.65));
#13271=CARTESIAN_POINT('Origin',(-9.09910685796332,12.925,-4.6));
#13272=CARTESIAN_POINT('',(-9.09910685796332,14.35,-4.45));
#13273=CARTESIAN_POINT('Origin',(-9.09910685796332,14.35,-4.6));
#13274=CARTESIAN_POINT('',(-9.09910685796332,11.5,-4.45));
#13275=CARTESIAN_POINT('Origin',(-3.65,12.925,-5.55));
#13276=CARTESIAN_POINT('',(-3.65,14.35,-5.55));
#13277=CARTESIAN_POINT('Origin',(-10.45,20.95,-3.5));
#13278=CARTESIAN_POINT('',(-8.6,20.55,-3.5));
#13279=CARTESIAN_POINT('Origin',(-2.35,10.6,1.8));
#13280=CARTESIAN_POINT('',(0.2,10.85,1.8));
#13281=CARTESIAN_POINT('',(-2.35,10.85,1.8));
#13282=CARTESIAN_POINT('',(0.2,10.85,1.8));
#13283=CARTESIAN_POINT('Origin',(-4.075,22.85,-5.55));
#13284=CARTESIAN_POINT('',(-7.48992103548919,22.85,8.64283628290596));
#13285=CARTESIAN_POINT('',(-10.2798133329357,22.85,5.31797211447318));
#13286=CARTESIAN_POINT('',(-7.26010770255349,22.85,8.75));
#13287=CARTESIAN_POINT('Origin',(-7.26010770255349,22.85,8.44999999999998));
#13288=CARTESIAN_POINT('',(1.9,22.85,8.75));
#13289=CARTESIAN_POINT('',(-7.2601077025535,22.85,8.75));
#13290=CARTESIAN_POINT('Origin',(1.9,22.85,8.45));
#13291=CARTESIAN_POINT('Origin',(-2.82896029651099,14.35,-5.65));
#13292=CARTESIAN_POINT('',(-7.1062828956481,14.35,-5.65));
#13293=CARTESIAN_POINT('Origin',(-4.85,10.575,-1.7));
#13294=CARTESIAN_POINT('',(-4.85,10.85,-1.7));
#13295=CARTESIAN_POINT('',(-4.85,10.85,-1.7));
#13296=CARTESIAN_POINT('',(-4.85,10.3,-1.7));
#13297=CARTESIAN_POINT('Origin',(-10.0462613289024,10.95,3.25));
#13298=CARTESIAN_POINT('',(-10.0427050983125,10.85,3.25));
#13299=CARTESIAN_POINT('Origin',(-10.0462613289024,18.55,3.25));
#13300=CARTESIAN_POINT('',(-9.45,18.65,3.25));
#13301=CARTESIAN_POINT('Origin',(-9.85,12.925,-4.45));
#13302=CARTESIAN_POINT('',(-9.85,14.35,-4.45));
#13303=CARTESIAN_POINT('Origin',(-4.25,10.575,-1.40060966544099));
#13304=CARTESIAN_POINT('',(-5.38137084989848,10.85,-0.269238815542513));
#13305=CARTESIAN_POINT('Origin',(-4.25,10.85,-1.40060966544099));
#13306=CARTESIAN_POINT('',(-5.38137084989848,10.3,-0.269238815542513));
#13307=CARTESIAN_POINT('Origin',(-9.067189703489,14.35,-5.65));
#13308=CARTESIAN_POINT('',(-9.85,14.35,-5.65));
#13309=CARTESIAN_POINT('Origin',(-5.85,10.575,-2.2));
#13310=CARTESIAN_POINT('',(-5.35,10.85,-2.2));
#13311=CARTESIAN_POINT('',(-5.85,10.85,-2.2));
#13312=CARTESIAN_POINT('',(-5.35,10.85,-2.2));
#13313=CARTESIAN_POINT('Origin',(-8.08404426231168,20.,-1.395));
#13314=CARTESIAN_POINT('',(-8.6,21.3,-2.00638341222714));
#13315=CARTESIAN_POINT('Origin',(-9.525,18.65,-2.2));
#13316=CARTESIAN_POINT('',(-8.6,18.65,7.36030800925724));
#13317=CARTESIAN_POINT('Origin',(-8.6,20.,-3.5));
#13318=CARTESIAN_POINT('',(-8.6,21.35,7.31989568888695));
#13319=CARTESIAN_POINT('Origin',(-10.15,16.1,-5.65));
#13320=CARTESIAN_POINT('',(2.,10.85,-5.65));
#13321=CARTESIAN_POINT('Origin',(-10.0456925097228,11.,4.4508615798053));
#13322=CARTESIAN_POINT('',(-10.0456925097228,10.85,3.25));
#13323=CARTESIAN_POINT('Origin',(-1.45,10.85,3.06695));
#13324=CARTESIAN_POINT('',(-0.55,10.85,2.6));
#13325=CARTESIAN_POINT('',(-0.55,10.85,2.6));
#13326=CARTESIAN_POINT('',(-0.55,10.35,2.6));
#13327=CARTESIAN_POINT('Origin',(-5.35,10.575,-1.7));
#13328=CARTESIAN_POINT('Origin',(-5.35,10.85,-1.7));
#13329=CARTESIAN_POINT('Origin',(0.2,10.85,2.2));
#13330=CARTESIAN_POINT('',(0.2,10.85,2.6));
#13331=CARTESIAN_POINT('',(0.2,10.85,1.8));
#13332=CARTESIAN_POINT('',(0.2,10.85,2.6));
#13333=CARTESIAN_POINT('Origin',(-5.24371843353823,10.85,-0.131586399182269));
#13334=CARTESIAN_POINT('',(-5.10606601717798,10.85,0.00606601717797695));
#13335=CARTESIAN_POINT('Origin',(-9.6,21.4,4.78762328299648));
#13336=CARTESIAN_POINT('Origin',(-9.6,21.4,6.12814209629274));
#13337=CARTESIAN_POINT('Origin',(2.25,21.35,4.2280057407577));
#13338=CARTESIAN_POINT('Origin',(1.4,21.35,5.2));
#13339=CARTESIAN_POINT('Origin',(-9.76715728752538,21.4,4.5975026945731));
#13340=CARTESIAN_POINT('Origin',(-9.76715728752538,21.4,5.92893179835606));
#13341=CARTESIAN_POINT('Origin',(-8.88486718421244,22.85,6.98040419868957));
#13342=CARTESIAN_POINT('',(-7.48992103548919,21.35,8.64283628290596));
#13343=CARTESIAN_POINT('',(-9.45,21.35,6.30690513518187));
#13344=CARTESIAN_POINT('',(-7.48992103548919,21.35,8.64283628290596));
#13345=CARTESIAN_POINT('Origin',(1.25,19.925,6.5919410907075));
#13346=CARTESIAN_POINT('',(1.2660714144676,21.35,6.44280454375468));
#13347=CARTESIAN_POINT('',(1.1,21.35,6.5919410907075));
#13348=CARTESIAN_POINT('Origin',(1.25,21.35,6.5919410907075));
#13349=CARTESIAN_POINT('',(1.1,18.5,6.5919410907075));
#13350=CARTESIAN_POINT('',(1.1,21.35,6.5919410907075));
#13351=CARTESIAN_POINT('',(1.2660714144676,18.5,6.44280454375468));
#13352=CARTESIAN_POINT('Origin',(1.25,18.5,6.5919410907075));
#13353=CARTESIAN_POINT('',(1.2660714144676,18.5,6.44280454375468));
#13354=CARTESIAN_POINT('Origin',(-0.55,10.6,2.6));
#13355=CARTESIAN_POINT('',(0.2,10.85,2.6));
#13356=CARTESIAN_POINT('Origin',(-7.26010770255349,22.1,8.44999999999998));
#13357=CARTESIAN_POINT('',(-7.26010770255349,21.35,8.75));
#13358=CARTESIAN_POINT('Origin',(-7.26010770255349,21.35,8.44999999999998));
#13359=CARTESIAN_POINT('',(-7.2601077025535,21.35,8.75));
#13360=CARTESIAN_POINT('Origin',(-2.2,17.65,6.85));
#13361=CARTESIAN_POINT('',(-2.1,17.65,8.35));
#13362=CARTESIAN_POINT('',(-2.3,17.65,8.85));
#13363=CARTESIAN_POINT('',(-2.1,17.65,8.35));
#13364=CARTESIAN_POINT('',(-2.3,17.65,6.85));
#13365=CARTESIAN_POINT('',(-2.3,17.65,8.85));
#13366=CARTESIAN_POINT('',(-2.1,17.65,6.85));
#13367=CARTESIAN_POINT('',(-2.3,17.65,6.85));
#13368=CARTESIAN_POINT('',(-2.1,17.65,6.85));
#13369=CARTESIAN_POINT('Origin',(1.4,19.925,5.2));
#13370=CARTESIAN_POINT('Origin',(1.4,21.35,5.2));
#13371=CARTESIAN_POINT('Origin',(1.4,18.5,5.2));
#13372=CARTESIAN_POINT('Origin',(-0.1,21.35,7.6));
#13373=CARTESIAN_POINT('',(-0.1,21.15,6.85));
#13374=CARTESIAN_POINT('',(-0.1,21.15,8.35));
#13375=CARTESIAN_POINT('',(-0.1,21.15,6.85));
#13376=CARTESIAN_POINT('',(-0.1,21.35,8.35));
#13377=CARTESIAN_POINT('',(-0.1,21.15,8.35));
#13378=CARTESIAN_POINT('',(-0.1,21.35,6.85));
#13379=CARTESIAN_POINT('',(-0.1,21.35,8.35));
#13380=CARTESIAN_POINT('',(-0.1,21.35,6.85));
#13381=CARTESIAN_POINT('Origin',(0.,17.65,6.85));
#13382=CARTESIAN_POINT('',(-0.1,17.65,8.35));
#13383=CARTESIAN_POINT('',(-0.1,17.65,6.85));
#13384=CARTESIAN_POINT('',(-0.1,17.65,8.35));
#13385=CARTESIAN_POINT('',(0.1,17.65,6.85));
#13386=CARTESIAN_POINT('',(-0.1,17.65,6.85));
#13387=CARTESIAN_POINT('',(0.1,17.65,8.85));
#13388=CARTESIAN_POINT('',(0.1,17.65,6.85));
#13389=CARTESIAN_POINT('',(0.1,17.65,8.85));
#13390=CARTESIAN_POINT('Origin',(1.25,19.925,8.1));
#13391=CARTESIAN_POINT('',(1.1,21.35,8.1));
#13392=CARTESIAN_POINT('',(1.25,21.35,8.25));
#13393=CARTESIAN_POINT('Origin',(1.25,21.35,8.1));
#13394=CARTESIAN_POINT('',(1.25,18.5,8.25));
#13395=CARTESIAN_POINT('',(1.25,21.35,8.25));
#13396=CARTESIAN_POINT('',(1.1,18.5,8.1));
#13397=CARTESIAN_POINT('Origin',(1.25,18.5,8.1));
#13398=CARTESIAN_POINT('',(1.1,18.5,8.1));
#13399=CARTESIAN_POINT('Origin',(0.,21.15,6.85));
#13400=CARTESIAN_POINT('',(0.1,21.15,6.85));
#13401=CARTESIAN_POINT('',(-0.1,21.15,6.85));
#13402=CARTESIAN_POINT('',(0.1,21.15,8.85));
#13403=CARTESIAN_POINT('',(0.1,21.15,6.85));
#13404=CARTESIAN_POINT('',(0.1,21.15,8.85));
#13405=CARTESIAN_POINT('Origin',(1.9,22.1,8.45));
#13406=CARTESIAN_POINT('',(1.9,21.35,8.75));
#13407=CARTESIAN_POINT('Origin',(1.9,21.35,8.45));
#13408=CARTESIAN_POINT('',(1.9,22.85,8.75));
#13409=CARTESIAN_POINT('Origin',(-0.1,17.85,7.6));
#13410=CARTESIAN_POINT('',(-0.1,17.85,8.35));
#13411=CARTESIAN_POINT('',(-0.1,17.65,8.35));
#13412=CARTESIAN_POINT('',(-0.1,17.85,6.85));
#13413=CARTESIAN_POINT('',(-0.1,17.85,8.35));
#13414=CARTESIAN_POINT('',(-0.1,17.85,6.85));
#13415=CARTESIAN_POINT('Origin',(-1.1,11.25,6.85));
#13416=CARTESIAN_POINT('',(-2.3,11.25,8.85));
#13417=CARTESIAN_POINT('',(0.1,11.25,8.85));
#13418=CARTESIAN_POINT('',(-2.3,11.25,8.85));
#13419=CARTESIAN_POINT('',(0.1,11.25,6.85));
#13420=CARTESIAN_POINT('',(0.1,11.25,8.85));
#13421=CARTESIAN_POINT('',(-2.3,11.25,6.85));
#13422=CARTESIAN_POINT('',(0.1,11.25,6.85));
#13423=CARTESIAN_POINT('',(-2.3,11.25,6.85));
#13424=CARTESIAN_POINT('Origin',(-4.4,16.3,6.85));
#13425=CARTESIAN_POINT('',(-2.1,17.85,6.85));
#13426=CARTESIAN_POINT('',(-0.1,17.85,6.85));
#13427=CARTESIAN_POINT('',(-2.1,17.85,6.85));
#13428=CARTESIAN_POINT('',(-2.9,17.05,6.85));
#13429=CARTESIAN_POINT('Origin',(-2.3,17.05,6.85));
#13430=CARTESIAN_POINT('',(-2.9,16.95,6.85));
#13431=CARTESIAN_POINT('',(-2.9,17.05,6.85));
#13432=CARTESIAN_POINT('',(-3.05,16.8,6.85));
#13433=CARTESIAN_POINT('Origin',(-3.05,16.95,6.85));
#13434=CARTESIAN_POINT('',(-4.1,16.8,6.85));
#13435=CARTESIAN_POINT('',(-3.05,16.8,6.85));
#13436=CARTESIAN_POINT('',(-4.4,16.5,6.85));
#13437=CARTESIAN_POINT('Origin',(-4.1,16.5,6.85));
#13438=CARTESIAN_POINT('',(-4.4,15.9,6.85));
#13439=CARTESIAN_POINT('',(-4.4,16.5,6.85));
#13440=CARTESIAN_POINT('',(-4.1,15.6,6.85));
#13441=CARTESIAN_POINT('Origin',(-4.1,15.9,6.85));
#13442=CARTESIAN_POINT('',(-3.05,15.6,6.85));
#13443=CARTESIAN_POINT('',(-4.1,15.6,6.85));
#13444=CARTESIAN_POINT('',(-2.9,15.45,6.85));
#13445=CARTESIAN_POINT('Origin',(-3.05,15.45,6.85));
#13446=CARTESIAN_POINT('',(-2.9,15.35,6.85));
#13447=CARTESIAN_POINT('',(-2.9,15.45,6.85));
#13448=CARTESIAN_POINT('',(-2.3,14.75,6.85));
#13449=CARTESIAN_POINT('Origin',(-2.3,15.35,6.85));
#13450=CARTESIAN_POINT('',(0.1,14.75,6.85));
#13451=CARTESIAN_POINT('',(-2.3,14.75,6.85));
#13452=CARTESIAN_POINT('',(0.7,15.35,6.85));
#13453=CARTESIAN_POINT('Origin',(0.1,15.35,6.85));
#13454=CARTESIAN_POINT('',(0.7,17.05,6.85));
#13455=CARTESIAN_POINT('',(0.7,15.35,6.85));
#13456=CARTESIAN_POINT('Origin',(0.1,17.05,6.85));
#13457=CARTESIAN_POINT('Origin',(2.,16.1,8.55));
#13458=CARTESIAN_POINT('',(2.,21.35,8.85));
#13459=CARTESIAN_POINT('Origin',(2.,21.35,8.55));
#13460=CARTESIAN_POINT('',(2.,10.85,8.85));
#13461=CARTESIAN_POINT('',(2.,21.35,8.85));
#13462=CARTESIAN_POINT('Origin',(2.,10.85,8.55));
#13463=CARTESIAN_POINT('Origin',(-4.4,16.2,6.85));
#13464=CARTESIAN_POINT('',(-4.4,16.5,8.85));
#13465=CARTESIAN_POINT('',(-4.4,15.9,8.85));
#13466=CARTESIAN_POINT('',(-4.4,16.5,8.85));
#13467=CARTESIAN_POINT('',(-4.4,15.9,8.85));
#13468=CARTESIAN_POINT('',(-4.4,16.5,6.85));
#13469=CARTESIAN_POINT('Origin',(-2.2,17.85,8.6));
#13470=CARTESIAN_POINT('',(-2.1,17.85,8.35));
#13471=CARTESIAN_POINT('',(-2.1,17.65,8.35));
#13472=CARTESIAN_POINT('',(-2.3,17.85,8.85));
#13473=CARTESIAN_POINT('',(-2.1,17.85,8.35));
#13474=CARTESIAN_POINT('',(-2.3,17.85,8.85));
#13475=CARTESIAN_POINT('Origin',(-2.9,11.9,6.85));
#13476=CARTESIAN_POINT('',(-2.9,11.95,8.85));
#13477=CARTESIAN_POINT('',(-2.9,11.85,8.85));
#13478=CARTESIAN_POINT('',(-2.9,11.95,8.85));
#13479=CARTESIAN_POINT('',(-2.9,11.85,6.85));
#13480=CARTESIAN_POINT('',(-2.9,11.85,8.85));
#13481=CARTESIAN_POINT('',(-2.9,11.95,6.85));
#13482=CARTESIAN_POINT('',(-2.9,11.85,6.85));
#13483=CARTESIAN_POINT('',(-2.9,11.95,6.85));
#13484=CARTESIAN_POINT('Origin',(-7.21010770255349,16.1,8.54999999999998));
#13485=CARTESIAN_POINT('',(-7.2101077025535,21.35,8.85));
#13486=CARTESIAN_POINT('Origin',(-7.21010770255349,21.35,8.54999999999998));
#13487=CARTESIAN_POINT('',(-7.21010770255349,10.85,8.84999999999999));
#13488=CARTESIAN_POINT('Origin',(-7.21010770255349,10.85,8.54999999999998));
#13489=CARTESIAN_POINT('',(-7.2101077025535,10.85,8.85));
#13490=CARTESIAN_POINT('Origin',(-4.1,19.4,7.85));
#13491=CARTESIAN_POINT('',(-4.4,19.4,8.85));
#13492=CARTESIAN_POINT('',(-4.1,19.1,8.85));
#13493=CARTESIAN_POINT('Origin',(-4.1,19.4,8.85));
#13494=CARTESIAN_POINT('',(-4.1,19.1,6.85));
#13495=CARTESIAN_POINT('',(-4.1,19.1,8.85));
#13496=CARTESIAN_POINT('',(-4.4,19.4,6.85));
#13497=CARTESIAN_POINT('Origin',(-4.1,19.4,6.85));
#13498=CARTESIAN_POINT('',(-4.4,19.4,6.85));
#13499=CARTESIAN_POINT('Origin',(-4.1,13.,7.85));
#13500=CARTESIAN_POINT('',(-4.1,13.3,8.85));
#13501=CARTESIAN_POINT('',(-4.4,13.,8.85));
#13502=CARTESIAN_POINT('Origin',(-4.1,13.,8.85));
#13503=CARTESIAN_POINT('',(-4.4,13.,6.85));
#13504=CARTESIAN_POINT('',(-4.4,13.,8.85));
#13505=CARTESIAN_POINT('',(-4.1,13.3,6.85));
#13506=CARTESIAN_POINT('Origin',(-4.1,13.,6.85));
#13507=CARTESIAN_POINT('',(-4.1,13.3,6.85));
#13508=CARTESIAN_POINT('Origin',(-3.05,11.95,7.85));
#13509=CARTESIAN_POINT('',(-3.05,12.1,8.85));
#13510=CARTESIAN_POINT('Origin',(-3.05,11.95,8.85));
#13511=CARTESIAN_POINT('',(-3.05,12.1,6.85));
#13512=CARTESIAN_POINT('Origin',(-3.05,11.95,6.85));
#13513=CARTESIAN_POINT('',(-3.05,12.1,6.85));
#13514=CARTESIAN_POINT('Origin',(0.7,16.2,6.85));
#13515=CARTESIAN_POINT('',(0.7,15.35,8.85));
#13516=CARTESIAN_POINT('',(0.7,17.05,8.85));
#13517=CARTESIAN_POINT('',(0.7,15.35,8.85));
#13518=CARTESIAN_POINT('',(0.7,17.05,8.85));
#13519=CARTESIAN_POINT('',(0.7,15.35,6.85));
#13520=CARTESIAN_POINT('Origin',(-3.05,13.45,7.85));
#13521=CARTESIAN_POINT('',(-2.9,13.45,8.85));
#13522=CARTESIAN_POINT('',(-3.05,13.3,8.85));
#13523=CARTESIAN_POINT('Origin',(-3.05,13.45,8.85));
#13524=CARTESIAN_POINT('',(-3.05,13.3,6.85));
#13525=CARTESIAN_POINT('',(-3.05,13.3,8.85));
#13526=CARTESIAN_POINT('',(-2.9,13.45,6.85));
#13527=CARTESIAN_POINT('Origin',(-3.05,13.45,6.85));
#13528=CARTESIAN_POINT('',(-2.9,13.45,6.85));
#13529=CARTESIAN_POINT('Origin',(-2.1,17.75,6.85));
#13530=CARTESIAN_POINT('',(-2.1,17.85,6.85));
#13531=CARTESIAN_POINT('Origin',(-1.1,17.85,6.85));
#13532=CARTESIAN_POINT('',(0.1,17.85,8.85));
#13533=CARTESIAN_POINT('',(0.1,17.85,8.85));
#13534=CARTESIAN_POINT('',(-0.1,17.85,8.35));
#13535=CARTESIAN_POINT('Origin',(-7.2601077025535,22.1,8.75));
#13536=CARTESIAN_POINT('',(-2.26,21.35,8.75));
#13537=CARTESIAN_POINT('',(-7.2601077025535,21.35,8.75));
#13538=CARTESIAN_POINT('',(0.0600000000000001,21.35,8.75));
#13539=CARTESIAN_POINT('',(-7.2601077025535,21.35,8.75));
#13540=CARTESIAN_POINT('',(-7.2601077025535,21.35,8.75));
#13541=CARTESIAN_POINT('Origin',(-1.1,21.35,6.85));
#13542=CARTESIAN_POINT('',(-2.1,21.35,8.35));
#13543=CARTESIAN_POINT('',(-2.26,21.35,8.75));
#13544=CARTESIAN_POINT('',(-2.1,21.35,6.85));
#13545=CARTESIAN_POINT('',(-2.1,21.35,8.35));
#13546=CARTESIAN_POINT('',(-2.1,21.35,6.85));
#13547=CARTESIAN_POINT('',(-0.1,21.35,8.35));
#13548=CARTESIAN_POINT('Origin',(-4.1,20.,7.85));
#13549=CARTESIAN_POINT('',(-4.1,20.3,8.85));
#13550=CARTESIAN_POINT('',(-4.4,20.,8.85));
#13551=CARTESIAN_POINT('Origin',(-4.1,20.,8.85));
#13552=CARTESIAN_POINT('',(-4.4,20.,6.85));
#13553=CARTESIAN_POINT('',(-4.4,20.,8.85));
#13554=CARTESIAN_POINT('',(-4.1,20.3,6.85));
#13555=CARTESIAN_POINT('Origin',(-4.1,20.,6.85));
#13556=CARTESIAN_POINT('',(-4.1,20.3,6.85));
#13557=CARTESIAN_POINT('Origin',(-4.4,19.8,6.85));
#13558=CARTESIAN_POINT('',(-2.1,21.15,6.85));
#13559=CARTESIAN_POINT('',(-2.1,21.35,6.85));
#13560=CARTESIAN_POINT('',(-2.3,21.15,6.85));
#13561=CARTESIAN_POINT('',(-2.1,21.15,6.85));
#13562=CARTESIAN_POINT('',(-2.9,20.55,6.85));
#13563=CARTESIAN_POINT('Origin',(-2.3,20.55,6.85));
#13564=CARTESIAN_POINT('',(-2.9,20.45,6.85));
#13565=CARTESIAN_POINT('',(-2.9,20.55,6.85));
#13566=CARTESIAN_POINT('',(-3.05,20.3,6.85));
#13567=CARTESIAN_POINT('Origin',(-3.05,20.45,6.85));
#13568=CARTESIAN_POINT('',(-3.05,20.3,6.85));
#13569=CARTESIAN_POINT('',(-4.4,20.,6.85));
#13570=CARTESIAN_POINT('',(-3.05,19.1,6.85));
#13571=CARTESIAN_POINT('',(-4.1,19.1,6.85));
#13572=CARTESIAN_POINT('',(-2.9,18.95,6.85));
#13573=CARTESIAN_POINT('Origin',(-3.05,18.95,6.85));
#13574=CARTESIAN_POINT('',(-2.9,18.85,6.85));
#13575=CARTESIAN_POINT('',(-2.9,18.95,6.85));
#13576=CARTESIAN_POINT('',(-2.3,18.25,6.85));
#13577=CARTESIAN_POINT('Origin',(-2.3,18.85,6.85));
#13578=CARTESIAN_POINT('',(0.1,18.25,6.85));
#13579=CARTESIAN_POINT('',(-2.3,18.25,6.85));
#13580=CARTESIAN_POINT('',(0.7,18.85,6.85));
#13581=CARTESIAN_POINT('Origin',(0.1,18.85,6.85));
#13582=CARTESIAN_POINT('',(0.7,20.55,6.85));
#13583=CARTESIAN_POINT('',(0.7,18.85,6.85));
#13584=CARTESIAN_POINT('Origin',(0.1,20.55,6.85));
#13585=CARTESIAN_POINT('Origin',(-4.4,12.7,6.85));
#13586=CARTESIAN_POINT('',(-4.4,12.4,8.85));
#13587=CARTESIAN_POINT('',(-4.4,13.,8.85));
#13588=CARTESIAN_POINT('',(-4.4,12.4,6.85));
#13589=CARTESIAN_POINT('',(-4.4,12.4,8.85));
#13590=CARTESIAN_POINT('',(-4.4,12.4,6.85));
#13591=CARTESIAN_POINT('Origin',(-4.1,16.5,7.85));
#13592=CARTESIAN_POINT('',(-4.1,16.8,8.85));
#13593=CARTESIAN_POINT('Origin',(-4.1,16.5,8.85));
#13594=CARTESIAN_POINT('',(-4.1,16.8,6.85));
#13595=CARTESIAN_POINT('Origin',(-4.4,19.7,6.85));
#13596=CARTESIAN_POINT('',(-4.4,20.,8.85));
#13597=CARTESIAN_POINT('Origin',(-3.575,12.1,6.85));
#13598=CARTESIAN_POINT('',(-4.1,12.1,8.85));
#13599=CARTESIAN_POINT('',(-4.1,12.1,8.85));
#13600=CARTESIAN_POINT('',(-4.1,12.1,6.85));
#13601=CARTESIAN_POINT('',(-3.05,12.1,6.85));
#13602=CARTESIAN_POINT('',(-4.1,12.1,6.85));
#13603=CARTESIAN_POINT('Origin',(-4.1,15.9,7.85));
#13604=CARTESIAN_POINT('',(-4.1,15.6,8.85));
#13605=CARTESIAN_POINT('Origin',(-4.1,15.9,8.85));
#13606=CARTESIAN_POINT('',(-4.1,15.6,8.85));
#13607=CARTESIAN_POINT('Origin',(-3.05,15.45,7.85));
#13608=CARTESIAN_POINT('',(-3.05,15.6,8.85));
#13609=CARTESIAN_POINT('',(-2.9,15.45,8.85));
#13610=CARTESIAN_POINT('Origin',(-3.05,15.45,8.85));
#13611=CARTESIAN_POINT('',(-2.9,15.45,8.85));
#13612=CARTESIAN_POINT('',(-3.05,15.6,6.85));
#13613=CARTESIAN_POINT('Origin',(-2.3,17.05,7.85));
#13614=CARTESIAN_POINT('',(-2.9,17.05,8.85));
#13615=CARTESIAN_POINT('Origin',(-2.3,17.05,8.85));
#13616=CARTESIAN_POINT('',(-2.9,17.05,8.85));
#13617=CARTESIAN_POINT('Origin',(-2.3,20.55,7.85));
#13618=CARTESIAN_POINT('',(-2.3,21.15,8.85));
#13619=CARTESIAN_POINT('',(-2.9,20.55,8.85));
#13620=CARTESIAN_POINT('Origin',(-2.3,20.55,8.85));
#13621=CARTESIAN_POINT('',(-2.9,20.55,8.85));
#13622=CARTESIAN_POINT('',(-2.3,21.15,6.85));
#13623=CARTESIAN_POINT('Origin',(-2.1,21.25,6.85));
#13624=CARTESIAN_POINT('',(-2.1,21.15,8.35));
#13625=CARTESIAN_POINT('',(-2.1,21.15,8.35));
#13626=CARTESIAN_POINT('',(-2.1,21.35,8.35));
#13627=CARTESIAN_POINT('Origin',(-3.575,13.3,6.85));
#13628=CARTESIAN_POINT('',(-3.05,13.3,8.85));
#13629=CARTESIAN_POINT('',(-4.1,13.3,6.85));
#13630=CARTESIAN_POINT('Origin',(-3.575,19.1,6.85));
#13631=CARTESIAN_POINT('',(-3.05,19.1,8.85));
#13632=CARTESIAN_POINT('',(-4.1,19.1,8.85));
#13633=CARTESIAN_POINT('',(-3.05,19.1,8.85));
#13634=CARTESIAN_POINT('Origin',(-2.9,15.4,6.85));
#13635=CARTESIAN_POINT('',(-2.9,15.35,8.85));
#13636=CARTESIAN_POINT('',(-2.9,15.45,8.85));
#13637=CARTESIAN_POINT('',(-2.9,15.35,8.85));
#13638=CARTESIAN_POINT('Origin',(-5.41098,21.35,7.31071506302027));
#13639=CARTESIAN_POINT('',(-2.3,21.35,8.85));
#13640=CARTESIAN_POINT('',(-2.3,21.35,8.85));
#13641=CARTESIAN_POINT('',(-7.2101077025535,21.35,8.85));
#13642=CARTESIAN_POINT('Origin',(-2.2,21.15,6.85));
#13643=CARTESIAN_POINT('',(-2.1,21.15,8.35));
#13644=CARTESIAN_POINT('Origin',(-2.9,13.5,6.85));
#13645=CARTESIAN_POINT('',(-2.9,13.55,8.85));
#13646=CARTESIAN_POINT('',(-2.9,13.55,8.85));
#13647=CARTESIAN_POINT('',(-2.9,13.55,6.85));
#13648=CARTESIAN_POINT('',(-2.9,13.45,6.85));
#13649=CARTESIAN_POINT('',(-2.9,13.55,6.85));
#13650=CARTESIAN_POINT('Origin',(-4.1,12.4,7.85));
#13651=CARTESIAN_POINT('Origin',(-4.1,12.4,8.85));
#13652=CARTESIAN_POINT('Origin',(-4.1,12.4,6.85));
#13653=CARTESIAN_POINT('Origin',(-3.05,18.95,7.85));
#13654=CARTESIAN_POINT('',(-2.9,18.95,8.85));
#13655=CARTESIAN_POINT('Origin',(-3.05,18.95,8.85));
#13656=CARTESIAN_POINT('',(-2.9,18.95,8.85));
#13657=CARTESIAN_POINT('Origin',(-3.05,20.45,7.85));
#13658=CARTESIAN_POINT('',(-2.9,20.45,8.85));
#13659=CARTESIAN_POINT('',(-3.05,20.3,8.85));
#13660=CARTESIAN_POINT('Origin',(-3.05,20.45,8.85));
#13661=CARTESIAN_POINT('',(-3.05,20.3,8.85));
#13662=CARTESIAN_POINT('',(-2.9,20.45,6.85));
#13663=CARTESIAN_POINT('Origin',(0.,14.15,6.85));
#13664=CARTESIAN_POINT('',(-0.1,14.15,8.35));
#13665=CARTESIAN_POINT('',(-0.1,14.15,6.85));
#13666=CARTESIAN_POINT('',(-0.1,14.15,8.35));
#13667=CARTESIAN_POINT('',(0.1,14.15,6.85));
#13668=CARTESIAN_POINT('',(-0.1,14.15,6.85));
#13669=CARTESIAN_POINT('',(0.1,14.15,8.85));
#13670=CARTESIAN_POINT('',(0.1,14.15,6.85));
#13671=CARTESIAN_POINT('',(0.1,14.15,8.85));
#13672=CARTESIAN_POINT('Origin',(-3.575,15.6,6.85));
#13673=CARTESIAN_POINT('',(-4.1,15.6,8.85));
#13674=CARTESIAN_POINT('Origin',(0.,21.35,8.6));
#13675=CARTESIAN_POINT('',(0.1,21.35,8.85));
#13676=CARTESIAN_POINT('',(0.1,21.15,8.85));
#13677=CARTESIAN_POINT('',(0.1,21.35,8.85));
#13678=CARTESIAN_POINT('Origin',(-2.3,15.35,7.85));
#13679=CARTESIAN_POINT('',(-2.3,14.75,8.85));
#13680=CARTESIAN_POINT('Origin',(-2.3,15.35,8.85));
#13681=CARTESIAN_POINT('',(-2.3,14.75,8.85));
#13682=CARTESIAN_POINT('Origin',(-2.9,20.5,6.85));
#13683=CARTESIAN_POINT('',(-2.9,20.55,8.85));
#13684=CARTESIAN_POINT('Origin',(-2.3,11.85,7.85));
#13685=CARTESIAN_POINT('Origin',(-2.3,11.85,8.85));
#13686=CARTESIAN_POINT('Origin',(-2.3,11.85,6.85));
#13687=CARTESIAN_POINT('Origin',(-4.4,12.8,6.85));
#13688=CARTESIAN_POINT('',(-0.1,14.35,6.85));
#13689=CARTESIAN_POINT('',(-0.1,14.15,6.85));
#13690=CARTESIAN_POINT('',(-2.1,14.35,6.85));
#13691=CARTESIAN_POINT('',(-0.1,14.35,6.85));
#13692=CARTESIAN_POINT('',(-2.1,14.15,6.85));
#13693=CARTESIAN_POINT('',(-2.1,14.35,6.85));
#13694=CARTESIAN_POINT('',(-2.3,14.15,6.85));
#13695=CARTESIAN_POINT('',(-2.1,14.15,6.85));
#13696=CARTESIAN_POINT('Origin',(-2.3,13.55,6.85));
#13697=CARTESIAN_POINT('',(0.7,11.85,6.85));
#13698=CARTESIAN_POINT('Origin',(0.1,11.85,6.85));
#13699=CARTESIAN_POINT('',(0.7,13.55,6.85));
#13700=CARTESIAN_POINT('',(0.7,11.85,6.85));
#13701=CARTESIAN_POINT('Origin',(0.1,13.55,6.85));
#13702=CARTESIAN_POINT('Origin',(-1.1,18.25,6.85));
#13703=CARTESIAN_POINT('',(-2.3,18.25,8.85));
#13704=CARTESIAN_POINT('',(0.1,18.25,8.85));
#13705=CARTESIAN_POINT('',(-2.3,18.25,8.85));
#13706=CARTESIAN_POINT('',(0.1,18.25,8.85));
#13707=CARTESIAN_POINT('',(-2.3,18.25,6.85));
#13708=CARTESIAN_POINT('Origin',(-3.05,16.95,7.85));
#13709=CARTESIAN_POINT('',(-2.9,16.95,8.85));
#13710=CARTESIAN_POINT('',(-3.05,16.8,8.85));
#13711=CARTESIAN_POINT('Origin',(-3.05,16.95,8.85));
#13712=CARTESIAN_POINT('',(-3.05,16.8,8.85));
#13713=CARTESIAN_POINT('',(-2.9,16.95,6.85));
#13714=CARTESIAN_POINT('Origin',(-2.2,21.35,8.6));
#13715=CARTESIAN_POINT('',(-2.3,21.35,8.85));
#13716=CARTESIAN_POINT('Origin',(-3.575,16.8,6.85));
#13717=CARTESIAN_POINT('',(-3.05,16.8,8.85));
#13718=CARTESIAN_POINT('Origin',(-1.1,14.75,6.85));
#13719=CARTESIAN_POINT('',(0.1,14.75,8.85));
#13720=CARTESIAN_POINT('',(-2.3,14.75,8.85));
#13721=CARTESIAN_POINT('',(0.1,14.75,8.85));
#13722=CARTESIAN_POINT('Origin',(-2.9,18.9,6.85));
#13723=CARTESIAN_POINT('',(-2.9,18.85,8.85));
#13724=CARTESIAN_POINT('',(-2.9,18.95,8.85));
#13725=CARTESIAN_POINT('',(-2.9,18.85,8.85));
#13726=CARTESIAN_POINT('Origin',(-2.9,17.,6.85));
#13727=CARTESIAN_POINT('',(-2.9,17.05,8.85));
#13728=CARTESIAN_POINT('Origin',(-4.075,10.85,-5.65));
#13729=CARTESIAN_POINT('',(2.,10.85,8.85));
#13730=CARTESIAN_POINT('Origin',(0.1,11.85,7.85));
#13731=CARTESIAN_POINT('',(0.7,11.85,8.85));
#13732=CARTESIAN_POINT('Origin',(0.1,11.85,8.85));
#13733=CARTESIAN_POINT('',(0.7,11.85,8.85));
#13734=CARTESIAN_POINT('Origin',(1.7,18.5,6.05437238411674));
#13735=CARTESIAN_POINT('',(1.1,18.5,6.5919410907075));
#13736=CARTESIAN_POINT('',(1.25,18.5,8.25));
#13737=CARTESIAN_POINT('Origin',(0.1,15.35,7.85));
#13738=CARTESIAN_POINT('Origin',(0.1,15.35,8.85));
#13739=CARTESIAN_POINT('Origin',(0.,14.35,8.6));
#13740=CARTESIAN_POINT('',(0.1,14.35,8.85));
#13741=CARTESIAN_POINT('',(0.1,14.15,8.85));
#13742=CARTESIAN_POINT('',(-0.1,14.35,8.35));
#13743=CARTESIAN_POINT('',(0.1,14.35,8.85));
#13744=CARTESIAN_POINT('',(-0.1,14.35,8.35));
#13745=CARTESIAN_POINT('Origin',(1.1,19.925,6.5919410907075));
#13746=CARTESIAN_POINT('',(1.1,21.35,6.5919410907075));
#13747=CARTESIAN_POINT('Origin',(-0.1,14.35,7.6));
#13748=CARTESIAN_POINT('',(-0.1,14.35,8.35));
#13749=CARTESIAN_POINT('Origin',(0.7,12.7,6.85));
#13750=CARTESIAN_POINT('',(0.7,13.55,8.85));
#13751=CARTESIAN_POINT('',(0.7,11.85,8.85));
#13752=CARTESIAN_POINT('',(0.7,13.55,8.85));
#13753=CARTESIAN_POINT('Origin',(0.,17.85,8.6));
#13754=CARTESIAN_POINT('',(0.1,17.65,8.85));
#13755=CARTESIAN_POINT('Origin',(0.1,20.55,7.85));
#13756=CARTESIAN_POINT('',(0.7,20.55,8.85));
#13757=CARTESIAN_POINT('Origin',(0.1,20.55,8.85));
#13758=CARTESIAN_POINT('',(0.7,20.55,6.85));
#13759=CARTESIAN_POINT('Origin',(1.65,21.35,6.14793144742862));
#13760=CARTESIAN_POINT('',(2.2,21.35,8.25));
#13761=CARTESIAN_POINT('Origin',(0.1,13.55,7.85));
#13762=CARTESIAN_POINT('Origin',(0.1,13.55,8.85));
#13763=CARTESIAN_POINT('Origin',(1.25,19.925,8.25));
#13764=CARTESIAN_POINT('',(2.2,21.35,8.25));
#13765=CARTESIAN_POINT('Origin',(0.7,19.7,6.85));
#13766=CARTESIAN_POINT('',(0.7,18.85,8.85));
#13767=CARTESIAN_POINT('',(0.7,18.85,8.85));
#13768=CARTESIAN_POINT('',(0.7,18.85,6.85));
#13769=CARTESIAN_POINT('Origin',(1.17328,21.35,8.25));
#13770=CARTESIAN_POINT('',(0.1,21.35,8.85));
#13771=CARTESIAN_POINT('Origin',(-2.3,18.85,7.85));
#13772=CARTESIAN_POINT('Origin',(-2.3,18.85,8.85));
#13773=CARTESIAN_POINT('Origin',(-3.575,20.3,6.85));
#13774=CARTESIAN_POINT('',(-3.05,20.3,8.85));
#13775=CARTESIAN_POINT('Origin',(0.1,18.85,7.85));
#13776=CARTESIAN_POINT('Origin',(0.1,18.85,8.85));
#13777=CARTESIAN_POINT('Origin',(0.1,17.05,7.85));
#13778=CARTESIAN_POINT('Origin',(0.1,17.05,8.85));
#13779=CARTESIAN_POINT('Origin',(-7.2101077025535,16.1,8.85));
#13780=CARTESIAN_POINT('',(-2.3,14.15,8.85));
#13781=CARTESIAN_POINT('',(-2.3,14.35,8.85));
#13782=CARTESIAN_POINT('',(-2.3,14.15,8.85));
#13783=CARTESIAN_POINT('',(-2.3,14.35,8.85));
#13784=CARTESIAN_POINT('Origin',(-2.3,13.55,8.85));
#13785=CARTESIAN_POINT('Origin',(-2.1,14.25,6.85));
#13786=CARTESIAN_POINT('',(-2.1,14.15,8.35));
#13787=CARTESIAN_POINT('',(-2.1,14.15,8.35));
#13788=CARTESIAN_POINT('',(-2.1,14.35,8.35));
#13789=CARTESIAN_POINT('',(-2.1,14.35,6.85));
#13790=CARTESIAN_POINT('',(-2.1,14.35,8.35));
#13791=CARTESIAN_POINT('Origin',(-2.3,13.55,7.85));
#13792=CARTESIAN_POINT('',(-2.3,14.15,6.85));
#13793=CARTESIAN_POINT('Origin',(-2.2,14.15,6.85));
#13794=CARTESIAN_POINT('',(-2.1,14.15,8.35));
#13795=CARTESIAN_POINT('Origin',(-1.1,14.35,6.85));
#13796=CARTESIAN_POINT('',(-2.3,14.35,8.85));
#13797=CARTESIAN_POINT('Origin',(-2.2,14.35,8.6));
#13798=CARTESIAN_POINT('',(0.,0.,0.));
#13799=UNCERTAINTY_MEASURE_WITH_UNIT(LENGTH_MEASURE(0.01),#13805,
'DISTANCE_ACCURACY_VALUE',
'Maximum model space distance between geometric entities at asserted c
onnectivities');
#13800=UNCERTAINTY_MEASURE_WITH_UNIT(LENGTH_MEASURE(0.01),#13805,
'DISTANCE_ACCURACY_VALUE',
'Maximum model space distance between geometric entities at asserted c
onnectivities');
#13801=UNCERTAINTY_MEASURE_WITH_UNIT(LENGTH_MEASURE(0.01),#13805,
'DISTANCE_ACCURACY_VALUE',
'Maximum model space distance between geometric entities at asserted c
onnectivities');
#13802=(
GEOMETRIC_REPRESENTATION_CONTEXT(3)
GLOBAL_UNCERTAINTY_ASSIGNED_CONTEXT((#13799))
GLOBAL_UNIT_ASSIGNED_CONTEXT((#13805,#13807,#13808))
REPRESENTATION_CONTEXT('','3D')
);
#13803=(
GEOMETRIC_REPRESENTATION_CONTEXT(3)
GLOBAL_UNCERTAINTY_ASSIGNED_CONTEXT((#13800))
GLOBAL_UNIT_ASSIGNED_CONTEXT((#13805,#13807,#13808))
REPRESENTATION_CONTEXT('','3D')
);
#13804=(
GEOMETRIC_REPRESENTATION_CONTEXT(3)
GLOBAL_UNCERTAINTY_ASSIGNED_CONTEXT((#13801))
GLOBAL_UNIT_ASSIGNED_CONTEXT((#13805,#13807,#13808))
REPRESENTATION_CONTEXT('','3D')
);
#13805=(
LENGTH_UNIT()
NAMED_UNIT(*)
SI_UNIT(.MILLI.,.METRE.)
);
#13806=(
LENGTH_UNIT()
NAMED_UNIT(*)
SI_UNIT($,.METRE.)
);
#13807=(
NAMED_UNIT(*)
PLANE_ANGLE_UNIT()
SI_UNIT($,.RADIAN.)
);
#13808=(
NAMED_UNIT(*)
SI_UNIT($,.STERADIAN.)
SOLID_ANGLE_UNIT()
);
#13809=SHAPE_DEFINITION_REPRESENTATION(#13811,#13814);
#13810=SHAPE_DEFINITION_REPRESENTATION(#13812,#13815);
#13811=PRODUCT_DEFINITION_SHAPE('',$,#13817);
#13812=PRODUCT_DEFINITION_SHAPE('',$,#13818);
#13813=PRODUCT_DEFINITION_SHAPE($,$,#14);
#13814=SHAPE_REPRESENTATION('',(#8189,#8937),#13802);
#13815=SHAPE_REPRESENTATION('',(#8190),#13803);
#13816=PRODUCT_DEFINITION_CONTEXT('part definition',#13824,'design');
#13817=PRODUCT_DEFINITION('2601-3103','2601-3103 v3',#13819,#13816);
#13818=PRODUCT_DEFINITION('2601-3103_1','2601-3103',#13820,#13816);
#13819=PRODUCT_DEFINITION_FORMATION('',$,#13826);
#13820=PRODUCT_DEFINITION_FORMATION('',$,#13827);
#13821=PRODUCT_RELATED_PRODUCT_CATEGORY('2601-3103 v3','2601-3103 v3',(#13826));
#13822=PRODUCT_RELATED_PRODUCT_CATEGORY('2601-3103','2601-3103',(#13827));
#13823=APPLICATION_PROTOCOL_DEFINITION('international standard',
'automotive_design',2009,#13824);
#13824=APPLICATION_CONTEXT(
'Core Data for Automotive Mechanical Design Process');
#13825=PRODUCT_CONTEXT('part definition',#13824,'mechanical');
#13826=PRODUCT('2601-3103','2601-3103 v3',
'Data from Parasolid IGES Translator 28.1.247, Copyright(c) 2006 Sieme
ns PLM Software. All Rights Reserved.                                 
     ',(#13825));
#13827=PRODUCT('2601-3103_1','2601-3103',$,(#13825));
#13828=PRESENTATION_STYLE_ASSIGNMENT((#13831));
#13829=PRESENTATION_STYLE_ASSIGNMENT((#13832));
#13830=PRESENTATION_STYLE_ASSIGNMENT((#13833));
#13831=SURFACE_STYLE_USAGE(.BOTH.,#13834);
#13832=SURFACE_STYLE_USAGE(.BOTH.,#13835);
#13833=SURFACE_STYLE_USAGE(.BOTH.,#13836);
#13834=SURFACE_SIDE_STYLE('',(#13837));
#13835=SURFACE_SIDE_STYLE('',(#13838));
#13836=SURFACE_SIDE_STYLE('',(#13839));
#13837=SURFACE_STYLE_FILL_AREA(#13840);
#13838=SURFACE_STYLE_FILL_AREA(#13841);
#13839=SURFACE_STYLE_FILL_AREA(#13842);
#13840=FILL_AREA_STYLE('Steel - Satin',(#13843));
#13841=FILL_AREA_STYLE('Polymide (Kapton)',(#13844));
#13842=FILL_AREA_STYLE('Aluminum - Polished',(#13845));
#13843=FILL_AREA_STYLE_COLOUR('Steel - Satin',#13846);
#13844=FILL_AREA_STYLE_COLOUR('Polymide (Kapton)',#13847);
#13845=FILL_AREA_STYLE_COLOUR('Aluminum - Polished',#13848);
#13846=COLOUR_RGB('Steel - Satin',0.627450980392157,0.627450980392157,0.627450980392157);
#13847=COLOUR_RGB('Polymide (Kapton)',0.784313725490196,0.556862745098039,
0.0274509803921569);
#13848=COLOUR_RGB('Aluminum - Polished',0.96078431372549,0.96078431372549,
0.964705882352941);
ENDSEC;
END-ISO-10303-21;
